row_id,model,condition,true_label,prediction,confidence
3101,CLIP + MLP,correct_image,0,0,0.6949138641357422
3101,ViLT,correct_image,0,0,0.98634272813797
3101,CLIP + MLP,shuffled_image,0,0,0.6946678757667542
3101,ViLT,shuffled_image,0,0,0.9912029504776001
3101,CLIP + MLP,blank_image,0,0,0.6838964223861694
3101,ViLT,blank_image,0,0,0.9563133716583252
3101,BLIP Caption + BERT,text_plus_correct_caption,0,0,0.5315921902656555
3101,BLIP Caption + BERT,text_plus_shuffled_caption,0,0,0.5051674246788025
3101,BLIP Caption + BERT,text_plus_blank_caption,0,0,0.5259779691696167
3101,BLIP Caption + BERT,caption_only,0,0,0.5070136785507202
3101,BLIP Caption + BERT,text_only,0,1,0.5004502534866333
29690,CLIP + MLP,correct_image,0,0,0.6925637722015381
29690,ViLT,correct_image,0,0,0.9070059657096863
29690,CLIP + MLP,shuffled_image,0,0,0.692533016204834
29690,ViLT,shuffled_image,0,0,0.9893007874488831
29690,CLIP + MLP,blank_image,0,0,0.6793841123580933
29690,ViLT,blank_image,0,0,0.9806313514709473
29690,BLIP Caption + BERT,text_plus_correct_caption,0,1,0.5171239376068115
29690,BLIP Caption + BERT,text_plus_shuffled_caption,0,0,0.5005359053611755
29690,BLIP Caption + BERT,text_plus_blank_caption,0,1,0.5026214122772217
29690,BLIP Caption + BERT,caption_only,0,0,0.5031594634056091
29690,BLIP Caption + BERT,text_only,0,1,0.5344790816307068
92734,CLIP + MLP,correct_image,0,0,0.6264719367027283
92734,ViLT,correct_image,0,0,0.9855471849441528
92734,CLIP + MLP,blank_image,0,0,0.5967821478843689
92734,ViLT,blank_image,0,0,0.986748993396759
74652,CLIP + MLP,correct_image,1,0,0.692665696144104
74652,ViLT,correct_image,1,1,0.9158052802085876
74652,CLIP + MLP,shuffled_image,1,0,0.6904638409614563
74652,ViLT,shuffled_image,1,0,0.9923209547996521
74652,CLIP + MLP,blank_image,1,0,0.6794169545173645
74652,ViLT,blank_image,1,0,0.9887009859085083
74652,BLIP Caption + BERT,text_plus_correct_caption,1,0,0.5049006342887878
74652,BLIP Caption + BERT,text_plus_shuffled_caption,1,1,0.5124682188034058
74652,BLIP Caption + BERT,text_plus_blank_caption,1,1,0.5003440380096436
74652,BLIP Caption + BERT,caption_only,1,0,0.5537413358688354
74652,BLIP Caption + BERT,text_only,1,1,0.5372591614723206
27195,CLIP + MLP,correct_image,1,0,0.6917081475257874
27195,ViLT,correct_image,1,1,0.9403846263885498
27195,CLIP + MLP,shuffled_image,1,0,0.6921014785766602
27195,ViLT,shuffled_image,1,0,0.9912242889404297
27195,CLIP + MLP,blank_image,1,0,0.6771628260612488
27195,ViLT,blank_image,1,0,0.9543095231056213
27195,BLIP Caption + BERT,text_plus_correct_caption,1,0,0.5349677801132202
27195,BLIP Caption + BERT,text_plus_shuffled_caption,1,0,0.5245030522346497
27195,BLIP Caption + BERT,text_plus_blank_caption,1,0,0.5332704782485962
27195,BLIP Caption + BERT,caption_only,1,0,0.5096818804740906
27195,BLIP Caption + BERT,text_only,1,1,0.5005755424499512
80706,CLIP + MLP,correct_image,1,0,0.6944283843040466
80706,ViLT,correct_image,1,0,0.9922897219657898
80706,CLIP + MLP,shuffled_image,1,0,0.6942768096923828
80706,ViLT,shuffled_image,1,0,0.9919092059135437
80706,CLIP + MLP,blank_image,1,0,0.6812964081764221
80706,ViLT,blank_image,1,1,0.5445926189422607
80706,BLIP Caption + BERT,text_plus_correct_caption,1,0,0.5078787803649902
80706,BLIP Caption + BERT,text_plus_shuffled_caption,1,0,0.5050180554389954
80706,BLIP Caption + BERT,text_plus_blank_caption,1,0,0.5142292976379395
80706,BLIP Caption + BERT,caption_only,1,0,0.5225659608840942
80706,BLIP Caption + BERT,text_only,1,1,0.5243342518806458
35239,CLIP + MLP,correct_image,0,0,0.6946374773979187
35239,ViLT,correct_image,0,0,0.9916155934333801
35239,CLIP + MLP,shuffled_image,0,0,0.6938467025756836
35239,ViLT,shuffled_image,0,0,0.9926003813743591
35239,CLIP + MLP,blank_image,0,0,0.6831589937210083
35239,ViLT,blank_image,0,0,0.9706569910049438
35239,BLIP Caption + BERT,text_plus_correct_caption,0,0,0.5170042514801025
35239,BLIP Caption + BERT,text_plus_shuffled_caption,0,0,0.5030975937843323
35239,BLIP Caption + BERT,text_plus_blank_caption,0,0,0.5197032690048218
35239,BLIP Caption + BERT,caption_only,0,1,0.506725549697876
35239,BLIP Caption + BERT,text_only,0,1,0.517280638217926
80905,CLIP + MLP,correct_image,1,0,0.6786099076271057
80905,ViLT,correct_image,1,1,0.5834643244743347
80905,CLIP + MLP,shuffled_image,1,0,0.67982017993927
80905,ViLT,shuffled_image,1,0,0.9788516759872437
80905,CLIP + MLP,blank_image,1,0,0.6561359763145447
80905,ViLT,blank_image,1,0,0.9859473705291748
80905,BLIP Caption + BERT,text_plus_correct_caption,1,0,0.522583544254303
80905,BLIP Caption + BERT,text_plus_shuffled_caption,1,0,0.5159373879432678
80905,BLIP Caption + BERT,text_plus_blank_caption,1,0,0.5178223848342896
80905,BLIP Caption + BERT,caption_only,1,0,0.5092100501060486
80905,BLIP Caption + BERT,text_only,1,0,0.5052772164344788
40562,CLIP + MLP,correct_image,1,0,0.6948149800300598
40562,ViLT,correct_image,1,0,0.735500693321228
40562,CLIP + MLP,shuffled_image,1,0,0.6944280862808228
40562,ViLT,shuffled_image,1,0,0.9921512603759766
40562,CLIP + MLP,blank_image,1,0,0.6822718381881714
40562,ViLT,blank_image,1,0,0.9365653395652771
40562,BLIP Caption + BERT,text_plus_correct_caption,1,0,0.5228533148765564
40562,BLIP Caption + BERT,text_plus_shuffled_caption,1,0,0.5150269269943237
40562,BLIP Caption + BERT,text_plus_blank_caption,1,0,0.5478578805923462
40562,BLIP Caption + BERT,caption_only,1,1,0.5061544179916382
40562,BLIP Caption + BERT,text_only,1,0,0.5180090069770813
86888,CLIP + MLP,correct_image,0,0,0.694931149482727
86888,ViLT,correct_image,0,0,0.9179000854492188
86888,CLIP + MLP,shuffled_image,0,0,0.6944131255149841
86888,ViLT,shuffled_image,0,0,0.8022230267524719
86888,CLIP + MLP,blank_image,0,0,0.6827546954154968
86888,ViLT,blank_image,0,1,0.7277250289916992
86888,BLIP Caption + BERT,text_plus_correct_caption,0,0,0.5195661783218384
86888,BLIP Caption + BERT,text_plus_shuffled_caption,0,0,0.5466023683547974
86888,BLIP Caption + BERT,text_plus_blank_caption,0,0,0.5588774681091309
86888,BLIP Caption + BERT,caption_only,0,1,0.5175146460533142
86888,BLIP Caption + BERT,text_only,0,1,0.511886477470398
9317,CLIP + MLP,correct_image,0,1,0.5402502417564392
9317,ViLT,correct_image,0,1,0.9144337177276611
9317,CLIP + MLP,shuffled_image,0,1,0.539695680141449
9317,ViLT,shuffled_image,0,0,0.9922326803207397
9317,CLIP + MLP,blank_image,0,1,0.5770426988601685
9317,ViLT,blank_image,0,1,0.6846680045127869
9317,BLIP Caption + BERT,text_plus_correct_caption,0,0,0.5315414667129517
9317,BLIP Caption + BERT,text_plus_shuffled_caption,0,0,0.5595520734786987
9317,BLIP Caption + BERT,text_plus_blank_caption,0,0,0.5591186881065369
9317,BLIP Caption + BERT,caption_only,0,1,0.5004414916038513
9317,BLIP Caption + BERT,text_only,0,0,0.5206274390220642
3201,CLIP + MLP,correct_image,1,1,0.5385578870773315
3201,ViLT,correct_image,1,0,0.9911605715751648
3201,CLIP + MLP,shuffled_image,1,1,0.5173673033714294
3201,ViLT,shuffled_image,1,0,0.9916443228721619
3201,CLIP + MLP,blank_image,1,1,0.5535405278205872
3201,ViLT,blank_image,1,0,0.9621951580047607
3201,BLIP Caption + BERT,text_plus_correct_caption,1,1,0.5193499326705933
3201,BLIP Caption + BERT,text_plus_shuffled_caption,1,0,0.5020846724510193
3201,BLIP Caption + BERT,text_plus_blank_caption,1,1,0.5040575265884399
3201,BLIP Caption + BERT,caption_only,1,1,0.5363981127738953
3201,BLIP Caption + BERT,text_only,1,1,0.5127899646759033
8404,CLIP + MLP,correct_image,1,0,0.6942340731620789
8404,ViLT,correct_image,1,1,0.9584831595420837
8404,CLIP + MLP,shuffled_image,1,0,0.6945798397064209
8404,ViLT,shuffled_image,1,1,0.8861700296401978
8404,CLIP + MLP,blank_image,1,0,0.6826083660125732
8404,ViLT,blank_image,1,0,0.643039882183075
8404,BLIP Caption + BERT,text_plus_correct_caption,1,0,0.522327721118927
8404,BLIP Caption + BERT,text_plus_shuffled_caption,1,0,0.5120736956596375
8404,BLIP Caption + BERT,text_plus_blank_caption,1,0,0.5353579521179199
8404,BLIP Caption + BERT,caption_only,1,1,0.5102401971817017
8404,BLIP Caption + BERT,text_only,1,0,0.5232186913490295
48821,CLIP + MLP,correct_image,0,0,0.6928852200508118
48821,ViLT,correct_image,0,0,0.8792214393615723
48821,CLIP + MLP,shuffled_image,0,0,0.692622721195221
48821,ViLT,shuffled_image,0,0,0.7549450993537903
48821,CLIP + MLP,blank_image,0,0,0.6774089336395264
48821,ViLT,blank_image,0,0,0.9379691481590271
48821,BLIP Caption + BERT,text_plus_correct_caption,0,0,0.5398154258728027
48821,BLIP Caption + BERT,text_plus_shuffled_caption,0,0,0.5209754705429077
48821,BLIP Caption + BERT,text_plus_blank_caption,0,0,0.5158634781837463
48821,BLIP Caption + BERT,caption_only,0,0,0.540137529373169
48821,BLIP Caption + BERT,text_only,0,1,0.506127655506134
10760,CLIP + MLP,correct_image,1,1,0.5591425895690918
10760,ViLT,correct_image,1,1,0.9579241871833801
10760,CLIP + MLP,shuffled_image,1,1,0.5618050694465637
10760,ViLT,shuffled_image,1,0,0.9908101558685303
10760,CLIP + MLP,blank_image,1,1,0.5961295366287231
10760,ViLT,blank_image,1,0,0.9826526641845703
10760,BLIP Caption + BERT,text_plus_correct_caption,1,0,0.5143324732780457
10760,BLIP Caption + BERT,text_plus_shuffled_caption,1,0,0.5631310939788818
10760,BLIP Caption + BERT,text_plus_blank_caption,1,0,0.5420167446136475
10760,BLIP Caption + BERT,caption_only,1,1,0.5095481276512146
10760,BLIP Caption + BERT,text_only,1,0,0.5063717365264893
106623,CLIP + MLP,correct_image,1,1,0.5618007183074951
106623,ViLT,correct_image,1,1,0.9735060334205627
106623,CLIP + MLP,shuffled_image,1,1,0.5565568804740906
106623,ViLT,shuffled_image,1,0,0.9929627776145935
106623,CLIP + MLP,blank_image,1,1,0.5944146513938904
106623,ViLT,blank_image,1,0,0.9766485095024109
106623,BLIP Caption + BERT,text_plus_correct_caption,1,0,0.5584103465080261
106623,BLIP Caption + BERT,text_plus_shuffled_caption,1,0,0.5314334630966187
106623,BLIP Caption + BERT,text_plus_blank_caption,1,0,0.5721407532691956
106623,BLIP Caption + BERT,caption_only,1,0,0.5267425775527954
106623,BLIP Caption + BERT,text_only,1,0,0.5340660214424133
76586,CLIP + MLP,correct_image,0,0,0.6944947242736816
76586,ViLT,correct_image,0,0,0.9915698766708374
76586,CLIP + MLP,shuffled_image,0,0,0.6948234438896179
76586,ViLT,shuffled_image,0,0,0.9158985614776611
76586,CLIP + MLP,blank_image,0,0,0.6832084655761719
76586,ViLT,blank_image,0,0,0.945917546749115
76586,BLIP Caption + BERT,text_plus_correct_caption,0,0,0.5544123649597168
76586,BLIP Caption + BERT,text_plus_shuffled_caption,0,0,0.5534700751304626
76586,BLIP Caption + BERT,text_plus_blank_caption,0,0,0.5468268990516663
76586,BLIP Caption + BERT,caption_only,0,0,0.5202232599258423
76586,BLIP Caption + BERT,text_only,0,0,0.521472692489624
23133,CLIP + MLP,correct_image,1,1,0.5588029623031616
23133,ViLT,correct_image,1,1,0.8013889193534851
23133,CLIP + MLP,shuffled_image,1,1,0.553700864315033
23133,ViLT,shuffled_image,1,0,0.7827909588813782
23133,CLIP + MLP,blank_image,1,1,0.5923354625701904
23133,ViLT,blank_image,1,1,0.7152151465415955
23133,BLIP Caption + BERT,text_plus_correct_caption,1,0,0.5435927510261536
23133,BLIP Caption + BERT,text_plus_shuffled_caption,1,0,0.55996173620224
23133,BLIP Caption + BERT,text_plus_blank_caption,1,0,0.5589811205863953
23133,BLIP Caption + BERT,caption_only,1,1,0.5058887600898743
23133,BLIP Caption + BERT,text_only,1,0,0.5306380987167358
19944,CLIP + MLP,correct_image,0,0,0.6943325400352478
19944,ViLT,correct_image,0,0,0.9881040453910828
19944,CLIP + MLP,shuffled_image,0,0,0.6945896744728088
19944,ViLT,shuffled_image,0,0,0.9706140756607056
19944,CLIP + MLP,blank_image,0,0,0.68343186378479
19944,ViLT,blank_image,0,0,0.983746349811554
19944,BLIP Caption + BERT,text_plus_correct_caption,0,0,0.5337024331092834
19944,BLIP Caption + BERT,text_plus_shuffled_caption,0,0,0.5270228385925293
19944,BLIP Caption + BERT,text_plus_blank_caption,0,0,0.534203290939331
19944,BLIP Caption + BERT,caption_only,0,0,0.5362498760223389
19944,BLIP Caption + BERT,text_only,0,1,0.542952299118042
32970,CLIP + MLP,correct_image,0,0,0.6946876645088196
32970,ViLT,correct_image,0,0,0.9278811812400818
32970,CLIP + MLP,shuffled_image,0,0,0.6273950338363647
32970,ViLT,shuffled_image,0,0,0.5142834782600403
32970,CLIP + MLP,blank_image,0,0,0.6835944056510925
32970,ViLT,blank_image,0,0,0.9901356101036072
32970,BLIP Caption + BERT,text_plus_correct_caption,0,0,0.5302850008010864
32970,BLIP Caption + BERT,text_plus_shuffled_caption,0,0,0.5209808349609375
32970,BLIP Caption + BERT,text_plus_blank_caption,0,0,0.5459837317466736
32970,BLIP Caption + BERT,caption_only,0,0,0.5179533362388611
32970,BLIP Caption + BERT,text_only,0,0,0.5041671991348267
102044,CLIP + MLP,correct_image,1,0,0.6942471861839294
102044,ViLT,correct_image,1,0,0.5282193422317505
102044,CLIP + MLP,shuffled_image,1,0,0.694266676902771
102044,ViLT,shuffled_image,1,0,0.9919959902763367
102044,CLIP + MLP,blank_image,1,0,0.6824676394462585
102044,ViLT,blank_image,1,0,0.9873008728027344
102044,BLIP Caption + BERT,text_plus_correct_caption,1,0,0.545240581035614
102044,BLIP Caption + BERT,text_plus_shuffled_caption,1,0,0.5080175399780273
102044,BLIP Caption + BERT,text_plus_blank_caption,1,0,0.5197837352752686
102044,BLIP Caption + BERT,caption_only,1,0,0.557843804359436
102044,BLIP Caption + BERT,text_only,1,0,0.5002046227455139
95385,CLIP + MLP,correct_image,0,0,0.6950253248214722
95385,ViLT,correct_image,0,0,0.9723410606384277
95385,CLIP + MLP,shuffled_image,0,0,0.6948474645614624
95385,ViLT,shuffled_image,0,0,0.9856817722320557
95385,CLIP + MLP,blank_image,0,0,0.6837988495826721
95385,ViLT,blank_image,0,0,0.7718024253845215
95385,BLIP Caption + BERT,text_plus_correct_caption,0,0,0.5104519128799438
95385,BLIP Caption + BERT,text_plus_shuffled_caption,0,0,0.5452283620834351
95385,BLIP Caption + BERT,text_plus_blank_caption,0,0,0.5252648591995239
95385,BLIP Caption + BERT,caption_only,0,0,0.5188756585121155
95385,BLIP Caption + BERT,text_only,0,1,0.5180887579917908
85106,CLIP + MLP,correct_image,1,1,0.6166086792945862
85106,ViLT,correct_image,1,1,0.8612856864929199
85106,CLIP + MLP,shuffled_image,1,1,0.5180972814559937
85106,ViLT,shuffled_image,1,0,0.9903956055641174
85106,CLIP + MLP,blank_image,1,1,0.5560495257377625
85106,ViLT,blank_image,1,0,0.9458449482917786
85106,BLIP Caption + BERT,text_plus_correct_caption,1,1,0.5044476389884949
85106,BLIP Caption + BERT,text_plus_shuffled_caption,1,0,0.51603102684021
85106,BLIP Caption + BERT,text_plus_blank_caption,1,0,0.512607216835022
85106,BLIP Caption + BERT,caption_only,1,1,0.5196082592010498
85106,BLIP Caption + BERT,text_only,1,1,0.5310670137405396
71251,CLIP + MLP,correct_image,0,0,0.6946768164634705
71251,ViLT,correct_image,0,0,0.9918986558914185
71251,CLIP + MLP,shuffled_image,0,0,0.6942287683486938
71251,ViLT,shuffled_image,0,0,0.9933004379272461
71251,CLIP + MLP,blank_image,0,0,0.6837756037712097
71251,ViLT,blank_image,0,0,0.9929490089416504
71251,BLIP Caption + BERT,text_plus_correct_caption,0,0,0.5068018436431885
71251,BLIP Caption + BERT,text_plus_shuffled_caption,0,0,0.5008448958396912
71251,BLIP Caption + BERT,text_plus_blank_caption,0,0,0.5095387101173401
71251,BLIP Caption + BERT,caption_only,0,1,0.5034348368644714
71251,BLIP Caption + BERT,text_only,0,1,0.530698299407959
21387,CLIP + MLP,correct_image,0,0,0.6944778561592102
21387,ViLT,correct_image,0,0,0.9846029281616211
21387,CLIP + MLP,shuffled_image,0,0,0.6946668028831482
21387,ViLT,shuffled_image,0,0,0.9926235675811768
21387,CLIP + MLP,blank_image,0,0,0.6831337809562683
21387,ViLT,blank_image,0,1,0.9040237069129944
21387,BLIP Caption + BERT,text_plus_correct_caption,0,0,0.5293036103248596
21387,BLIP Caption + BERT,text_plus_shuffled_caption,0,0,0.5504591464996338
21387,BLIP Caption + BERT,text_plus_blank_caption,0,0,0.5362003445625305
21387,BLIP Caption + BERT,caption_only,0,0,0.5139260292053223
21387,BLIP Caption + BERT,text_only,0,1,0.5047772526741028
101622,CLIP + MLP,correct_image,0,0,0.6951805949211121
101622,ViLT,correct_image,0,0,0.9926536083221436
101622,CLIP + MLP,shuffled_image,0,0,0.6945549845695496
101622,ViLT,shuffled_image,0,0,0.9925894737243652
101622,CLIP + MLP,blank_image,0,0,0.6838046312332153
101622,ViLT,blank_image,0,0,0.9214619398117065
101622,BLIP Caption + BERT,text_plus_correct_caption,0,1,0.5092146396636963
101622,BLIP Caption + BERT,text_plus_shuffled_caption,0,0,0.5300821661949158
101622,BLIP Caption + BERT,text_plus_blank_caption,0,0,0.5339688658714294
101622,BLIP Caption + BERT,caption_only,0,1,0.5328280925750732
101622,BLIP Caption + BERT,text_only,0,0,0.5043414831161499
33958,CLIP + MLP,correct_image,0,0,0.6943748593330383
33958,ViLT,correct_image,0,0,0.993012011051178
33958,CLIP + MLP,shuffled_image,0,0,0.6941857933998108
33958,ViLT,shuffled_image,0,0,0.9930416345596313
33958,CLIP + MLP,blank_image,0,0,0.6830215454101562
33958,ViLT,blank_image,0,0,0.9449068307876587
33958,BLIP Caption + BERT,text_plus_correct_caption,0,0,0.5119811296463013
33958,BLIP Caption + BERT,text_plus_shuffled_caption,0,0,0.5249889492988586
33958,BLIP Caption + BERT,text_plus_blank_caption,0,0,0.5412329435348511
33958,BLIP Caption + BERT,caption_only,0,1,0.5151326656341553
33958,BLIP Caption + BERT,text_only,0,1,0.5218142867088318
58701,CLIP + MLP,correct_image,0,0,0.6943402886390686
58701,ViLT,correct_image,0,0,0.9869088530540466
58701,CLIP + MLP,shuffled_image,0,0,0.6935690641403198
58701,ViLT,shuffled_image,0,0,0.915160059928894
58701,CLIP + MLP,blank_image,0,0,0.6829701066017151
58701,ViLT,blank_image,0,1,0.7231353521347046
58701,BLIP Caption + BERT,text_plus_correct_caption,0,0,0.5150051116943359
58701,BLIP Caption + BERT,text_plus_shuffled_caption,0,0,0.5072246193885803
58701,BLIP Caption + BERT,text_plus_blank_caption,0,0,0.5419239401817322
58701,BLIP Caption + BERT,caption_only,0,1,0.5108621120452881
58701,BLIP Caption + BERT,text_only,0,1,0.507853090763092
108328,CLIP + MLP,correct_image,1,0,0.6937231421470642
108328,ViLT,correct_image,1,0,0.970443069934845
108328,CLIP + MLP,shuffled_image,1,0,0.6934455633163452
108328,ViLT,shuffled_image,1,0,0.9889559149742126
108328,CLIP + MLP,blank_image,1,0,0.6811267137527466
108328,ViLT,blank_image,1,0,0.9874807000160217
108328,BLIP Caption + BERT,text_plus_correct_caption,1,0,0.5177649855613708
108328,BLIP Caption + BERT,text_plus_shuffled_caption,1,0,0.5177516341209412
108328,BLIP Caption + BERT,text_plus_blank_caption,1,0,0.5274919271469116
108328,BLIP Caption + BERT,caption_only,1,0,0.5301933884620667
108328,BLIP Caption + BERT,text_only,1,1,0.5089168548583984
96153,CLIP + MLP,correct_image,1,0,0.6943362355232239
96153,ViLT,correct_image,1,0,0.8028863668441772
96153,CLIP + MLP,shuffled_image,1,0,0.6940503120422363
96153,ViLT,shuffled_image,1,0,0.944929838180542
96153,CLIP + MLP,blank_image,1,0,0.6830986738204956
96153,ViLT,blank_image,1,0,0.9917028546333313
96153,BLIP Caption + BERT,text_plus_correct_caption,1,0,0.5053306818008423
96153,BLIP Caption + BERT,text_plus_shuffled_caption,1,0,0.5411418080329895
96153,BLIP Caption + BERT,text_plus_blank_caption,1,0,0.5098035931587219
96153,BLIP Caption + BERT,caption_only,1,0,0.5434789061546326
96153,BLIP Caption + BERT,text_only,1,0,0.5020153522491455
25057,CLIP + MLP,correct_image,0,0,0.6939939856529236
25057,ViLT,correct_image,0,0,0.8917434215545654
25057,CLIP + MLP,shuffled_image,0,0,0.6941167116165161
25057,ViLT,shuffled_image,0,0,0.9903078675270081
25057,CLIP + MLP,blank_image,0,0,0.6807734370231628
25057,ViLT,blank_image,0,0,0.5379796028137207
25057,BLIP Caption + BERT,text_plus_correct_caption,0,0,0.5270005464553833
25057,BLIP Caption + BERT,text_plus_shuffled_caption,0,0,0.5212075710296631
25057,BLIP Caption + BERT,text_plus_blank_caption,0,0,0.5181061029434204
25057,BLIP Caption + BERT,caption_only,0,1,0.5005384683609009
25057,BLIP Caption + BERT,text_only,0,0,0.5044041275978088
2874,CLIP + MLP,correct_image,0,0,0.6948763132095337
2874,ViLT,correct_image,0,0,0.9918714761734009
2874,CLIP + MLP,shuffled_image,0,0,0.6945638060569763
2874,ViLT,shuffled_image,0,0,0.9744684100151062
2874,CLIP + MLP,blank_image,0,0,0.6836358308792114
2874,ViLT,blank_image,0,0,0.8642078638076782
2874,BLIP Caption + BERT,text_plus_correct_caption,0,0,0.5352606177330017
2874,BLIP Caption + BERT,text_plus_shuffled_caption,0,1,0.5210418701171875
2874,BLIP Caption + BERT,text_plus_blank_caption,0,0,0.5489703416824341
2874,BLIP Caption + BERT,caption_only,0,0,0.5277911424636841
2874,BLIP Caption + BERT,text_only,0,1,0.5140559673309326
93901,CLIP + MLP,correct_image,0,0,0.6947996020317078
93901,ViLT,correct_image,0,0,0.9921168684959412
93901,CLIP + MLP,shuffled_image,0,0,0.6945272088050842
93901,ViLT,shuffled_image,0,0,0.9732475876808167
93901,CLIP + MLP,blank_image,0,0,0.6833241581916809
93901,ViLT,blank_image,0,0,0.9543899893760681
93901,BLIP Caption + BERT,text_plus_correct_caption,0,0,0.5168440341949463
93901,BLIP Caption + BERT,text_plus_shuffled_caption,0,0,0.5050881505012512
93901,BLIP Caption + BERT,text_plus_blank_caption,0,0,0.5098339319229126
93901,BLIP Caption + BERT,caption_only,0,1,0.5031334161758423
93901,BLIP Caption + BERT,text_only,0,1,0.515992283821106
75143,CLIP + MLP,correct_image,0,0,0.6922695636749268
75143,ViLT,correct_image,0,0,0.9898808598518372
75143,CLIP + MLP,shuffled_image,0,0,0.6946219205856323
75143,ViLT,shuffled_image,0,0,0.9896479249000549
75143,CLIP + MLP,blank_image,0,0,0.6825647354125977
75143,ViLT,blank_image,0,0,0.9506321549415588
75143,BLIP Caption + BERT,text_plus_correct_caption,0,0,0.5142547488212585
75143,BLIP Caption + BERT,text_plus_shuffled_caption,0,0,0.5435702800750732
75143,BLIP Caption + BERT,text_plus_blank_caption,0,0,0.518864631652832
75143,BLIP Caption + BERT,caption_only,0,0,0.5225659608840942
75143,BLIP Caption + BERT,text_only,0,1,0.5070978999137878
97700,CLIP + MLP,correct_image,1,0,0.6944521069526672
97700,ViLT,correct_image,1,0,0.9909157156944275
97700,CLIP + MLP,shuffled_image,1,0,0.6835923790931702
97700,ViLT,shuffled_image,1,0,0.991205632686615
97700,CLIP + MLP,blank_image,1,0,0.682486355304718
97700,ViLT,blank_image,1,0,0.9903748631477356
97700,BLIP Caption + BERT,text_plus_correct_caption,1,0,0.5275455713272095
97700,BLIP Caption + BERT,text_plus_shuffled_caption,1,0,0.5118423700332642
97700,BLIP Caption + BERT,text_plus_blank_caption,1,0,0.5223537683486938
97700,BLIP Caption + BERT,caption_only,1,0,0.5535500645637512
97700,BLIP Caption + BERT,text_only,1,1,0.5189411640167236
111617,CLIP + MLP,correct_image,1,1,0.520523726940155
111617,ViLT,correct_image,1,0,0.5687521696090698
111617,CLIP + MLP,shuffled_image,1,1,0.5215623378753662
111617,ViLT,shuffled_image,1,0,0.9727802276611328
111617,CLIP + MLP,blank_image,1,1,0.5581962466239929
111617,ViLT,blank_image,1,0,0.9445266127586365
111617,BLIP Caption + BERT,text_plus_correct_caption,1,1,0.5036811232566833
111617,BLIP Caption + BERT,text_plus_shuffled_caption,1,0,0.5137422680854797
111617,BLIP Caption + BERT,text_plus_blank_caption,1,1,0.5007720589637756
111617,BLIP Caption + BERT,caption_only,1,0,0.5007233619689941
111617,BLIP Caption + BERT,text_only,1,1,0.5240705609321594
47722,CLIP + MLP,correct_image,1,0,0.6892305016517639
47722,ViLT,correct_image,1,1,0.9480206370353699
47722,CLIP + MLP,shuffled_image,1,0,0.6902968883514404
47722,ViLT,shuffled_image,1,0,0.989793062210083
47722,CLIP + MLP,blank_image,1,0,0.6732450723648071
47722,ViLT,blank_image,1,0,0.990031361579895
47722,BLIP Caption + BERT,text_plus_correct_caption,1,1,0.5047069191932678
47722,BLIP Caption + BERT,text_plus_shuffled_caption,1,0,0.5018703937530518
47722,BLIP Caption + BERT,text_plus_blank_caption,1,0,0.5032799243927002
47722,BLIP Caption + BERT,caption_only,1,0,0.5353638529777527
47722,BLIP Caption + BERT,text_only,1,1,0.530727744102478
53387,CLIP + MLP,shuffled_image,1,1,0.5540581941604614
53387,ViLT,shuffled_image,1,0,0.9291825294494629
53387,CLIP + MLP,blank_image,1,1,0.593309760093689
53387,ViLT,blank_image,1,1,0.9664997458457947
2956,CLIP + MLP,correct_image,1,0,0.6925770044326782
2956,ViLT,correct_image,1,0,0.9361902475357056
2956,CLIP + MLP,shuffled_image,1,0,0.6921814680099487
2956,ViLT,shuffled_image,1,0,0.9916462302207947
2956,CLIP + MLP,blank_image,1,0,0.6778583526611328
2956,ViLT,blank_image,1,0,0.8939077258110046
2956,BLIP Caption + BERT,text_plus_correct_caption,1,1,0.5045232176780701
2956,BLIP Caption + BERT,text_plus_shuffled_caption,1,1,0.5072969198226929
2956,BLIP Caption + BERT,text_plus_blank_caption,1,1,0.5048128366470337
2956,BLIP Caption + BERT,caption_only,1,0,0.5151534080505371
2956,BLIP Caption + BERT,text_only,1,1,0.535439670085907
91329,CLIP + MLP,correct_image,0,0,0.6947404742240906
91329,ViLT,correct_image,0,0,0.9921373724937439
91329,CLIP + MLP,shuffled_image,0,0,0.6941025257110596
91329,ViLT,shuffled_image,0,0,0.992642343044281
91329,CLIP + MLP,blank_image,0,0,0.6836438179016113
91329,ViLT,blank_image,0,0,0.9913928508758545
91329,BLIP Caption + BERT,text_plus_correct_caption,0,0,0.5645020604133606
91329,BLIP Caption + BERT,text_plus_shuffled_caption,0,0,0.5290267467498779
91329,BLIP Caption + BERT,text_plus_blank_caption,0,0,0.5273123383522034
91329,BLIP Caption + BERT,caption_only,0,0,0.5593393445014954
91329,BLIP Caption + BERT,text_only,0,1,0.537499725818634
96303,CLIP + MLP,correct_image,0,0,0.6947233080863953
96303,ViLT,correct_image,0,0,0.9918477535247803
96303,CLIP + MLP,shuffled_image,0,0,0.6943515539169312
96303,ViLT,shuffled_image,0,0,0.9917513728141785
96303,CLIP + MLP,blank_image,0,0,0.6831806898117065
96303,ViLT,blank_image,0,0,0.9906116127967834
96303,BLIP Caption + BERT,text_plus_correct_caption,0,0,0.5051926970481873
96303,BLIP Caption + BERT,text_plus_shuffled_caption,0,0,0.5613545775413513
96303,BLIP Caption + BERT,text_plus_blank_caption,0,0,0.5215566158294678
96303,BLIP Caption + BERT,caption_only,0,0,0.5087739825248718
96303,BLIP Caption + BERT,text_only,0,1,0.5250763893127441
108776,CLIP + MLP,correct_image,1,0,0.6936822533607483
108776,ViLT,correct_image,1,0,0.9743985533714294
108776,CLIP + MLP,shuffled_image,1,0,0.6935946941375732
108776,ViLT,shuffled_image,1,0,0.9853770136833191
108776,CLIP + MLP,blank_image,1,0,0.680867075920105
108776,ViLT,blank_image,1,0,0.9822414517402649
108776,BLIP Caption + BERT,text_plus_correct_caption,1,1,0.5203043818473816
108776,BLIP Caption + BERT,text_plus_shuffled_caption,1,1,0.5188136696815491
108776,BLIP Caption + BERT,text_plus_blank_caption,1,1,0.5165550708770752
108776,BLIP Caption + BERT,caption_only,1,1,0.5042737722396851
108776,BLIP Caption + BERT,text_only,1,1,0.5416995882987976
96274,CLIP + MLP,correct_image,0,0,0.6934141516685486
96274,ViLT,correct_image,0,0,0.9920334219932556
96274,CLIP + MLP,shuffled_image,0,0,0.6945842504501343
96274,ViLT,shuffled_image,0,0,0.992017388343811
96274,CLIP + MLP,blank_image,0,0,0.6831737160682678
96274,ViLT,blank_image,0,0,0.9860931634902954
96274,BLIP Caption + BERT,text_plus_correct_caption,0,0,0.5636199116706848
96274,BLIP Caption + BERT,text_plus_shuffled_caption,0,0,0.5296263098716736
96274,BLIP Caption + BERT,text_plus_blank_caption,0,0,0.5417375564575195
96274,BLIP Caption + BERT,caption_only,0,0,0.5576947331428528
96274,BLIP Caption + BERT,text_only,0,0,0.5049276947975159
5155,CLIP + MLP,correct_image,0,0,0.695078432559967
5155,ViLT,correct_image,0,0,0.5373432040214539
5155,CLIP + MLP,shuffled_image,0,0,0.6647337079048157
5155,ViLT,shuffled_image,0,0,0.9916564226150513
5155,CLIP + MLP,blank_image,0,0,0.6832033395767212
5155,ViLT,blank_image,0,0,0.9910308122634888
5155,BLIP Caption + BERT,text_plus_correct_caption,0,0,0.5342426896095276
5155,BLIP Caption + BERT,text_plus_shuffled_caption,0,1,0.5036576390266418
5155,BLIP Caption + BERT,text_plus_blank_caption,0,0,0.5166319608688354
5155,BLIP Caption + BERT,caption_only,0,0,0.5110241770744324
5155,BLIP Caption + BERT,text_only,0,1,0.5202007293701172
82723,CLIP + MLP,correct_image,1,1,0.5637727975845337
82723,ViLT,correct_image,1,1,0.8938519358634949
82723,CLIP + MLP,shuffled_image,1,1,0.5619098544120789
82723,ViLT,shuffled_image,1,0,0.9920338988304138
82723,CLIP + MLP,blank_image,1,1,0.5954341292381287
82723,ViLT,blank_image,1,1,0.8682223558425903
82723,BLIP Caption + BERT,text_plus_correct_caption,1,0,0.5403605103492737
82723,BLIP Caption + BERT,text_plus_shuffled_caption,1,0,0.5157568454742432
82723,BLIP Caption + BERT,text_plus_blank_caption,1,0,0.5316911339759827
82723,BLIP Caption + BERT,caption_only,1,0,0.541097104549408
82723,BLIP Caption + BERT,text_only,1,0,0.5007257461547852
67065,CLIP + MLP,correct_image,1,1,0.555669367313385
67065,ViLT,correct_image,1,1,0.9738655686378479
67065,CLIP + MLP,shuffled_image,1,1,0.5491576194763184
67065,ViLT,shuffled_image,1,0,0.9793994426727295
67065,CLIP + MLP,blank_image,1,1,0.5888696908950806
67065,ViLT,blank_image,1,1,0.9242815375328064
67065,BLIP Caption + BERT,text_plus_correct_caption,1,0,0.5402892231941223
67065,BLIP Caption + BERT,text_plus_shuffled_caption,1,0,0.571298360824585
67065,BLIP Caption + BERT,text_plus_blank_caption,1,0,0.5704193115234375
67065,BLIP Caption + BERT,caption_only,1,0,0.5343290567398071
67065,BLIP Caption + BERT,text_only,1,0,0.5129053592681885
75462,CLIP + MLP,correct_image,0,0,0.6943491101264954
75462,ViLT,correct_image,0,0,0.9856954216957092
75462,CLIP + MLP,shuffled_image,0,0,0.6941015124320984
75462,ViLT,shuffled_image,0,0,0.9918821454048157
75462,CLIP + MLP,blank_image,0,0,0.6831236481666565
75462,ViLT,blank_image,0,0,0.9914876222610474
75462,BLIP Caption + BERT,text_plus_correct_caption,0,0,0.5145617723464966
75462,BLIP Caption + BERT,text_plus_shuffled_caption,0,1,0.5109539031982422
75462,BLIP Caption + BERT,text_plus_blank_caption,0,0,0.526339590549469
75462,BLIP Caption + BERT,caption_only,0,0,0.500873327255249
75462,BLIP Caption + BERT,text_only,0,1,0.5069997906684875
107166,CLIP + MLP,correct_image,0,0,0.6941776275634766
107166,ViLT,correct_image,0,0,0.9811807870864868
107166,CLIP + MLP,shuffled_image,0,0,0.694562554359436
107166,ViLT,shuffled_image,0,0,0.9803239107131958
107166,CLIP + MLP,blank_image,0,0,0.6822231411933899
107166,ViLT,blank_image,0,0,0.9868839383125305
107166,BLIP Caption + BERT,text_plus_correct_caption,0,1,0.5043324828147888
107166,BLIP Caption + BERT,text_plus_shuffled_caption,0,0,0.5124719142913818
107166,BLIP Caption + BERT,text_plus_blank_caption,0,0,0.5232325792312622
107166,BLIP Caption + BERT,caption_only,0,0,0.5009441375732422
107166,BLIP Caption + BERT,text_only,0,0,0.5149232745170593
110087,CLIP + MLP,correct_image,1,0,0.6938382983207703
110087,ViLT,correct_image,1,0,0.9717802405357361
110087,CLIP + MLP,shuffled_image,1,0,0.6943081021308899
110087,ViLT,shuffled_image,1,0,0.9920268654823303
110087,CLIP + MLP,blank_image,1,0,0.6824007630348206
110087,ViLT,blank_image,1,0,0.9922582507133484
110087,BLIP Caption + BERT,text_plus_correct_caption,1,0,0.521580696105957
110087,BLIP Caption + BERT,text_plus_shuffled_caption,1,0,0.509213924407959
110087,BLIP Caption + BERT,text_plus_blank_caption,1,0,0.5374696254730225
110087,BLIP Caption + BERT,caption_only,1,1,0.5100188255310059
110087,BLIP Caption + BERT,text_only,1,1,0.5017150044441223
60653,CLIP + MLP,correct_image,0,0,0.6939901113510132
60653,ViLT,correct_image,0,0,0.9702941179275513
60653,CLIP + MLP,shuffled_image,0,0,0.6947481036186218
60653,ViLT,shuffled_image,0,0,0.9924916625022888
60653,CLIP + MLP,blank_image,0,0,0.6833745241165161
60653,ViLT,blank_image,0,0,0.9884566068649292
60653,BLIP Caption + BERT,text_plus_correct_caption,0,1,0.5032354593276978
60653,BLIP Caption + BERT,text_plus_shuffled_caption,0,1,0.5105465054512024
60653,BLIP Caption + BERT,text_plus_blank_caption,0,0,0.5028854608535767
60653,BLIP Caption + BERT,caption_only,0,1,0.5092754364013672
60653,BLIP Caption + BERT,text_only,0,1,0.5445786714553833
97650,CLIP + MLP,correct_image,1,0,0.6946989893913269
97650,ViLT,correct_image,1,0,0.9916427135467529
97650,CLIP + MLP,shuffled_image,1,0,0.6946834325790405
97650,ViLT,shuffled_image,1,0,0.9921148419380188
97650,CLIP + MLP,blank_image,1,0,0.6833324432373047
97650,ViLT,blank_image,1,0,0.9885665774345398
97650,BLIP Caption + BERT,text_plus_correct_caption,1,0,0.5043772459030151
97650,BLIP Caption + BERT,text_plus_shuffled_caption,1,0,0.5609148740768433
97650,BLIP Caption + BERT,text_plus_blank_caption,1,0,0.5347030758857727
97650,BLIP Caption + BERT,caption_only,1,1,0.5119175910949707
97650,BLIP Caption + BERT,text_only,1,1,0.5067992806434631
35745,CLIP + MLP,correct_image,1,1,0.56235671043396
35745,ViLT,correct_image,1,1,0.9760437607765198
35745,CLIP + MLP,shuffled_image,1,1,0.5647310018539429
35745,ViLT,shuffled_image,1,0,0.9862576127052307
35745,CLIP + MLP,blank_image,1,1,0.5946047902107239
35745,ViLT,blank_image,1,1,0.8614685535430908
35745,BLIP Caption + BERT,text_plus_correct_caption,1,0,0.5642580389976501
35745,BLIP Caption + BERT,text_plus_shuffled_caption,1,0,0.5437161326408386
35745,BLIP Caption + BERT,text_plus_blank_caption,1,0,0.5734577775001526
35745,BLIP Caption + BERT,caption_only,1,0,0.5217733383178711
35745,BLIP Caption + BERT,text_only,1,0,0.5337562561035156
80963,CLIP + MLP,correct_image,0,0,0.6940612196922302
80963,ViLT,correct_image,0,0,0.7903400659561157
80963,CLIP + MLP,shuffled_image,0,0,0.6734113693237305
80963,ViLT,shuffled_image,0,1,0.7360420823097229
80963,CLIP + MLP,blank_image,0,0,0.6826086640357971
80963,ViLT,blank_image,0,0,0.8246560096740723
80963,BLIP Caption + BERT,text_plus_correct_caption,0,0,0.5458781719207764
80963,BLIP Caption + BERT,text_plus_shuffled_caption,0,0,0.5326657891273499
80963,BLIP Caption + BERT,text_plus_blank_caption,0,0,0.5526629686355591
80963,BLIP Caption + BERT,caption_only,0,0,0.5164200663566589
80963,BLIP Caption + BERT,text_only,0,0,0.503215491771698
28402,CLIP + MLP,correct_image,1,0,0.6935921311378479
28402,ViLT,correct_image,1,1,0.8671516180038452
28402,CLIP + MLP,shuffled_image,1,0,0.6940596699714661
28402,ViLT,shuffled_image,1,0,0.9918498992919922
28402,CLIP + MLP,blank_image,1,0,0.6804335117340088
28402,ViLT,blank_image,1,0,0.9911619424819946
28402,BLIP Caption + BERT,text_plus_correct_caption,1,0,0.5443232655525208
28402,BLIP Caption + BERT,text_plus_shuffled_caption,1,1,0.5041307210922241
28402,BLIP Caption + BERT,text_plus_blank_caption,1,0,0.5294039249420166
28402,BLIP Caption + BERT,caption_only,1,0,0.517365038394928
28402,BLIP Caption + BERT,text_only,1,1,0.5019049644470215
32876,CLIP + MLP,correct_image,1,1,0.5697183609008789
32876,ViLT,correct_image,1,1,0.901703953742981
32876,CLIP + MLP,shuffled_image,1,1,0.5571237802505493
32876,ViLT,shuffled_image,1,0,0.9401432871818542
32876,CLIP + MLP,blank_image,1,1,0.5948617458343506
32876,ViLT,blank_image,1,0,0.9512448906898499
32876,BLIP Caption + BERT,text_plus_correct_caption,1,0,0.5214459300041199
32876,BLIP Caption + BERT,text_plus_shuffled_caption,1,0,0.5344505310058594
32876,BLIP Caption + BERT,text_plus_blank_caption,1,0,0.5636225342750549
32876,BLIP Caption + BERT,caption_only,1,0,0.5154260993003845
32876,BLIP Caption + BERT,text_only,1,0,0.5138686299324036
46983,CLIP + MLP,correct_image,0,0,0.6945594549179077
46983,ViLT,correct_image,0,0,0.9892515540122986
46983,CLIP + MLP,shuffled_image,0,0,0.6941604018211365
46983,ViLT,shuffled_image,0,0,0.9867554306983948
46983,CLIP + MLP,blank_image,0,0,0.6838099360466003
46983,ViLT,blank_image,0,0,0.956734836101532
46983,BLIP Caption + BERT,text_plus_correct_caption,0,1,0.5049607157707214
46983,BLIP Caption + BERT,text_plus_shuffled_caption,0,0,0.533393919467926
46983,BLIP Caption + BERT,text_plus_blank_caption,0,0,0.5365735292434692
46983,BLIP Caption + BERT,caption_only,0,1,0.5050755143165588
46983,BLIP Caption + BERT,text_only,0,1,0.5204464197158813
5656,CLIP + MLP,correct_image,1,0,0.6940725445747375
5656,ViLT,correct_image,1,0,0.9928642511367798
5656,CLIP + MLP,shuffled_image,1,0,0.6943617463111877
5656,ViLT,shuffled_image,1,0,0.9926918148994446
5656,CLIP + MLP,blank_image,1,0,0.6825317740440369
5656,ViLT,blank_image,1,0,0.9777857661247253
5656,BLIP Caption + BERT,text_plus_correct_caption,1,0,0.5135815739631653
5656,BLIP Caption + BERT,text_plus_shuffled_caption,1,0,0.5086546540260315
5656,BLIP Caption + BERT,text_plus_blank_caption,1,0,0.5113105177879333
5656,BLIP Caption + BERT,caption_only,1,0,0.5196026563644409
5656,BLIP Caption + BERT,text_only,1,1,0.5380249619483948
98097,CLIP + MLP,correct_image,0,0,0.6947586536407471
98097,ViLT,correct_image,0,0,0.9919711351394653
98097,CLIP + MLP,shuffled_image,0,0,0.6944637894630432
98097,ViLT,shuffled_image,0,0,0.990912675857544
98097,CLIP + MLP,blank_image,0,0,0.6831473112106323
98097,ViLT,blank_image,0,0,0.9924473762512207
98097,BLIP Caption + BERT,text_plus_correct_caption,0,0,0.5468747615814209
98097,BLIP Caption + BERT,text_plus_shuffled_caption,0,0,0.5219270586967468
98097,BLIP Caption + BERT,text_plus_blank_caption,0,0,0.5486097931861877
98097,BLIP Caption + BERT,caption_only,0,0,0.5231485366821289
98097,BLIP Caption + BERT,text_only,0,0,0.5041179060935974
93883,CLIP + MLP,correct_image,1,1,0.5583270192146301
93883,ViLT,correct_image,1,1,0.746016800403595
93883,CLIP + MLP,shuffled_image,1,1,0.5584270358085632
93883,ViLT,shuffled_image,1,0,0.992009162902832
93883,CLIP + MLP,blank_image,1,1,0.5948489904403687
93883,ViLT,blank_image,1,0,0.990841269493103
93883,BLIP Caption + BERT,text_plus_correct_caption,1,0,0.5523877143859863
93883,BLIP Caption + BERT,text_plus_shuffled_caption,1,0,0.5308400392532349
93883,BLIP Caption + BERT,text_plus_blank_caption,1,0,0.5645189881324768
93883,BLIP Caption + BERT,caption_only,1,0,0.5124804377555847
93883,BLIP Caption + BERT,text_only,1,0,0.5144301056861877
2090,CLIP + MLP,correct_image,0,0,0.6946519017219543
2090,ViLT,correct_image,0,0,0.978076159954071
2090,CLIP + MLP,shuffled_image,0,0,0.6946690678596497
2090,ViLT,shuffled_image,0,0,0.9922388195991516
2090,CLIP + MLP,blank_image,0,0,0.6835908889770508
2090,ViLT,blank_image,0,0,0.9831629991531372
2090,BLIP Caption + BERT,text_plus_correct_caption,0,0,0.5156913995742798
2090,BLIP Caption + BERT,text_plus_shuffled_caption,0,0,0.5226280093193054
2090,BLIP Caption + BERT,text_plus_blank_caption,0,0,0.5345052480697632
2090,BLIP Caption + BERT,caption_only,0,0,0.5087350010871887
2090,BLIP Caption + BERT,text_only,0,1,0.514765202999115
87594,CLIP + MLP,correct_image,1,0,0.6939476132392883
87594,ViLT,correct_image,1,0,0.9913219809532166
87594,CLIP + MLP,shuffled_image,1,0,0.6934568285942078
87594,ViLT,shuffled_image,1,0,0.9890030026435852
87594,CLIP + MLP,blank_image,1,0,0.6805828809738159
87594,ViLT,blank_image,1,0,0.9872831106185913
87594,BLIP Caption + BERT,text_plus_correct_caption,1,1,0.5096414685249329
87594,BLIP Caption + BERT,text_plus_shuffled_caption,1,0,0.5209828019142151
87594,BLIP Caption + BERT,text_plus_blank_caption,1,0,0.5096990466117859
87594,BLIP Caption + BERT,caption_only,1,1,0.5044599175453186
87594,BLIP Caption + BERT,text_only,1,1,0.512060821056366
73867,CLIP + MLP,correct_image,0,0,0.6944952607154846
73867,ViLT,correct_image,0,0,0.9618287682533264
73867,CLIP + MLP,shuffled_image,0,0,0.6933929920196533
73867,ViLT,shuffled_image,0,0,0.9894692897796631
73867,CLIP + MLP,blank_image,0,0,0.6826943159103394
73867,ViLT,blank_image,0,0,0.9108175039291382
73867,BLIP Caption + BERT,text_plus_correct_caption,0,0,0.5181998610496521
73867,BLIP Caption + BERT,text_plus_shuffled_caption,0,0,0.5402001738548279
73867,BLIP Caption + BERT,text_plus_blank_caption,0,0,0.5287495851516724
73867,BLIP Caption + BERT,caption_only,0,0,0.5082448124885559
73867,BLIP Caption + BERT,text_only,0,0,0.5115978121757507
13971,CLIP + MLP,correct_image,0,0,0.6944196224212646
13971,ViLT,correct_image,0,0,0.9608096480369568
13971,CLIP + MLP,shuffled_image,0,0,0.692833423614502
13971,ViLT,shuffled_image,0,0,0.9927760362625122
13971,CLIP + MLP,blank_image,0,0,0.682450532913208
13971,ViLT,blank_image,0,0,0.8999611139297485
13971,BLIP Caption + BERT,text_plus_correct_caption,0,0,0.5190960168838501
13971,BLIP Caption + BERT,text_plus_shuffled_caption,0,0,0.5180321335792542
13971,BLIP Caption + BERT,text_plus_blank_caption,0,0,0.5264349579811096
13971,BLIP Caption + BERT,caption_only,0,0,0.5231412053108215
13971,BLIP Caption + BERT,text_only,0,1,0.5227324366569519
50691,CLIP + MLP,correct_image,0,0,0.6940497159957886
50691,ViLT,correct_image,0,0,0.8161360621452332
50691,CLIP + MLP,shuffled_image,0,0,0.6942471265792847
50691,ViLT,shuffled_image,0,0,0.9923912882804871
50691,CLIP + MLP,blank_image,0,0,0.6811049580574036
50691,ViLT,blank_image,0,0,0.9791689515113831
50691,BLIP Caption + BERT,text_plus_correct_caption,0,0,0.5582692623138428
50691,BLIP Caption + BERT,text_plus_shuffled_caption,0,0,0.5621086359024048
50691,BLIP Caption + BERT,text_plus_blank_caption,0,0,0.5607351064682007
50691,BLIP Caption + BERT,caption_only,0,0,0.5093418955802917
50691,BLIP Caption + BERT,text_only,0,0,0.5308952331542969
65144,CLIP + MLP,correct_image,0,0,0.69501131772995
65144,ViLT,correct_image,0,0,0.9927009344100952
65144,CLIP + MLP,shuffled_image,0,0,0.6947842836380005
65144,ViLT,shuffled_image,0,0,0.9927985668182373
65144,CLIP + MLP,blank_image,0,0,0.6837756037712097
65144,ViLT,blank_image,0,0,0.9929490089416504
65144,BLIP Caption + BERT,text_plus_correct_caption,0,0,0.500554621219635
65144,BLIP Caption + BERT,text_plus_shuffled_caption,0,1,0.5149092674255371
65144,BLIP Caption + BERT,text_plus_blank_caption,0,0,0.5095387101173401
65144,BLIP Caption + BERT,caption_only,0,0,0.5023984909057617
65144,BLIP Caption + BERT,text_only,0,1,0.530698299407959
105394,CLIP + MLP,correct_image,1,0,0.5655215382575989
105394,ViLT,correct_image,1,1,0.9608507752418518
105394,CLIP + MLP,shuffled_image,1,0,0.5802839398384094
105394,ViLT,shuffled_image,1,0,0.9832786917686462
105394,CLIP + MLP,blank_image,1,0,0.5431568026542664
105394,ViLT,blank_image,1,0,0.9111538529396057
105394,BLIP Caption + BERT,text_plus_correct_caption,1,0,0.5062662959098816
105394,BLIP Caption + BERT,text_plus_shuffled_caption,1,1,0.5121457576751709
105394,BLIP Caption + BERT,text_plus_blank_caption,1,1,0.5085645318031311
105394,BLIP Caption + BERT,caption_only,1,1,0.5125718116760254
105394,BLIP Caption + BERT,text_only,1,1,0.5406237244606018
70530,CLIP + MLP,correct_image,0,1,0.6010156273841858
70530,ViLT,correct_image,0,0,0.7618184089660645
70530,CLIP + MLP,shuffled_image,0,1,0.5512878894805908
70530,ViLT,shuffled_image,0,0,0.9922090768814087
70530,CLIP + MLP,blank_image,0,1,0.5913586020469666
70530,ViLT,blank_image,0,0,0.9503784775733948
70530,BLIP Caption + BERT,text_plus_correct_caption,0,0,0.5117178559303284
70530,BLIP Caption + BERT,text_plus_shuffled_caption,0,1,0.5019496083259583
70530,BLIP Caption + BERT,text_plus_blank_caption,0,0,0.5363738536834717
70530,BLIP Caption + BERT,caption_only,0,0,0.5183073878288269
70530,BLIP Caption + BERT,text_only,0,1,0.5209202766418457
91933,CLIP + MLP,correct_image,1,0,0.6948052048683167
91933,ViLT,correct_image,1,0,0.9199924468994141
91933,CLIP + MLP,blank_image,1,0,0.6836127638816833
91933,ViLT,blank_image,1,0,0.9650355577468872
8975,CLIP + MLP,correct_image,0,0,0.5470133423805237
8975,ViLT,correct_image,0,1,0.876387357711792
8975,CLIP + MLP,shuffled_image,0,0,0.5499588847160339
8975,ViLT,shuffled_image,0,0,0.9908636212348938
8975,CLIP + MLP,blank_image,0,0,0.5122644305229187
8975,ViLT,blank_image,0,0,0.9695457816123962
8975,BLIP Caption + BERT,text_plus_correct_caption,0,0,0.5008075833320618
8975,BLIP Caption + BERT,text_plus_shuffled_caption,0,1,0.5071603059768677
8975,BLIP Caption + BERT,text_plus_blank_caption,0,1,0.5004981160163879
8975,BLIP Caption + BERT,caption_only,0,1,0.5067468285560608
8975,BLIP Caption + BERT,text_only,0,1,0.5099021196365356
34456,CLIP + MLP,correct_image,1,0,0.6837618947029114
34456,ViLT,correct_image,1,0,0.9397174715995789
34456,CLIP + MLP,shuffled_image,1,0,0.6927502155303955
34456,ViLT,shuffled_image,1,0,0.9812884330749512
34456,CLIP + MLP,blank_image,1,0,0.6791290640830994
34456,ViLT,blank_image,1,0,0.8397432565689087
34456,BLIP Caption + BERT,text_plus_correct_caption,1,1,0.5143330693244934
34456,BLIP Caption + BERT,text_plus_shuffled_caption,1,0,0.5007975101470947
34456,BLIP Caption + BERT,text_plus_blank_caption,1,0,0.5017562508583069
34456,BLIP Caption + BERT,caption_only,1,1,0.502890408039093
34456,BLIP Caption + BERT,text_only,1,1,0.5289961099624634
24628,CLIP + MLP,correct_image,0,0,0.6945854425430298
24628,ViLT,correct_image,0,0,0.9332351088523865
24628,CLIP + MLP,shuffled_image,0,0,0.6942837238311768
24628,ViLT,shuffled_image,0,0,0.9581269025802612
24628,CLIP + MLP,blank_image,0,0,0.6824683547019958
24628,ViLT,blank_image,0,0,0.8891840577125549
24628,BLIP Caption + BERT,text_plus_correct_caption,0,0,0.5595189332962036
24628,BLIP Caption + BERT,text_plus_shuffled_caption,0,0,0.5426855087280273
24628,BLIP Caption + BERT,text_plus_blank_caption,0,0,0.5540300011634827
24628,BLIP Caption + BERT,caption_only,0,0,0.5370372533798218
24628,BLIP Caption + BERT,text_only,0,0,0.5077441930770874
9792,CLIP + MLP,correct_image,1,0,0.6946612596511841
9792,ViLT,correct_image,1,1,0.9254608750343323
9792,CLIP + MLP,blank_image,1,0,0.6822634935379028
9792,ViLT,blank_image,1,0,0.9897807836532593
67449,CLIP + MLP,correct_image,1,0,0.6943979263305664
67449,ViLT,correct_image,1,0,0.9682077169418335
67449,CLIP + MLP,shuffled_image,1,0,0.6941668391227722
67449,ViLT,shuffled_image,1,0,0.9897927045822144
67449,CLIP + MLP,blank_image,1,0,0.68205326795578
67449,ViLT,blank_image,1,0,0.9914488196372986
67449,BLIP Caption + BERT,text_plus_correct_caption,1,1,0.5141744613647461
67449,BLIP Caption + BERT,text_plus_shuffled_caption,1,1,0.5041771531105042
67449,BLIP Caption + BERT,text_plus_blank_caption,1,0,0.5042108297348022
67449,BLIP Caption + BERT,caption_only,1,1,0.5177634954452515
67449,BLIP Caption + BERT,text_only,1,1,0.5229231119155884
50645,CLIP + MLP,correct_image,0,0,0.6943901777267456
50645,ViLT,correct_image,0,0,0.9933652281761169
50645,CLIP + MLP,shuffled_image,0,0,0.694162130355835
50645,ViLT,shuffled_image,0,0,0.9922571182250977
50645,CLIP + MLP,blank_image,0,0,0.6833745241165161
50645,ViLT,blank_image,0,0,0.9884567260742188
50645,BLIP Caption + BERT,text_plus_correct_caption,0,0,0.5050503015518188
50645,BLIP Caption + BERT,text_plus_shuffled_caption,0,0,0.515028715133667
50645,BLIP Caption + BERT,text_plus_blank_caption,0,0,0.5028854608535767
50645,BLIP Caption + BERT,caption_only,0,0,0.5317339897155762
50645,BLIP Caption + BERT,text_only,0,1,0.5445786714553833
41327,CLIP + MLP,correct_image,1,0,0.6938269138336182
41327,ViLT,correct_image,1,0,0.991438627243042
41327,CLIP + MLP,shuffled_image,1,0,0.6935455799102783
41327,ViLT,shuffled_image,1,0,0.9911184906959534
41327,CLIP + MLP,blank_image,1,0,0.681468665599823
41327,ViLT,blank_image,1,0,0.9911509156227112
41327,BLIP Caption + BERT,text_plus_correct_caption,1,1,0.5143209099769592
41327,BLIP Caption + BERT,text_plus_shuffled_caption,1,1,0.5125319957733154
41327,BLIP Caption + BERT,text_plus_blank_caption,1,1,0.5076946020126343
41327,BLIP Caption + BERT,caption_only,1,0,0.509518563747406
41327,BLIP Caption + BERT,text_only,1,1,0.5267438292503357
24938,CLIP + MLP,correct_image,1,1,0.5603196620941162
24938,ViLT,correct_image,1,1,0.8788254857063293
24938,CLIP + MLP,shuffled_image,1,1,0.6055232882499695
24938,ViLT,shuffled_image,1,0,0.9907723665237427
24938,CLIP + MLP,blank_image,1,1,0.5951777696609497
24938,ViLT,blank_image,1,0,0.9918586611747742
24938,BLIP Caption + BERT,text_plus_correct_caption,1,0,0.5001195073127747
24938,BLIP Caption + BERT,text_plus_shuffled_caption,1,1,0.5022702813148499
24938,BLIP Caption + BERT,text_plus_blank_caption,1,0,0.5360296368598938
24938,BLIP Caption + BERT,caption_only,1,1,0.5073843002319336
24938,BLIP Caption + BERT,text_only,1,1,0.511723518371582
9874,CLIP + MLP,correct_image,0,0,0.6944032907485962
9874,ViLT,correct_image,0,0,0.9732260704040527
9874,CLIP + MLP,shuffled_image,0,0,0.6942543983459473
9874,ViLT,shuffled_image,0,0,0.9307631254196167
9874,CLIP + MLP,blank_image,0,0,0.6830261945724487
9874,ViLT,blank_image,0,0,0.9412080645561218
9874,BLIP Caption + BERT,text_plus_correct_caption,0,0,0.5352007746696472
9874,BLIP Caption + BERT,text_plus_shuffled_caption,0,0,0.5459197759628296
9874,BLIP Caption + BERT,text_plus_blank_caption,0,0,0.5343184471130371
9874,BLIP Caption + BERT,caption_only,0,0,0.5233418345451355
9874,BLIP Caption + BERT,text_only,0,1,0.5145372748374939
55518,CLIP + MLP,correct_image,1,0,0.6951096653938293
55518,ViLT,correct_image,1,0,0.992093026638031
55518,CLIP + MLP,shuffled_image,1,0,0.6948390603065491
55518,ViLT,shuffled_image,1,0,0.9919686913490295
55518,CLIP + MLP,blank_image,1,0,0.6836645007133484
55518,ViLT,blank_image,1,0,0.9843681454658508
55518,BLIP Caption + BERT,text_plus_correct_caption,1,1,0.5028505325317383
55518,BLIP Caption + BERT,text_plus_shuffled_caption,1,0,0.5079749822616577
55518,BLIP Caption + BERT,text_plus_blank_caption,1,0,0.509460985660553
55518,BLIP Caption + BERT,caption_only,1,0,0.5057156085968018
55518,BLIP Caption + BERT,text_only,1,1,0.5166133046150208
103989,CLIP + MLP,correct_image,1,0,0.6946069002151489
103989,ViLT,correct_image,1,1,0.7623565793037415
103989,CLIP + MLP,shuffled_image,1,0,0.6942576169967651
103989,ViLT,shuffled_image,1,0,0.9765307307243347
103989,CLIP + MLP,blank_image,1,0,0.6824928522109985
103989,ViLT,blank_image,1,0,0.9761263132095337
103989,BLIP Caption + BERT,text_plus_correct_caption,1,0,0.5006259679794312
103989,BLIP Caption + BERT,text_plus_shuffled_caption,1,0,0.5204517245292664
103989,BLIP Caption + BERT,text_plus_blank_caption,1,1,0.5101300477981567
103989,BLIP Caption + BERT,caption_only,1,0,0.5038226246833801
103989,BLIP Caption + BERT,text_only,1,1,0.5181867480278015
63163,CLIP + MLP,correct_image,1,0,0.6945894360542297
63163,ViLT,correct_image,1,1,0.6081269979476929
63163,CLIP + MLP,shuffled_image,1,0,0.6944092512130737
63163,ViLT,shuffled_image,1,0,0.9888688325881958
63163,CLIP + MLP,blank_image,1,0,0.6831820607185364
63163,ViLT,blank_image,1,0,0.9907455444335938
63163,BLIP Caption + BERT,text_plus_correct_caption,1,0,0.5268264412879944
63163,BLIP Caption + BERT,text_plus_shuffled_caption,1,0,0.5165782570838928
63163,BLIP Caption + BERT,text_plus_blank_caption,1,0,0.5184625387191772
63163,BLIP Caption + BERT,caption_only,1,0,0.5271439552307129
63163,BLIP Caption + BERT,text_only,1,0,0.5119770765304565
67504,CLIP + MLP,correct_image,0,0,0.6942813396453857
67504,ViLT,correct_image,0,0,0.9921339750289917
67504,CLIP + MLP,shuffled_image,0,0,0.6541123986244202
67504,ViLT,shuffled_image,0,0,0.9929785132408142
67504,CLIP + MLP,blank_image,0,0,0.6835523843765259
67504,ViLT,blank_image,0,0,0.9907423853874207
67504,BLIP Caption + BERT,text_plus_correct_caption,0,0,0.5326603055000305
67504,BLIP Caption + BERT,text_plus_shuffled_caption,0,0,0.5361028909683228
67504,BLIP Caption + BERT,text_plus_blank_caption,0,0,0.5449578166007996
67504,BLIP Caption + BERT,caption_only,0,0,0.5116256475448608
67504,BLIP Caption + BERT,text_only,0,1,0.5274913311004639
58531,CLIP + MLP,correct_image,0,0,0.6944701075553894
58531,ViLT,correct_image,0,0,0.9924210906028748
58531,CLIP + MLP,shuffled_image,0,0,0.6944096088409424
58531,ViLT,shuffled_image,0,0,0.9921384453773499
58531,CLIP + MLP,blank_image,0,0,0.6834526062011719
58531,ViLT,blank_image,0,0,0.6794309616088867
58531,BLIP Caption + BERT,text_plus_correct_caption,0,0,0.5065194368362427
58531,BLIP Caption + BERT,text_plus_shuffled_caption,0,0,0.5211728811264038
58531,BLIP Caption + BERT,text_plus_blank_caption,0,0,0.5512621998786926
58531,BLIP Caption + BERT,caption_only,0,0,0.5066938400268555
58531,BLIP Caption + BERT,text_only,0,1,0.5070421099662781
9487,CLIP + MLP,correct_image,0,0,0.6947163939476013
9487,ViLT,correct_image,0,0,0.992384672164917
9487,CLIP + MLP,blank_image,0,0,0.6832913756370544
9487,ViLT,blank_image,0,0,0.9457166790962219
66035,CLIP + MLP,correct_image,1,0,0.6947729587554932
66035,ViLT,correct_image,1,0,0.9737139344215393
66035,CLIP + MLP,shuffled_image,1,0,0.6941876411437988
66035,ViLT,shuffled_image,1,0,0.9887513518333435
66035,CLIP + MLP,blank_image,1,0,0.6831596493721008
66035,ViLT,blank_image,1,0,0.8760313391685486
66035,BLIP Caption + BERT,text_plus_correct_caption,1,0,0.5484402179718018
66035,BLIP Caption + BERT,text_plus_shuffled_caption,1,0,0.5179284811019897
66035,BLIP Caption + BERT,text_plus_blank_caption,1,0,0.5329142808914185
66035,BLIP Caption + BERT,caption_only,1,0,0.5240011215209961
66035,BLIP Caption + BERT,text_only,1,1,0.5013853311538696
63943,CLIP + MLP,shuffled_image,1,0,0.6914147734642029
63943,ViLT,shuffled_image,1,0,0.9891694784164429
63943,CLIP + MLP,blank_image,1,0,0.6816211342811584
63943,ViLT,blank_image,1,0,0.9664508700370789
103671,CLIP + MLP,correct_image,0,0,0.6937066912651062
103671,ViLT,correct_image,0,0,0.922728419303894
103671,CLIP + MLP,shuffled_image,0,0,0.694324254989624
103671,ViLT,shuffled_image,0,0,0.9683577418327332
103671,CLIP + MLP,blank_image,0,0,0.6824339032173157
103671,ViLT,blank_image,0,0,0.9921060800552368
103671,BLIP Caption + BERT,text_plus_correct_caption,0,0,0.5316792130470276
103671,BLIP Caption + BERT,text_plus_shuffled_caption,0,0,0.5219079852104187
103671,BLIP Caption + BERT,text_plus_blank_caption,0,0,0.5334369540214539
103671,BLIP Caption + BERT,caption_only,0,0,0.5455654859542847
103671,BLIP Caption + BERT,text_only,0,1,0.5176501870155334
54319,CLIP + MLP,correct_image,1,0,0.6939865350723267
54319,ViLT,correct_image,1,0,0.9423501491546631
54319,CLIP + MLP,shuffled_image,1,0,0.6932803392410278
54319,ViLT,shuffled_image,1,0,0.9924841523170471
54319,CLIP + MLP,blank_image,1,0,0.6820018291473389
54319,ViLT,blank_image,1,0,0.9922962784767151
54319,BLIP Caption + BERT,text_plus_correct_caption,1,0,0.5002472400665283
54319,BLIP Caption + BERT,text_plus_shuffled_caption,1,0,0.5083588361740112
54319,BLIP Caption + BERT,text_plus_blank_caption,1,1,0.5092564821243286
54319,BLIP Caption + BERT,caption_only,1,0,0.5130642652511597
54319,BLIP Caption + BERT,text_only,1,1,0.5379301309585571
47196,CLIP + MLP,correct_image,0,0,0.6939913630485535
47196,ViLT,correct_image,0,0,0.9925081133842468
47196,CLIP + MLP,shuffled_image,0,0,0.6934368014335632
47196,ViLT,shuffled_image,0,0,0.9923816323280334
47196,CLIP + MLP,blank_image,0,0,0.6829653382301331
47196,ViLT,blank_image,0,0,0.9453651905059814
47196,BLIP Caption + BERT,text_plus_correct_caption,0,0,0.5403077006340027
47196,BLIP Caption + BERT,text_plus_shuffled_caption,0,0,0.5291242003440857
47196,BLIP Caption + BERT,text_plus_blank_caption,0,0,0.5351243615150452
47196,BLIP Caption + BERT,caption_only,0,0,0.5430088043212891
47196,BLIP Caption + BERT,text_only,0,1,0.5195726752281189
52794,CLIP + MLP,correct_image,1,0,0.6591925024986267
52794,ViLT,correct_image,1,1,0.9720131754875183
52794,CLIP + MLP,shuffled_image,1,0,0.5887022614479065
52794,ViLT,shuffled_image,1,0,0.9909396171569824
52794,CLIP + MLP,blank_image,1,0,0.6391095519065857
52794,ViLT,blank_image,1,1,0.8664419054985046
52794,BLIP Caption + BERT,text_plus_correct_caption,1,0,0.5259943604469299
52794,BLIP Caption + BERT,text_plus_shuffled_caption,1,0,0.5584198832511902
52794,BLIP Caption + BERT,text_plus_blank_caption,1,0,0.5607913732528687
52794,BLIP Caption + BERT,caption_only,1,0,0.5132116675376892
52794,BLIP Caption + BERT,text_only,1,1,0.5047116875648499
41881,CLIP + MLP,correct_image,0,0,0.6940545439720154
41881,ViLT,correct_image,0,0,0.9920384883880615
41881,CLIP + MLP,shuffled_image,0,0,0.6944414377212524
41881,ViLT,shuffled_image,0,0,0.9784765839576721
41881,CLIP + MLP,blank_image,0,0,0.6831173896789551
41881,ViLT,blank_image,0,1,0.6621329188346863
41881,BLIP Caption + BERT,text_plus_correct_caption,0,1,0.5089687705039978
41881,BLIP Caption + BERT,text_plus_shuffled_caption,0,1,0.5006904602050781
41881,BLIP Caption + BERT,text_plus_blank_caption,0,0,0.5076992511749268
41881,BLIP Caption + BERT,caption_only,0,1,0.5186125040054321
41881,BLIP Caption + BERT,text_only,0,1,0.5151505470275879
13993,CLIP + MLP,correct_image,0,0,0.6943981051445007
13993,ViLT,correct_image,0,0,0.9930045008659363
13993,CLIP + MLP,shuffled_image,0,0,0.6944502592086792
13993,ViLT,shuffled_image,0,0,0.9920350909233093
13993,CLIP + MLP,blank_image,0,0,0.6833745241165161
13993,ViLT,blank_image,0,0,0.9884564876556396
13993,BLIP Caption + BERT,text_plus_correct_caption,0,0,0.5178413987159729
13993,BLIP Caption + BERT,text_plus_shuffled_caption,0,0,0.5060933232307434
13993,BLIP Caption + BERT,text_plus_blank_caption,0,0,0.5028854608535767
13993,BLIP Caption + BERT,caption_only,0,0,0.5348554253578186
13993,BLIP Caption + BERT,text_only,0,1,0.5445786714553833
100455,CLIP + MLP,correct_image,1,1,0.5601028800010681
100455,ViLT,correct_image,1,1,0.9011505842208862
100455,CLIP + MLP,shuffled_image,1,1,0.5552222728729248
100455,ViLT,shuffled_image,1,0,0.9837035536766052
100455,CLIP + MLP,blank_image,1,1,0.5945262908935547
100455,ViLT,blank_image,1,0,0.5343560576438904
100455,BLIP Caption + BERT,text_plus_correct_caption,1,0,0.5368294715881348
100455,BLIP Caption + BERT,text_plus_shuffled_caption,1,0,0.5725437998771667
100455,BLIP Caption + BERT,text_plus_blank_caption,1,0,0.5358495116233826
100455,BLIP Caption + BERT,caption_only,1,0,0.5129452347755432
100455,BLIP Caption + BERT,text_only,1,0,0.5040351152420044
32088,CLIP + MLP,correct_image,1,0,0.6940264105796814
32088,ViLT,correct_image,1,1,0.8418184518814087
32088,CLIP + MLP,shuffled_image,1,0,0.6942031383514404
32088,ViLT,shuffled_image,1,0,0.9813928008079529
32088,CLIP + MLP,blank_image,1,0,0.6806999444961548
32088,ViLT,blank_image,1,0,0.5584195852279663
32088,BLIP Caption + BERT,text_plus_correct_caption,1,0,0.5212952494621277
32088,BLIP Caption + BERT,text_plus_shuffled_caption,1,0,0.5211188793182373
32088,BLIP Caption + BERT,text_plus_blank_caption,1,0,0.5383101105690002
32088,BLIP Caption + BERT,caption_only,1,0,0.5152395963668823
32088,BLIP Caption + BERT,text_only,1,0,0.5106191635131836
77084,CLIP + MLP,correct_image,0,0,0.6884662508964539
77084,ViLT,correct_image,0,0,0.9826715588569641
77084,CLIP + MLP,shuffled_image,0,0,0.6885141134262085
77084,ViLT,shuffled_image,0,0,0.9919277429580688
77084,CLIP + MLP,blank_image,0,0,0.6697871088981628
77084,ViLT,blank_image,0,1,0.6253211498260498
77084,BLIP Caption + BERT,text_plus_correct_caption,0,1,0.5233001708984375
77084,BLIP Caption + BERT,text_plus_shuffled_caption,0,1,0.5302135944366455
77084,BLIP Caption + BERT,text_plus_blank_caption,0,1,0.509162187576294
77084,BLIP Caption + BERT,caption_only,0,1,0.5030167102813721
77084,BLIP Caption + BERT,text_only,0,1,0.5324342846870422
83766,CLIP + MLP,shuffled_image,0,0,0.6940213441848755
83766,ViLT,shuffled_image,0,0,0.9910954236984253
83766,CLIP + MLP,blank_image,0,0,0.6832362413406372
83766,ViLT,blank_image,0,0,0.9597519040107727
80086,CLIP + MLP,correct_image,1,1,0.5634737610816956
80086,ViLT,correct_image,1,1,0.9496447443962097
80086,CLIP + MLP,shuffled_image,1,1,0.5583775639533997
80086,ViLT,shuffled_image,1,0,0.9925512075424194
80086,CLIP + MLP,blank_image,1,1,0.5959627032279968
80086,ViLT,blank_image,1,0,0.9917749166488647
80086,BLIP Caption + BERT,text_plus_correct_caption,1,1,0.5013659596443176
80086,BLIP Caption + BERT,text_plus_shuffled_caption,1,0,0.5176734328269958
80086,BLIP Caption + BERT,text_plus_blank_caption,1,0,0.5313483476638794
80086,BLIP Caption + BERT,caption_only,1,0,0.5308870077133179
80086,BLIP Caption + BERT,text_only,1,1,0.5113902688026428
55383,CLIP + MLP,correct_image,1,0,0.6928210854530334
55383,ViLT,correct_image,1,0,0.9928163290023804
55383,CLIP + MLP,shuffled_image,1,0,0.6942653656005859
55383,ViLT,shuffled_image,1,0,0.9505943059921265
55383,CLIP + MLP,blank_image,1,0,0.6837494969367981
55383,ViLT,blank_image,1,0,0.9845412969589233
55383,BLIP Caption + BERT,text_plus_correct_caption,1,0,0.5043038129806519
55383,BLIP Caption + BERT,text_plus_shuffled_caption,1,0,0.5145557522773743
55383,BLIP Caption + BERT,text_plus_blank_caption,1,0,0.5222684741020203
55383,BLIP Caption + BERT,caption_only,1,0,0.5017407536506653
55383,BLIP Caption + BERT,text_only,1,1,0.5309779644012451
52100,CLIP + MLP,correct_image,0,0,0.6941711902618408
52100,ViLT,correct_image,0,0,0.9908995628356934
52100,CLIP + MLP,shuffled_image,0,0,0.6935395002365112
52100,ViLT,shuffled_image,0,0,0.9842457175254822
52100,CLIP + MLP,blank_image,0,0,0.6812581419944763
52100,ViLT,blank_image,0,1,0.7555111646652222
52100,BLIP Caption + BERT,text_plus_correct_caption,0,0,0.5308101773262024
52100,BLIP Caption + BERT,text_plus_shuffled_caption,0,0,0.5907789468765259
52100,BLIP Caption + BERT,text_plus_blank_caption,0,0,0.5649108290672302
52100,BLIP Caption + BERT,caption_only,0,1,0.5087576508522034
52100,BLIP Caption + BERT,text_only,0,0,0.5140649080276489
57980,CLIP + MLP,correct_image,0,0,0.694290280342102
57980,ViLT,correct_image,0,0,0.992224931716919
57980,CLIP + MLP,shuffled_image,0,0,0.6947284936904907
57980,ViLT,shuffled_image,0,0,0.9919690489768982
57980,CLIP + MLP,blank_image,0,0,0.6836442947387695
57980,ViLT,blank_image,0,0,0.8459835648536682
57980,BLIP Caption + BERT,text_plus_correct_caption,0,0,0.508139967918396
57980,BLIP Caption + BERT,text_plus_shuffled_caption,0,0,0.5034908056259155
57980,BLIP Caption + BERT,text_plus_blank_caption,0,0,0.541603147983551
57980,BLIP Caption + BERT,caption_only,0,1,0.5106845498085022
57980,BLIP Caption + BERT,text_only,0,1,0.5263898968696594
26633,CLIP + MLP,shuffled_image,1,1,0.5554866790771484
26633,ViLT,shuffled_image,1,0,0.9921709299087524
26633,CLIP + MLP,blank_image,1,1,0.5956701040267944
26633,ViLT,blank_image,1,0,0.9858091473579407
57826,CLIP + MLP,correct_image,0,0,0.6942261457443237
57826,ViLT,correct_image,0,0,0.9848916530609131
57826,CLIP + MLP,shuffled_image,0,0,0.6945018172264099
57826,ViLT,shuffled_image,0,0,0.991309642791748
57826,CLIP + MLP,blank_image,0,0,0.683540403842926
57826,ViLT,blank_image,0,0,0.9773114323616028
57826,BLIP Caption + BERT,text_plus_correct_caption,0,0,0.5230536460876465
57826,BLIP Caption + BERT,text_plus_shuffled_caption,0,0,0.5413036346435547
57826,BLIP Caption + BERT,text_plus_blank_caption,0,0,0.5409814119338989
57826,BLIP Caption + BERT,caption_only,0,0,0.5374096035957336
57826,BLIP Caption + BERT,text_only,0,0,0.5049789547920227
49044,CLIP + MLP,correct_image,0,0,0.6944921612739563
49044,ViLT,correct_image,0,0,0.9922682642936707
49044,CLIP + MLP,shuffled_image,0,0,0.6945499181747437
49044,ViLT,shuffled_image,0,0,0.992374837398529
49044,CLIP + MLP,blank_image,0,0,0.6833705902099609
49044,ViLT,blank_image,0,0,0.6796554327011108
49044,BLIP Caption + BERT,text_plus_correct_caption,0,0,0.5146687030792236
49044,BLIP Caption + BERT,text_plus_shuffled_caption,0,0,0.5330895185470581
49044,BLIP Caption + BERT,text_plus_blank_caption,0,0,0.5314432978630066
49044,BLIP Caption + BERT,caption_only,0,0,0.5149415731430054
49044,BLIP Caption + BERT,text_only,0,1,0.512683093547821
52357,CLIP + MLP,shuffled_image,1,0,0.6813332438468933
52357,ViLT,shuffled_image,1,0,0.9917746782302856
52357,CLIP + MLP,blank_image,1,0,0.6603883504867554
52357,ViLT,blank_image,1,0,0.9900150299072266
46404,CLIP + MLP,correct_image,1,0,0.6882344484329224
46404,ViLT,correct_image,1,0,0.959466278553009
46404,CLIP + MLP,shuffled_image,1,0,0.6892365217208862
46404,ViLT,shuffled_image,1,0,0.9569641351699829
46404,CLIP + MLP,blank_image,1,0,0.6732816100120544
46404,ViLT,blank_image,1,0,0.9745053052902222
46404,BLIP Caption + BERT,text_plus_correct_caption,1,0,0.5099179148674011
46404,BLIP Caption + BERT,text_plus_shuffled_caption,1,0,0.5397254228591919
46404,BLIP Caption + BERT,text_plus_blank_caption,1,0,0.5202146768569946
46404,BLIP Caption + BERT,caption_only,1,0,0.5013760328292847
46404,BLIP Caption + BERT,text_only,1,0,0.5047959089279175
32489,CLIP + MLP,correct_image,1,1,0.5637430548667908
32489,ViLT,correct_image,1,0,0.9829719662666321
32489,CLIP + MLP,shuffled_image,1,1,0.5538809895515442
32489,ViLT,shuffled_image,1,0,0.9924694895744324
32489,CLIP + MLP,blank_image,1,1,0.5935930013656616
32489,ViLT,blank_image,1,0,0.9921724796295166
32489,BLIP Caption + BERT,text_plus_correct_caption,1,0,0.5479172468185425
32489,BLIP Caption + BERT,text_plus_shuffled_caption,1,0,0.5620707869529724
32489,BLIP Caption + BERT,text_plus_blank_caption,1,0,0.5533196330070496
32489,BLIP Caption + BERT,caption_only,1,0,0.5170400142669678
32489,BLIP Caption + BERT,text_only,1,0,0.5253115892410278
77158,CLIP + MLP,correct_image,1,0,0.6943296194076538
77158,ViLT,correct_image,1,0,0.9913785457611084
77158,CLIP + MLP,shuffled_image,1,0,0.6949200630187988
77158,ViLT,shuffled_image,1,0,0.9903591275215149
77158,CLIP + MLP,blank_image,1,0,0.6834737062454224
77158,ViLT,blank_image,1,0,0.6494823098182678
77158,BLIP Caption + BERT,text_plus_correct_caption,1,0,0.526101291179657
77158,BLIP Caption + BERT,text_plus_shuffled_caption,1,0,0.5294288396835327
77158,BLIP Caption + BERT,text_plus_blank_caption,1,0,0.5520153641700745
77158,BLIP Caption + BERT,caption_only,1,1,0.5036736726760864
77158,BLIP Caption + BERT,text_only,1,0,0.5079236626625061
76453,CLIP + MLP,correct_image,0,0,0.6945772171020508
76453,ViLT,correct_image,0,0,0.9923804998397827
76453,CLIP + MLP,shuffled_image,0,0,0.6936036348342896
76453,ViLT,shuffled_image,0,0,0.9825569987297058
76453,CLIP + MLP,blank_image,0,0,0.6830260157585144
76453,ViLT,blank_image,0,0,0.9910506010055542
76453,BLIP Caption + BERT,text_plus_correct_caption,0,0,0.5083244442939758
76453,BLIP Caption + BERT,text_plus_shuffled_caption,0,1,0.5020288228988647
76453,BLIP Caption + BERT,text_plus_blank_caption,0,1,0.5034899115562439
76453,BLIP Caption + BERT,caption_only,0,0,0.5347078442573547
76453,BLIP Caption + BERT,text_only,0,1,0.5242606997489929
85297,CLIP + MLP,correct_image,0,0,0.6935628056526184
85297,ViLT,correct_image,0,0,0.9863563776016235
85297,CLIP + MLP,shuffled_image,0,0,0.6944419145584106
85297,ViLT,shuffled_image,0,0,0.9915212392807007
85297,CLIP + MLP,blank_image,0,0,0.6826016902923584
85297,ViLT,blank_image,0,0,0.9751484394073486
85297,BLIP Caption + BERT,text_plus_correct_caption,0,1,0.519485354423523
85297,BLIP Caption + BERT,text_plus_shuffled_caption,0,1,0.5096433162689209
85297,BLIP Caption + BERT,text_plus_blank_caption,0,1,0.5116814374923706
85297,BLIP Caption + BERT,caption_only,0,0,0.5080593228340149
85297,BLIP Caption + BERT,text_only,0,1,0.5265670418739319
77026,CLIP + MLP,correct_image,1,1,0.5408022999763489
77026,ViLT,correct_image,1,1,0.9326155185699463
77026,CLIP + MLP,shuffled_image,1,1,0.5407365560531616
77026,ViLT,shuffled_image,1,0,0.9912228584289551
77026,CLIP + MLP,blank_image,1,1,0.5790623426437378
77026,ViLT,blank_image,1,0,0.6782669425010681
77026,BLIP Caption + BERT,text_plus_correct_caption,1,0,0.5176963806152344
77026,BLIP Caption + BERT,text_plus_shuffled_caption,1,0,0.5024964213371277
77026,BLIP Caption + BERT,text_plus_blank_caption,1,0,0.5210261940956116
77026,BLIP Caption + BERT,caption_only,1,0,0.5055047273635864
77026,BLIP Caption + BERT,text_only,1,1,0.50674968957901
66040,CLIP + MLP,correct_image,1,1,0.5589715838432312
66040,ViLT,correct_image,1,1,0.9751060009002686
66040,CLIP + MLP,shuffled_image,1,1,0.5450979471206665
66040,ViLT,shuffled_image,1,0,0.9756075143814087
66040,CLIP + MLP,blank_image,1,1,0.5851369500160217
66040,ViLT,blank_image,1,1,0.774524450302124
66040,BLIP Caption + BERT,text_plus_correct_caption,1,0,0.5749901533126831
66040,BLIP Caption + BERT,text_plus_shuffled_caption,1,0,0.537403404712677
66040,BLIP Caption + BERT,text_plus_blank_caption,1,0,0.5772016644477844
66040,BLIP Caption + BERT,caption_only,1,0,0.5574737787246704
66040,BLIP Caption + BERT,text_only,1,0,0.5551101565361023
63638,CLIP + MLP,correct_image,1,1,0.5445371866226196
63638,ViLT,correct_image,1,0,0.9828532338142395
63638,CLIP + MLP,shuffled_image,1,1,0.5448630452156067
63638,ViLT,shuffled_image,1,0,0.9922894835472107
63638,CLIP + MLP,blank_image,1,1,0.5829083323478699
63638,ViLT,blank_image,1,0,0.9818922877311707
63638,BLIP Caption + BERT,text_plus_correct_caption,1,0,0.503367006778717
63638,BLIP Caption + BERT,text_plus_shuffled_caption,1,0,0.5109509229660034
63638,BLIP Caption + BERT,text_plus_blank_caption,1,1,0.5013022422790527
63638,BLIP Caption + BERT,caption_only,1,0,0.5034006834030151
63638,BLIP Caption + BERT,text_only,1,1,0.5200749635696411
29626,CLIP + MLP,correct_image,0,0,0.6942732334136963
29626,ViLT,correct_image,0,0,0.5481780767440796
29626,CLIP + MLP,shuffled_image,0,0,0.6943824887275696
29626,ViLT,shuffled_image,0,0,0.9888229370117188
29626,CLIP + MLP,blank_image,0,0,0.6832438111305237
29626,ViLT,blank_image,0,0,0.9899022579193115
29626,BLIP Caption + BERT,text_plus_correct_caption,0,0,0.5424226522445679
29626,BLIP Caption + BERT,text_plus_shuffled_caption,0,0,0.5149828195571899
29626,BLIP Caption + BERT,text_plus_blank_caption,0,0,0.522823691368103
29626,BLIP Caption + BERT,caption_only,0,0,0.5630683302879333
29626,BLIP Caption + BERT,text_only,0,1,0.5367291569709778
80584,CLIP + MLP,correct_image,1,0,0.6932104825973511
80584,ViLT,correct_image,1,0,0.8457304835319519
80584,CLIP + MLP,shuffled_image,1,0,0.6934455037117004
80584,ViLT,shuffled_image,1,0,0.7043066620826721
80584,CLIP + MLP,blank_image,1,0,0.6809847354888916
80584,ViLT,blank_image,1,0,0.9868553280830383
80584,BLIP Caption + BERT,text_plus_correct_caption,1,0,0.5796027183532715
80584,BLIP Caption + BERT,text_plus_shuffled_caption,1,1,0.5109590291976929
80584,BLIP Caption + BERT,text_plus_blank_caption,1,1,0.5041785836219788
80584,BLIP Caption + BERT,caption_only,1,0,0.563642680644989
80584,BLIP Caption + BERT,text_only,1,1,0.5237635970115662
26675,CLIP + MLP,correct_image,1,0,0.6944929361343384
26675,ViLT,correct_image,1,0,0.9920329451560974
26675,CLIP + MLP,shuffled_image,1,0,0.6941716074943542
26675,ViLT,shuffled_image,1,0,0.992668867111206
26675,CLIP + MLP,blank_image,1,0,0.6820250749588013
26675,ViLT,blank_image,1,0,0.974774956703186
26675,BLIP Caption + BERT,text_plus_correct_caption,1,0,0.5285664796829224
26675,BLIP Caption + BERT,text_plus_shuffled_caption,1,0,0.5336800217628479
26675,BLIP Caption + BERT,text_plus_blank_caption,1,0,0.5292534232139587
26675,BLIP Caption + BERT,caption_only,1,0,0.5002171993255615
26675,BLIP Caption + BERT,text_only,1,0,0.5199745297431946
24320,CLIP + MLP,correct_image,0,1,0.626051664352417
24320,ViLT,correct_image,0,0,0.9524559378623962
24320,CLIP + MLP,shuffled_image,0,1,0.5617543458938599
24320,ViLT,shuffled_image,0,0,0.9919474720954895
24320,CLIP + MLP,blank_image,0,1,0.594464123249054
24320,ViLT,blank_image,0,0,0.9447000622749329
24320,BLIP Caption + BERT,text_plus_correct_caption,0,0,0.5390514135360718
24320,BLIP Caption + BERT,text_plus_shuffled_caption,0,0,0.5559753179550171
24320,BLIP Caption + BERT,text_plus_blank_caption,0,0,0.5383391976356506
24320,BLIP Caption + BERT,caption_only,0,0,0.5221981406211853
24320,BLIP Caption + BERT,text_only,0,0,0.5031885504722595
63949,CLIP + MLP,correct_image,1,0,0.6931958198547363
63949,ViLT,correct_image,1,1,0.5507873296737671
63949,CLIP + MLP,shuffled_image,1,0,0.6937993168830872
63949,ViLT,shuffled_image,1,0,0.9918844699859619
63949,CLIP + MLP,blank_image,1,0,0.6803814768791199
63949,ViLT,blank_image,1,0,0.9808570146560669
63949,BLIP Caption + BERT,text_plus_correct_caption,1,1,0.5094459652900696
63949,BLIP Caption + BERT,text_plus_shuffled_caption,1,1,0.5051000118255615
63949,BLIP Caption + BERT,text_plus_blank_caption,1,0,0.5034288167953491
63949,BLIP Caption + BERT,caption_only,1,1,0.5325738787651062
63949,BLIP Caption + BERT,text_only,1,1,0.5059027075767517
48099,CLIP + MLP,correct_image,0,0,0.6947222948074341
48099,ViLT,correct_image,0,0,0.9163834452629089
48099,CLIP + MLP,shuffled_image,0,0,0.6947034597396851
48099,ViLT,shuffled_image,0,0,0.582750141620636
48099,CLIP + MLP,blank_image,0,0,0.6823689341545105
48099,ViLT,blank_image,0,1,0.971321702003479
48099,BLIP Caption + BERT,text_plus_correct_caption,0,0,0.546506941318512
48099,BLIP Caption + BERT,text_plus_shuffled_caption,0,0,0.5216877460479736
48099,BLIP Caption + BERT,text_plus_blank_caption,0,0,0.5473333597183228
48099,BLIP Caption + BERT,caption_only,0,0,0.5419841408729553
48099,BLIP Caption + BERT,text_only,0,1,0.5145015716552734
57776,CLIP + MLP,correct_image,0,0,0.6940808296203613
57776,ViLT,correct_image,0,0,0.9908459782600403
57776,CLIP + MLP,shuffled_image,0,0,0.6948251128196716
57776,ViLT,shuffled_image,0,0,0.9897375702857971
57776,CLIP + MLP,blank_image,0,0,0.6836480498313904
57776,ViLT,blank_image,0,0,0.974702000617981
57776,BLIP Caption + BERT,text_plus_correct_caption,0,0,0.5134366154670715
57776,BLIP Caption + BERT,text_plus_shuffled_caption,0,0,0.5466619729995728
57776,BLIP Caption + BERT,text_plus_blank_caption,0,0,0.5353624224662781
57776,BLIP Caption + BERT,caption_only,0,1,0.5022206902503967
57776,BLIP Caption + BERT,text_only,0,1,0.5136051177978516
55601,CLIP + MLP,correct_image,1,1,0.5617223978042603
55601,ViLT,correct_image,1,0,0.9837278127670288
55601,CLIP + MLP,shuffled_image,1,1,0.5635647177696228
55601,ViLT,shuffled_image,1,0,0.9452040195465088
55601,CLIP + MLP,blank_image,1,1,0.5921817421913147
55601,ViLT,blank_image,1,0,0.9116600751876831
55601,BLIP Caption + BERT,text_plus_correct_caption,1,0,0.5296748876571655
55601,BLIP Caption + BERT,text_plus_shuffled_caption,1,0,0.5827558040618896
55601,BLIP Caption + BERT,text_plus_blank_caption,1,0,0.5362130999565125
55601,BLIP Caption + BERT,caption_only,1,1,0.512223482131958
55601,BLIP Caption + BERT,text_only,1,0,0.5273480415344238
72283,CLIP + MLP,correct_image,0,0,0.6945639252662659
72283,ViLT,correct_image,0,0,0.9932536482810974
72283,CLIP + MLP,shuffled_image,0,0,0.6941937804222107
72283,ViLT,shuffled_image,0,0,0.9928181171417236
72283,CLIP + MLP,blank_image,0,0,0.6826333403587341
72283,ViLT,blank_image,0,0,0.9917891025543213
72283,BLIP Caption + BERT,text_plus_correct_caption,0,0,0.5484235286712646
72283,BLIP Caption + BERT,text_plus_shuffled_caption,0,0,0.5279168486595154
72283,BLIP Caption + BERT,text_plus_blank_caption,0,0,0.5388971567153931
72283,BLIP Caption + BERT,caption_only,0,0,0.5546753406524658
72283,BLIP Caption + BERT,text_only,0,1,0.5087532997131348
15253,CLIP + MLP,correct_image,0,0,0.6946814656257629
15253,ViLT,correct_image,0,1,0.5134881138801575
15253,CLIP + MLP,shuffled_image,0,0,0.694155752658844
15253,ViLT,shuffled_image,0,0,0.9891747236251831
15253,CLIP + MLP,blank_image,0,0,0.6829758286476135
15253,ViLT,blank_image,0,0,0.9025213122367859
15253,BLIP Caption + BERT,text_plus_correct_caption,0,0,0.5380074381828308
15253,BLIP Caption + BERT,text_plus_shuffled_caption,0,1,0.5238038301467896
15253,BLIP Caption + BERT,text_plus_blank_caption,0,0,0.5260717272758484
15253,BLIP Caption + BERT,caption_only,0,0,0.5473530888557434
15253,BLIP Caption + BERT,text_only,0,1,0.5108819007873535
81585,CLIP + MLP,correct_image,1,0,0.6947978138923645
81585,ViLT,correct_image,1,1,0.7295762300491333
81585,CLIP + MLP,shuffled_image,1,0,0.6947185397148132
81585,ViLT,shuffled_image,1,0,0.9717167019844055
81585,CLIP + MLP,blank_image,1,0,0.6834222674369812
81585,ViLT,blank_image,1,0,0.7240421175956726
81585,BLIP Caption + BERT,text_plus_correct_caption,1,0,0.5438129901885986
81585,BLIP Caption + BERT,text_plus_shuffled_caption,1,0,0.5297312140464783
81585,BLIP Caption + BERT,text_plus_blank_caption,1,0,0.5559971928596497
81585,BLIP Caption + BERT,caption_only,1,1,0.5138406753540039
81585,BLIP Caption + BERT,text_only,1,0,0.5268297791481018
83364,CLIP + MLP,correct_image,1,1,0.5577619671821594
83364,ViLT,correct_image,1,1,0.8352906703948975
83364,CLIP + MLP,shuffled_image,1,1,0.5702444314956665
83364,ViLT,shuffled_image,1,0,0.9881793260574341
83364,CLIP + MLP,blank_image,1,1,0.5962495803833008
83364,ViLT,blank_image,1,0,0.9791405200958252
83364,BLIP Caption + BERT,text_plus_correct_caption,1,0,0.5501039624214172
83364,BLIP Caption + BERT,text_plus_shuffled_caption,1,0,0.5543474555015564
83364,BLIP Caption + BERT,text_plus_blank_caption,1,0,0.5281385779380798
83364,BLIP Caption + BERT,caption_only,1,0,0.5334544777870178
83364,BLIP Caption + BERT,text_only,1,1,0.5137980580329895
94776,CLIP + MLP,correct_image,1,1,0.6060439348220825
94776,ViLT,correct_image,1,1,0.9652800559997559
94776,CLIP + MLP,shuffled_image,1,1,0.6449459195137024
94776,ViLT,shuffled_image,1,0,0.945381760597229
94776,CLIP + MLP,blank_image,1,1,0.5962146520614624
94776,ViLT,blank_image,1,1,0.9565481543540955
94776,BLIP Caption + BERT,text_plus_correct_caption,1,0,0.5837969183921814
94776,BLIP Caption + BERT,text_plus_shuffled_caption,1,0,0.6065223813056946
94776,BLIP Caption + BERT,text_plus_blank_caption,1,0,0.5944376587867737
94776,BLIP Caption + BERT,caption_only,1,0,0.502598762512207
94776,BLIP Caption + BERT,text_only,1,0,0.5518889427185059
43085,CLIP + MLP,correct_image,0,0,0.6950172781944275
43085,ViLT,correct_image,0,0,0.9912068247795105
43085,CLIP + MLP,shuffled_image,0,0,0.6945056319236755
43085,ViLT,shuffled_image,0,0,0.9706332087516785
43085,CLIP + MLP,blank_image,0,0,0.6834216713905334
43085,ViLT,blank_image,0,1,0.7532094120979309
43085,BLIP Caption + BERT,text_plus_correct_caption,0,0,0.5271139740943909
43085,BLIP Caption + BERT,text_plus_shuffled_caption,0,0,0.5419465899467468
43085,BLIP Caption + BERT,text_plus_blank_caption,0,0,0.5791749954223633
43085,BLIP Caption + BERT,caption_only,0,0,0.5169660449028015
43085,BLIP Caption + BERT,text_only,0,0,0.5007010698318481
71799,CLIP + MLP,correct_image,0,0,0.6941835880279541
71799,ViLT,correct_image,0,0,0.9860242009162903
71799,CLIP + MLP,shuffled_image,0,0,0.6946457624435425
71799,ViLT,shuffled_image,0,0,0.991832971572876
71799,CLIP + MLP,blank_image,0,0,0.6829502582550049
71799,ViLT,blank_image,0,0,0.8068764805793762
71799,BLIP Caption + BERT,text_plus_correct_caption,0,0,0.5714086294174194
71799,BLIP Caption + BERT,text_plus_shuffled_caption,0,0,0.5284392237663269
71799,BLIP Caption + BERT,text_plus_blank_caption,0,0,0.5380124449729919
71799,BLIP Caption + BERT,caption_only,0,0,0.5596258044242859
71799,BLIP Caption + BERT,text_only,0,1,0.5058925747871399
43905,CLIP + MLP,correct_image,1,1,0.5535405278205872
43905,ViLT,correct_image,1,1,0.968975841999054
43905,CLIP + MLP,shuffled_image,1,1,0.6033504605293274
43905,ViLT,shuffled_image,1,0,0.7786874175071716
43905,CLIP + MLP,blank_image,1,1,0.5930325388908386
43905,ViLT,blank_image,1,1,0.6999006271362305
43905,BLIP Caption + BERT,text_plus_correct_caption,1,0,0.5537149310112
43905,BLIP Caption + BERT,text_plus_shuffled_caption,1,0,0.5524029731750488
43905,BLIP Caption + BERT,text_plus_blank_caption,1,0,0.5710529685020447
43905,BLIP Caption + BERT,caption_only,1,0,0.5236232876777649
43905,BLIP Caption + BERT,text_only,1,0,0.5181429386138916
45520,CLIP + MLP,correct_image,1,1,0.5507197380065918
45520,ViLT,correct_image,1,1,0.9533818960189819
45520,CLIP + MLP,shuffled_image,1,1,0.5473992824554443
45520,ViLT,shuffled_image,1,0,0.9901155233383179
45520,CLIP + MLP,blank_image,1,1,0.5890522003173828
45520,ViLT,blank_image,1,1,0.7652651071548462
45520,BLIP Caption + BERT,text_plus_correct_caption,1,0,0.5176646709442139
45520,BLIP Caption + BERT,text_plus_shuffled_caption,1,0,0.5199387073516846
45520,BLIP Caption + BERT,text_plus_blank_caption,1,0,0.5300965905189514
45520,BLIP Caption + BERT,caption_only,1,0,0.5331971645355225
45520,BLIP Caption + BERT,text_only,1,0,0.5133317708969116
74869,CLIP + MLP,correct_image,0,0,0.6944442987442017
74869,ViLT,correct_image,0,1,0.8917266130447388
74869,CLIP + MLP,shuffled_image,0,0,0.6940889954566956
74869,ViLT,shuffled_image,0,0,0.9927524328231812
74869,CLIP + MLP,blank_image,0,0,0.6821086406707764
74869,ViLT,blank_image,0,0,0.982541024684906
74869,BLIP Caption + BERT,text_plus_correct_caption,0,0,0.535438060760498
74869,BLIP Caption + BERT,text_plus_shuffled_caption,0,0,0.5301470756530762
74869,BLIP Caption + BERT,text_plus_blank_caption,0,0,0.5335400700569153
74869,BLIP Caption + BERT,caption_only,0,0,0.5336039662361145
74869,BLIP Caption + BERT,text_only,0,1,0.5027839541435242
32494,CLIP + MLP,correct_image,0,0,0.6946316361427307
32494,ViLT,correct_image,0,1,0.890597403049469
32494,CLIP + MLP,shuffled_image,0,0,0.6947076916694641
32494,ViLT,shuffled_image,0,0,0.9377206563949585
32494,CLIP + MLP,blank_image,0,0,0.6817979216575623
32494,ViLT,blank_image,0,0,0.6324480772018433
32494,BLIP Caption + BERT,text_plus_correct_caption,0,0,0.5613709092140198
32494,BLIP Caption + BERT,text_plus_shuffled_caption,0,0,0.5305330753326416
32494,BLIP Caption + BERT,text_plus_blank_caption,0,0,0.5289132595062256
32494,BLIP Caption + BERT,caption_only,0,0,0.5485044717788696
32494,BLIP Caption + BERT,text_only,0,0,0.5009731650352478
105508,CLIP + MLP,correct_image,1,0,0.694301962852478
105508,ViLT,correct_image,1,0,0.9878969192504883
105508,CLIP + MLP,shuffled_image,1,0,0.6928754448890686
105508,ViLT,shuffled_image,1,0,0.9853257536888123
105508,CLIP + MLP,blank_image,1,0,0.6824619770050049
105508,ViLT,blank_image,1,0,0.9672727584838867
105508,BLIP Caption + BERT,text_plus_correct_caption,1,0,0.5059943199157715
105508,BLIP Caption + BERT,text_plus_shuffled_caption,1,0,0.5000708699226379
105508,BLIP Caption + BERT,text_plus_blank_caption,1,1,0.510421872138977
105508,BLIP Caption + BERT,caption_only,1,0,0.549436092376709
105508,BLIP Caption + BERT,text_only,1,1,0.5174383521080017
54568,CLIP + MLP,correct_image,0,0,0.6878688931465149
54568,ViLT,correct_image,0,1,0.9019185304641724
54568,CLIP + MLP,shuffled_image,0,0,0.6881023645401001
54568,ViLT,shuffled_image,0,0,0.9837391972541809
54568,CLIP + MLP,blank_image,0,0,0.6690125465393066
54568,ViLT,blank_image,0,0,0.708878219127655
54568,BLIP Caption + BERT,text_plus_correct_caption,0,0,0.5023565292358398
54568,BLIP Caption + BERT,text_plus_shuffled_caption,0,0,0.5461634397506714
54568,BLIP Caption + BERT,text_plus_blank_caption,0,0,0.506174623966217
54568,BLIP Caption + BERT,caption_only,0,0,0.5067264437675476
54568,BLIP Caption + BERT,text_only,0,1,0.5206894874572754
102109,CLIP + MLP,correct_image,0,0,0.69476717710495
102109,ViLT,correct_image,0,0,0.9911954402923584
102109,CLIP + MLP,shuffled_image,0,0,0.6946423649787903
102109,ViLT,shuffled_image,0,0,0.9866243600845337
102109,CLIP + MLP,blank_image,0,0,0.6832704544067383
102109,ViLT,blank_image,0,1,0.9194660782814026
102109,BLIP Caption + BERT,text_plus_correct_caption,0,0,0.5189676284790039
102109,BLIP Caption + BERT,text_plus_shuffled_caption,0,0,0.5523529648780823
102109,BLIP Caption + BERT,text_plus_blank_caption,0,0,0.5377889275550842
102109,BLIP Caption + BERT,caption_only,0,0,0.5225340723991394
102109,BLIP Caption + BERT,text_only,0,1,0.5167373418807983
28953,CLIP + MLP,correct_image,1,1,0.5898846983909607
28953,ViLT,correct_image,1,1,0.9226185083389282
28953,CLIP + MLP,shuffled_image,1,1,0.5628857612609863
28953,ViLT,shuffled_image,1,0,0.9853390455245972
28953,CLIP + MLP,blank_image,1,1,0.5932310819625854
28953,ViLT,blank_image,1,0,0.9808807373046875
28953,BLIP Caption + BERT,text_plus_correct_caption,1,0,0.5678170323371887
28953,BLIP Caption + BERT,text_plus_shuffled_caption,1,0,0.5665414929389954
28953,BLIP Caption + BERT,text_plus_blank_caption,1,0,0.5812340378761292
28953,BLIP Caption + BERT,caption_only,1,0,0.5285750031471252
28953,BLIP Caption + BERT,text_only,1,0,0.551517903804779
84141,CLIP + MLP,correct_image,0,0,0.6942288875579834
84141,ViLT,correct_image,0,0,0.945201575756073
84141,CLIP + MLP,shuffled_image,0,0,0.6944366097450256
84141,ViLT,shuffled_image,0,0,0.9921962022781372
84141,CLIP + MLP,blank_image,0,0,0.6825101971626282
84141,ViLT,blank_image,0,0,0.9921013712882996
84141,BLIP Caption + BERT,text_plus_correct_caption,0,0,0.5320554375648499
84141,BLIP Caption + BERT,text_plus_shuffled_caption,0,0,0.5282275676727295
84141,BLIP Caption + BERT,text_plus_blank_caption,0,0,0.5350548624992371
84141,BLIP Caption + BERT,caption_only,0,0,0.5134696960449219
84141,BLIP Caption + BERT,text_only,0,1,0.5173236727714539
10196,CLIP + MLP,correct_image,1,1,0.6438031196594238
10196,ViLT,correct_image,1,0,0.9918563365936279
10196,CLIP + MLP,shuffled_image,1,1,0.5585638880729675
10196,ViLT,shuffled_image,1,0,0.9784731864929199
10196,CLIP + MLP,blank_image,1,1,0.591775119304657
10196,ViLT,blank_image,1,0,0.980305016040802
10196,BLIP Caption + BERT,text_plus_correct_caption,1,0,0.5661042928695679
10196,BLIP Caption + BERT,text_plus_shuffled_caption,1,0,0.5487022399902344
10196,BLIP Caption + BERT,text_plus_blank_caption,1,0,0.5631235837936401
10196,BLIP Caption + BERT,caption_only,1,0,0.5320694446563721
10196,BLIP Caption + BERT,text_only,1,0,0.5003397464752197
23866,CLIP + MLP,correct_image,0,0,0.6943434476852417
23866,ViLT,correct_image,0,0,0.9904984831809998
23866,CLIP + MLP,shuffled_image,0,0,0.6942145824432373
23866,ViLT,shuffled_image,0,0,0.9888880848884583
23866,CLIP + MLP,blank_image,0,0,0.682834267616272
23866,ViLT,blank_image,0,0,0.9896785020828247
23866,BLIP Caption + BERT,text_plus_correct_caption,0,0,0.5228160619735718
23866,BLIP Caption + BERT,text_plus_shuffled_caption,0,0,0.5091140270233154
23866,BLIP Caption + BERT,text_plus_blank_caption,0,0,0.5270466208457947
23866,BLIP Caption + BERT,caption_only,0,0,0.5108639001846313
23866,BLIP Caption + BERT,text_only,0,1,0.5159787535667419
69216,CLIP + MLP,correct_image,1,0,0.6807264089584351
69216,ViLT,correct_image,1,1,0.6986666321754456
69216,CLIP + MLP,shuffled_image,1,0,0.6781344413757324
69216,ViLT,shuffled_image,1,0,0.9059608578681946
69216,CLIP + MLP,blank_image,1,0,0.6590441465377808
69216,ViLT,blank_image,1,1,0.7858471870422363
69216,BLIP Caption + BERT,text_plus_correct_caption,1,1,0.5136600732803345
69216,BLIP Caption + BERT,text_plus_shuffled_caption,1,0,0.5174662470817566
69216,BLIP Caption + BERT,text_plus_blank_caption,1,0,0.5066949725151062
69216,BLIP Caption + BERT,caption_only,1,1,0.5480211973190308
69216,BLIP Caption + BERT,text_only,1,1,0.5125154852867126
12193,CLIP + MLP,correct_image,0,0,0.6941308975219727
12193,ViLT,correct_image,0,0,0.9931105375289917
12193,CLIP + MLP,blank_image,0,0,0.6828471422195435
12193,ViLT,blank_image,0,0,0.9776150584220886
110535,CLIP + MLP,correct_image,1,0,0.6600464582443237
110535,ViLT,correct_image,1,1,0.8755296468734741
110535,CLIP + MLP,shuffled_image,1,0,0.6936551928520203
110535,ViLT,shuffled_image,1,0,0.9505913257598877
110535,CLIP + MLP,blank_image,1,0,0.6792991757392883
110535,ViLT,blank_image,1,0,0.8937382102012634
110535,BLIP Caption + BERT,text_plus_correct_caption,1,0,0.594563901424408
110535,BLIP Caption + BERT,text_plus_shuffled_caption,1,1,0.5098522901535034
110535,BLIP Caption + BERT,text_plus_blank_caption,1,0,0.5152703523635864
110535,BLIP Caption + BERT,caption_only,1,0,0.5803689956665039
110535,BLIP Caption + BERT,text_only,1,1,0.5216000080108643
110203,CLIP + MLP,correct_image,1,0,0.5828709602355957
110203,ViLT,correct_image,1,1,0.916557788848877
110203,CLIP + MLP,shuffled_image,1,0,0.5821165442466736
110203,ViLT,shuffled_image,1,1,0.9011558890342712
110203,CLIP + MLP,blank_image,1,0,0.545958936214447
110203,ViLT,blank_image,1,0,0.9149326086044312
110203,BLIP Caption + BERT,text_plus_correct_caption,1,0,0.5236086249351501
110203,BLIP Caption + BERT,text_plus_shuffled_caption,1,1,0.5114490985870361
110203,BLIP Caption + BERT,text_plus_blank_caption,1,0,0.512717068195343
110203,BLIP Caption + BERT,caption_only,1,0,0.5403057932853699
110203,BLIP Caption + BERT,text_only,1,1,0.5139396786689758
57696,CLIP + MLP,correct_image,1,1,0.5585170984268188
57696,ViLT,correct_image,1,1,0.5518696904182434
57696,CLIP + MLP,shuffled_image,1,1,0.5586614608764648
57696,ViLT,shuffled_image,1,0,0.9657465815544128
57696,CLIP + MLP,blank_image,1,1,0.5957156419754028
57696,ViLT,blank_image,1,0,0.9498143196105957
57696,BLIP Caption + BERT,text_plus_correct_caption,1,0,0.5671485662460327
57696,BLIP Caption + BERT,text_plus_shuffled_caption,1,0,0.5259078741073608
57696,BLIP Caption + BERT,text_plus_blank_caption,1,0,0.5804144740104675
57696,BLIP Caption + BERT,caption_only,1,0,0.5126016139984131
57696,BLIP Caption + BERT,text_only,1,0,0.5103068351745605
80814,CLIP + MLP,correct_image,1,0,0.6634889841079712
80814,ViLT,correct_image,1,1,0.9565127491950989
80814,CLIP + MLP,shuffled_image,1,0,0.6880024671554565
80814,ViLT,shuffled_image,1,0,0.9907757639884949
80814,CLIP + MLP,blank_image,1,0,0.6824077367782593
80814,ViLT,blank_image,1,0,0.9911007285118103
80814,BLIP Caption + BERT,text_plus_correct_caption,1,0,0.5020142197608948
80814,BLIP Caption + BERT,text_plus_shuffled_caption,1,1,0.515539824962616
80814,BLIP Caption + BERT,text_plus_blank_caption,1,0,0.5163357257843018
80814,BLIP Caption + BERT,caption_only,1,1,0.5023481249809265
80814,BLIP Caption + BERT,text_only,1,1,0.5121822357177734
104025,CLIP + MLP,correct_image,0,0,0.6945264935493469
104025,ViLT,correct_image,0,0,0.9930978417396545
104025,CLIP + MLP,shuffled_image,0,0,0.6944026947021484
104025,ViLT,shuffled_image,0,0,0.9908444285392761
104025,CLIP + MLP,blank_image,0,0,0.6833745241165161
104025,ViLT,blank_image,0,0,0.9884564876556396
104025,BLIP Caption + BERT,text_plus_correct_caption,0,0,0.506443440914154
104025,BLIP Caption + BERT,text_plus_shuffled_caption,0,0,0.5033726096153259
104025,BLIP Caption + BERT,text_plus_blank_caption,0,0,0.5028854608535767
104025,BLIP Caption + BERT,caption_only,0,0,0.5270944237709045
104025,BLIP Caption + BERT,text_only,0,1,0.5445786714553833
100288,CLIP + MLP,correct_image,0,0,0.6951245069503784
100288,ViLT,correct_image,0,0,0.9927621483802795
100288,CLIP + MLP,shuffled_image,0,0,0.6945081949234009
100288,ViLT,shuffled_image,0,0,0.9917329549789429
100288,CLIP + MLP,blank_image,0,0,0.6834416389465332
100288,ViLT,blank_image,0,1,0.5475353002548218
100288,BLIP Caption + BERT,text_plus_correct_caption,0,0,0.504029393196106
100288,BLIP Caption + BERT,text_plus_shuffled_caption,0,0,0.5045357346534729
100288,BLIP Caption + BERT,text_plus_blank_caption,0,0,0.5253493785858154
100288,BLIP Caption + BERT,caption_only,0,0,0.5170120000839233
100288,BLIP Caption + BERT,text_only,0,1,0.5393980741500854
96748,CLIP + MLP,correct_image,0,0,0.6947603821754456
96748,ViLT,correct_image,0,0,0.9924306273460388
96748,CLIP + MLP,shuffled_image,0,0,0.6948385834693909
96748,ViLT,shuffled_image,0,0,0.9933798313140869
96748,CLIP + MLP,blank_image,0,0,0.6837876439094543
96748,ViLT,blank_image,0,0,0.5535339713096619
96748,BLIP Caption + BERT,text_plus_correct_caption,0,0,0.5142833590507507
96748,BLIP Caption + BERT,text_plus_shuffled_caption,0,0,0.5209913849830627
96748,BLIP Caption + BERT,text_plus_blank_caption,0,0,0.5267719030380249
96748,BLIP Caption + BERT,caption_only,0,0,0.5075659155845642
96748,BLIP Caption + BERT,text_only,0,1,0.5071465969085693
30268,CLIP + MLP,correct_image,0,0,0.6946130990982056
30268,ViLT,correct_image,0,0,0.9886335134506226
30268,CLIP + MLP,shuffled_image,0,0,0.6925884485244751
30268,ViLT,shuffled_image,0,0,0.9925671815872192
30268,CLIP + MLP,blank_image,0,0,0.68365478515625
30268,ViLT,blank_image,0,0,0.9083132743835449
30268,BLIP Caption + BERT,text_plus_correct_caption,0,0,0.5525728464126587
30268,BLIP Caption + BERT,text_plus_shuffled_caption,0,0,0.5385192036628723
30268,BLIP Caption + BERT,text_plus_blank_caption,0,0,0.5451090931892395
30268,BLIP Caption + BERT,caption_only,0,0,0.5594114065170288
30268,BLIP Caption + BERT,text_only,0,1,0.5039448738098145
67450,CLIP + MLP,correct_image,1,1,0.5562695264816284
67450,ViLT,correct_image,1,1,0.9646800756454468
67450,CLIP + MLP,shuffled_image,1,1,0.5558294653892517
67450,ViLT,shuffled_image,1,0,0.9918766021728516
67450,CLIP + MLP,blank_image,1,1,0.5960363149642944
67450,ViLT,blank_image,1,0,0.990630567073822
67450,BLIP Caption + BERT,text_plus_correct_caption,1,0,0.5223190784454346
67450,BLIP Caption + BERT,text_plus_shuffled_caption,1,0,0.5458813309669495
67450,BLIP Caption + BERT,text_plus_blank_caption,1,0,0.5464422106742859
67450,BLIP Caption + BERT,caption_only,1,0,0.5120335221290588
67450,BLIP Caption + BERT,text_only,1,1,0.5056887269020081
15840,CLIP + MLP,correct_image,0,0,0.6940620541572571
15840,ViLT,correct_image,0,0,0.991624653339386
15840,CLIP + MLP,shuffled_image,0,0,0.6939667463302612
15840,ViLT,shuffled_image,0,0,0.9704384803771973
15840,CLIP + MLP,blank_image,0,0,0.6828521490097046
15840,ViLT,blank_image,0,0,0.6152244210243225
15840,BLIP Caption + BERT,text_plus_correct_caption,0,0,0.5270159840583801
15840,BLIP Caption + BERT,text_plus_shuffled_caption,0,0,0.5261387825012207
15840,BLIP Caption + BERT,text_plus_blank_caption,0,0,0.5355601906776428
15840,BLIP Caption + BERT,caption_only,0,0,0.5085815787315369
15840,BLIP Caption + BERT,text_only,0,1,0.5257273316383362
89806,CLIP + MLP,correct_image,0,0,0.6946590542793274
89806,ViLT,correct_image,0,0,0.9927372336387634
89806,CLIP + MLP,shuffled_image,0,0,0.6948980093002319
89806,ViLT,shuffled_image,0,0,0.9924383759498596
89806,CLIP + MLP,blank_image,0,0,0.6835153102874756
89806,ViLT,blank_image,0,0,0.9919126033782959
89806,BLIP Caption + BERT,text_plus_correct_caption,0,0,0.5466601848602295
89806,BLIP Caption + BERT,text_plus_shuffled_caption,0,0,0.5362086296081543
89806,BLIP Caption + BERT,text_plus_blank_caption,0,0,0.5450929999351501
89806,BLIP Caption + BERT,caption_only,0,0,0.5228723287582397
89806,BLIP Caption + BERT,text_only,0,0,0.5235489010810852
76012,CLIP + MLP,correct_image,1,0,0.6939699649810791
76012,ViLT,correct_image,1,1,0.9648982286453247
76012,CLIP + MLP,shuffled_image,1,0,0.694584846496582
76012,ViLT,shuffled_image,1,0,0.9920300245285034
76012,CLIP + MLP,blank_image,1,0,0.6831483840942383
76012,ViLT,blank_image,1,0,0.674540102481842
76012,BLIP Caption + BERT,text_plus_correct_caption,1,0,0.5137516856193542
76012,BLIP Caption + BERT,text_plus_shuffled_caption,1,0,0.5179842114448547
76012,BLIP Caption + BERT,text_plus_blank_caption,1,1,0.5061888098716736
76012,BLIP Caption + BERT,caption_only,1,0,0.5305306315422058
76012,BLIP Caption + BERT,text_only,1,1,0.5191360116004944
46541,CLIP + MLP,correct_image,1,0,0.5047839283943176
46541,ViLT,correct_image,1,1,0.9733365774154663
46541,CLIP + MLP,shuffled_image,1,0,0.501823365688324
46541,ViLT,shuffled_image,1,0,0.9520307779312134
46541,CLIP + MLP,blank_image,1,1,0.5346991419792175
46541,ViLT,blank_image,1,1,0.8835143446922302
46541,BLIP Caption + BERT,text_plus_correct_caption,1,0,0.5613470673561096
46541,BLIP Caption + BERT,text_plus_shuffled_caption,1,0,0.5348638892173767
46541,BLIP Caption + BERT,text_plus_blank_caption,1,0,0.5768370032310486
46541,BLIP Caption + BERT,caption_only,1,0,0.5175553560256958
46541,BLIP Caption + BERT,text_only,1,0,0.5221728086471558
26841,CLIP + MLP,correct_image,0,0,0.69398033618927
26841,ViLT,correct_image,0,0,0.9932449460029602
26841,CLIP + MLP,shuffled_image,0,0,0.6939899921417236
26841,ViLT,shuffled_image,0,0,0.9926583170890808
26841,CLIP + MLP,blank_image,0,0,0.6822030544281006
26841,ViLT,blank_image,0,0,0.9896036386489868
26841,BLIP Caption + BERT,text_plus_correct_caption,0,1,0.5025006532669067
26841,BLIP Caption + BERT,text_plus_shuffled_caption,0,0,0.5063581466674805
26841,BLIP Caption + BERT,text_plus_blank_caption,0,0,0.5208461284637451
26841,BLIP Caption + BERT,caption_only,0,0,0.5129609107971191
26841,BLIP Caption + BERT,text_only,0,1,0.5463330745697021
31408,CLIP + MLP,correct_image,0,0,0.6944223642349243
31408,ViLT,correct_image,0,0,0.9894745349884033
31408,CLIP + MLP,shuffled_image,0,0,0.6950576901435852
31408,ViLT,shuffled_image,0,0,0.9897304773330688
31408,CLIP + MLP,blank_image,0,0,0.6835100054740906
31408,ViLT,blank_image,0,0,0.7612362504005432
31408,BLIP Caption + BERT,text_plus_correct_caption,0,0,0.5276864171028137
31408,BLIP Caption + BERT,text_plus_shuffled_caption,0,1,0.5031183362007141
31408,BLIP Caption + BERT,text_plus_blank_caption,0,0,0.556818425655365
31408,BLIP Caption + BERT,caption_only,0,0,0.5159467458724976
31408,BLIP Caption + BERT,text_only,0,1,0.5018112063407898
51943,CLIP + MLP,correct_image,0,0,0.6702351570129395
51943,ViLT,correct_image,0,0,0.7387597560882568
51943,CLIP + MLP,shuffled_image,0,0,0.6695665717124939
51943,ViLT,shuffled_image,0,0,0.9046855568885803
51943,CLIP + MLP,blank_image,0,0,0.6419190168380737
51943,ViLT,blank_image,0,0,0.7270594239234924
51943,BLIP Caption + BERT,text_plus_correct_caption,0,0,0.5424510836601257
51943,BLIP Caption + BERT,text_plus_shuffled_caption,0,0,0.5819318294525146
51943,BLIP Caption + BERT,text_plus_blank_caption,0,0,0.5490599870681763
51943,BLIP Caption + BERT,caption_only,0,0,0.5058340430259705
51943,BLIP Caption + BERT,text_only,0,0,0.5061954259872437
49548,CLIP + MLP,correct_image,0,0,0.6946086287498474
49548,ViLT,correct_image,0,0,0.9467990398406982
49548,CLIP + MLP,shuffled_image,0,0,0.6948385834693909
49548,ViLT,shuffled_image,0,0,0.9908933639526367
49548,CLIP + MLP,blank_image,0,0,0.683261513710022
49548,ViLT,blank_image,0,0,0.9859442710876465
49548,BLIP Caption + BERT,text_plus_correct_caption,0,0,0.5170104503631592
49548,BLIP Caption + BERT,text_plus_shuffled_caption,0,0,0.5355693101882935
49548,BLIP Caption + BERT,text_plus_blank_caption,0,0,0.5228624939918518
49548,BLIP Caption + BERT,caption_only,0,0,0.5161361694335938
49548,BLIP Caption + BERT,text_only,0,1,0.5254160165786743
94376,CLIP + MLP,correct_image,1,0,0.6942867040634155
94376,ViLT,correct_image,1,1,0.9687416553497314
94376,CLIP + MLP,shuffled_image,1,0,0.6950232982635498
94376,ViLT,shuffled_image,1,0,0.9346097707748413
94376,CLIP + MLP,blank_image,1,0,0.6829915642738342
94376,ViLT,blank_image,1,0,0.9601572751998901
94376,BLIP Caption + BERT,text_plus_correct_caption,1,1,0.5186713337898254
94376,BLIP Caption + BERT,text_plus_shuffled_caption,1,0,0.5153986215591431
94376,BLIP Caption + BERT,text_plus_blank_caption,1,0,0.5249010324478149
94376,BLIP Caption + BERT,caption_only,1,1,0.5149749517440796
94376,BLIP Caption + BERT,text_only,1,1,0.5132211446762085
56777,CLIP + MLP,correct_image,1,1,0.568671703338623
56777,ViLT,correct_image,1,1,0.9056875705718994
56777,CLIP + MLP,shuffled_image,1,1,0.5578358769416809
56777,ViLT,shuffled_image,1,0,0.9843413233757019
56777,CLIP + MLP,blank_image,1,1,0.5956050753593445
56777,ViLT,blank_image,1,0,0.6626954078674316
56777,BLIP Caption + BERT,text_plus_correct_caption,1,0,0.5414026975631714
56777,BLIP Caption + BERT,text_plus_shuffled_caption,1,0,0.5570148229598999
56777,BLIP Caption + BERT,text_plus_blank_caption,1,0,0.5612109303474426
56777,BLIP Caption + BERT,caption_only,1,0,0.5060020089149475
56777,BLIP Caption + BERT,text_only,1,0,0.5347022414207458
32284,CLIP + MLP,correct_image,0,0,0.6944801211357117
32284,ViLT,correct_image,0,0,0.9913983345031738
32284,CLIP + MLP,shuffled_image,0,0,0.693647027015686
32284,ViLT,shuffled_image,0,0,0.9718722105026245
32284,CLIP + MLP,blank_image,0,0,0.6817863583564758
32284,ViLT,blank_image,0,0,0.709199070930481
32284,BLIP Caption + BERT,text_plus_correct_caption,0,0,0.5331817269325256
32284,BLIP Caption + BERT,text_plus_shuffled_caption,0,0,0.538989245891571
32284,BLIP Caption + BERT,text_plus_blank_caption,0,0,0.5573918223381042
32284,BLIP Caption + BERT,caption_only,0,0,0.5083935856819153
32284,BLIP Caption + BERT,text_only,0,0,0.5171810388565063
73430,CLIP + MLP,correct_image,0,0,0.6944987177848816
73430,ViLT,correct_image,0,0,0.992887556552887
73430,CLIP + MLP,shuffled_image,0,0,0.6951432824134827
73430,ViLT,shuffled_image,0,0,0.9919373393058777
73430,CLIP + MLP,blank_image,0,0,0.6837189793586731
73430,ViLT,blank_image,0,0,0.6705162525177002
73430,BLIP Caption + BERT,text_plus_correct_caption,0,0,0.5456847548484802
73430,BLIP Caption + BERT,text_plus_shuffled_caption,0,0,0.5458396077156067
73430,BLIP Caption + BERT,text_plus_blank_caption,0,0,0.5455231070518494
73430,BLIP Caption + BERT,caption_only,0,0,0.5378561019897461
73430,BLIP Caption + BERT,text_only,0,1,0.5032532811164856
34479,CLIP + MLP,correct_image,1,1,0.5641000866889954
34479,ViLT,correct_image,1,0,0.9594326019287109
34479,CLIP + MLP,shuffled_image,1,1,0.5580543875694275
34479,ViLT,shuffled_image,1,0,0.9908000826835632
34479,CLIP + MLP,blank_image,1,1,0.5953641533851624
34479,ViLT,blank_image,1,0,0.5307071805000305
34479,BLIP Caption + BERT,text_plus_correct_caption,1,0,0.5642151832580566
34479,BLIP Caption + BERT,text_plus_shuffled_caption,1,0,0.5353996157646179
34479,BLIP Caption + BERT,text_plus_blank_caption,1,0,0.5290142297744751
34479,BLIP Caption + BERT,caption_only,1,0,0.5569831132888794
34479,BLIP Caption + BERT,text_only,1,0,0.500396728515625
37711,CLIP + MLP,correct_image,1,1,0.5594168901443481
37711,ViLT,correct_image,1,1,0.9531072974205017
37711,CLIP + MLP,shuffled_image,1,1,0.5585588216781616
37711,ViLT,shuffled_image,1,0,0.9922533631324768
37711,CLIP + MLP,blank_image,1,1,0.5958238244056702
37711,ViLT,blank_image,1,0,0.6994189023971558
37711,BLIP Caption + BERT,text_plus_correct_caption,1,0,0.5400615930557251
37711,BLIP Caption + BERT,text_plus_shuffled_caption,1,0,0.5149490833282471
37711,BLIP Caption + BERT,text_plus_blank_caption,1,0,0.5465550422668457
37711,BLIP Caption + BERT,caption_only,1,0,0.5046085119247437
37711,BLIP Caption + BERT,text_only,1,0,0.5030492544174194
104007,CLIP + MLP,correct_image,1,0,0.6940022110939026
104007,ViLT,correct_image,1,1,0.6652178764343262
104007,CLIP + MLP,shuffled_image,1,0,0.6949617266654968
104007,ViLT,shuffled_image,1,0,0.9914813041687012
104007,CLIP + MLP,blank_image,1,0,0.6824181079864502
104007,ViLT,blank_image,1,0,0.9855302572250366
104007,BLIP Caption + BERT,text_plus_correct_caption,1,0,0.5051853656768799
104007,BLIP Caption + BERT,text_plus_shuffled_caption,1,0,0.5018611550331116
104007,BLIP Caption + BERT,text_plus_blank_caption,1,0,0.5104920268058777
104007,BLIP Caption + BERT,caption_only,1,0,0.5278491377830505
104007,BLIP Caption + BERT,text_only,1,1,0.5237739086151123
10270,CLIP + MLP,correct_image,1,0,0.6936137676239014
10270,ViLT,correct_image,1,0,0.5183257460594177
10270,CLIP + MLP,shuffled_image,1,0,0.6939834952354431
10270,ViLT,shuffled_image,1,0,0.9593901634216309
10270,CLIP + MLP,blank_image,1,0,0.6802982091903687
10270,ViLT,blank_image,1,1,0.9424046874046326
10270,BLIP Caption + BERT,text_plus_correct_caption,1,0,0.5068863034248352
10270,BLIP Caption + BERT,text_plus_shuffled_caption,1,0,0.5431681275367737
10270,BLIP Caption + BERT,text_plus_blank_caption,1,0,0.5394645929336548
10270,BLIP Caption + BERT,caption_only,1,0,0.5058501362800598
10270,BLIP Caption + BERT,text_only,1,1,0.5099124312400818
31491,CLIP + MLP,correct_image,0,0,0.6735795140266418
31491,ViLT,correct_image,0,0,0.9862026572227478
31491,CLIP + MLP,shuffled_image,0,0,0.6944142580032349
31491,ViLT,shuffled_image,0,0,0.9884783625602722
31491,CLIP + MLP,blank_image,0,0,0.6831153631210327
31491,ViLT,blank_image,0,0,0.991913914680481
31491,BLIP Caption + BERT,text_plus_correct_caption,0,0,0.5052546858787537
31491,BLIP Caption + BERT,text_plus_shuffled_caption,0,0,0.5241909623146057
31491,BLIP Caption + BERT,text_plus_blank_caption,0,0,0.5413126945495605
31491,BLIP Caption + BERT,caption_only,0,1,0.5108485817909241
31491,BLIP Caption + BERT,text_only,0,0,0.5067723393440247
58967,CLIP + MLP,correct_image,0,0,0.6944749355316162
58967,ViLT,correct_image,0,0,0.9934101700782776
58967,CLIP + MLP,shuffled_image,0,0,0.6940887570381165
58967,ViLT,shuffled_image,0,0,0.9932817220687866
58967,CLIP + MLP,blank_image,0,0,0.6833678483963013
58967,ViLT,blank_image,0,0,0.9823552966117859
58967,BLIP Caption + BERT,text_plus_correct_caption,0,0,0.5295922160148621
58967,BLIP Caption + BERT,text_plus_shuffled_caption,0,0,0.5305324792861938
58967,BLIP Caption + BERT,text_plus_blank_caption,0,0,0.5503652691841125
58967,BLIP Caption + BERT,caption_only,0,0,0.513252854347229
58967,BLIP Caption + BERT,text_only,0,1,0.5158907771110535
55961,CLIP + MLP,correct_image,1,0,0.6941837668418884
55961,ViLT,correct_image,1,1,0.9408503770828247
55961,CLIP + MLP,shuffled_image,1,0,0.6941261887550354
55961,ViLT,shuffled_image,1,0,0.9905821084976196
55961,CLIP + MLP,blank_image,1,0,0.6823665499687195
55961,ViLT,blank_image,1,0,0.9481580853462219
55961,BLIP Caption + BERT,text_plus_correct_caption,1,0,0.539426326751709
55961,BLIP Caption + BERT,text_plus_shuffled_caption,1,0,0.5474703311920166
55961,BLIP Caption + BERT,text_plus_blank_caption,1,0,0.5348392128944397
55961,BLIP Caption + BERT,caption_only,1,0,0.5196152329444885
55961,BLIP Caption + BERT,text_only,1,0,0.5180137157440186
86306,CLIP + MLP,correct_image,0,0,0.6934782862663269
86306,ViLT,correct_image,0,0,0.9869464039802551
86306,CLIP + MLP,shuffled_image,0,0,0.6934456825256348
86306,ViLT,shuffled_image,0,0,0.9838985800743103
86306,CLIP + MLP,blank_image,0,0,0.6830174326896667
86306,ViLT,blank_image,0,0,0.9322772026062012
86306,BLIP Caption + BERT,text_plus_correct_caption,0,0,0.538434624671936
86306,BLIP Caption + BERT,text_plus_shuffled_caption,0,0,0.5242980122566223
86306,BLIP Caption + BERT,text_plus_blank_caption,0,0,0.5320268273353577
86306,BLIP Caption + BERT,caption_only,0,0,0.5596258044242859
86306,BLIP Caption + BERT,text_only,0,1,0.5369417667388916
5476,CLIP + MLP,correct_image,1,1,0.5549524426460266
5476,ViLT,correct_image,1,1,0.9303154349327087
5476,CLIP + MLP,shuffled_image,1,1,0.5824733972549438
5476,ViLT,shuffled_image,1,0,0.7450359463691711
5476,CLIP + MLP,blank_image,1,1,0.591650128364563
5476,ViLT,blank_image,1,1,0.9119593501091003
5476,BLIP Caption + BERT,text_plus_correct_caption,1,0,0.5360774397850037
5476,BLIP Caption + BERT,text_plus_shuffled_caption,1,0,0.5263602137565613
5476,BLIP Caption + BERT,text_plus_blank_caption,1,0,0.5486446022987366
5476,BLIP Caption + BERT,caption_only,1,0,0.5215673446655273
5476,BLIP Caption + BERT,text_only,1,0,0.5013519525527954
46373,CLIP + MLP,correct_image,0,0,0.6944080591201782
46373,ViLT,correct_image,0,0,0.9874401092529297
46373,CLIP + MLP,shuffled_image,0,0,0.6944162249565125
46373,ViLT,shuffled_image,0,0,0.9921392798423767
46373,CLIP + MLP,blank_image,0,0,0.6834311485290527
46373,ViLT,blank_image,0,0,0.9633280634880066
46373,BLIP Caption + BERT,text_plus_correct_caption,0,1,0.5193776488304138
46373,BLIP Caption + BERT,text_plus_shuffled_caption,0,1,0.5338990688323975
46373,BLIP Caption + BERT,text_plus_blank_caption,0,1,0.5224553942680359
46373,BLIP Caption + BERT,caption_only,0,1,0.5071788430213928
46373,BLIP Caption + BERT,text_only,0,1,0.5624837279319763
38136,CLIP + MLP,correct_image,0,0,0.6943334937095642
38136,ViLT,correct_image,0,0,0.6943042874336243
38136,CLIP + MLP,shuffled_image,0,0,0.6932682991027832
38136,ViLT,shuffled_image,0,1,0.9012039303779602
38136,CLIP + MLP,blank_image,0,0,0.6814660429954529
38136,ViLT,blank_image,0,0,0.9129601120948792
38136,BLIP Caption + BERT,text_plus_correct_caption,0,0,0.5531905293464661
38136,BLIP Caption + BERT,text_plus_shuffled_caption,0,0,0.5300149321556091
38136,BLIP Caption + BERT,text_plus_blank_caption,0,0,0.553342878818512
38136,BLIP Caption + BERT,caption_only,0,0,0.5527085661888123
38136,BLIP Caption + BERT,text_only,0,0,0.5042811632156372
51743,CLIP + MLP,correct_image,0,0,0.6947278380393982
51743,ViLT,correct_image,0,0,0.9889379739761353
51743,CLIP + MLP,shuffled_image,0,0,0.6947638988494873
51743,ViLT,shuffled_image,0,0,0.9902560114860535
51743,CLIP + MLP,blank_image,0,0,0.6833483576774597
51743,ViLT,blank_image,0,0,0.9908298254013062
51743,BLIP Caption + BERT,text_plus_correct_caption,0,0,0.5406438708305359
51743,BLIP Caption + BERT,text_plus_shuffled_caption,0,0,0.5843762159347534
51743,BLIP Caption + BERT,text_plus_blank_caption,0,0,0.5336490273475647
51743,BLIP Caption + BERT,caption_only,0,0,0.5062210559844971
51743,BLIP Caption + BERT,text_only,0,1,0.5069090723991394
82587,CLIP + MLP,correct_image,0,1,0.5688128471374512
82587,ViLT,correct_image,0,1,0.9711621403694153
82587,CLIP + MLP,shuffled_image,0,1,0.5569359064102173
82587,ViLT,shuffled_image,0,0,0.9920861124992371
82587,CLIP + MLP,blank_image,0,1,0.5952617526054382
82587,ViLT,blank_image,0,0,0.9204896092414856
82587,BLIP Caption + BERT,text_plus_correct_caption,0,0,0.5353203415870667
82587,BLIP Caption + BERT,text_plus_shuffled_caption,0,0,0.5073364973068237
82587,BLIP Caption + BERT,text_plus_blank_caption,0,0,0.5449209809303284
82587,BLIP Caption + BERT,caption_only,0,0,0.5333321690559387
82587,BLIP Caption + BERT,text_only,0,0,0.5156505107879639
2758,CLIP + MLP,shuffled_image,0,0,0.694587767124176
2758,ViLT,shuffled_image,0,0,0.7114474177360535
2758,CLIP + MLP,blank_image,0,0,0.6837841272354126
2758,ViLT,blank_image,0,0,0.9891330599784851
25801,CLIP + MLP,correct_image,1,0,0.6940918564796448
25801,ViLT,correct_image,1,1,0.8582661747932434
25801,CLIP + MLP,shuffled_image,1,0,0.6943693161010742
25801,ViLT,shuffled_image,1,0,0.9907733201980591
25801,CLIP + MLP,blank_image,1,0,0.6834664344787598
25801,ViLT,blank_image,1,0,0.9921060800552368
25801,BLIP Caption + BERT,text_plus_correct_caption,1,0,0.5293806195259094
25801,BLIP Caption + BERT,text_plus_shuffled_caption,1,1,0.504063606262207
25801,BLIP Caption + BERT,text_plus_blank_caption,1,0,0.5217097997665405
25801,BLIP Caption + BERT,caption_only,1,0,0.5240194201469421
25801,BLIP Caption + BERT,text_only,1,1,0.5227916836738586
76652,CLIP + MLP,correct_image,1,0,0.6914680004119873
76652,ViLT,correct_image,1,0,0.9702098369598389
76652,CLIP + MLP,blank_image,1,0,0.6756130456924438
76652,ViLT,blank_image,1,0,0.9892793297767639
7242,CLIP + MLP,correct_image,1,0,0.6935261487960815
7242,ViLT,correct_image,1,0,0.9180399775505066
7242,CLIP + MLP,shuffled_image,1,0,0.6818193793296814
7242,ViLT,shuffled_image,1,0,0.9898494482040405
7242,CLIP + MLP,blank_image,1,0,0.6813294291496277
7242,ViLT,blank_image,1,0,0.9894812107086182
7242,BLIP Caption + BERT,text_plus_correct_caption,1,0,0.5091458559036255
7242,BLIP Caption + BERT,text_plus_shuffled_caption,1,0,0.5363609194755554
7242,BLIP Caption + BERT,text_plus_blank_caption,1,0,0.5120686888694763
7242,BLIP Caption + BERT,caption_only,1,1,0.5007500052452087
7242,BLIP Caption + BERT,text_only,1,0,0.5069482326507568
46152,CLIP + MLP,correct_image,0,0,0.6871166825294495
46152,ViLT,correct_image,0,0,0.8984904885292053
46152,CLIP + MLP,shuffled_image,0,0,0.6810985207557678
46152,ViLT,shuffled_image,0,0,0.9537015557289124
46152,CLIP + MLP,blank_image,0,0,0.6665871143341064
46152,ViLT,blank_image,0,1,0.9096187949180603
46152,BLIP Caption + BERT,text_plus_correct_caption,0,0,0.5449205040931702
46152,BLIP Caption + BERT,text_plus_shuffled_caption,0,0,0.5547473430633545
46152,BLIP Caption + BERT,text_plus_blank_caption,0,0,0.5523618459701538
46152,BLIP Caption + BERT,caption_only,0,1,0.5145680904388428
46152,BLIP Caption + BERT,text_only,0,0,0.5171307325363159
19644,CLIP + MLP,correct_image,1,0,0.6932297945022583
19644,ViLT,correct_image,1,1,0.9017082452774048
19644,CLIP + MLP,shuffled_image,1,0,0.6940852403640747
19644,ViLT,shuffled_image,1,0,0.8871232271194458
19644,CLIP + MLP,blank_image,1,0,0.6818103194236755
19644,ViLT,blank_image,1,1,0.8264301419258118
19644,BLIP Caption + BERT,text_plus_correct_caption,1,0,0.5658406019210815
19644,BLIP Caption + BERT,text_plus_shuffled_caption,1,0,0.5927121043205261
19644,BLIP Caption + BERT,text_plus_blank_caption,1,0,0.5826547741889954
19644,BLIP Caption + BERT,caption_only,1,0,0.5102257132530212
19644,BLIP Caption + BERT,text_only,1,0,0.5247188210487366
67941,CLIP + MLP,correct_image,1,0,0.6946157217025757
67941,ViLT,correct_image,1,0,0.9921154379844666
67941,CLIP + MLP,shuffled_image,1,0,0.6948017477989197
67941,ViLT,shuffled_image,1,0,0.9905264377593994
67941,CLIP + MLP,blank_image,1,0,0.6832912564277649
67941,ViLT,blank_image,1,0,0.9899077415466309
67941,BLIP Caption + BERT,text_plus_correct_caption,1,0,0.5022503733634949
67941,BLIP Caption + BERT,text_plus_shuffled_caption,1,0,0.5105063915252686
67941,BLIP Caption + BERT,text_plus_blank_caption,1,1,0.5163135528564453
67941,BLIP Caption + BERT,caption_only,1,0,0.505730390548706
67941,BLIP Caption + BERT,text_only,1,1,0.5269052982330322
73137,CLIP + MLP,correct_image,0,0,0.6941266655921936
73137,ViLT,correct_image,0,1,0.9637744426727295
73137,CLIP + MLP,shuffled_image,0,0,0.694622278213501
73137,ViLT,shuffled_image,0,0,0.9902964234352112
73137,CLIP + MLP,blank_image,0,0,0.6828917264938354
73137,ViLT,blank_image,0,0,0.9876595139503479
73137,BLIP Caption + BERT,text_plus_correct_caption,0,0,0.528810441493988
73137,BLIP Caption + BERT,text_plus_shuffled_caption,0,1,0.5018714666366577
73137,BLIP Caption + BERT,text_plus_blank_caption,0,0,0.5267284512519836
73137,BLIP Caption + BERT,caption_only,0,0,0.5089253783226013
73137,BLIP Caption + BERT,text_only,0,1,0.5077769756317139
97684,CLIP + MLP,correct_image,0,0,0.6942983269691467
97684,ViLT,correct_image,0,0,0.9908214211463928
97684,CLIP + MLP,shuffled_image,0,0,0.6944156885147095
97684,ViLT,shuffled_image,0,0,0.9911442399024963
97684,CLIP + MLP,blank_image,0,0,0.683158814907074
97684,ViLT,blank_image,0,0,0.9902446269989014
97684,BLIP Caption + BERT,text_plus_correct_caption,0,0,0.5323417782783508
97684,BLIP Caption + BERT,text_plus_shuffled_caption,0,0,0.5677700042724609
97684,BLIP Caption + BERT,text_plus_blank_caption,0,0,0.54561448097229
97684,BLIP Caption + BERT,caption_only,0,0,0.5266392827033997
97684,BLIP Caption + BERT,text_only,0,1,0.5063642859458923
41284,CLIP + MLP,correct_image,1,0,0.69493567943573
41284,ViLT,correct_image,1,0,0.9920669794082642
41284,CLIP + MLP,shuffled_image,1,0,0.6946202516555786
41284,ViLT,shuffled_image,1,0,0.9911963939666748
41284,CLIP + MLP,blank_image,1,0,0.6834797263145447
41284,ViLT,blank_image,1,0,0.9924963712692261
41284,BLIP Caption + BERT,text_plus_correct_caption,1,1,0.5100793242454529
41284,BLIP Caption + BERT,text_plus_shuffled_caption,1,1,0.5032737851142883
41284,BLIP Caption + BERT,text_plus_blank_caption,1,1,0.5029785633087158
41284,BLIP Caption + BERT,caption_only,1,1,0.527093231678009
41284,BLIP Caption + BERT,text_only,1,1,0.5030497312545776
7796,CLIP + MLP,correct_image,1,1,0.5447440147399902
7796,ViLT,correct_image,1,1,0.9541306495666504
7796,CLIP + MLP,shuffled_image,1,1,0.6010907888412476
7796,ViLT,shuffled_image,1,1,0.7738673686981201
7796,CLIP + MLP,blank_image,1,1,0.5805813670158386
7796,ViLT,blank_image,1,0,0.6472311615943909
7796,BLIP Caption + BERT,text_plus_correct_caption,1,0,0.5694106817245483
7796,BLIP Caption + BERT,text_plus_shuffled_caption,1,0,0.5730791091918945
7796,BLIP Caption + BERT,text_plus_blank_caption,1,0,0.5904586911201477
7796,BLIP Caption + BERT,caption_only,1,0,0.5128787755966187
7796,BLIP Caption + BERT,text_only,1,0,0.5172957181930542
97864,CLIP + MLP,correct_image,1,0,0.6841574311256409
97864,ViLT,correct_image,1,0,0.9632548689842224
97864,CLIP + MLP,shuffled_image,1,0,0.6947069764137268
97864,ViLT,shuffled_image,1,0,0.9842506647109985
97864,CLIP + MLP,blank_image,1,0,0.6829741597175598
97864,ViLT,blank_image,1,0,0.7494416236877441
97864,BLIP Caption + BERT,text_plus_correct_caption,1,0,0.5380347371101379
97864,BLIP Caption + BERT,text_plus_shuffled_caption,1,0,0.5429987907409668
97864,BLIP Caption + BERT,text_plus_blank_caption,1,0,0.5292176604270935
97864,BLIP Caption + BERT,caption_only,1,0,0.5106533765792847
97864,BLIP Caption + BERT,text_only,1,1,0.5168421864509583
107439,CLIP + MLP,correct_image,1,0,0.6892613172531128
107439,ViLT,correct_image,1,0,0.9900269508361816
107439,CLIP + MLP,shuffled_image,1,0,0.6883593201637268
107439,ViLT,shuffled_image,1,0,0.9908406138420105
107439,CLIP + MLP,blank_image,1,0,0.6718941926956177
107439,ViLT,blank_image,1,0,0.990611732006073
107439,BLIP Caption + BERT,text_plus_correct_caption,1,0,0.5268604159355164
107439,BLIP Caption + BERT,text_plus_shuffled_caption,1,0,0.5422021150588989
107439,BLIP Caption + BERT,text_plus_blank_caption,1,0,0.5086928606033325
107439,BLIP Caption + BERT,caption_only,1,0,0.5390208959579468
107439,BLIP Caption + BERT,text_only,1,1,0.5067959427833557
38153,CLIP + MLP,correct_image,0,0,0.6948235630989075
38153,ViLT,correct_image,0,0,0.9919646978378296
38153,CLIP + MLP,shuffled_image,0,0,0.694753110408783
38153,ViLT,shuffled_image,0,0,0.9919986128807068
38153,CLIP + MLP,blank_image,0,0,0.6835517883300781
38153,ViLT,blank_image,0,0,0.9915522336959839
38153,BLIP Caption + BERT,text_plus_correct_caption,0,0,0.5403303503990173
38153,BLIP Caption + BERT,text_plus_shuffled_caption,0,0,0.5165172219276428
38153,BLIP Caption + BERT,text_plus_blank_caption,0,0,0.5360660552978516
38153,BLIP Caption + BERT,caption_only,0,0,0.5234286785125732
38153,BLIP Caption + BERT,text_only,0,1,0.5042170882225037
303,CLIP + MLP,correct_image,1,1,0.5581669807434082
303,ViLT,correct_image,1,1,0.9181677103042603
303,CLIP + MLP,shuffled_image,1,1,0.5618376731872559
303,ViLT,shuffled_image,1,0,0.9836258292198181
303,CLIP + MLP,blank_image,1,1,0.5953965187072754
303,ViLT,blank_image,1,0,0.8548145294189453
303,BLIP Caption + BERT,text_plus_correct_caption,1,0,0.5161385536193848
303,BLIP Caption + BERT,text_plus_shuffled_caption,1,0,0.5799479484558105
303,BLIP Caption + BERT,text_plus_blank_caption,1,0,0.550295889377594
303,BLIP Caption + BERT,caption_only,1,1,0.5357491970062256
303,BLIP Caption + BERT,text_only,1,0,0.5471698045730591
77284,CLIP + MLP,correct_image,0,0,0.6946011781692505
77284,ViLT,correct_image,0,0,0.9535065293312073
77284,CLIP + MLP,shuffled_image,0,0,0.6926838755607605
77284,ViLT,shuffled_image,0,0,0.9928519129753113
77284,CLIP + MLP,blank_image,0,0,0.6833630204200745
77284,ViLT,blank_image,0,1,0.530644416809082
77284,BLIP Caption + BERT,text_plus_correct_caption,0,0,0.5312948226928711
77284,BLIP Caption + BERT,text_plus_shuffled_caption,0,0,0.5053648948669434
77284,BLIP Caption + BERT,text_plus_blank_caption,0,0,0.5299648642539978
77284,BLIP Caption + BERT,caption_only,0,0,0.5255362391471863
77284,BLIP Caption + BERT,text_only,0,1,0.5350751280784607
85237,CLIP + MLP,correct_image,0,0,0.6948033571243286
85237,ViLT,correct_image,0,0,0.8372424840927124
85237,CLIP + MLP,shuffled_image,0,0,0.6947287321090698
85237,ViLT,shuffled_image,0,0,0.8148208260536194
85237,CLIP + MLP,blank_image,0,0,0.6830396056175232
85237,ViLT,blank_image,0,0,0.9104993343353271
85237,BLIP Caption + BERT,text_plus_correct_caption,0,0,0.5370773077011108
85237,BLIP Caption + BERT,text_plus_shuffled_caption,0,0,0.508385419845581
85237,BLIP Caption + BERT,text_plus_blank_caption,0,0,0.5319003462791443
85237,BLIP Caption + BERT,caption_only,0,0,0.5411443114280701
85237,BLIP Caption + BERT,text_only,0,1,0.5047307014465332
72658,CLIP + MLP,correct_image,1,0,0.6938913464546204
72658,ViLT,correct_image,1,0,0.8846299648284912
72658,CLIP + MLP,shuffled_image,1,0,0.6843319535255432
72658,ViLT,shuffled_image,1,1,0.8044911623001099
72658,CLIP + MLP,blank_image,1,0,0.6804165840148926
72658,ViLT,blank_image,1,0,0.8763866424560547
72658,BLIP Caption + BERT,text_plus_correct_caption,1,0,0.5324004292488098
72658,BLIP Caption + BERT,text_plus_shuffled_caption,1,0,0.5563864707946777
72658,BLIP Caption + BERT,text_plus_blank_caption,1,0,0.5305026769638062
72658,BLIP Caption + BERT,caption_only,1,0,0.5081261396408081
72658,BLIP Caption + BERT,text_only,1,0,0.5081139802932739
60201,CLIP + MLP,correct_image,1,1,0.5582064986228943
60201,ViLT,correct_image,1,1,0.8760648369789124
60201,CLIP + MLP,shuffled_image,1,1,0.5397577881813049
60201,ViLT,shuffled_image,1,0,0.9602078199386597
60201,CLIP + MLP,blank_image,1,1,0.5794095396995544
60201,ViLT,blank_image,1,0,0.9830042123794556
60201,BLIP Caption + BERT,text_plus_correct_caption,1,0,0.5533269643783569
60201,BLIP Caption + BERT,text_plus_shuffled_caption,1,0,0.5300465226173401
60201,BLIP Caption + BERT,text_plus_blank_caption,1,0,0.5550901889801025
60201,BLIP Caption + BERT,caption_only,1,0,0.5211411714553833
60201,BLIP Caption + BERT,text_only,1,0,0.5076804161071777
42569,CLIP + MLP,correct_image,0,0,0.6943789720535278
42569,ViLT,correct_image,0,0,0.9386785626411438
42569,CLIP + MLP,shuffled_image,0,0,0.6944693922996521
42569,ViLT,shuffled_image,0,0,0.9915584325790405
42569,CLIP + MLP,blank_image,0,0,0.6828210949897766
42569,ViLT,blank_image,0,0,0.7679322957992554
42569,BLIP Caption + BERT,text_plus_correct_caption,0,0,0.5166112184524536
42569,BLIP Caption + BERT,text_plus_shuffled_caption,0,0,0.5178893208503723
42569,BLIP Caption + BERT,text_plus_blank_caption,0,0,0.512123167514801
42569,BLIP Caption + BERT,caption_only,0,0,0.508613109588623
42569,BLIP Caption + BERT,text_only,0,1,0.5289439558982849
70091,CLIP + MLP,correct_image,1,1,0.5590406060218811
70091,ViLT,correct_image,1,0,0.5844448208808899
70091,CLIP + MLP,shuffled_image,1,1,0.5566970109939575
70091,ViLT,shuffled_image,1,0,0.9925298094749451
70091,CLIP + MLP,blank_image,1,1,0.5953905582427979
70091,ViLT,blank_image,1,0,0.9846683144569397
70091,BLIP Caption + BERT,text_plus_correct_caption,1,1,0.5017697215080261
70091,BLIP Caption + BERT,text_plus_shuffled_caption,1,1,0.51058030128479
70091,BLIP Caption + BERT,text_plus_blank_caption,1,0,0.5213201642036438
70091,BLIP Caption + BERT,caption_only,1,1,0.5100770592689514
70091,BLIP Caption + BERT,text_only,1,1,0.5118898749351501
8449,CLIP + MLP,correct_image,0,0,0.693514347076416
8449,ViLT,correct_image,0,0,0.9570205807685852
8449,CLIP + MLP,shuffled_image,0,0,0.6930909752845764
8449,ViLT,shuffled_image,0,0,0.8319715857505798
8449,CLIP + MLP,blank_image,0,0,0.67894047498703
8449,ViLT,blank_image,0,0,0.7551194429397583
8449,BLIP Caption + BERT,text_plus_correct_caption,0,0,0.5895265340805054
8449,BLIP Caption + BERT,text_plus_shuffled_caption,0,0,0.5545175671577454
8449,BLIP Caption + BERT,text_plus_blank_caption,0,0,0.5581427216529846
8449,BLIP Caption + BERT,caption_only,0,0,0.5196784734725952
8449,BLIP Caption + BERT,text_only,0,0,0.5108447670936584
75532,CLIP + MLP,correct_image,1,0,0.6942715644836426
75532,ViLT,correct_image,1,1,0.9448555707931519
75532,CLIP + MLP,shuffled_image,1,0,0.6949585676193237
75532,ViLT,shuffled_image,1,0,0.9673933386802673
75532,CLIP + MLP,blank_image,1,0,0.6832737326622009
75532,ViLT,blank_image,1,0,0.9489447474479675
75532,BLIP Caption + BERT,text_plus_correct_caption,1,0,0.5254306197166443
75532,BLIP Caption + BERT,text_plus_shuffled_caption,1,0,0.5414328575134277
75532,BLIP Caption + BERT,text_plus_blank_caption,1,0,0.5341585874557495
75532,BLIP Caption + BERT,caption_only,1,1,0.5116000175476074
75532,BLIP Caption + BERT,text_only,1,0,0.5201631188392639
91603,CLIP + MLP,correct_image,0,0,0.694453775882721
91603,ViLT,correct_image,0,0,0.9930933713912964
91603,CLIP + MLP,shuffled_image,0,0,0.6947875022888184
91603,ViLT,shuffled_image,0,0,0.9923791885375977
91603,CLIP + MLP,blank_image,0,0,0.6833745241165161
91603,ViLT,blank_image,0,0,0.9884566068649292
91603,BLIP Caption + BERT,text_plus_correct_caption,0,0,0.5408802628517151
91603,BLIP Caption + BERT,text_plus_shuffled_caption,0,1,0.5298623442649841
91603,BLIP Caption + BERT,text_plus_blank_caption,0,0,0.5028854608535767
91603,BLIP Caption + BERT,caption_only,0,0,0.5277847647666931
91603,BLIP Caption + BERT,text_only,0,1,0.5445786714553833
28604,CLIP + MLP,correct_image,0,1,0.5887065529823303
28604,ViLT,correct_image,0,0,0.9798012971878052
28604,CLIP + MLP,shuffled_image,0,1,0.5586652755737305
28604,ViLT,shuffled_image,0,0,0.9914253950119019
28604,CLIP + MLP,blank_image,0,1,0.5950461030006409
28604,ViLT,blank_image,0,1,0.6090566515922546
28604,BLIP Caption + BERT,text_plus_correct_caption,0,0,0.5763475894927979
28604,BLIP Caption + BERT,text_plus_shuffled_caption,0,0,0.5585622787475586
28604,BLIP Caption + BERT,text_plus_blank_caption,0,0,0.5549365282058716
28604,BLIP Caption + BERT,caption_only,0,0,0.5660507678985596
28604,BLIP Caption + BERT,text_only,0,0,0.5217412114143372
92227,CLIP + MLP,correct_image,1,0,0.6895079612731934
92227,ViLT,correct_image,1,0,0.9902881383895874
92227,CLIP + MLP,shuffled_image,1,0,0.6897763609886169
92227,ViLT,shuffled_image,1,0,0.9836022853851318
92227,CLIP + MLP,blank_image,1,0,0.6726987957954407
92227,ViLT,blank_image,1,0,0.983376681804657
92227,BLIP Caption + BERT,text_plus_correct_caption,1,0,0.5078370571136475
92227,BLIP Caption + BERT,text_plus_shuffled_caption,1,1,0.5040473937988281
92227,BLIP Caption + BERT,text_plus_blank_caption,1,0,0.5105639696121216
92227,BLIP Caption + BERT,caption_only,1,1,0.5071934461593628
92227,BLIP Caption + BERT,text_only,1,1,0.5183417201042175
35558,CLIP + MLP,correct_image,1,0,0.6404430270195007
35558,ViLT,correct_image,1,0,0.9635809063911438
35558,CLIP + MLP,shuffled_image,1,0,0.6947780251502991
35558,ViLT,shuffled_image,1,0,0.9912567138671875
35558,CLIP + MLP,blank_image,1,0,0.6837887167930603
35558,ViLT,blank_image,1,0,0.8535155653953552
35558,BLIP Caption + BERT,text_plus_correct_caption,1,0,0.5388568639755249
35558,BLIP Caption + BERT,text_plus_shuffled_caption,1,0,0.526539146900177
35558,BLIP Caption + BERT,text_plus_blank_caption,1,0,0.5319315791130066
35558,BLIP Caption + BERT,caption_only,1,0,0.569259762763977
35558,BLIP Caption + BERT,text_only,1,1,0.5262070894241333
