row_id,text,image,true_label,bert_prediction,bert_confidence,clip_prediction,clip_confidence,vilt_prediction,vilt_confidence,blip_prediction,blip_confidence,caption
72658,in honor of the moon landing astroneer put the apollo spacecraft on one of the moons,https://preview.redd.it/uyyo7dykcbc31.jpg?width=320&crop=smart&auto=webp&s=39a296e223f9167cae861041d131f221064d87af,1,1,0.9932410717010498,0,0.6938913464546204,0,0.8846309185028076,0,0.5324004292488098,a screenshot of a robot on a moon
98644,this acrostic for overtested school kids,https://preview.redd.it/9110maor60031.jpg?width=320&crop=smart&auto=webp&s=eb8703fee364ae97d1e251e4a29354943e33d87e,1,1,0.998306155204773,1,0.630861222743988,0,0.9308954477310181,0,0.5436508059501648,a note on a green door with a note attached to it
62418,this old apple computer randomly displayed in the lobby of a budget hotel in pisa,https://preview.redd.it/c4u2raztveu21.jpg?width=320&crop=smart&auto=webp&s=07e2d3e2b50f017d31538a800bc698b4070c0c7f,1,1,0.9892318844795227,1,0.5703402161598206,1,0.9787805080413818,0,0.5485667586326599,an old computer sitting on top of a wooden table
99769,sec brought unprotected computers with sensitive stock data to black hat security conference,https://external-preview.redd.it/ZZ_IOmy_DTHRxEFDEqhqIU9VfQqn-hBgSB_UCySoTEw.jpg?width=320&crop=smart&auto=webp&s=12c15c06cbbf105a16aeb129de6bc8a5c8bf0ebb,1,1,0.9968563318252563,0,0.6936489343643188,0,0.7323493957519531,1,0.5087665319442749,the federal reserve building in washington
102487,fellow human told me to fuck off,https://preview.redd.it/q98q8lkwrzaz.jpg?width=320&crop=smart&auto=webp&s=4e81b57fee4bd12f37033d8ce474ac5ec003eb79,0,0,0.9748550057411194,0,0.6915222406387329,0,0.8081734776496887,0,0.5270372033119202,a machine cutting a piece of bread on a table
80754,two cats walking towards the camera looking fairly badass,https://external-preview.redd.it/-nCAuc8aB2aovor2RNz_QDKYqelRpVQJ3zngyNNsLtg.jpg?width=320&crop=smart&auto=webp&s=23ed917c88f61ab352106d204b7d020b79d492af,1,1,0.9783953428268433,0,0.694097638130188,1,0.829578161239624,0,0.5079005360603333,two cats walking in the snow
67730,the orioles gave derek jeter crabs,https://external-preview.redd.it/Q3K3xdN0o_tsCfzVFa6_CY7uYPBTOLVSbNeWauaYfcQ.jpg?width=320&crop=smart&auto=webp&s=fdc688faeb4e0f0f8661adfadb4734e136ed77c0,1,1,0.9176698327064514,0,0.693812906742096,1,0.8887948989868164,0,0.537212610244751,a man in a baseball uniform talking to another man
24938,this pedestrian light,https://preview.redd.it/7dmxs3i465b31.jpg?width=320&crop=smart&auto=webp&s=44450c50ba5fa144432d607c4be092e1f419ce59,1,1,0.9283089637756348,1,0.5603196620941162,1,0.8788260221481323,0,0.5001195073127747,a group of people walking down a street
55555,action scene street vendor,https://external-preview.redd.it/M8tZ4HQHWeJCuZDTk8HEDRpy1i8el1DKtWVXcUA5xHI.jpg?width=320&crop=smart&auto=webp&s=f973325c88b79ebe4eb63c33a15382e986df700a,1,1,0.8595230579376221,0,0.6946274042129517,0,0.9892268180847168,0,0.5197062492370605,a man is doing a trick on a skateboard
25166,theyve come a long way since their selfmade car racing days,http://i.imgur.com/LAsRcR3.jpg,0,0,0.9015679955482483,0,0.6949278712272644,0,0.9928656816482544,0,0.5142730474472046,the space shuttle is flying in the sky
89193,bear from skins chicken,https://external-preview.redd.it/PjIGockeLAXb7B3TqtH9NIfWafQt2y0E8LvgpwqIAG4.jpg?width=320&crop=smart&auto=webp&s=5735a2bd1ec3c1bd42a278563f7d6ce11f23a248,1,1,0.5893808603286743,0,0.6947352290153503,0,0.9107884764671326,0,0.5351672768592834,a teddy bear is sitting on the ground
91329,paddln,http://i.imgur.com/CXTTP4C.jpg,0,0,0.9953588843345642,0,0.6947404742240906,0,0.9921373724937439,0,0.5645020604133606,a small bird is sitting on the beach
96563,attorney asks for leniency in a federal lawsuit because the utah jazz lost,https://external-preview.redd.it/GFKI2rZW2I5TGiViwKpXoilQjQdUYYxM4XrArM33kYE.jpg?width=320&crop=smart&auto=webp&s=af2dd873768938bc68ebdcbe30ef14a14302461c,1,1,0.9976388216018677,0,0.6935396790504456,1,0.6307801008224487,0,0.5176493525505066,two men talking in front of a building
26292,this building on my street looks twodimensional from a certain angle,https://preview.redd.it/mzza6z7d3uo31.jpg?width=320&crop=smart&auto=webp&s=e6208941f52069fdfb4169ef358e09f4c1b7fa85,1,1,0.9293890595436096,1,0.5622027516365051,1,0.9746112823486328,0,0.588219165802002,a street with cars parked in front of buildings
107201,animals have feelings french parliament rules,https://external-preview.redd.it/uspjTgrE0cQzs11-k4RSgtr2O_-75CI9j_MV_oOsBZg.jpg?width=320&crop=smart&auto=webp&s=5875aba99343e643dfc3c32c094512fbec83a457,1,1,0.9955560564994812,0,0.6939233541488647,1,0.7438172698020935,1,0.5371240377426147,a herd of cows
109384,cat chilling on a reindeer,https://external-preview.redd.it/18QH5IPqe7pr6fqpLerWS6bFlmlcCqq3UAFCLRWjES8.jpg?width=320&crop=smart&auto=webp&s=55bcbe75493d100f71c031a4acc3d314ab84e702,1,1,0.9322115182876587,0,0.6939234733581543,0,0.5090523362159729,0,0.5027527809143066,a cat on a chair
69174,mitsuteru you have to stop and that hurts,https://external-preview.redd.it/-CWom9WHmWkgkEuJhkc0cBA0w6pjktmoaZah1gP9Y80.jpg?width=320&crop=smart&auto=webp&s=a8b9e0ab8a7a3f7f5c8fc31a04a99db5ce2fd4bc,0,0,0.9979966282844543,0,0.6934577822685242,0,0.9787060618400574,0,0.5431380867958069,"a blue car driving down a road with the words, ' the road is not a straight line '"
13192,this reporter getting a powerade shower,https://external-preview.redd.it/9xgX9yoBJaaPFLoEjw0MCrO2FsLtI0YuziZxauhV-_8.jpg?width=320&crop=smart&auto=webp&s=bf427f41c3ee155c909252e56b1cb06c5919805d,1,1,0.9825383424758911,1,0.5567275285720825,1,0.6248629689216614,0,0.5318042039871216,a baseball player is sprayed with water by a crowd
16099,disbelief at hilary clintons headquarters,https://external-preview.redd.it/iJPHb1LnbPxxR5J6kYey1YAdBCgrU291YNtRps48EAM.jpg?width=320&crop=smart&auto=webp&s=1f305b45f975d577612a0606bb151c6334a14033,1,0,0.6297723650932312,0,0.6944592595100403,0,0.981033205986023,0,0.5279994606971741,a crowd of people are sitting in the stands
75668,thriller,http://i.imgur.com/oNq1IJY.jpg,0,0,0.9979552030563354,0,0.6941787600517273,0,0.9744085073471069,0,0.5245702862739563,a group of people in costumes dancing
41284,cristiano ronaldo having a good time,https://preview.redd.it/6mw6lqt146631.jpg?width=320&crop=smart&auto=webp&s=3dc197cffbb41091c38fb8ab90ba371da04ae985,1,1,0.9820491671562195,0,0.69493567943573,0,0.9920669794082642,1,0.5100793242454529,a soccer player
56076,total recall,http://i.imgur.com/IfRK9gL.jpg,0,0,0.9969469904899597,0,0.6944038271903992,0,0.9813970327377319,1,0.5145783424377441,two men sitting in a car
102434,the montage on it own looks tacky like a cut and paste job without the smoke and lighting,http://i.imgur.com/miXZAva.jpg,0,0,0.6282207369804382,1,0.5128134489059448,0,0.9923070073127747,0,0.537697970867157,a dog is playing with a laser in the woods
9792,seahawks coach pete carroll at training camp,https://external-preview.redd.it/PaZSs_fKDJAidW1H5YvKaR3YEb3cyhyPzR3Nr363q4k.jpg?width=320&crop=smart&auto=webp&s=d82345bbc7340ecba56e11ba1c116c47432ffcb7,1,1,0.9873910546302795,0,0.6946612596511841,1,0.9254609942436218,1,0.5055474042892456,a man in a blue jacket throwing a football
75536,gotcha magikarp was caught,http://i.imgur.com/bnF9nFN.jpg,0,0,0.8785613179206848,0,0.6942792534828186,0,0.9930230379104614,0,0.5677803754806519,"a black and white text that reads, ' the things you are trying to get out of your own '"
30753,obligatory faceswap,http://i.imgur.com/cG0ds.jpg,0,0,0.9995018243789673,0,0.6940668225288391,0,0.992958664894104,0,0.5287835001945496,a man holding a yellow and green bird
93622,vacuum villain mildly interesting told me this was better here,https://external-preview.redd.it/D_8oK_EZ5Ex3TkJ8h3bAjwyR3nOlKF2VcRA66ksOOXc.jpg?width=320&crop=smart&auto=webp&s=4a09ef554fc69e9d07b4600b5d7183476d530ab1,0,0,0.8699775338172913,0,0.6848178505897522,1,0.7812313437461853,0,0.5549107789993286,a person is holding a skateboard in their hand
104920,cnn edits out milwaukee victims sister calling for violence in the suburbs,https://external-preview.redd.it/exbc5TqGHsrVWc6Z0fXohGGQnBIbXXh2O99D2--GFU0.jpg?width=320&crop=smart&auto=webp&s=ecbc3210b407561dc00590ab7ce48662680f9ebb,1,1,0.9947598576545715,0,0.6919705867767334,0,0.979188859462738,0,0.5044798254966736,a crowd of people are gathered around a woman in a white dress
70724,kingfisher attacking a fish underwater,https://preview.redd.it/20km30q4a5zz.jpg?width=320&crop=smart&auto=webp&s=658d370ea69538843135e50365c0789c389767a5,1,1,0.9712414741516113,0,0.6945386528968811,0,0.7740456461906433,0,0.5133525729179382,a bird is splashing water on its head
61114,you asked for it,http://i.imgur.com/5M7YV.jpg,0,0,0.9889167547225952,0,0.6949114203453064,0,0.9930998086929321,0,0.5214226245880127,a man in a black jacket and a green shirt
25190,nazi poster warning germans to turn out house lights in allied bombings,https://preview.redd.it/epm131sfnj931.jpg?width=320&crop=smart&auto=webp&s=b8d5f19ab61b283fbbc4ad2025f3dabcd646ac09,0,0,0.9997132420539856,0,0.6945325136184692,0,0.9870077967643738,1,0.5143857598304749,a poster with a man in a hat and a hat on his head
28349,these truck tires,https://external-preview.redd.it/SddmYQ3TNkBJL3QDEPY9FkepyQ_FU1r2fJ1W6ZA5yH8.jpg?width=320&crop=smart&auto=webp&s=7b63d58fd1c5366eb91c3e11220d3a54480bf67d,1,1,0.8778958320617676,1,0.5592144131660461,1,0.6767284870147705,0,0.5003448128700256,a truck is driving down the highway
112206,two astronauts having second thoughts before going up in challenger c,https://external-preview.redd.it/ctvSKzry1Hgqt3PZFmenBa-UN7Ria9buJHh9XXhgj5g.jpg?width=320&crop=smart&auto=webp&s=7bf2761ec643da719124fa432bca8e9710f2681a,0,0,0.9997667670249939,0,0.6942049860954285,0,0.9856287240982056,0,0.5208019018173218,a man in a store
46548,an absolute unit with three legs,https://preview.redd.it/9bl4vzqr7sw21.jpg?width=320&crop=smart&auto=webp&s=fb58c74c02017a48730882539ec162c6f30d15d1,0,0,0.5973056554794312,0,0.6888134479522705,0,0.9928244352340698,0,0.5006396770477295,a group of people sitting in chairs on a stage
60531,trying to eat dinner with this guy looking at me,https://preview.redd.it/ke6b8wpui7r21.jpg?width=320&crop=smart&auto=webp&s=67977d886ba8457835731410b3b6a249854c269f,0,0,0.9930441975593567,0,0.6934554576873779,1,0.8470565676689148,0,0.5474538803100586,a woman sitting at a table with a bottle of wine
104922,my friends family has a house robot named pepper,https://external-preview.redd.it/w5UOVJRYPHa4vxIewng7fJhVp9fg_9F_na1d9mEKyT0.jpg?width=320&crop=smart&auto=webp&s=2105530372218b36876913461473b3eeda574290,1,1,0.9979740977287292,1,0.553183376789093,1,0.852432906627655,0,0.5647503733634949,a man sitting on a bed with a robot
43905,the shadow of the tap looks like low hanging testicles,https://preview.redd.it/7fazfart7sz21.jpg?width=320&crop=smart&auto=webp&s=cc57da01f816568c12cc025ce040cc432d3767eb,1,1,0.9284501075744629,1,0.5535405278205872,1,0.968975841999054,0,0.5537149310112,a white sink with a fauced fauced fauced fauced fauced fa
100771,having twins and their older brothersister for breakfast apparently i cracked the egg that had one yolk first,https://preview.redd.it/bfojikldqlo11.jpg?width=320&crop=smart&auto=webp&s=a14024d812655a758a25b27fe9b29b0fa3eb3207,1,1,0.9980317950248718,1,0.5519324541091919,1,0.9677969813346863,0,0.5926492214202881,two eggs in a frying pan on a stove
49548,its called a blinker,http://i.imgur.com/87rwwIm.jpg,0,0,0.9739145040512085,0,0.6946086287498474,0,0.9468008279800415,0,0.5170104503631592,a man in a car with a tiger mask on
47491,old man virginia,https://external-preview.redd.it/WeTFwyRHn8a4PvXMe9F2TEziI_1FAFhei7dXBj67y1g.jpg?width=320&crop=smart&auto=webp&s=ea91a736873dbe17fedbee14e2eaf01a51e81062,0,0,0.9690569043159485,0,0.6945997476577759,0,0.9921667575836182,0,0.5487071871757507,a car with a sticker on it ' s windshield
2090,mount hope child of nature,https://preview.redd.it/b6u2l10kq4h11.png?width=320&crop=smart&auto=webp&s=bfd845a0e34fa16aaccf287e1179a0e506b5fce9,0,0,0.9986391663551331,0,0.6946519017219543,0,0.9780762791633606,0,0.5156913995742798,a mountain with a sign that says mount of chid
40453,she left me but im certain that i lose myself but thats not happening,https://external-preview.redd.it/9aQCLr2hEFEhl8uFhtJkau92ghZZzx2nNbU-3Z5W4Dk.jpg?width=320&crop=smart&auto=webp&s=99f01d379a38fbe462560787d1e06c032ad3deed,0,0,0.9880917072296143,0,0.6946378350257874,0,0.9820282459259033,0,0.5717366933822632,"the cover of the album, ' i ' m '"
80840,inside sour patch kids brooklyn crash pad for indie bands,https://external-preview.redd.it/H-H2z5xq9AkaZaSbFfl8px3d4Cf3q3MvV86g1kOqIHs.jpg?width=320&crop=smart&auto=webp&s=9e7bcfcf36344cdce61a5f9dce7b11bb387fa19f,1,1,0.9979807734489441,0,0.6942430138587952,0,0.982812225818634,0,0.552692711353302,a young man standing in front of a graffiti wall
108153,be a hero save the world earth day dc comics,https://preview.redd.it/yok8o17o9yn31.jpg?width=320&crop=smart&auto=webp&s=bdfa1a694aac3c1242da3310dd61048fe522307a,0,0,0.9996899366378784,0,0.694259524345398,0,0.8782756328582764,0,0.5585010051727295,a book with a superman on it
80699,damn girl,http://i.imgur.com/iAMrLwR.jpg,0,0,0.9975797533988953,0,0.6941928267478943,0,0.9825823307037354,0,0.5300613045692444,a cat and a dog are on a couch
13436,the captain marvel display,https://preview.redd.it/fuc9v9urtz331.jpg?width=320&crop=smart&auto=webp&s=d38878ade59448393afb02e8906f880871ced653,1,0,0.8210400342941284,0,0.6951093673706055,0,0.9417904019355774,0,0.528401255607605,captain marvel movie poster
27712,swedish chef,https://external-preview.redd.it/ZIIuDI0YVNFdY8w5mE99u2OYRj_DJoiBuTsJdao7T3E.jpg?width=320&crop=smart&auto=webp&s=f6b29dad0a693fd638e8682672691ac13b3ff3b4,1,1,0.8938525915145874,0,0.6947159171104431,0,0.9915788173675537,1,0.5020407438278198,a puppet with a chef hat and apron
30837,houston what is that,http://i.imgur.com/FDzJO.jpg,0,0,0.9987125396728516,0,0.6913110017776489,0,0.9373618960380554,0,0.5392565131187439,a person is in the air above the earth
6583,turangi police smoke out supermarket car park by burning seized marijuana,https://external-preview.redd.it/AzfzIoa_D8pHCV7jYEulR4Re9hJCsJ9Zo5kxzReYLJk.jpg?width=320&crop=smart&auto=webp&s=95a83a2560327a764b093a47846439b6d3288b5e,1,1,0.9974005222320557,0,0.6635192036628723,0,0.5372424721717834,0,0.5166783332824707,a fire is burning in the sky above a street
80905,idaho dad admits he took pregnant yearold daughter to marry her yearold rapist,https://external-preview.redd.it/o03Wy2Y-ke5s8F6ryxVtNsbrlHmmWIZqJqIQ9PXulWM.jpg?width=320&crop=smart&auto=webp&s=56da1acaa874a9bd3d061e8f856f3c3b2f8acfb8,1,1,0.9952123165130615,0,0.6786099076271057,1,0.5834619998931885,0,0.522583544254303,three men in mugs
105995,a suspicious swimming puppy,https://external-preview.redd.it/07FHs8xGiZTUdfXy1HfXhpVq7T8_JQRbCMUlLj-t0CE.jpg?width=320&crop=smart&auto=webp&s=d540a2d9c57fda926f39f468e6b91f2c9023b422,1,1,0.9734311103820801,0,0.690107524394989,0,0.9880703091621399,0,0.5150685906410217,a dog swimming in the water
93586,i felt like i was being watched while i was in the bathroom and spotted this guy,https://external-preview.redd.it/R1pVbAoJEfm4DJnXuoWFO8sI62YTwlfcHJK8yOznGK0.jpg?width=320&crop=smart&auto=webp&s=af29cbaa2c9ed93723d9da766772920170b2cb88,0,0,0.9062989354133606,1,0.5684249401092529,1,0.9690589308738708,0,0.6404842734336853,a small planter sitting on top of a white counter
57696,this beetlejuice themed wedding i attended today,https://preview.redd.it/3vg2tf7147w11.jpg?width=320&crop=smart&auto=webp&s=7a12c26675d189ce0863976beb2be8c7abd56475,1,1,0.9643130302429199,1,0.5585170984268188,1,0.5518757700920105,0,0.5671485662460327,a group of people sitting in a room
71799,shitty but kind of funny,http://i.imgur.com/PTUsJKD.jpg,0,0,0.9643871784210205,0,0.6941835880279541,0,0.9860240817070007,0,0.5714086294174194,"a black and white text that reads, ' the things you are trying to get out of your own '"
92734,he looks different than the other dogs but hes a reddit but flickr page in the family,https://external-preview.redd.it/K4Bjrr5KoM0zVSQ4QkRXfdvt8g4Aqvcd0yUfZhxqWVA.jpg?width=320&crop=smart&auto=webp&s=62e48924c77deb445c7428f8234e92e7c63d881b,0,0,0.9594734311103821,0,0.6264719367027283,0,0.9855470657348633,0,0.5801554322242737,a bunch of kittens sitting on top of a scratching tower
15834,in this bathroom in a film studio combination of tiles and mirrors are shaped like a film,https://preview.redd.it/d6rz17we6zi11.jpg?width=320&crop=smart&auto=webp&s=2245cbbe13a67f1cf05222ae47beba44f6eca85b,1,1,0.9955191612243652,1,0.6086757779121399,1,0.9599610567092896,0,0.5064831972122192,a bathroom with a toilet and a mirror
76453,osama bin laden is killed,https://preview.redd.it/du7udo4hatd31.jpg?width=320&crop=smart&auto=webp&s=fb72a7ed7d0049792d034f02b32716d91bd11efb,0,0,0.9991562366485596,0,0.6945772171020508,0,0.9923804998397827,0,0.5083244442939758,"a cartoon character with a gun and a capt that reads, ` ` ' ' ' ' ' ' ' ' ' ' ' ' ' ' ' ' ' ' ' ' ' ' ' ' ' ' ' ' ' ' ' ' ' ' ' '"
20045,warhol,http://i.imgur.com/yduPyaY.jpg,0,0,0.9860092997550964,0,0.6942844986915588,0,0.9849536418914795,0,0.5305657386779785,a series of six different colored faces
44516,louisianas bald eagles are building more nests having more babies,https://external-preview.redd.it/4OS8jKKKgXzigMueV4mCCcgk_5ADvcqbQwVGpM94WkA.jpg?width=320&crop=smart&auto=webp&s=28ac989ee24e7009eabce0c781b7f99c2e107fc6,1,1,0.9981221556663513,0,0.6941565275192261,1,0.6277316808700562,0,0.5102849006652832,a bird is flying in the air above a tree
79434,princess kate middleton on the day of her marriage to prince william,https://preview.redd.it/spujkfy6xc901.jpg?width=320&crop=smart&auto=webp&s=5a837d9a1088a33cc1ee9766008371f861b816d7,0,0,0.9839863777160645,0,0.6945474147796631,1,0.9378726482391357,0,0.5383726954460144,a woman in a wedding dress standing in front of a bush
58967,my precious,http://i.imgur.com/0Tt2Bhm.jpg,0,0,0.9979900121688843,0,0.6944749355316162,0,0.9934101700782776,0,0.5295922160148621,a woman in a costume
12712,those picture hangers must have seen something scandalous,https://preview.redd.it/56z13ed0j26z.jpg?width=320&crop=smart&auto=webp&s=930977e75d0ad4f0b31faeec3be770ebbed382d6,0,0,0.9928542971611023,0,0.6947163939476013,0,0.5303313136100769,0,0.5417451858520508,a box of gold colored plastic clips
75552,overwhelmed fema called on bottom of the barrel staff for disasters gao says,https://external-preview.redd.it/tE9608OC5WWUR3jTtN268oLFzgBJ74yPw-6ooN2EZ1o.jpg?width=320&crop=smart&auto=webp&s=7b87b2c436bdeaad4c20e85bbbe64ebe75cdce30,1,1,0.9980587363243103,0,0.6924092173576355,0,0.957482099533081,0,0.5496532320976257,a large metal structure
28734,blurry photo but a royal canadian mounted policeman gave me an honorary pin at my hotel in kansas,https://preview.redd.it/ma3jgk2mckb31.jpg?width=320&crop=smart&auto=webp&s=fbd8cafa80637f68a187514f329d6266b714ace6,1,1,0.9978792667388916,1,0.5496236085891724,0,0.9318234324455261,0,0.534312903881073,a person holding a small gold coin
44820,i got jump bike on,https://external-preview.redd.it/UGZ9oEbyK1k8F0lFybMEW9eUahd08oGkjeR0W01m83E.jpg?width=320&crop=smart&auto=webp&s=12faa6efd02ca0bbcce2fa00cab017073e006d4a,1,1,0.9710127115249634,0,0.6925113201141357,0,0.972386360168457,0,0.516531229019165,the texting app on the iphone
24484,gacouple delivers own baby in back of speeding ambulance,https://external-preview.redd.it/npsQtCBQvtGZhn5EMnkziBPDWX_Mx51pbV-pZn-6pG4.jpg?width=320&crop=smart&auto=webp&s=a7bc1274b46fb24dabc94070226c1d43c6b6df95,1,1,0.9911108016967773,0,0.6928341388702393,0,0.9918477535247803,0,0.5460942387580872,the logo for the band
24320,this jurassic arcade chair is terrified,https://preview.redd.it/88ehxit116dz.jpg?width=320&crop=smart&auto=webp&s=506e672585b0709ed2fe7fa0f896555104e35839,0,0,0.9903550148010254,1,0.626051664352417,0,0.9524562358856201,0,0.5390514135360718,a red speaker sitting on top of a car
110087,lucky security guard,https://external-preview.redd.it/WUs1X2OM67UFy87T5PSVyOaZrV9BIje4dZKtr9jYDxw.jpg?width=320&crop=smart&auto=webp&s=cbfde2228791e2d5efbfccf7f7fbfaf414fc38bb,1,0,0.8726633191108704,0,0.6938382983207703,0,0.9717794060707092,0,0.521580696105957,a man and woman in a room with a car
96823,alice in wonderland japanese edition,http://i.imgur.com/wKfTuXJ.jpg,0,0,0.99112868309021,0,0.6946449279785156,0,0.9913384914398193,0,0.5423421859741211,a woman in a white dress is throwing a red fr fron
16013,maestro,http://i.imgur.com/CFeGRRT.jpg,0,0,0.9992920160293579,0,0.693594753742218,0,0.9878941178321838,0,0.5230898261070251,a dog is standing on top of a conductor
52794,the moon is so bright tonight it shows up as a white dot,https://preview.redd.it/z1etaqfmbj431.jpg?width=320&crop=smart&auto=webp&s=97d26fa23f0539cf54c831c8c7d6f0cefd8437cd,1,1,0.9954557418823242,0,0.6591925024986267,1,0.9720131754875183,0,0.5259943604469299,the moon is seen in the sky above a house
32573,scared can opener,https://external-preview.redd.it/ybt-pgu2ycxxCRnPM6bkEVsROfAC0ZO0VWNaaUTBCBM.jpg?width=320&crop=smart&auto=webp&s=b9848794c5103f8bd850135aaaf5a4c7bf7efcc3,1,0,0.9917569756507874,0,0.6950578689575195,0,0.9834903478622437,1,0.5437812805175781,a person holding a wren wren wren wren wren wren wren wren wren wren wren wren wren wren wren wren wren wren wren wren wren wren wren wren wren wren wren wren wren wren wren wren wren wren wren wren wren wren wren wren
50683,horse rollercoaster,https://preview.redd.it/vlts0c1qd3u21.jpg?width=320&crop=smart&auto=webp&s=43615f5fc08b9319ca408d68631871568e74acc5,0,0,0.6159905791282654,0,0.6944546699523926,0,0.9918255805969238,0,0.5203627347946167,a view of the inside of an airplane
26109,welcome home buddy,http://i.imgur.com/k2hgX.jpg,0,0,0.9936248064041138,0,0.6943924427032471,0,0.9930043816566467,0,0.5286204218864441,a man in a spacesuit with a monkey
30911,my manager has a light bulb aquarium with a shrimp in it on his desk at work,https://preview.redd.it/fdn62clwm1b31.jpg?width=320&crop=smart&auto=webp&s=5188ec9ce053e5a1e6aaed0ee0d423b0db29821c,1,1,0.9972207546234131,1,0.5530771017074585,1,0.9269872307777405,0,0.5395902991294861,a light bulb with a plant inside
32494,rare image of a young escobar in his former role as a fitness instructor before he became a drug lord londons west end circa,https://preview.redd.it/wfidsja2dnm21.jpg?width=320&crop=smart&auto=webp&s=1862ba26c7e5d0bd9df2b6676f6e761440b9e26a,0,0,0.9996579885482788,0,0.6946316361427307,1,0.8905975818634033,0,0.5613709092140198,a man in a black shirt and blue shorts is doing a squat
91933,awkward got photo with conan,https://preview.redd.it/5oj6vt7fskuy.jpg?width=320&crop=smart&auto=webp&s=cd950b8bb7bdf513f16d553b5db3a7d161e31c82,1,1,0.6416768431663513,0,0.6948052048683167,0,0.9199925661087036,0,0.577835738658905,a group of people standing in a room
95340,wrong planet after all,http://i.imgur.com/GvPtERH.jpg,0,0,0.9760245680809021,0,0.694847047328949,0,0.9920749664306641,0,0.5416579842567444,a group of people standing on top of a mountain
72662,this elevator has no floor numbers not even up or down just start,https://preview.redd.it/orse127iwbt31.jpg?width=320&crop=smart&auto=webp&s=36270ab10a7b7de25a4f1aad651612db908e9911,1,1,0.9971068501472473,1,0.5828489065170288,1,0.9699583053588867,0,0.5755196809768677,a person is standing in front of a stainless refrigerator
9317,i think my moss ball is from easter island,https://external-preview.redd.it/UKIjlbePP1ckGclWtSHPg116ut2Mg_VU-WQsMuepCyo.jpg?width=320&crop=smart&auto=webp&s=4aeb06e046a66eb473c90cca836000fb3d59aed4,0,1,0.9578017592430115,1,0.5402502417564392,1,0.9144333004951477,0,0.5315414667129517,a fish tank filled with plants and water
104801,my broken coffee table is all wha,https://external-preview.redd.it/e3bWf504iyoDLl3HM7gxQpHI5cr9i6-3G0tVOwZgWMo.jpg?width=320&crop=smart&auto=webp&s=a6b4bce7a8f1f3a4fdbdc23e6c28b82bb29d1a84,0,0,0.9958534240722656,1,0.5563283562660217,0,0.9549474716186523,0,0.5283671021461487,a knife that is laying on the floor
58701,its over,http://i.imgur.com/KI84oKF.jpg,0,0,0.9974150657653809,0,0.6943402886390686,0,0.9869088530540466,0,0.5150051116943359,the boston celtics are playing in the nba playoffs
3123,shes such a drag,http://i.imgur.com/kRrWte7.jpg,0,0,0.9976226687431335,0,0.6939021348953247,0,0.8887210488319397,0,0.5228130221366882,a col of women dressed as witches
85106,ont fire station emergency vehicles lost to fire,https://external-preview.redd.it/9I_LZd4kpbAatUcfkmayhAnJW7hquREPSLjzfZAb6BY.jpg?width=108&crop=smart&auto=webp&s=098f909a534b180604273a2ee82a77a51cc6af14,1,1,0.9978641867637634,1,0.6166086792945862,1,0.8612866401672363,1,0.5044476389884949,the logo for the canadian chamber orchestra
23996,man posing on his truck,https://external-preview.redd.it/YM-_oGnCK0qHDtiZTlz2UH_0trFWeov5S-kF-0dJ7Xc.jpg?width=320&crop=smart&auto=webp&s=fd9fb2eb53df3a177ed534dc0ab47cbfc3cbd449,1,1,0.8308632373809814,0,0.6946938037872314,0,0.9411026835441589,0,0.5031909346580505,a man laying on the hood of a truck with an american flag
6694,this orange has a shaded segment,https://preview.redd.it/wpue4fdltnr31.jpg?width=320&crop=smart&auto=webp&s=4d39cae62b549faf39487e3fa8b13bea155b071e,1,1,0.9982311129570007,1,0.5644558668136597,1,0.9505783915519714,0,0.5256993770599365,a person holding an orange in front of a pile of oranges
73897,hawkeye on this endgame poster isnt actually him,https://preview.redd.it/14f3a8iugk231.jpg?width=320&crop=smart&auto=webp&s=d48a522f2a6d72f0883218dc4af0388f2bfc587b,1,0,0.5777701139450073,0,0.6947129964828491,1,0.6111893653869629,0,0.5462703704833984,avengers 2 movie poster
30941,president johnson meeting with the ambassador from turkey,https://preview.redd.it/r6w0pz6y0nzz.jpg?width=320&crop=smart&auto=webp&s=3cc51161e3c269258ddeacfad68f4b1650efaefd,0,0,0.5666009187698364,0,0.6947402358055115,0,0.676274299621582,0,0.525096595287323,a man in a suit holding a turkey
35857,julius caesar is assassinated by a group of over people bc,https://preview.redd.it/i1bjykbf15o11.png?width=320&crop=smart&auto=webp&s=e2fc5273210fbe39669b64c284277ef28d30caa0,0,0,0.999764621257782,0,0.6809722185134888,0,0.9926377534866333,0,0.5001585483551025,a man in a black shirt
10864,a group of italian blackshirts on rome,https://preview.redd.it/i6tanu4uoqu01.jpg?width=320&crop=smart&auto=webp&s=66bbf9bbb7121694a99007e757bd1eb5ae81a7cb,0,0,0.9822676777839661,0,0.6361777186393738,0,0.9620134234428406,0,0.5173726081848145,a car with a mirror on it ' s side
82723,this guy edited wikipedia articles to fix a grammar error thats not even an error,https://external-preview.redd.it/idDOpWK2hp5XA1iJEqz3NJFDT_Qr6_kgijHsFPcjsOk.jpg?width=320&crop=smart&auto=webp&s=dd49005ce8ee4ff10bbfbf0a135ead53d96f14f2,1,1,0.9980868101119995,1,0.5637727975845337,1,0.8938530683517456,0,0.5403605103492737,"the book cover for the book, the book of the sea"
76181,i raise you a heart shaped puddle,https://external-preview.redd.it/HasNCiaEoaU63Cxza_hehnQYxyNYZ2WasGJWU_chf3U.jpg?width=320&crop=smart&auto=webp&s=be0ad68cad2a17c8b21e837787726d2f1e19ef8d,0,0,0.5642392635345459,0,0.6527990102767944,1,0.9719895124435425,0,0.5121123790740967,a puddle in the road
61057,evil prime minister of australia tony abbott,https://external-preview.redd.it/x4Vd29G3Qv9GCpFWrW_c6A-mjTY1aPe3fUIiDTuzsb8.jpg?width=320&crop=smart&auto=webp&s=cd85d568a0b6908f906e59cf94caf161990a9a98,1,1,0.6806786060333252,0,0.6944325566291809,1,0.7759669423103333,0,0.5127674341201782,a man in a suit and tie sitting in a chair
108555,you cannot contain my girth,http://i.imgur.com/BQd9F.jpg,0,0,0.9955322742462158,0,0.6949136257171631,0,0.9926378726959229,0,0.5371894240379333,a man is throwing a water cannon at a lake
72119,drunken chickenman wielding a machete,https://external-preview.redd.it/Ez-Mk8vuKPMz-STIFvimoUe8gungs4dPKrdqWKKNv80.jpg?width=320&crop=smart&auto=webp&s=5bd7c42f581f1c06091da85fc68b8fa3a9c965fc,1,1,0.9279932379722595,0,0.6949335932731628,0,0.9282522201538086,0,0.5144792199134827,a man in a chicken mask standing in a kitchen
51743,call of duty black ops iii zombies,http://i.imgur.com/JXbBTHb.jpg,0,0,0.9945790767669678,0,0.6947278380393982,0,0.9889379739761353,0,0.5406438708305359,a man in a gas mask riding a horse
31491,the plunge,http://i.imgur.com/fCOdG.jpg,0,0,0.9212815165519714,0,0.6735795140266418,0,0.9862027168273926,0,0.5052546858787537,a water slide
106909,old soviet ruble bill from with a lenin profile,https://preview.redd.it/baac67wakuq31.jpg?width=320&crop=smart&auto=webp&s=6ff2a99ff386d8e16dcbe6e258d5bf3662f7221d,1,1,0.9960830211639404,0,0.6926690340042114,1,0.9691036939620972,0,0.5043646097183228,a person holding a paper money
4747,albino raven,https://external-preview.redd.it/q0FYP1eXe43-eNEzmtI5X2biiMXuhOoIGivVGsrQSCQ.jpg?width=320&crop=smart&auto=webp&s=71481446549d369a675199949f3c4261b42a52de,1,1,0.9206692576408386,0,0.6942220330238342,0,0.9873127341270447,0,0.5142652988433838,a white bird with its wings spread
33585,if it looks suspicious say something in london terrorism safety,https://external-preview.redd.it/VJocAq2K5fL19LkOfxe_YsRIu_QRcOzAUBfQB9mbigc.jpg?width=320&crop=smart&auto=webp&s=fca93b3187eaef3639366a6018627555326235a2,0,0,0.7412780523300171,0,0.6872690320014954,1,0.6354619264602661,0,0.5102954506874084,a sign on a wall in a subway station
74230,baby tossed in air cred to twomann,https://external-preview.redd.it/kPfjAUlOMA3SBENgb-bVPxVvHbVp7yAyWZNnVM_NEso.jpg?width=320&crop=smart&auto=webp&s=eed75e35c041f1417d36b777341a05f0c734e631,1,1,0.9452901482582092,0,0.6947989463806152,1,0.8903302550315857,0,0.5088237524032593,a man holding a baby in the air
67567,premium organic,http://i.imgur.com/6dv91Za.jpg,0,0,0.9834691286087036,0,0.6940677165985107,0,0.9926988482475281,0,0.5655688047409058,a box of cat food with a label on it
29351,zombie cat now at center of custody dispute,https://external-preview.redd.it/Zia_4E_FuaUdFBF9_YryhpGCVz0B48n8XJ12eoN6MCs.jpg?width=108&crop=smart&auto=webp&s=114f139e3d9be528a47a85b7995fde404f730dc1,1,1,0.993237316608429,0,0.6944100856781006,0,0.9733473062515259,0,0.5015130043029785,adopt a cat in the uk
100147,dna double helix ps coin,https://preview.redd.it/3iow5m1b7r331.jpg?width=320&crop=smart&auto=webp&s=385d84e75d2faac1106f7db096179af3b381441b,1,1,0.9287381172180176,0,0.6950217485427856,1,0.9566328525543213,1,0.515285313129425,a coin in a box
28953,my mom found this post card from when zip codes were first introduced,https://preview.redd.it/uc32myxmjn131.jpg?width=320&crop=smart&auto=webp&s=30d6bfcb015f811102320b78e901c19b84e73152,1,1,0.9943534135818481,1,0.5898846983909607,1,0.9226185083389282,0,0.5678170323371887,a vintage postcard with a cartoon character
53109,this part of wood in the floor looks like yin and yang,https://external-preview.redd.it/-3hXAytvI-hXW6BN3KdBgUlUibdthpOlYCcrInirR4U.jpg?width=320&crop=smart&auto=webp&s=62f1998e79c2e2fd4281ee9082b2924baebedfb4,1,1,0.969206690788269,1,0.5636520385742188,1,0.8422701358795166,0,0.5462840795516968,a wooden floor with a white paint and a white paint
54010,he just loves scraping things,https://preview.redd.it/gtodewokb5701.jpg?width=320&crop=smart&auto=webp&s=81e55c9dd83f620abf3c1f06e19da6d6d94ea5af,0,0,0.9793317317962646,0,0.6941582560539246,0,0.9907563328742981,0,0.5349169373512268,a metal latch on a green carpet
65029,found in a cheetiz box,https://preview.redd.it/ty3g6c4ll6y21.jpg?width=320&crop=smart&auto=webp&s=f6c7ce090bc5a5fc3a33f258f79dc0acdfcd952e,1,1,0.8994642496109009,0,0.6946648359298706,0,0.9905474781990051,1,0.5054711699485779,a person holding a piece of food in their hand
27195,volunteers come together to help wounded veterans surf waves of nsb,https://external-preview.redd.it/OxqkyNuPDm8t_mxlDKVihbv-GiJ39CylulwCl3r5FvE.jpg?width=320&crop=smart&auto=webp&s=5efcf4527c28244110a315147bd647e28a2b7693,1,1,0.9957101345062256,0,0.6917081475257874,1,0.9403847455978394,0,0.5349677801132202,a man is surfing in the water with other people
71736,this singular clove of garlic,https://external-preview.redd.it/UnhyZBrVQc60Hw0bNmRDbT8bRiX_8CciAJtUYxW80yI.jpg?width=320&crop=smart&auto=webp&s=968529c8dbf92c631fd53d91a69c7ef967ca75fd,1,1,0.9982219338417053,1,0.5565317869186401,0,0.9806829690933228,0,0.5017001628875732,a peeled garlic on a cutting board
53503,salar de olaroz lithium mine in argentina,https://external-preview.redd.it/pdHOdzkvL-4tqofdsnKgAWk_vB6UnaGB3eWyzpFfvCc.jpg?width=320&crop=smart&auto=webp&s=5909e275c473055dc25f7ff864e4b90537b1f75c,1,1,0.9819110035896301,0,0.6939617991447449,0,0.9734265208244324,1,0.5173328518867493,a picture of a man in a suit and tie
11022,nearly raised at milpitas relay for life for cancer research,https://external-preview.redd.it/ZAvOU9dnpqF-zxZ_tazx3H0nlqloxKTKeN3AcbOJNFs.jpg?width=320&crop=smart&auto=webp&s=320e30772e2ba424a8fe84f53fe9afc141149291,1,1,0.9985106587409973,0,0.6899139285087585,0,0.9078788161277771,0,0.536567747592926,a group of people on stage with microphones
60653,other discussions,http://i.imgur.com/Vwy2RCd%2ejpg,0,0,0.9997977614402771,0,0.6939901113510132,0,0.9702943563461304,1,0.5032354593276978,a group of children playing soccer in a field
3219,inspecting in their natural habitat,http://i.imgur.com/XgUKh76.jpg,0,0,0.9866635799407959,0,0.6944237351417542,0,0.9784244298934937,1,0.5143930315971375,a che che che che che che che che che che che che che che che che che che che che
52263,change table was looking at me,https://external-preview.redd.it/KnD6FkgI47mP-Lgl_P8zptkqGtQZHfUpR8GDTDOpueM.jpg?width=320&crop=smart&auto=webp&s=624b8323bc18315e0fb45dd546de37ef195c0fa4,0,0,0.987280011177063,0,0.6443755030632019,0,0.9916887879371643,0,0.5398468375205994,a bathroom with two urves and a toilet paper dispenser
95331,hero cat alerts owners to attic fire,https://external-preview.redd.it/778mdJwZbUzlML-_UibgTzRnDH03vxndNixIQorm1gQ.jpg?width=320&crop=smart&auto=webp&s=f9ebad70074add22c432940f0b9782542b712b6b,1,1,0.9982594847679138,0,0.69354647397995,0,0.7587051391601562,1,0.5176385641098022,fox 28 news
37711,this pineapple shaped porch light,https://preview.redd.it/l4gwflvqq1m21.jpg?width=320&crop=smart&auto=webp&s=7c9e49a48de5377d512deb710d351ded491251e4,1,1,0.9769864678382874,1,0.5594168901443481,1,0.9531075954437256,0,0.5400615930557251,a light fixture on the ceiling of a house
79984,the walken dead,http://i.imgur.com/4LfZhRu.jpg,0,0,0.9980310797691345,0,0.6948071122169495,0,0.9927194118499756,0,0.5292340517044067,a group of people walking down a street
16266,the size of this icicle,https://preview.redd.it/p1kkh85srei21.jpg?width=320&crop=smart&auto=webp&s=11e2b6c4fe6144d302dff5695fd57a7bc94e3e50,1,1,0.9981402158737183,0,0.6940180063247681,0,0.9309609532356262,0,0.5558674931526184,a man is holding a piece of paper
49147,so how long do you plan to stay in scotland,http://i.imgur.com/wAI7zwE.jpg,0,0,0.949962317943573,0,0.6930233240127563,0,0.9905864596366882,0,0.5477223992347717,a woman taking a picture of a castle
24203,crazy looking moth i found,https://preview.redd.it/hjknexfopaf31.jpg?width=320&crop=smart&auto=webp&s=380715203d1dc22ad908006b85b25ba0f3fab1c6,1,1,0.9860630631446838,0,0.5701139569282532,1,0.9752208590507507,0,0.576963484287262,a large brown bat hanging on a brick wall
90277,im flying jack,http://i.imgur.com/b2RFWka.jpg,0,0,0.9940580129623413,0,0.6941644549369812,0,0.9929363131523132,0,0.5559226870536804,a man in a suit and tie is sitting on a boat
67144,another d building,https://preview.redd.it/d9vkhhtqdm131.jpg?width=320&crop=smart&auto=webp&s=a8b8f4cdae29fdca8e163fd694371f42f3e21a98,0,0,0.7462428212165833,0,0.6914825439453125,1,0.7899506688117981,0,0.5248976945877075,a view of a building from the inside of a car
55383,mm with peanuts inside,https://preview.redd.it/5nwmfgyd4vi21.jpg?width=320&crop=smart&auto=webp&s=97213bf26f0760969d12346fc3b5f081b7f8d87a,1,1,0.9910244941711426,0,0.6928210854530334,0,0.9928163290023804,0,0.5043038129806519,a person holding a yellow ball in their hand
10270,hairs growing from follicle source my chin,https://preview.redd.it/4v445xxkb8131.jpg?width=320&crop=smart&auto=webp&s=b0aca348abf5c657965af6e4ef7ee9f7d4175dfd,1,1,0.9919320940971375,0,0.6936137676239014,0,0.5183195471763611,0,0.5068863034248352,a pen and a notebook with a note pad
51001,sex swing selftitled album,https://external-preview.redd.it/Nvk4ZYMyOmVtK_c9Zy0JK3bay0RktvYAH54viS-0LLg.png?width=320&crop=smart&auto=webp&s=dd594d06de74e0d7d461ef359d313dc7d8e9dffb,0,0,0.9998118281364441,0,0.6949489712715149,0,0.9655930399894714,0,0.5443471670150757,"the logo for the new album, ' sex sound '"
97758,this grape looks like a bean,https://preview.redd.it/4q2co92ls7o31.jpg?width=320&crop=smart&auto=webp&s=e7f37e1aec86f030d536c7bf0669d4c54a2bf4ab,1,1,0.9731978178024292,1,0.5604646801948547,0,0.5338139533996582,0,0.5397400856018066,a person is holding a small object in their hand
96034,data with his pipe,https://external-preview.redd.it/BNcYln3PkANPLgGWIzzqhtLcHK2UVhAieQWs_oZk_-4.jpg?width=320&crop=smart&auto=webp&s=fc9f42bd5e2cdd2082b0e0f302a0f0fdcd0be7a6,1,1,0.8670570850372314,0,0.6949009895324707,0,0.9864734411239624,0,0.5102841854095459,a man in a star trek uniform smoking a pipe
60201,my thumbnails are different shapes and sizes,https://external-preview.redd.it/N_gtA5R4xOhL3R3Bjql9mdf-koxiF0ms9o7s9vOl5KQ.jpg?width=320&crop=smart&auto=webp&s=7a39af3827f4a34c0207c0c8a645a388321d2bba,1,1,0.9981354475021362,1,0.5582064986228943,1,0.8760641813278198,0,0.5533269643783569,a man ' s hand with a ring on it
56973,trump greets eu trade reprisals with threat of steep auto tariff,https://external-preview.redd.it/ySpGGmpfqvAPgBa3krKlkKaxCAam8OxYYOz4JyXHa_I.jpg?width=320&crop=smart&auto=webp&s=94bb619b3fc6d5fa81989302e064fbbb7336d103,1,1,0.9947441816329956,0,0.68846595287323,1,0.788618266582489,0,0.5218026041984558,a large number of cars parked on a pier
99641,the establishment of the ussr,https://preview.redd.it/umlq81qd9oo21.jpg?width=320&crop=smart&auto=webp&s=bbb6b97d2a3567d6905d07d04f2a88b605351b88,0,0,0.9998458623886108,0,0.6937097907066345,0,0.9928182363510132,0,0.5083484053611755,a poster with a man in a suit and tie
96983,japan rescues north koreans from sinking ship,https://external-preview.redd.it/5mZalytspB48KnZPD-EnRTRWavTzdzETTUpaWAXuDZE.jpg?width=320&crop=smart&auto=webp&s=56539a7cc211529cbaf4871defe36bf8d6b9a972,1,1,0.9956294298171997,0,0.6824283599853516,1,0.9298495650291443,0,0.5204252004623413,"the cover of the book, the ship that never was"
7242,walmart employee dressed as link,https://external-preview.redd.it/PSkm-1zZTdv11Ad6qrLFvvteB-whcAe5m5Oq7aSbsLQ.jpg?width=320&crop=smart&auto=webp&s=27bacc3adddee75df49b028a610f1161b6563e6b,1,1,0.9286826252937317,0,0.6935261487960815,0,0.9180397987365723,0,0.5091458559036255,a man in a green coat holding a shield
93901,antarticas screaming skull island,https://preview.redd.it/ljwflcpc0sp31.png?width=320&crop=smart&auto=webp&s=3d84722e059fe4e536d8a666a839536fc9c78995,0,0,0.9686720371246338,0,0.6947996020317078,0,0.9921168684959412,0,0.5168440341949463,a satellite image of a small asteroid
56863,kawii desu,http://i.imgur.com/NMoMCFH.jpg,0,0,0.9975345134735107,0,0.6937359571456909,0,0.9921030402183533,0,0.5227349400520325,a group of people on a boat with a turtle
17197,hayden panettiere confirmed for spiderwoman in,https://external-preview.redd.it/8DaqGIPSLZBTs_EHXkfouDdcefvHE-HOutz7KofLfzs.jpg?width=320&crop=smart&auto=webp&s=c6b8e939ef7bbb0b05814adb71abd9cf0bd3c0c9,0,1,0.6299984455108643,0,0.6945641040802002,0,0.9921626448631287,0,0.5663942694664001,a woman in a purple dress with black and pink accents
43085,blythe end cause thats how it feels when you lose the love of your life,https://external-preview.redd.it/yGycNl0igjQ8NAGFfiviQaJCvYvQC5BpYZ-LVXVlg1E.jpg?width=320&crop=smart&auto=webp&s=57b5f02faa549e2e3b21c04b55987dc25de53477,0,0,0.9988572597503662,0,0.6950172781944275,0,0.9912068247795105,0,0.5271139740943909,"a blue and orange image of a man with a beard and a beard, with the words, ' by"
73430,a song you might remember from the good ol days,https://i.imgur.com/hzoTInZ.jpg,0,0,0.9914862513542175,0,0.6944987177848816,0,0.992887556552887,0,0.5456847548484802,a dog with a blue shirt and a red collar
57776,nsfw dead animal inside,http://i.imgur.com/eIX9Lpe.jpg,0,0,0.9640863537788391,0,0.6940808296203613,0,0.9908459782600403,0,0.5134366154670715,a woman holding a che che che che che che che che che che che che che che che che che che che che che che che che
107214,my cat found a portal,https://external-preview.redd.it/pYS7A9llPDSqyId5xYOY1DOSobM7LNyiHEc01S0XDg8.png?width=320&crop=smart&format=pjpg&auto=webp&s=c84640be4355a8cebe92112485173f505603b0ef,0,1,0.8352392911911011,1,0.5286175012588501,1,0.6005374789237976,0,0.5369566082954407,a table with a glass of water and a bottle of water
36523,pokot skeptically holding a flash,https://external-preview.redd.it/-6xlUjrQBRuYy7JmrCuEldjoyIAmerH3hX8zxlaMVR0.jpg?width=320&crop=smart&auto=webp&s=920241b8d74250dad7ee6fd3081148621613d88f,1,0,0.9802690148353577,0,0.6946815252304077,0,0.9473912119865417,0,0.5290613770484924,a man in a red shirt holding a light
98011,love those cute chubby baby hands what what,https://preview.redd.it/ljkj3nf76ny21.jpg?width=320&crop=smart&auto=webp&s=73a41a2d654c31000a5227241bc31376d55d0feb,0,0,0.9878554940223694,0,0.693681538105011,1,0.6528609991073608,0,0.5033239126205444,a woman holding a baby in her arms
70585,this candle made a cool pattern whilst being burned,https://preview.redd.it/b9y3xoxkd4s21.jpg?width=320&crop=smart&auto=webp&s=cd09b0c825c7328973e602748a8d8474ec8559f7,1,1,0.9954127669334412,1,0.5691813826560974,0,0.7986626625061035,0,0.5791906118392944,a glass filled with red liquid sitting on a counter
78095,brothel masquerading as hotel praised for good service in fourstar reviews on tripadvisor,https://external-preview.redd.it/blJjE-GCH61TmIgV1GNiEqoYjXPxMiPQ26eTcZ2lnaE.jpg?width=320&crop=smart&auto=webp&s=c3fac5e1fc11c5f5214bfaa9b177fb4573ca9288,1,1,0.9963021278381348,0,0.6880809664726257,1,0.9689013957977295,0,0.5151032209396362,a woman is seen in this google image
97226,cersei and kingslayer leaked pics from the icloud,https://preview.redd.it/1g3vgjqxwl431.jpg?width=320&crop=smart&auto=webp&s=e40de2ee26b95d18aee7e09ef6d104ec609fe3d1,0,0,0.9918926954269409,0,0.6948966383934021,0,0.9105304479598999,0,0.5199155211448669,a man and woman in bikinis on a boat
43260,terrified fish being eaten by a fox,https://external-preview.redd.it/L5v7vUkQyTnzcOke-x-ulp_5-Cxm0KNVKQxyIXNnHEA.jpg?width=320&crop=smart&auto=webp&s=d570a71eccfff45d141e21311c1084a3c2f5a7e7,1,1,0.7609615921974182,0,0.6944557428359985,0,0.9437474608421326,0,0.537367582321167,a fox is standing on a rocky shore
12057,neat trick,http://i.imgur.com/0Km92.jpg,0,0,0.9952117800712585,0,0.6945677399635315,0,0.9916640520095825,0,0.5215961337089539,a man is holding a sign on a skateboard
101558,this liquor store has two floors,https://preview.redd.it/2lee73u6c6331.jpg?width=320&crop=smart&auto=webp&s=3ea51484322ceb56e6b0a174f4fa7622b301ee28,1,1,0.9933295249938965,1,0.5659703612327576,0,0.743657648563385,0,0.5517197251319885,a mirror in a room with a lot of items
57221,catscats,http://i.imgur.com/M0DRGcR.jpg,0,0,0.9900544881820679,0,0.6938198208808899,0,0.8285039067268372,1,0.5199648141860962,a bunch of kittens
68983,breaking news la bans furbiggest city in history,https://external-preview.redd.it/QPlb8AxJ66QDmwUzaY82i24snANyS_pyTWf61TMtBAk.jpg?width=320&crop=smart&auto=webp&s=0cad5d70c6526bd7287aa665eeb4cfef19d7763d,1,0,0.9988009929656982,0,0.6943135857582092,0,0.9325616955757141,0,0.5603745579719543,a person is holding a large furry rug
63513,teixiet french street elevators,https://external-preview.redd.it/fKKAbp98oDj6YiWMZpN-TmWshwZh4iuW10L4Ou-AyYU.jpg?width=320&crop=smart&auto=webp&s=d4948bcb4912eedfbc7f6fcde997e77ed81580ab,0,1,0.7778240442276001,0,0.6927273273468018,0,0.9045833945274353,0,0.5026354789733887,the exit - the exit
51661,an old british west africa coin with the star of david on one side and arabic on the other,https://external-preview.redd.it/FZz4kjTwV6enYjypAve0vkHCDvoxQ9oUCcWp9rwiN1U.jpg?width=320&crop=smart&auto=webp&s=ac5c9f55192fe32d88c6df0e0e54bc1017f2aad1,1,1,0.9979384541511536,1,0.5560343861579895,1,0.9728086590766907,0,0.5009942054748535,two different coins with the same number
93016,im a little scared to post this,http://i.imgur.com/SgWS2Bd.jpg,0,0,0.9445651173591614,0,0.6885896325111389,0,0.6344618201255798,0,0.5202245116233826,a bird flying over a colorful striped wall
54259,mighty duck singular not plural,http://i.imgur.com/5rYQoGV.jpg,0,0,0.8746467232704163,0,0.6948551535606384,0,0.9551683068275452,0,0.5163069367408752,a group of people riding on the back of a duck
78915,chalkboard paint car hood bmw ic from rdiy,https://external-preview.redd.it/a5UbnQ6DAxRKbqTenpee0YoWzUXBegtF6ISA90-6Q74.jpg?width=320&crop=smart&auto=webp&s=97d2ae71b4f65716c9d5d56fb8081b0db69b02b9,1,1,0.9535914659500122,0,0.6946202516555786,0,0.7004460096359253,0,0.5306433439254761,a red car parked in a parking lot
101622,a little something called victory jaason simons,https://preview.redd.it/l75cqasshasz.jpg?width=320&crop=smart&auto=webp&s=9f0ce5ed48ac77ccdffef29912126b9900888fde,0,0,0.9978458881378174,0,0.6951805949211121,0,0.9926536083221436,1,0.5092146396636963,a little victory by lauren m smith
92678,the centerfold on my notebook has weird lines,https://preview.redd.it/rmcf1iulg9q31.jpg?width=320&crop=smart&auto=webp&s=4708aac89b002c340d5433c50ffdcbcd3af8bc9e,1,1,0.9921867847442627,1,0.6438183784484863,1,0.9623454213142395,0,0.5382078886032104,a notebook with a drawing of a mountain
67065,never really thought about it but in maui where im visiting along the walls of the highways there are these fence mesh systems that keep smallmedium rocks from smashing into you,https://preview.redd.it/dexq8fu5v2k31.jpg?width=320&crop=smart&auto=webp&s=a93acef63869be95e1a01ec65fdc88cc13734f03,1,1,0.9937624335289001,1,0.555669367313385,1,0.9738655686378479,0,0.5402892231941223,a fence that has been set up on the side of a road
26794,linda ackley michigan woman gives birth after doctors say hernia is actually a baby,https://external-preview.redd.it/RH44lBizj6meHRDBg6peKFbmNni8X9HQXeu2L_RKOGc.jpg?width=320&crop=smart&auto=webp&s=96f29bc1f5d21ff325db5387f54f3ea614d64ce3,1,1,0.9982800483703613,0,0.6916053891181946,0,0.9919151067733765,0,0.513895571231842,the hut logo on a purple background
49530,carrier to relocate indianapolis manufacturing operations to mexico,https://external-preview.redd.it/nd0iEPsRo8dLwytQrrIDnzJLVAnQ4mGrh4yFQ1EGrAs.jpg?width=320&crop=smart&auto=webp&s=37f868770a754b1e6a1770faa44cb16c54aab28e,1,1,0.9945027828216553,0,0.5963994860649109,0,0.9766641855239868,0,0.5328714847564697,a parking lot with a lot of snow on the ground
43970,this is the logo of an old luggage bag i had in my basement,https://preview.redd.it/z4bd3grgr0t31.jpg?width=320&crop=smart&auto=webp&s=b8caeb27db403a2d20b6944cd9583c4189cf0f06,1,1,0.9833195805549622,1,0.5594552159309387,0,0.9909268617630005,0,0.5394506454467773,a person holding a key in their hand
88682,fixed giant concrete teepee acting as a lightning rod at a s dakota rest stop,https://preview.redd.it/xeaiwb6vyy331.jpg?width=320&crop=smart&auto=webp&s=9423b7a00cb430acd32e001774c3d83abaf3dc17,1,1,0.9634443521499634,0,0.6875084042549133,1,0.9730570316314697,0,0.5453729629516602,the sculpture is in front of the building
65180,chic de ville of those who are present,https://external-preview.redd.it/lnT4GueCG8LjIm3mIEahstEubgysv_DiFFgDMawc14k.jpg?width=320&crop=smart&auto=webp&s=27313c7aed11bacf5127909db4ffe77e7b89ac66,0,0,0.9801008701324463,0,0.6942131519317627,0,0.991694986820221,0,0.5242933630943298,a path through a forest with bluebells
60497,two stabbed suspect arrested during fight over cookies in altadena,https://external-preview.redd.it/p1fMaJyh4oKSaD3JP84ZIlhp3yi0zVFEY-FBVgBUUZY.jpg?width=320&crop=smart&auto=webp&s=7a5ad94f4bb60a9d33229d9813aae7c3b4af738a,1,1,0.998254120349884,0,0.5068846344947815,0,0.9904451370239258,0,0.5036783218383789,the logo for psn
92732,they mostly come at night mostly,http://i.imgur.com/hmBXlVG.jpg,0,0,0.9775798916816711,0,0.6947360038757324,0,0.9844619035720825,1,0.5160558223724365,a black and white image of a predator
106822,square face with goggles or mad tiny eyes,https://preview.redd.it/ph0dqzsk5rj11.png?width=320&crop=smart&auto=webp&s=d5550bb24a691cf771e17735f57dbdb94724a001,0,0,0.9431511759757996,0,0.6950331330299377,0,0.9680564403533936,1,0.5102964639663696,a person holding a white wii game controller
26997,what are the five most addictive substances on earth,https://external-preview.redd.it/inYTy3XEqZo9f1h93Jki2AIovhWuL3EUIR4aHXyQinY.jpg?width=320&crop=smart&auto=webp&s=8ce892801d9bbc4b482fc2d431b25fe7204d6201,0,0,0.9035941958427429,0,0.6945191621780396,0,0.5726647973060608,0,0.5140946507453918,the five most adverts on the web
74144,other discussions,http://i.imgur.com/xjzxtCc%2ejpg,0,0,0.9997977614402771,0,0.6941518187522888,0,0.9929689764976501,0,0.5521530508995056,"a black and white text that reads, ' the things you are trying to get out of your own '"
45696,this jalapeno pepper,https://external-preview.redd.it/b5LTHAMMg1P4rGqx2iz40wTosx9nzA-HthOYgBs5rlk.jpg?width=320&crop=smart&auto=webp&s=c4c1f8edd436fd0ef40c2d5c940a063ca0d541e9,1,1,0.8521625399589539,1,0.5648212432861328,0,0.9746025800704956,0,0.5400481224060059,a green pepper on a orange surface
9898,happy little lens flare,https://preview.redd.it/jxdqtaq7vvt21.jpg?width=320&crop=smart&auto=webp&s=abff2b997fc76dbbc24228d2f2a02b1fcaacb111,0,0,0.9918895363807678,0,0.6938073039054871,0,0.8914707899093628,0,0.5100206732749939,a sunset with the sun shining through the clouds
101947,closeup of a crocodile,https://external-preview.redd.it/MdlRoUTnHbRbNsm-WzPb7ThkWf9gqDWyFlUb0hCTA-s.jpg?width=320&crop=smart&auto=webp&s=64cbaed8b3fe822b5a25652e89164b96155e0f40,0,0,0.57689368724823,0,0.6938442587852478,0,0.9896050691604614,0,0.5247901082038879,a tree stump is sitting on the ground
61791,disabled farmer sitting between all of his many pigs,https://preview.redd.it/e0g4pjexlif11.jpg?width=320&crop=smart&auto=webp&s=a4802752fbb47bd6e53be6caa5a7b2b5e6b523fe,0,1,0.8801371455192566,0,0.6946415305137634,1,0.6813876032829285,0,0.5571745038032532,a man in a wheelchair is surrounded by a large herd of pigs
51343,a scary egg was hiding in my salad,https://external-preview.redd.it/yELDAcv8OjLeEVYczMq3py8nmwVnsh0jt91zCOImBBQ.jpg?width=320&crop=smart&auto=webp&s=2970e1127678b0e5f2bd24b538c8ea5f87671aaf,0,1,0.5238921046257019,0,0.6727707982063293,1,0.9711503386497498,0,0.5514298677444458,a plate with a fork holding a piece of food
84846,cops recover azam khans missing buffaloes,https://external-preview.redd.it/XtJWIJputXzpka3Joh9Q-lK0FvNz7DKzKrckdAYp4F4.jpg?width=320&crop=smart&auto=webp&s=3f8b7053d47441d739c381f0789d819dd68ae37b,1,1,0.9500961303710938,0,0.6941964030265808,0,0.8839474320411682,0,0.5137875080108643,"the former minister of the punjab district, mrp, was seen in this file"
35537,high school teachers year book photo,https://external-preview.redd.it/UJm51_SMnL9GofqAAIzDRJ7D0r43EgSDxTxvjuf5cvA.jpg?width=320&crop=smart&auto=webp&s=945513e8d3aa95cd4f88b6a5b17479877d2539fb,1,1,0.9456084370613098,0,0.6942600011825562,0,0.9876471757888794,0,0.5253318548202515,a man with a mustache and a blue shirt
25227,my printers paper guide is not having a good day,https://preview.redd.it/owxib8gnsyoy.jpg?width=320&crop=smart&auto=webp&s=fc779f2db71afe69efeb4ed3b5e6f27f048512cb,0,0,0.9683279991149902,1,0.5505454540252686,0,0.9905373454093933,0,0.5533559322357178,a printer machine with a paper cutter on it
22838,a cat examining his reflection,https://external-preview.redd.it/4GtLwhcUIuPF6tZLRtcBUWbrjuPYw81h63yniXkwA6U.jpg?width=320&crop=smart&auto=webp&s=4350b6a67614f52d2c3157f80de9cb62adc5b390,1,1,0.8915775418281555,0,0.6931591629981995,0,0.9698115587234497,1,0.5052093863487244,a white cat and a black and white cat
98709,steve bannons inflamed liver pulsing visibly through shirt during strategy meeting,https://external-preview.redd.it/INRCEY3k9jsGTNxT34_-__5Wx7qQ_kqL0ZvHn2nlXZw.jpg?width=320&crop=smart&auto=webp&s=90a1bf224aade7b60ffb1c2a903f6dfb991a3743,0,0,0.6055481433868408,0,0.6948715448379517,0,0.8493690490722656,0,0.5213502049446106,president busher meets with president obama
28402,female students at queens sign up to sex for gifts dating site,https://external-preview.redd.it/FHioAJ6pW_APGiWICToG3CN5OYbUeHethJ0vnRDGzy0.jpg?width=320&crop=smart&auto=webp&s=9608445c93aeeb878bb16ea13a4e5ce949e660fa,1,1,0.9983042478561401,0,0.6935921311378479,1,0.8671485781669617,0,0.5443232655525208,two girls standing in front of a chalk board
85187,this big blueberry i found next to my thumb for comparison,https://preview.redd.it/qlmgx6m0rmp31.jpg?width=320&crop=smart&auto=webp&s=eea1c1dd65357de78b33fd1ca23fa3488d427b5f,1,1,0.9978085160255432,1,0.5628495812416077,1,0.979245662689209,0,0.5507979989051819,a hand holding a small black bea
10097,balls,http://i.imgur.com/2QVU8SR.jpg,0,0,0.9935787916183472,0,0.6945875883102417,1,0.6725479364395142,0,0.5500973463058472,a man is falling into a ball pit
51828,not my oc,http://i.imgur.com/hNhto.jpg,0,0,0.9510135650634766,1,0.5233126282691956,0,0.9928961396217346,0,0.5443545579910278,a man with a zebra print shirt and a beard
83359,this door creeped me out,https://external-preview.redd.it/SE1alJy5vB9PTYcT15GlzD4MjbvkEyrZfnLoBU-blTI.jpg?width=320&crop=smart&auto=webp&s=bb4caab6af8a824d2912a64b54f9d5cc5658b6a5,0,0,0.6701226830482483,1,0.5596234798431396,1,0.967002809047699,0,0.5656020045280457,a man in a black jacket standing in front of a door
47501,prosthetic made at home for high school classmate in marching band,https://external-preview.redd.it/4HH3XN18S7IzKO0tkaC9Ad-PAk8BQSbXlERrt4-PZO0.jpg?width=320&crop=smart&auto=webp&s=c4210af07e4ce86da1249aff9f80c61d758437b2,1,1,0.9983591437339783,0,0.6920042634010315,0,0.9066864848136902,0,0.5402909517288208,a woman in a red shirt is holding a silver horn
95071,dog reunited with jacksonville woman after disappearance mile journey home,https://external-preview.redd.it/rn_u3teOsyUvgCjt-ZSMJ2cNCoaJmRSp74wnsckXLrU.jpg?width=320&crop=smart&auto=webp&s=7c1877289232e93e4794f9ca83d6b9d9bf71ecee,1,1,0.9976429343223572,1,0.5498762130737305,1,0.941701352596283,0,0.526764452457428,a woman is hugging a dog on the street
65516,alaska airlines says so long to nonrecyclable plastic straws,https://external-preview.redd.it/NZLm__SWYtXNpHAMgL0EopoXVJlxOgtgf0awVFJKxXU.jpg?width=320&crop=smart&auto=webp&s=b8b5525da1583a3fc0902df70cb16cfb0e9b8256,1,1,0.9871363639831543,1,0.5113694667816162,0,0.9905796647071838,0,0.523946225643158,two cups of coffee
81812,this tree branch is crooked,https://preview.redd.it/ihqmh48a1n131.jpg?width=320&crop=smart&auto=webp&s=5a6dba6d5ff9669827e5c2aac24b1384ecf7b666,1,1,0.9251399040222168,1,0.5647373795509338,1,0.9301761984825134,0,0.5582132935523987,a large tree with a large trunk in the middle
69806,a wild gyarados appeared,http://i.imgur.com/6aFracm.jpg,0,0,0.9436452388763428,0,0.6948018670082092,0,0.9411682486534119,0,0.556941032409668,pokemon 2 - the legend of zeo
51898,i think it cant get more britisch than this,http://i.imgur.com/9a2cGns.jpg,0,0,0.672313392162323,0,0.6945873498916626,0,0.8675008416175842,0,0.5033429265022278,a black taxi cab
18056,a cat stretching on the road,https://external-preview.redd.it/oxapl9p-sINVTsqhMyIBVabFOTBZTqd0BpN44fLdyds.jpg?width=320&crop=smart&auto=webp&s=b4157d86e26ad528ccf4aae889e89ea8a04722e7,0,1,0.9636902809143066,0,0.6939916610717773,0,0.9870802760124207,0,0.5196942687034607,a man in a suit and tie is surrounded by reporters
52203,obligatory,http://i.imgur.com/9aJaXel.jpg,0,0,0.9997323155403137,0,0.6937881708145142,0,0.9737995266914368,0,0.5437149405479431,a man holding a piece of paper with a drawing of a bird on it
87745,am i doing this right,http://i.imgur.com/FoV5frb.jpg,0,0,0.9917052984237671,0,0.6948796510696411,0,0.9912009239196777,0,0.5692102313041687,a man is hanging on a pole in the middle of a field
55934,teen cant stay on the transplant list without a stable home so his teacher is adopting him,https://external-preview.redd.it/5GfbRoRWMT0XY78iE43VPttWdWF4GdPzigHL5l7vkQc.jpg?width=320&crop=smart&auto=webp&s=ae474de7d5416d3ed5aaca3762f4d48d45f78154,1,1,0.9983983635902405,0,0.6588825583457947,0,0.9135598540306091,0,0.5431793332099915,a man and a boy sitting on a couch
48821,a ussf soldier tests the first combat vehicle to be used for space combat,https://preview.redd.it/ey5uwfxunz411.jpg?width=320&crop=smart&auto=webp&s=469b4fffe40220b3819762f695c9cd0e9be650ed,0,0,0.9989286065101624,0,0.6928852200508118,0,0.8792200088500977,0,0.5398154258728027,a red car is driving in front of a blue planet
75462,filthy fine wine,http://i.imgur.com/i2JVYd2.jpg,0,0,0.986143946647644,0,0.6943491101264954,0,0.9856955409049988,0,0.5145617723464966,a bottle of wine with a label that says gre grove aged 8 years
47722,amber room of the catherine palace russia,https://external-preview.redd.it/gbSnWHsTOpqRtiHg8sUQDB9aMoqQafHK_w7oPmegqUU.jpg?width=320&crop=smart&auto=webp&s=48395934ed42459a51bacfcd50b46413ceb2a0c2,1,1,0.8308380842208862,0,0.6892305016517639,1,0.9480206370353699,1,0.5047069191932678,a room with gold and red walls and ceiling
71219,hard to tell,https://external-preview.redd.it/qEN3NdSgxrRHFsnbgcGKElMSEod3WKS3Bu3XHOn2I-0.png?width=320&crop=smart&auto=webp&s=4201cda09bdf632cdf7133182b1108093cda35b0,1,0,0.9994049072265625,0,0.6935691833496094,0,0.9115371108055115,1,0.5071997046470642,two pictures of a house with a roof
19644,got high on the force help me improve it for my okc profile,https://external-preview.redd.it/T1TQM6nzESymmF0EuRrtF8Phh3cRU2AG3vEfKJZfhP8.jpg?width=320&crop=smart&auto=webp&s=ed85335fd3486961125be7b6a6ee305aba992b11,1,1,0.9939038157463074,0,0.6932297945022583,1,0.9017081260681152,0,0.5658406019210815,a woman in a room with lightsabes
25640,a man and his horse,https://external-preview.redd.it/Lg2_yYzxJ9IqaoPOEorS45vzWjOa9cuOPCVkUZnegdA.jpg?width=320&crop=smart&auto=webp&s=da8d03803d404da0ee16b93c779a4802f3b5323e,1,1,0.9094285368919373,0,0.6948750615119934,0,0.8993943333625793,1,0.5008510947227478,a man is running with a horse in a field
5476,was wearing a bandaid while repairing my bike but removed it afterwards,https://external-preview.redd.it/Q0BsTBdyVLtVNsuNsmESWv_r43umwijFInxyiLTTmDI.jpg?width=320&crop=smart&auto=webp&s=2231ed4e48df6e64f8721ed9cdd47dae08774e55,1,1,0.9856534600257874,1,0.5549524426460266,1,0.9303162097930908,0,0.5360774397850037,a person is holding their hand out to the camera
107371,hands self titled,https://preview.redd.it/xrezefxtuho31.png?width=320&crop=smart&auto=webp&s=b22a22babc845236a86c6b85b09250059e566343,0,0,0.9998288154602051,0,0.6946953535079956,1,0.7389857172966003,1,0.5145316123962402,hands pointing at the word hands
97399,giuliani works for foreign clients while serving as trumps attorney,https://external-preview.redd.it/VWr5Sp_AwIjJ3rEz3fE8uVEaoBuX_om-TX0sTGj8TT0.jpg?width=320&crop=smart&auto=webp&s=ff2237293f06c41c8a86158e34890f734cc5ba2f,1,1,0.9901554584503174,0,0.6946892738342285,0,0.9918895363807678,0,0.512287437915802,a man in a suit and tie standing at a podium
22198,donye dragon energy,https://preview.redd.it/i2db8c107pu01.jpg?width=320&crop=smart&auto=webp&s=719a9ab2fff8e2cd70b1e3429654ce72b91f28f2,0,0,0.9938876032829285,0,0.6948560476303101,0,0.992865800857544,0,0.5187602043151855,the prodigys - one way
49992,this thai restaurant seems okay,https://external-preview.redd.it/-tRfQNdgb9CS2Aj14eLNbCJvGbF54FoSj4nOiubiGS0.jpg?width=320&crop=smart&auto=webp&s=7b9810bc1840352deff28377bec321904d75fde3,1,1,0.747355580329895,1,0.5610611438751221,1,0.9385147094726562,0,0.5308507680892944,a car parked in front of a building
21387,they say polar bears can swim,https://preview.redd.it/qh9tfqgh4d8z.jpg?width=320&crop=smart&auto=webp&s=9f40a1c0eea098d5c3cd0bb9e8470b759cd91334,0,0,0.9484121799468994,0,0.6944778561592102,0,0.9846028089523315,0,0.5293036103248596,a bathroom with a bathtub and a sink
33296,bill clinton sexually assualts intern,https://preview.redd.it/mjkjstch3dv01.png?width=320&crop=smart&auto=webp&s=0c1fa1f334394923b9abe6293070c2a3845e4879,0,0,0.5049936175346375,0,0.6948837041854858,0,0.9918314814567566,1,0.5163523554801941,a man and woman hugging each other people
12035,this miniature train in a malls electrical room,https://preview.redd.it/g2bptxdmw2b31.jpg?width=320&crop=smart&auto=webp&s=7fed1a6b3024fdbf79b664f1742f2e23de5d7db0,1,1,0.989679217338562,1,0.6220898032188416,1,0.9417662024497986,0,0.516282320022583,a room with a door and a sign
70648,this dog catching leafblower air with its mouth,https://external-preview.redd.it/3CrVfC-Zuhv_2jis2g9aMaoWWwJhtF_SkhRFyzE5SKw.jpg?width=320&crop=smart&auto=webp&s=bd50f9c7ced8898a51b9cedf3168b976858fb515,1,1,0.9785868525505066,1,0.5571639537811279,1,0.9193387031555176,0,0.5371308922767639,a dog standing on a porch with its tongue out
14158,this transparent partially decomposed leaf,https://preview.redd.it/sdtjedzeyam21.jpg?width=320&crop=smart&auto=webp&s=1a2233bccd4685f007b332861f9db01308ad4294,1,1,0.9917830228805542,1,0.5563346147537231,0,0.9090242981910706,0,0.5205754041671753,a person holding a leaf with a small insect on it
18223,the fbi releases a statement on brad pitt child abuse allegations,https://external-preview.redd.it/LkmotFbB1miOxtooyjOgTqmTkq2Bo0BqYWTNsakzJmI.jpg?width=320&crop=smart&auto=webp&s=25213b601d2670b966a8fb9a6437b46850df6fa2,0,0,0.8795495629310608,0,0.6941739916801453,0,0.9522046446800232,1,0.5080268979072571,angelina and brad pitt
90311,prisoner rats himself out with facebook selfie of cellgrown cannabis,https://external-preview.redd.it/pCD64Cny_uonMGtfYdQGj6d1FdvPkLyK3_6f6ysyuAQ.jpg?width=216&crop=smart&auto=webp&s=e4617921c3734222249f0f55dd7c4fa78a60c28b,1,1,0.9946601986885071,0,0.6909959316253662,1,0.8717296123504639,1,0.5019052624702454,a man in a white hat and a black shirt
60696,really adidas what does this have to do fortnight dances at their favorite game ad by an escape room company ill give you ingame items depending on your stolen phone relatable,https://preview.redd.it/4qu5xw74few21.jpg?width=320&crop=smart&auto=webp&s=d55dae62846ba9b3e37341ef9a01610fa54f276b,0,0,0.9951340556144714,0,0.6891161799430847,1,0.9685119986534119,0,0.5457826852798462,flos is one of the best places to eat in the city
52669,i got two seasoning packets in my ramen,https://preview.redd.it/0poz8u2ejyx11.jpg?width=320&crop=smart&auto=webp&s=4da647705b683e9aac0747669c3d0e7c20808a1e,1,1,0.9978163242340088,1,0.549693763256073,1,0.8769431114196777,0,0.5335394144058228,a bag of chips and a bottle of soda
64880,guy at the club,https://external-preview.redd.it/L3LjnmE-NHQsdh-OyydNxhM_IwoGG0nLFGW0y60rSWM.jpg?width=320&crop=smart&auto=webp&s=ed0df98838d8432aca0efb0b4c924e8b5a16341f,1,1,0.8845340609550476,0,0.6944791674613953,1,0.8567267060279846,0,0.5334596633911133,a crowd of people at a nightclub
60146,bikers helping child victims,https://external-preview.redd.it/3vYffGPY5lnV10LgfqBBpaGyhFrUZ1KXwsWeM_yi2xI.jpg?width=320&crop=smart&auto=webp&s=60f45c15b5c1c77434889901324bfbd4eb1f00f9,1,1,0.9836789965629578,0,0.693562924861908,1,0.87899249792099,1,0.5012240409851074,a group of people riding motorcycles down a street
3349,this butternut squash,https://preview.redd.it/wngzaoyn5pl11.jpg?width=320&crop=smart&auto=webp&s=f8ae3fe0bc6708669d767aaa9683ef28e84c3440,1,1,0.9213063716888428,1,0.5591565370559692,0,0.9924618601799011,0,0.5335970520973206,a person holding a bottle of milk and a bunch of squash
104025,other discussions,http://imgur.com/1kMtuqP%2ejpg,0,0,0.9997977614402771,0,0.6945264935493469,0,0.9930978417396545,0,0.506443440914154,a man doing a trick on a pole
90709,a most delicately placed urinal cake,https://preview.redd.it/6d096def0hs31.jpg?width=320&crop=smart&auto=webp&s=bfaa37c2c33c0cd369aa9a42a0d21f684bef9ab0,1,0,0.799468457698822,0,0.5801036953926086,0,0.8387491703033447,0,0.5438030362129211,a white ure with a yellow button on it
67504,wish you were here,http://i.imgur.com/6dHjTDU.jpg,0,0,0.989400327205658,0,0.6942813396453857,0,0.9921339750289917,0,0.5326603055000305,a man standing in front of a gate
77158,connor mcdavid in an awkward fan photo,https://preview.redd.it/bb1ok25ctkwy.jpg?width=320&crop=smart&auto=webp&s=c879018d552784d714789aa122c4b19d6e2b27ed,1,1,0.9853482842445374,0,0.6943296194076538,0,0.9913784265518188,0,0.526101291179657,a man and woman standing in an airport
101055,toad lounging on toad lounging in small birdbath resting on toad,http://i.imgur.com/RbhLpkQ.jpg,0,1,0.6851053237915039,0,0.6940749883651733,0,0.8990368247032166,0,0.5295247435569763,a frog and a frog are sitting on top of each other frog
54413,the inside of this petunia looks like it leads to the upside down,https://preview.redd.it/jo6lk3q9fiy21.jpg?width=320&crop=smart&auto=webp&s=1df8367519ff478978fe9cea7767244841faa24c,1,1,0.9715607166290283,0,0.6612653136253357,1,0.6280210614204407,0,0.5779178142547607,a vase filled with purple and white flowers
34456,man teaches homeless woman to read during his lunch breaks,https://external-preview.redd.it/mB3EyqR0OobxTzXPewur6Di673K_yZAzaSQpZOExKQA.jpg?width=320&crop=smart&auto=webp&s=d88e9d47bb68a0fb675cb75a94d390fb9eb5df9c,1,1,0.9979323148727417,0,0.6837618947029114,0,0.9397183060646057,1,0.5143330693244934,a man and woman standing next to a bike
59240,whos a good puppy,https://preview.redd.it/2lm6heqxn3qy.jpg?width=320&crop=smart&auto=webp&s=e1c9628e3692a9513a27182ffe4a39cd0c2517d2,0,0,0.9785081148147583,0,0.69462651014328,0,0.992367684841156,0,0.5912092924118042,the honey air puer is a portable air puer that is used to clean and deod
9646,tiny footwide strip of asphalt in long beach listed for,https://external-preview.redd.it/4A16ZqEPTV9vBiGZ2AtYqX4v3u5fQmTYJS_9g-q4UHI.jpg?width=320&crop=smart&auto=webp&s=bab8dfc28e222c7d58dd94f15083348d5557de88,1,1,0.9833182096481323,0,0.690091073513031,1,0.9515577554702759,0,0.5354326963424683,a car parked in a parking lot
55979,hello my baby hello my honey hello my ragtime gal,http://i.imgur.com/F5brt5u.jpg,0,0,0.9973719120025635,0,0.6943507194519043,0,0.9918304085731506,0,0.5201963186264038,a woman in a blue dress and hat singing
34479,this is the tail fin of a british raf tornado plane that crashed into the mediterranean sea the plane registration is zg and the crash report is in the comments,https://preview.redd.it/eyci4hrn4mh31.jpg?width=320&crop=smart&auto=webp&s=b92d02c244a154215aa7aa5dd3e210d771f547c6,1,1,0.9877316355705261,1,0.5641000866889954,0,0.9594324827194214,0,0.5642151832580566,a wooden shelf with a metal shelf on it
77084,s households with a single child or two daughters will receive benefits from the government details in comments,https://external-preview.redd.it/RHahEqqLuNSpxEeLP4bchV9M9r9h5oZLJnZ-72mo0wU.jpg?width=320&crop=smart&auto=webp&s=aae27c81cefa2b0e0ffc7c5fc3c172b9492ff407,0,1,0.9976765513420105,0,0.6884662508964539,0,0.9826715588569641,1,0.5233001708984375,a mural on the side of a building in china
13971,happy door stop or lock,https://external-preview.redd.it/Zpwf2EbrmT22VIFahRGpYSE2jQlOeg1zII995y7s9Xk.jpg?width=320&crop=smart&auto=webp&s=868e5b2375b6e19897931062e25ad5dc1006c90e,0,0,0.981570303440094,0,0.6944196224212646,0,0.9608087539672852,0,0.5190960168838501,a wooden table with a metal latch
1737,a taco fits perfectly in this lil compartment,https://preview.redd.it/68y4vrtvryf31.jpg?width=320&crop=smart&auto=webp&s=488fb9b92a0fa25b94c7b6b111f4b3dae9b8af7c,1,1,0.8484927415847778,0,0.6939899921417236,0,0.9809626340866089,0,0.572234034538269,the dashboard of a car with a screen showing the screen
91290,belligerent goat trying to escape from a burning building,https://external-preview.redd.it/aSYr0sK7byzQw5Gth2lWL5QI5xneD66O2hwhx_EMyGs.gif?width=320&crop=smart&format=png8&s=cdd7b6bdf994bc8efcce22b5d96a1944ce3027c7,0,1,0.664717435836792,0,0.6606190204620361,0,0.9920143485069275,0,0.5197189450263977,a black and white photo of a building
14446,can you please ask your breasts to stop staring at my eyes,http://i.imgur.com/dnGEGn8.jpg,0,0,0.9818869829177856,0,0.6940162777900696,0,0.9921626448631287,0,0.509720504283905,a woman with a green bikini and pink lipstick
23866,tail gunner cat,http://i.imgur.com/0FhyeGZ.jpg,0,1,0.6151410937309265,0,0.6943434476852417,0,0.9904984831809998,0,0.5228160619735718,a plane with a pilot inside of it
99419,service please,http://i.imgur.com/al8bgBV.jpg,0,0,0.9921379685401917,0,0.6942765712738037,0,0.9496603012084961,0,0.5053818225860596,a group of people sitting at a bar
97650,toy story is being filmed,https://preview.redd.it/lf6z460uxns31.png?width=320&crop=smart&auto=webp&s=a926a8016b28f18e367310b037ac155103abc544,1,1,0.9815133810043335,0,0.6946989893913269,0,0.9916427135467529,0,0.5043772459030151,a car is stopped at a stop on the side of the road
50438,ice cavern,https://external-preview.redd.it/3AXi_N8-rF_1jl_n7W6oNi7ui3in-D4rahpLt5FK6gI.jpg?width=320&crop=smart&auto=webp&s=00ec63a8b1e4850ca8ef7ace4965d88e0481a359,1,1,0.8485147953033447,0,0.6948502659797668,0,0.6771903038024902,0,0.5317894816398621,a person standing in a dark cave
18162,i use the tools that are available to me,http://imgur.com/NcrL23B.jpg,0,0,0.9858040809631348,0,0.6946746706962585,0,0.9912781119346619,0,0.5145853757858276,a man holding two baby animals on his shoulders
111697,forbidden pepperoni pizza,https://preview.redd.it/xxwrq50cdyc11.jpg?width=320&crop=smart&auto=webp&s=5ce5e3158fe7f1b5f7e87f44cf7eef7cf9d094e4,0,0,0.9652911424636841,0,0.6208463907241821,0,0.8574516177177429,0,0.506659746170044,the sun as seen by nasa ' s hub spacecraft
58531,like this,http://i.imgur.com/lLu5LYd.jpg,0,0,0.9991422891616821,0,0.6944701075553894,0,0.9924210906028748,0,0.5065194368362427,a group of children playing video games on a large screen
33958,creepy,http://i.imgur.com/JyEQdQ7.jpg,0,0,0.9984538555145264,0,0.6943748593330383,0,0.993012011051178,0,0.5119811296463013,a penguin and a penguinling standing in the snow
105116,pink floyd delicate sound of rockets,https://external-preview.redd.it/7cNu0Cc8IbuXvKERlL1ia0tUUb8V9_NXkW8t9yLzcp4.jpg?width=320&crop=smart&auto=webp&s=d6110b81d95bee2d369b9b4f160e36449fd98275,0,0,0.9996719360351562,0,0.6943329572677612,0,0.7837147116661072,0,0.546000063419342,a man sitting at a desk looking out at a plane
19944,fusion,http://i.imgur.com/bKL5WaM.jpg,0,0,0.9923778772354126,0,0.6943325400352478,0,0.9881040453910828,0,0.5337024331092834,a statue of a man holding a sword
74482,steven pinkers updated stats show continued decline of all forms of violence across the world,https://external-preview.redd.it/bH51JMVHGumxnYI5k5RfxY2eqXWX_-FIVrGbCuQ2nwI.jpg?width=320&crop=smart&auto=webp&s=63382be0d61ff99dd6a1d2bca13521eea3b3fe8c,1,1,0.9961005449295044,0,0.6940901279449463,1,0.7933976650238037,0,0.5044214725494385,the guardians - the guardians
37370,smiley face in my desk,https://preview.redd.it/utwj2h0xssw21.jpg?width=320&crop=smart&auto=webp&s=006f970e83b08c288eb97ba0d76d3b69cc998a8d,1,1,0.7202132940292358,0,0.6936421990394592,1,0.9173433780670166,0,0.5858113169670105,a desk with a computer and a cup on it
109111,a girl in a chernobyl themed classroom,https://preview.redd.it/eik8b0y57k431.jpg?width=320&crop=smart&auto=webp&s=341a8efd391723ff6a8f5af0641e219f44d15276,1,1,0.9286152720451355,0,0.6936185956001282,0,0.9757994413375854,0,0.5060709714889526,a man is standing in a room with a table
799,monsoon,http://i.imgur.com/unY2RBB.jpg,0,0,0.9362350702285767,0,0.694257378578186,0,0.9487071633338928,0,0.5112490057945251,a woman carrying an elephant on her back
18196,excuse me,http://i.imgur.com/rVacAx2.jpg,0,0,0.9954807758331299,0,0.6944127678871155,0,0.9914195537567139,0,0.5394110083580017,a dog is sitting in a box with pizza
105394,san francisco cathedral will stop dousing sleeping homeless people with water,https://external-preview.redd.it/rbkoc9OAp2Xd1jk7r6ULfQb3DEUOZjcOnM8TxeNHuGI.jpg?width=320&crop=smart&auto=webp&s=cca31a4d7c64628a0d6b2b079c14ba9a774069f4,1,1,0.998067319393158,0,0.5655215382575989,1,0.9608507752418518,0,0.5062662959098816,the church of the immaculate in the city of los
79932,new jersey raising gas tax cents to end road funding crisis,https://external-preview.redd.it/25UqXhBe_8ERFgFDwOVcxrH_3Zy3SVf2mF92UQqHTuM.jpg?width=320&crop=smart&auto=webp&s=e722a99df5fbec0f2829966dfb1c38493e6f44b5,1,1,0.998094379901886,1,0.5494635105133057,0,0.992667019367218,1,0.5182174444198608,a man in a suit and tie shaking hands with a woman
7389,alert dog helps indiana girl cope with diabetes,https://external-preview.redd.it/4b0uNiwnP2KQAiUbJkbGpClUhd2sszhFQrsT_Wr1bQQ.jpg?width=320&crop=smart&auto=webp&s=b5e4fa0415043e2fb25330ef93c4cbebc1ed33ef,1,1,0.9984641075134277,0,0.6930291056632996,1,0.7320021986961365,0,0.5068826079368591,a woman sitting on a chair with a dog
80963,when i die you stay away from my funeral,http://i.imgur.com/VgazCQH.jpg,0,0,0.990642249584198,0,0.6940612196922302,0,0.7903382778167725,0,0.5458781719207764,a dog with a frumbous expression
2310,a moth the size of my fist,https://preview.redd.it/mk0cyn6vzle31.jpg?width=320&crop=smart&auto=webp&s=be47d859247a041330a21b8ab7d1e7dbfc04c0b6,1,1,0.9891590476036072,0,0.6882526278495789,1,0.6778390407562256,1,0.5095746517181396,a person holding a small piece of paper in their hand
97147,other discussions,http://i.imgur.com/x4BOmb8%2ejpg,0,0,0.9997977614402771,0,0.6947150826454163,0,0.9721808433532715,1,0.5017207860946655,a man and woman are eating pizza together
73867,ryan beatty boy in jeans,https://preview.redd.it/zo49vo47aer31.jpg?width=320&crop=smart&auto=webp&s=bb94aa62357208c51a5bcb3306eec2ccdb680d80,0,1,0.9328533411026001,0,0.6944952607154846,0,0.9618286490440369,0,0.5181998610496521,a group of people standing around a pool
103145,my family not nearly as fked up as theirs says meghan markle,https://external-preview.redd.it/MEh968A-YamLnk9vN_uXj5FMMqou6lyZL1Xf2PNk95U.jpg?width=320&crop=smart&auto=webp&s=fa9dccabab1319ef06a80994ffb615125b1d96f2,0,0,0.9118486046791077,0,0.6829240918159485,0,0.966151773929596,0,0.519201934337616,meg and meg are the new royal couple
74510,imgur,http://i.imgur.com/0pZn0M1.jpg,0,0,0.9974229335784912,0,0.6940069198608398,0,0.9907139539718628,0,0.505719006061554,a man is cutting a teddy bear
85206,mitt romney is the republican frontrunner,https://external-preview.redd.it/cOtN4A6kMHMUxsbRz50eSMgtSZfC-TxS3oXj5o-4fYk.jpg?width=320&crop=smart&auto=webp&s=5f65ded89bbc570ecd1936ab2e3fc15aa2448ff1,1,1,0.9969026446342468,0,0.6951398849487305,0,0.9916868805885315,1,0.5144002437591553,miter and miter at the republican convention
37023,italy acid attack model gessica notaro returns to work,https://external-preview.redd.it/w-6nOJlMF6ZG5GySDWu_MR3qznc0ifiwdXX8NlTuIGo.jpg?width=320&crop=smart&auto=webp&s=1d70b5142dabb88efbd34b87894a7890b5354ae3,1,1,0.902549684047699,0,0.6940101385116577,0,0.9726662039756775,1,0.5094627141952515,a woman in a pink swimsuit is hugging a sea lion
102223,battle of the gods leaked image,http://i.imgur.com/UgIawIa.jpg,0,0,0.999821126461029,0,0.694847583770752,0,0.9269591569900513,0,0.518977165222168,dragon ball - dragon ball - dragon ball - dragon ball - dragon ball - dragon ball - dragon ball - dragon ball - dragon ball - dragon
46044,this picture of the sun i took earlier today,https://preview.redd.it/j0j4123x81331.jpg?width=320&crop=smart&auto=webp&s=30140a65bdfc28e5fce418347788e3bf8ba394dd,1,1,0.9477254748344421,1,0.6389591693878174,1,0.9723237156867981,0,0.5266408324241638,the sun shining through the clouds
80507,bedpost is pleased with itself,https://external-preview.redd.it/7zo3zRUT7SI5ZMy84MLjCEpg3DyuQLUg8flm7BEif9k.jpg?width=320&crop=smart&auto=webp&s=832ce677177167df5a92603077d7d3ea8c17ba1c,0,0,0.9810703992843628,0,0.6942872405052185,0,0.5658958554267883,0,0.5724338889122009,a wooden pole with a carved face on it
76433,julius caesar being stabbed to death circa bce,https://preview.redd.it/37xsjmtz2kr01.jpg?width=320&crop=smart&auto=webp&s=160858906066bf83f6da7cda21dbdee4f200d146,0,0,0.9997665286064148,0,0.6947361826896667,0,0.9859825968742371,1,0.504976212978363,a bottle of mustard mustard sitting on a table
92359,life reignite the falklands war and other plans for a perfect day in buenos aires,https://external-preview.redd.it/kVf2ic5jCB10rX1kfrZHPA7-d6ERm9bEG1-49NPP2tQ.jpg?width=320&crop=smart&auto=webp&s=f53672eba05c8aa12093878784e1a84e3ee67fe6,0,0,0.9997406601905823,0,0.692819356918335,0,0.9916676878929138,0,0.5291861295700073,a church in the middle of a city
62693,the way the reflection of the glass pane creates a full apple logo sydney,https://preview.redd.it/ul2ihu0pw7d31.jpg?width=320&crop=smart&auto=webp&s=863dc2f8869114071cb556dad088625e0a36c098,1,1,0.9679175019264221,1,0.5659711956977844,1,0.9564611315727234,1,0.513386607170105,apple store in new york
83259,call me but love and ill be new baptisd,http://i.imgur.com/S4kImLO.jpg,0,0,0.9973769187927246,0,0.6950032114982605,0,0.9929990768432617,0,0.5295844674110413,a man throwing a ball in front of a house
63949,forbes sacks columnist over piece saying drunk female students pose gravest threat to frats writer responds i stand by every word,https://external-preview.redd.it/LKCcZ-LQLYFAGuqyHQdCK3HANqWloN099kxbwIpdM0c.jpg?width=320&crop=smart&auto=webp&s=46b8246cf161e46ee3f621728b861f5306c3919f,1,1,0.9931479096412659,0,0.6931958198547363,1,0.5507887005805969,1,0.5094459652900696,the new york times website
25057,a bird pooped a dog,https://external-preview.redd.it/BPC7I1M79R3Ut8xp6HoozCu-XugXkQ8m7DpXw7J4kSY.jpg?width=320&crop=smart&auto=webp&s=ab4ad6823c77d97bc198e425ddb80094c4b41c50,0,1,0.5739966034889221,0,0.6939939856529236,0,0.8917433023452759,0,0.5270005464553833,a dog is standing on the ground
69489,dont let goor do i dont really care,https://preview.redd.it/h8d2exmoz96z.jpg?width=320&crop=smart&auto=webp&s=7f69b06c745766873d7bafbeb7fb3efdf76eedea,0,0,0.9949854612350464,0,0.6949453949928284,0,0.9893033504486084,0,0.5137550234794617,a man riding a bike down a concrete wall
61293,face cream squeezed out into a heart shape,https://external-preview.redd.it/i9WF9LhYFEWr_mUI1Tm_XeWmL5CNDAr91cw-AkbPCtM.jpg?width=320&crop=smart&auto=webp&s=67304bbfe3bd602b446b04b73aa0415167aed55e,1,1,0.992683470249176,0,0.6924636363983154,0,0.9760012626647949,0,0.5018627047538757,a person ' s finger is shown in the sink
74869,a beautiful brides whale,http://i.imgur.com/Xt5RboB.jpg,0,0,0.8248405456542969,0,0.6944442987442017,1,0.8917275071144104,0,0.535438060760498,a woman in a white dress and a white feather
26976,this polydactyls three extra toes,https://preview.redd.it/asqnnvypxbm21.jpg?width=320&crop=smart&auto=webp&s=605dd8eb553148b53c4c520be3cc581903b7b0a0,1,1,0.8766015768051147,1,0.5578442811965942,0,0.9788838624954224,0,0.5447847843170166,a cat laying on top of a rug
66035,angery bird is more like angery horse,https://preview.redd.it/ru0jer8umcs31.jpg?width=320&crop=smart&auto=webp&s=8e22c2059f74940c9e1774487f9bb1476fa27eb4,1,0,0.9509655833244324,0,0.6947729587554932,0,0.9737140536308289,0,0.5484402179718018,a group of stuffed animals sitting on the floor
40680,the hard water stains on my skillet,https://external-preview.redd.it/DMfrLf18GSBfskLr703HAkrlD_cY66UzCTprT3-9rAU.jpg?width=320&crop=smart&auto=webp&s=b25efc49cd313fc939ca0dd9d88613a17cf21248,1,1,0.994419515132904,1,0.5455910563468933,0,0.9642760753631592,0,0.5498750805854797,a person holding a fry pan with a spat
83684,aap rocky praise the lord da shine,https://preview.redd.it/xbzen83smey21.jpg?width=320&crop=smart&auto=webp&s=d066a8b4c96fe12e196c0692da718ce4ce17c504,0,0,0.9969310760498047,0,0.6949157118797302,0,0.9885299801826477,0,0.5546408295631409,a yellow car with a man in it
99196,obvious,http://i.imgur.com/M2HV3rR.jpg,0,0,0.9996745586395264,0,0.6947432160377502,0,0.9680739641189575,0,0.5672716498374939,a man sits in a chair with a red hat on
109837,wherever there is oppression there is resistance ca london printed poster highlighting protests against the use of rubber and plastic bullets by the security forces in northern irelandx,https://external-preview.redd.it/7R7iIlpz1ca7-6V-G-RiofjBR093z0hH6mvXogFkY4A.jpg?width=320&crop=smart&auto=webp&s=d328cb305f1f5ce9383d1b09c63bf73466e821bb,0,0,0.9997648596763611,0,0.5686110258102417,1,0.9663056135177612,0,0.5055108666419983,a book with a picture of a man holding a sign
74103,wolves to be educated not to kill sheep,https://external-preview.redd.it/NdGJzKbD8_1AniTa9TnnLB01LR1r1dyKNMFtt3Q0HwU.jpg?width=320&crop=smart&auto=webp&s=b17c38b814931a45e29e2cbbdfd33b0d3170a36f,1,1,0.9868119359016418,0,0.6945846080780029,1,0.9369766116142273,0,0.503151535987854,a wolf walking across a forest floor
12967,obviously,http://i.imgur.com/riOBtiG.jpg,0,0,0.9992515444755554,0,0.6943027973175049,0,0.9822453260421753,1,0.5068532824516296,president person holding a sign that says ` ` ` ` ` ` ` ` ` ` ` ` ` ` ` ` ` ` ` ` ` ` ` ` ` ` ` ` ` ` ` ` ` ` ` ` ` ` ` ` ` ` `
45897,holocaust survivors embrace after being rescued by the russians,https://preview.redd.it/3mibbvc2ynyx.jpg?width=320&crop=smart&auto=webp&s=731af7b7b834fb7e9ad5f5ce5559ae23303bbd5c,0,0,0.9958040118217468,0,0.6934134364128113,1,0.8957773447036743,0,0.524537980556488,a man is sitting on a bench
33141,death has had no victory grasshopper,https://preview.redd.it/klu875t6htt31.jpg?width=320&crop=smart&auto=webp&s=e171b630ea35ecae3088a4b80df1551786028f21,1,1,0.9904154539108276,0,0.695076584815979,1,0.9516640901565552,1,0.5019441843032837,a green grasshopper on a plant
53277,hacked butt plug can be controlled from anywhere,https://external-preview.redd.it/zz-IHZOIj1Qn-B3081roQJrObh3nhT9vsuvuFwoUm4M.jpg?width=320&crop=smart&auto=webp&s=22889344783526f279fc338eb9b8faf9ae81fe33,1,1,0.8275812864303589,0,0.6925530433654785,1,0.9378264546394348,0,0.5155810713768005,a pair of black earphones in a box
4873,this elevator with no close door button,https://preview.redd.it/nem4rblqzgy21.jpg?width=320&crop=smart&auto=webp&s=549d7b7e2ca9d239f9740152739633f50579a300,1,1,0.9930837154388428,1,0.5607896447181702,1,0.9651596546173096,0,0.5598816871643066,a metal door with buttons and numbers on it
32088,vancouvers drug problem is so bad that pigeons are making nests out of needles police,https://external-preview.redd.it/Pg5M9Dk_72weHdjfK_PrnstxIaxrtq-EW56Et1so3Ds.jpg?width=320&crop=smart&auto=webp&s=c8b224643157c71d1d471d81099871d241878636,1,1,0.9980852603912354,0,0.6940264105796814,1,0.8418180346488953,0,0.5212952494621277,a sink with a broken fae and a broken fae
112336,trumpotty,https://external-preview.redd.it/n17sQavqOzamndA-kACPGwK8L5L-RfgjrbaeUTwbgLU.jpg?width=320&crop=smart&auto=webp&s=60f17cbfa10b08c5b51691f0cf054c987438742d,0,0,0.9946387410163879,0,0.6926466822624207,0,0.9922546148300171,0,0.5153428316116333,a small orange tent in a field
42481,im a fecking genius,http://i.imgur.com/OhWyKWv.jpg,0,0,0.9926160573959351,0,0.6948917508125305,0,0.9921952486038208,1,0.5440043210983276,taylor taylor taylor taylor taylor taylor taylor taylor taylor taylor taylor taylor taylor taylor taylor taylor taylor taylor taylor taylor taylor
28339,bridebomb,http://i.imgur.com/CokC3pW.jpg,0,0,0.8039032816886902,0,0.6942558288574219,0,0.9931374788284302,0,0.5383894443511963,a group of people standing on top of a beach
45229,very carefully packaged giant strawberries cork for scale,https://preview.redd.it/armqwu1c2ty21.jpg?width=320&crop=smart&auto=webp&s=8c09d714bd7a0c889de922dfbfb67c2096812cab,1,1,0.8763630986213684,1,0.5334814190864563,1,0.9687787890434265,0,0.5198612213134766,a box of strawberries and strawberries with a strawberry on top
84123,oops,http://i.imgur.com/3XgJlut.jpg,0,0,0.9889513850212097,0,0.6935726404190063,0,0.9927655458450317,0,0.5364720225334167,two people in protective gear standing next to a green portable toilet
30268,my work is never done,https://i.imgur.com/RpTRNw5.jpg,0,0,0.9904139637947083,0,0.6946130990982056,0,0.9886335134506226,0,0.5525728464126587,a wooden post with a bird sitting on it
14125,for years kansas has chosen the democratic nominee for the first round me irl,https://external-preview.redd.it/ApM6qQD-XwxW__paQNnI0agYz30WzfDisai8XLNdWRM.jpg?width=320&crop=smart&auto=webp&s=c2d9aaf2df576d67e56f8f953fb39880ad780631,0,1,0.9726083278656006,0,0.655318558216095,0,0.9879621863365173,0,0.5369479060173035,a table with a bunch of cards and a picture of a man
100455,the way these icicles dripped onto the tree branches,https://preview.redd.it/z6xc05fuyek21.jpg?width=320&crop=smart&auto=webp&s=8fb0294bb556a419c1c2e60306bf37737962e2ab,1,1,0.997050404548645,1,0.5601028800010681,1,0.9011508822441101,0,0.5368294715881348,a window with ice on it and a tree outside
14272,big bird prepares to commit genocide,https://external-preview.redd.it/18PXtrPx23_kUUpqtUoadZ51x7W7zOVlDtDYHPhWZl4.jpg?width=320&crop=smart&auto=webp&s=f722b0ae5034b9e38381767dd794e829f44f8b35,0,0,0.9995021820068359,0,0.6941203474998474,0,0.6597838401794434,0,0.5494869351387024,a man in a chicken costume is standing next to a chicken
80539,cleaning out orlando,http://i.imgur.com/juGBrYd.jpg,0,0,0.9754698872566223,0,0.6913554668426514,0,0.9704829454421997,0,0.5276464223861694,a man with a toothbrush in his mouth
17153,dedust in cs,https://external-preview.redd.it/Es6wihlEqGJ5GhKt8O3sQzULwB6p25Pr7Vu5ukG0z7I.gif?width=320&crop=smart&format=png8&s=156cb629764ea32f3bb704f8e1408b590b258447,0,1,0.5877055525779724,0,0.6945039629936218,0,0.9866302013397217,0,0.5096706748008728,a car driving down a mountain road
54804,bernie sanders and hillary clinton in the democratic debate,https://external-preview.redd.it/v7LBTSJMUP_Oi0M7PSFECNBHA90HXhpKUJcSslq_qzw.jpg?width=320&crop=smart&auto=webp&s=5ff9a4ba2446c6b93b9aeb3b41b0148c7a7a6027,1,1,0.8571832776069641,0,0.6944161057472229,0,0.9827797412872314,0,0.5033411383628845,two people on a stage with a man in a suit and tie
100062,capsized boat in ibiza turned into a work of art,https://preview.redd.it/0ggicp5l70g31.jpg?width=320&crop=smart&auto=webp&s=5fc71eae433f1a929b09f7bccd6d2c5218ca2281,1,1,0.9958937168121338,0,0.6886591911315918,1,0.8659628629684448,1,0.526030957698822,a group of people are in the water
103917,found a chick in my hardboiled egg,https://preview.redd.it/jsejf1v16xy01.jpg?width=320&crop=smart&auto=webp&s=76b1ef0fe0d882f93bda0ea530f4ce80609ee44a,0,1,0.9322735071182251,1,0.5464922785758972,1,0.9762822985649109,0,0.5600915551185608,someone holding a small white egg with a yellow egg in it
76012,obama staring out a window,https://external-preview.redd.it/-KS0Gh2I1PUfUTOi_JcFsTdZxLpBoKaldATfZ_xqoNM.jpg?width=320&crop=smart&auto=webp&s=80e5b89601594ca4cdee37b65706c2ef93d94444,1,1,0.9710601568222046,0,0.6939699649810791,1,0.9648981094360352,0,0.5137516856193542,president obama looks out the window of his home in the oval room of the white house
108309,giannis dunking,https://preview.redd.it/8a3p9e5ygqe01.jpg?width=320&crop=smart&auto=webp&s=fa377e6981bfa09adc93a42c7152fed316828b2c,1,1,0.9816607236862183,0,0.6943634748458862,0,0.896760106086731,0,0.5303862690925598,the nets ' kevin williams goes up for a layup against the nets ' kevin williams
104007,cat yawning through the arm of a chair,https://external-preview.redd.it/7wwpdFKLMPDWsVHMcXLt-oN4XU3kt31YzPKdXTYZk6s.jpg?width=320&crop=smart&auto=webp&s=35a363ba9e5fe0161c6b062530dfe937efbfa885,1,1,0.9541745185852051,0,0.6940022110939026,1,0.6652234196662903,0,0.5051853656768799,a cat sitting on a chair with its mouth open
80086,this gas station right must have been bought out and didnt want to splurge for new signage,https://preview.redd.it/os4l0bc10yk21.png?width=320&crop=smart&auto=webp&s=a36b592376d0ceeba3194a1d777d5c7596eb85cd,1,1,0.9551548957824707,1,0.5634737610816956,1,0.9496447443962097,1,0.5013659596443176,a gas station with a red car parked in front
7796,all the notes i passed in school paint tin sized container in school from,https://preview.redd.it/9q2se7w8xk031.jpg?width=320&crop=smart&auto=webp&s=71bb36aa61a0e9108d8d727efaa9107ac90e0428,1,1,0.9979429841041565,1,0.5447440147399902,1,0.9541306495666504,0,0.5694106817245483,a bucket full of paper and other things
46541,saw this little rider on my way to lunch,https://external-preview.redd.it/8yqoK85RHi7GrU2GxWXTtsJ8WQlieuPm2fPI5C_12lE.jpg?width=320&crop=smart&auto=webp&s=78055d7cf3c47266b53ade929fa8bb7068b28f11,1,1,0.7570559978485107,0,0.5047839283943176,1,0.9733364582061768,0,0.5613470673561096,a man in a helmet and a dog in a bag
70989,easier way to tell your tires are low on tread,https://preview.redd.it/t01dott9clt31.jpg?width=320&crop=smart&auto=webp&s=7833b7047bdee6db9ed1316e37447c1c43eae29e,1,1,0.8573992252349854,0,0.6520100235939026,1,0.9690074324607849,1,0.5088545083999634,a tire on a concrete floor
50890,dmn pull teeth,https://preview.redd.it/u70ztqjgmdn21.png?width=320&crop=smart&auto=webp&s=18e3a06b33aecda3c44d1a713a6e0d0c00553cf8,0,0,0.996619462966919,0,0.6907526254653931,0,0.9919123649597168,0,0.5625869035720825,a poster with the words ' all star '
52603,other discussions,http://i.imgur.com/j5mG6wv%2ejpg,0,0,0.9997977614402771,0,0.6944209337234497,0,0.9912347793579102,1,0.515648603439331,a small baby bird sitting on top of a persons ' s hand
16314,leading by lengths at least,http://i.imgur.com/te1ntzy.jpghttp://i.imgur.com/te1ntzy.jpg,0,0,0.9914763569831848,0,0.6949633359909058,0,0.991612434387207,0,0.5151446461677551,a woman is walking a dog on a leash
23396,the driver of this heating and cooling company van uses a fan to stay cool,https://external-preview.redd.it/EaGhMloAllsX8gibzsPT5hZbe5f7hopE9x7bs27ozDs.jpg?width=320&crop=smart&auto=webp&s=0436b39ee06205b3e6551c2b29659962de781533,1,1,0.9976117610931396,1,0.5594879388809204,1,0.9541661739349365,0,0.6074322462081909,a van with a sign on the side of it
72723,maybe not the most original but this is just what popped in to my head immediately after clicking the picture,http://i.imgur.com/gHlSV.jpg,0,0,0.989024817943573,0,0.5168287754058838,0,0.9901959300041199,0,0.5584599375724792,a squirrel sitting on top of a rock with the words do you think this is a motriing game?
96303,exited lemur meets hillary,http://i.imgur.com/yMOD93u.jpg,0,1,0.7574350237846375,0,0.6947233080863953,0,0.9918477535247803,0,0.5051926970481873,a woman holding a cup
87012,what has two arms and is excited for football season,https://external-preview.redd.it/trwn2pkkQgdxAlmTOfrbryheGkHvL_QzM-HGJI4UZWQ.jpg?width=320&crop=smart&auto=webp&s=ebdcdf9e6cd62f156270ccb62c0a40828ff62ac2,0,0,0.9637039303779602,0,0.6951059699058533,0,0.7658100128173828,0,0.5695884823799133,a couch with a cat on it
56493,romnilla ice cream,http://i.imgur.com/VqfH3.jpg,0,0,0.929290235042572,0,0.6948514580726624,0,0.9393213987350464,0,0.5117893815040588,a man eating a piece of food on a table
34243,russia cries foul over scottish independence vote,https://external-preview.redd.it/0Nbe4-Q6aQ-NPvF1A-LQbeScgEqSZwg2YCFzJepe8LE.jpg?width=320&crop=smart&auto=webp&s=14873242da20e91f58865dc98c9f8d89808a5f32,1,1,0.99687260389328,0,0.6933567523956299,1,0.5783088207244873,1,0.5108048915863037,a large group of people sitting at tables
47111,unimpressed cat,https://preview.redd.it/063gqotukwaz.jpg?width=320&crop=smart&auto=webp&s=507ffc005c7ef7bc948c27377358e82d9d432a98,1,1,0.9196144342422485,0,0.6942086815834045,0,0.9895271062850952,0,0.5373152494430542,a cat sitting on a table next to a bottle of water
75532,foolish spectator taking dangerous photo of cycling race,https://external-preview.redd.it/dTsoCWeJ60uaopxyckyLySUV47IU8qS6pB4b5lyeP58.jpg?width=320&crop=smart&auto=webp&s=42d4946e81ed1dc9dcdf9ab4b2efc922a0bc5800,1,0,0.8289174437522888,0,0.6942715644836426,1,0.9448554515838623,0,0.5254306197166443,a group of cyclists riding down a street
30026,draft the fuzz they are violent ready regarding police brutality the vietnam draft police officers being as fascist as adolph hitler,https://preview.redd.it/b9wfu3gqhic01.jpg?width=320&crop=smart&auto=webp&s=e3313afe622b4b6bdb49d3ddfc865ca99eae304e,0,0,0.9985752105712891,0,0.6943199634552002,0,0.9800235033035278,0,0.5093036890029907,a black and white poster with a man in a hat
62334,meow meow meow meow meow meow,http://i.imgur.com/xd7pzz4.jpg,0,0,0.9957744479179382,0,0.6933465600013733,0,0.9720095992088318,0,0.528137743473053,a cat in a suit sitting at a table
29789,ryanair asks wheelchair user to walk up stairs leaves her crying at the gate,https://external-preview.redd.it/6gvBMXd1xZU1vvoyDUDXy4tWAu48KayDyBkhSxJ3Jps.jpg?width=320&crop=smart&auto=webp&s=6066f8a6dbd9c42f0bacdd19725efd45d5361b99,1,1,0.956108033657074,0,0.6903861165046692,0,0.8725748062133789,0,0.5325394868850708,a woman sitting on a bench in a park
96319,raising the roof,http://i.imgur.com/iDnjc.jpg,0,0,0.9280622601509094,0,0.6945458650588989,0,0.987646222114563,0,0.5196890234947205,"person, person, and person in the late show"
64057,a piece of cereal clamped in the seal,https://preview.redd.it/0zvdo5391p031.jpg?width=320&crop=smart&auto=webp&s=b9ab3ec15e7fe436480ed1c14e394df72c5942a0,1,1,0.9916476011276245,0,0.6929734945297241,0,0.9911984801292419,0,0.5372572541236877,a bag of cookies sitting on top of a counter
28227,it was only a waferthin mint,https://external-preview.redd.it/bdY0lOjOdGoCr8DpYdPGAC-bEfhRPeVct3blj-SGfco.jpg?width=320&crop=smart&auto=webp&s=ced42b426055b275f081f4e82f0b7110df664abf,0,0,0.678569495677948,0,0.6944867968559265,0,0.9423131346702576,0,0.5663903951644897,a white tub sitting on top of a cement slab
38557,these iphoneadaptershaped electrical sockets i found here at the stockholm airport,https://preview.redd.it/ad82b8ajzgh21.jpg?width=320&crop=smart&auto=webp&s=c00f19ba60ca7f196e65324248db33c0523f80fb,1,1,0.9900146722793579,1,0.5587524771690369,1,0.9779952168464661,0,0.5252265930175781,a white power strip
8000,thousands of benefit claimants win legal victory over tory governments welfare appeals regime,https://external-preview.redd.it/uRMEE2YVShg0pPT1RiQgdakfRi1-k5hIUA1YOqOMDYU.jpg?width=320&crop=smart&auto=webp&s=cb4abb3e4d5174224cad92c8e55e7181cf082915,1,1,0.9980592131614685,1,0.5160137414932251,0,0.9886764287948608,1,0.5418378114700317,theresa may leaving the house of commons
29626,piethulu,https://preview.redd.it/twdihyjqc8a31.jpg?width=320&crop=smart&auto=webp&s=8c11c129d19314cde300648bcaa7b435d9f3ad6d,0,0,0.9988381266593933,0,0.6942732334136963,0,0.5481773614883423,0,0.5424226522445679,a plate with a small pie on it
59969,sometimes it is best to forget,http://imgur.com/QGYWj67.jpg,0,0,0.9713717103004456,0,0.6946396827697754,0,0.9921906590461731,0,0.5362242460250854,a man is sitting on a swing in a yard
15987,i left salt water in a dixie cup and the salt started growing outside the cup,https://external-preview.redd.it/ee0iJo_4JOBJUNPBcNpSM6SWVfHB-1QaEUMRnG7znJY.jpg?width=320&crop=smart&auto=webp&s=b47c5246c40e837cbf1eaa6a215a0574efdbc45e,1,1,0.9971074461936951,1,0.5590093731880188,1,0.9476338028907776,0,0.5543897151947021,a table with a cup and a cup holder
45520,my pup has a paw print on her nose,https://preview.redd.it/2nbe9pqlfdr21.jpg?width=320&crop=smart&auto=webp&s=3499108c85551428f5122aace4d959f3141e467b,1,1,0.9970512390136719,1,0.5507197380065918,1,0.953382134437561,0,0.5176646709442139,a small dog sitting on top of a table
73485,ornate marble lobby of lopera paris,https://external-preview.redd.it/jKSN94Jpksv3NCAZhdNEeC1AaZcVS4GPlrTtkvFcn9o.jpg?width=320&crop=smart&auto=webp&s=57d25647c0f93a9d9aae8e8eca9e7f440bf17af2,1,1,0.7333953380584717,0,0.6910565495491028,1,0.9508366584777832,0,0.5044445991516113,the interior of the opera palace
96153,baby reading a book,https://external-preview.redd.it/Qqy0l5KZ-ElbwZNd638zM-12rIkMkVMH7734pPbVHfg.jpg?width=320&crop=smart&auto=webp&s=5e7f763d23cafd738a14b3524aed023dce31f790,1,1,0.9283774495124817,0,0.6943362355232239,0,0.8028846383094788,0,0.5053306818008423,a young boy sitting in a shopping cart reading a book
23315,uhh,http://i.imgur.com/drrXAJL.jpg,0,0,0.9900862574577332,0,0.6934211254119873,0,0.9921360015869141,0,0.5049084424972534,"the scream, ed edler"
43262,om nom nom,http://i.imgur.com/4RwcEpg.jpg,0,0,0.9981562495231628,0,0.694503664970398,0,0.9920756816864014,0,0.5119724273681641,a man is water skiing on a lake
60147,on the count of three draw,http://i.imgur.com/Qi1f9k3.jpg,0,0,0.9022618532180786,0,0.6950799226760864,0,0.9920099973678589,0,0.534501850605011,a group of people standing around a small village
50835,sparta,http://i.imgur.com/lYUx1.jpg,0,0,0.9997698664665222,0,0.6936689019203186,0,0.99105304479599,0,0.5566194653511047,"a black and white text that reads, ' the things you are trying to get out of your own '"
22996,the weeknd hallway of balloons pic uimagepoem,https://preview.redd.it/yfy5g3u6osi31.jpg?width=320&crop=smart&auto=webp&s=5bba8a2ddbf010b939e1d93b02c56003e672e759,0,1,0.8516576290130615,0,0.6932209730148315,1,0.9665454030036926,0,0.522020697593689,the week - halfway balloons
23133,found a slightly misprinted yugioh card i thought i had lost today while looking for some stuff in my collection,https://preview.redd.it/0tzbc0heq8u31.jpg?width=320&crop=smart&auto=webp&s=3c0606c391e2083b429e12bd935602d92703cc3f,1,1,0.9978833794593811,1,0.5588029623031616,1,0.8013877272605896,0,0.5435927510261536,a person holding a card in their hand
53083,baseball streaker avoids security,https://external-preview.redd.it/dhe_syckkhnQZiVu0T9LoFVkRWNjrT-_QQYlSZj3VXY.jpg?width=320&crop=smart&auto=webp&s=eb0be709719868c4200d5dcd270c306468b3e4ac,1,1,0.8862626552581787,0,0.6948643326759338,0,0.9439777135848999,0,0.5148622989654541,a group of men playing baseball on a field
8975,fdp berlin poster truck in london,https://external-preview.redd.it/v-oVkFksZHfGRqiqGtihU5oEuXL0tA97qhwwVLuqJkw.jpg?width=320&crop=smart&auto=webp&s=05c0bcd707f4646b32a5c17f1828a709dae72dce,0,0,0.8344923853874207,0,0.5470133423805237,1,0.8763883709907532,0,0.5008075833320618,a bus is parked on the side of the road
10619,grandma dials wrong number unlikely friendship forms,https://external-preview.redd.it/DW4zqyp1zc6cK9kKSXnVaXP3i30MSDj9pCOvHt1oHlc.jpg?width=320&crop=smart&auto=webp&s=c85fb649c10cdf866b0e7e019c2ed96305d5645e,1,1,0.9943723678588867,0,0.69476318359375,1,0.8857244849205017,0,0.5244148373603821,a woman in a red dress is standing outside a house
42830,what did i just see,https://external-preview.redd.it/2R3On7Wn9ICuor810CCKveeXNtiePyHO3y0wfJmYKZc.jpg?width=320&crop=smart&auto=webp&s=b2f42b8f7cd1b7e7d85136709cb0e1fd699c2085,0,0,0.995850682258606,0,0.694253146648407,0,0.5888187885284424,0,0.5325794816017151,a white toilet with a metal handle and a black handle
30523,internet in bangladesh troubled about the particle,https://external-preview.redd.it/mkQD1tyvRknPQHjCEShFvNDIQpPUecFbjhwQdvo-Oqk.jpg?width=320&crop=smart&auto=webp&s=5d625e4dafffe6158f702be5741814861dfecf0c,0,1,0.8747813105583191,0,0.6846140027046204,0,0.9148969650268555,1,0.502025306224823,a red and black background
88873,yusaku maezawa on elon musks shoulders,https://external-preview.redd.it/lB2osC0revLEqwXDAF2YYYxJ_hKPZulwZ2LcMxbVQC8.jpg?width=320&crop=smart&auto=webp&s=41ff8d8d627d16cfa78eabefef6dcdc56b6ac2c4,1,1,0.9854986667633057,0,0.6946102976799011,0,0.9925808906555176,0,0.5465205907821655,a man standing in front of a large wall mural
35239,praying mantis,https://external-preview.redd.it/OBLqXGfmdW618crc5stiqY8LwZZ6GM5rkKObCQ03om4.jpg?width=320&crop=smart&auto=webp&s=04908381c1fe5929cd1eb58582b132e377ef9533,0,0,0.8119426369667053,0,0.6946374773979187,0,0.9916155934333801,0,0.5170042514801025,the interior of a car with the steering and dashboard
23680,jabba is watching jabba is always watching,https://preview.redd.it/379n5f8d1oc31.jpg?width=320&crop=smart&auto=webp&s=d2e167142f60cea98607253f0dd3f0215cb61b1d,0,0,0.9975912570953369,0,0.6936378479003906,0,0.9895827770233154,0,0.5175642371177673,a cloudy sky
61042,try your luck,https://external-preview.redd.it/es8zjqKZz2_pCPR_tOqlecXljahjKNkfcnyGEgbqBV4.jpg?width=320&crop=smart&auto=webp&s=2fb7a745a9c70580f56d4ffcdf497b52dc62c814,0,0,0.9191077351570129,0,0.6928874254226685,0,0.9754762649536133,0,0.5139643549919128,a soccer game is being played in a stadium
87669,just spotted two little happy twins in the toaster,https://external-preview.redd.it/y_3p3AUl7r-ywSw4jcAak0WyQ1pkxs5CTaAc_YNvfW4.jpg?width=320&crop=smart&auto=webp&s=2fefbfd26eaa558c2ac2b2bd46ffd0e38fc639f8,0,0,0.9678301811218262,0,0.6869044899940491,1,0.9658366441726685,0,0.5913400053977966,a red and black kitchen with a sink
94176,take me for a meta ride,http://i.imgur.com/2D10D4g.jpg,0,0,0.9940040707588196,0,0.6948110461235046,1,0.5492276549339294,0,0.5159968137741089,a man sitting on a motorcycle with a dog
46763,norwegian anticommunist poster c,https://external-preview.redd.it/dQGNIQDA44fDfrcPSqui3VwwGb5y-AQKsDRge0xK-E0.jpg?width=320&crop=smart&auto=webp&s=3269b8869bcaecaacb9336a35c55359c2f6ab685,0,0,0.9998133778572083,0,0.6947477459907532,0,0.9918467998504639,0,0.5394975543022156,a painting of a hand holding a cross with a flag on it
72600,freddie gibbs madlib pinata,https://external-preview.redd.it/wiA9AvQJS4OhcrbdSvh4_7yZ6TeDv04e9ufaUFnWJhM.jpg?width=320&crop=smart&auto=webp&s=5404aac9331ff434eda18781d86ca59fce843ce6,0,0,0.999545156955719,0,0.6944978833198547,0,0.9921720027923584,0,0.5414641499519348,a group of people standing around a man with a guitar
103653,obama finds lenin,http://i.imgur.com/l2zdRjr.jpg,0,0,0.9337788820266724,0,0.6941952705383301,0,0.9917070269584656,0,0.5013502240180969,a man in a suit and mask standing next to a statue
110203,vancouver riot kissing couple still together years later,https://external-preview.redd.it/aHTBs8hyXbhujBOf5xnXVg5sd4OwlDpfyIldY_4UFoY.jpg?width=320&crop=smart&auto=webp&s=72c8a282dbd0dc27d90ead394338e4901b40fa1b,1,1,0.9920245409011841,0,0.5828709602355957,1,0.9165580868721008,0,0.5236086249351501,a man is lying on the ground in front of police officers
83118,and old zippo lighter,https://preview.redd.it/lfnvib850gg01.jpg?width=320&crop=smart&auto=webp&s=399db74be7f7a213eb15612f33e99f0df524432c,0,1,0.6196027398109436,0,0.6951609253883362,0,0.5908369421958923,0,0.5530843138694763,a silver ring with a bird on it
97939,even tougher and just a little bit more fabulous,http://i.imgur.com/nKCnb8x.jpg,0,0,0.9962577819824219,0,0.6948710083961487,0,0.9920427203178406,0,0.5548309683799744,a small dog wearing a leather jacket
44106,will ferrell,https://i.imgur.com/8zrH3h1.jpg,0,0,0.9930374026298523,0,0.6944462656974792,0,0.9914065599441528,0,0.5062460899353027,a baseball player kneeling on the mound
72283,mia wallace,http://i.imgur.com/kFPId9Q.jpg,0,0,0.5864332318305969,0,0.6945639252662659,0,0.9932536482810974,0,0.5484235286712646,a little boy is eating a chocolate covered cake
9453,benedict cumberbatch reacting to a reddit critique of himself,https://external-preview.redd.it/0ipucGV4C0_9kWqQUi3niasdYfNtxR-1oiRbrClN1x8.png?width=320&crop=smart&auto=webp&s=bc507f040ecd3466483d757b9362e5a71926af97,1,1,0.5343393087387085,0,0.6943789124488831,0,0.9706969857215881,0,0.5076912641525269,two men sitting on a couch
12870,rfakehistoryporn subscribers as they attempt to read a series of basic instructions,https://preview.redd.it/snnqercxoif11.png?width=320&crop=smart&auto=webp&s=e456bd7036531ff5bff4d296f5ec5aa453239c45,0,0,0.9989238381385803,0,0.6923689842224121,0,0.9831113815307617,0,0.5424578785896301,a group of men standing around a table
84107,david bowie blackstar the definitive edition,https://preview.redd.it/w0isruky40c11.jpg?width=320&crop=smart&auto=webp&s=bdf708efc16dd3bf0338ddb06d994fedc8321de6,0,0,0.9972969889640808,0,0.6953170299530029,0,0.9927476048469543,0,0.5430265069007874,"the cover of the book, the last of the dead"
104996,missouri gov eric greitens charged with felony computer tampering,https://external-preview.redd.it/8ozocndpRfx872rDYolhiAinbC4JjOUcXsR9ly5Ft2E.jpg?width=320&crop=smart&auto=webp&s=57b8b8a6f118f675a1bfd7ad3a24a4dee26bb753,1,1,0.9979933500289917,0,0.6696559190750122,0,0.9897838234901428,1,0.5026275515556335,two men in suits talking in front of a car
94675,this ladder doesnt want to be stepped on,https://preview.redd.it/zq9elvnt0wvz.jpg?width=320&crop=smart&auto=webp&s=ffe0abd63a4a2cf167d62dc8614ba0239d7f6503,0,0,0.9594735503196716,1,0.5573261976242065,0,0.9859391450881958,0,0.5162438154220581,a black handgun with a yellow laser on it
32629,gerry adams trampolines naked with his dog,https://external-preview.redd.it/VbloFKBXzhpMXehaFc2e2VQUjV49B_DrJNzOmvtqU6U.jpg?width=320&crop=smart&auto=webp&s=ebf1550f42cc16adbf1aa1e22e4a908173b38c19,1,1,0.8623136878013611,0,0.6946407556533813,0,0.9910378456115723,0,0.509174108505249,a man with a red heart in his hand
4360,even angryjoe has his urges,http://i.imgur.com/0QTZNaS.jpg,0,0,0.9873554110527039,0,0.6943631172180176,0,0.9911391139030457,1,0.5047386288642883,a man holding a baby while sitting on the floor
88144,spaghetti and meatballs,https://external-preview.redd.it/E7PLvst0D6aEXpK4dJhcZ08etyRygdsbk8O-HFt35dw.jpg?width=320&crop=smart&auto=webp&s=7afdd1aedf0497a9bc36f6bc57905ee612280933,0,0,0.9582831859588623,0,0.6941808462142944,0,0.9907438158988953,1,0.5069112181663513,a bag of marijuana buds
52100,when one of your awkward friends sees you in public and you just want to get away,http://i.imgur.com/MQt6uig.jpg,0,0,0.9914180040359497,0,0.6941711902618408,0,0.9908995628356934,0,0.5308101773262024,president obama and vice mccain at the debate
91725,george w bush painting a picture,https://external-preview.redd.it/omBgbvVmdYnuRbSMKJEGBh2owNu_-cmE8Tee0q-FhmQ.jpg?width=320&crop=smart&auto=webp&s=133c4e1e2ab72cd7ccfc4a6ea37791f1572f7095,1,1,0.9580099582672119,0,0.6944335103034973,1,0.9291873574256897,1,0.512070894241333,a man painting in a room with a table
11927,why not zoidberg,http://i.imgur.com/akrYNmQ.jpg,0,0,0.9254379272460938,0,0.6946691274642944,0,0.9917569756507874,0,0.5079732537269592,a man with a lobster in his hands
46983,restored back to the original image,http://i.imgur.com/oEv1XAP.jpg,0,0,0.9925219416618347,0,0.6945594549179077,0,0.9892515540122986,1,0.5049607157707214,a baby in a diat
39693,airplane stunt startles onlookers ends tragically,https://external-preview.redd.it/IC5-VPXXWmLsNdFg3cdVbkd2mfJop6odiy2rWTUmmIY.jpg?width=320&crop=smart&auto=webp&s=24e879fea7ecdf4131f5af236ae478ed6d232905,1,0,0.9016690850257874,0,0.6941522359848022,0,0.5186856389045715,0,0.5091685652732849,a man standing in front of a microphone
48252,soccer player who is like totally done with the balls antics,https://external-preview.redd.it/VCjZ0UR6LF87SyYs49TMzpvFRsyYvqWKk5nOKWbmBL0.jpg?width=320&crop=smart&auto=webp&s=44881ad7645f0b1a8fe7dacaf2b5299d470e8ad5,1,1,0.9746458530426025,0,0.695002019405365,1,0.9750017523765564,0,0.5212469100952148,a man in a black shirt and a man in an orange shirt are playing soccer
25884,its a sting ray,https://preview.redd.it/q7ow81d6g8711.jpg?width=320&crop=smart&auto=webp&s=6e2f926701d2346ce2d325fd467aa1f911d5afdf,0,0,0.9878011345863342,0,0.694539487361908,0,0.9890620112419128,0,0.5062494874000549,a black lamp on a wall in a room
65425,my package is quite happy,https://preview.redd.it/sbl1aqnfehs01.jpg?width=320&crop=smart&auto=webp&s=c10fc9132419eae2a0d8c13227960942eef9778a,0,0,0.983376681804657,0,0.6928403973579407,1,0.5967102646827698,0,0.533929169178009,a box with a black cat on it
75708,people bicycling in a storm against the wind in the netherlands,https://external-preview.redd.it/PbQmtTT_xej1FA9ueeAULAj1ToTeE1UW2yVwRYiPCC4.jpg?width=320&crop=smart&auto=webp&s=07c9c02f08a19daf22aaace72ae0678150cd9326,1,1,0.9649835824966431,0,0.554695188999176,1,0.6658238172531128,0,0.5255306959152222,a group of people standing on a street next to a bike
99720,or possibly a jackdaw,http://i.imgur.com/JLXY1BC.jpg,0,0,0.969404935836792,0,0.6947739720344543,0,0.9890953898429871,0,0.5001081824302673,a black bird with a white head and black feathers
39436,this is so dumb,http://i.imgur.com/hWRAnNi.jpg,0,0,0.9921771883964539,0,0.6944629549980164,0,0.9928354620933533,0,0.5430519580841064,a man standing next to a giant fish
58817,guy in a womans dress competing in tough guy mud race,https://external-preview.redd.it/Edgh3ZvfoGH4PnVkGj6jU9U8jDp1aFWaYMUdb5ghU1A.jpg?width=320&crop=smart&auto=webp&s=12e0a804ac39078f7a6e586fa1214c63b69044c8,1,1,0.8947358131408691,0,0.6951429843902588,1,0.9721962809562683,0,0.5332654714584351,a crowd of people walking through mud
103989,republicans criticize obamas state of the union as partisan,https://external-preview.redd.it/YDZA3tLysnp80GrZmgLPreXxOrXfPAJPUSGYSwySGkM.jpg?width=320&crop=smart&auto=webp&s=9e2fee1ef3e65553d8c442360983f99b75693c62,1,1,0.9871129393577576,0,0.6946069002151489,1,0.7623573541641235,0,0.5006259679794312,a woman standing in front of a television
77481,when pigs fly carnival of resistance,https://preview.redd.it/3d51vsrb0s911.jpg?width=320&crop=smart&auto=webp&s=b3246cb276b2f600f2b47f0d75da08233cfeb7e1,0,0,0.9996236562728882,0,0.6946884393692017,0,0.8524100184440613,0,0.5451333522796631,a balloon with a donald on it
19740,simon cowell sometimes gets a bad rep but today he donated a huge amount of money to a young boy from my area to help save his life credit where credit is due,https://external-preview.redd.it/ggSLJjzv-Lw4D9SrfPcbV3pgF0q_90shYowLVpmZ11I.jpg?width=320&crop=smart&auto=webp&s=c28115f3892308e3d5c1a246f716c9747af40bd0,1,1,0.9983488321304321,0,0.6886245608329773,1,0.9690561890602112,0,0.5241975784301758,a col of the cast of the vampire
91872,one world trade center elevator shows new yorks history,https://external-preview.redd.it/s48iJJtQJLCDvw6S07uGhbRKKcGr5SDfGWFlW2ZI-qA.jpg?width=320&crop=smart&auto=webp&s=099a5219bee0a2feefdd0c9e1e7d9b9ccaa9c6ec,1,1,0.9935089349746704,1,0.5663667321205139,1,0.9611664414405823,0,0.5151078701019287,a view of the city from a window
49273,anyone else feeling this,https://preview.redd.it/knzk58yy5wbx.jpg?width=320&crop=smart&auto=webp&s=aa53c8cbc93e5e8a8d01d13d503a9e96b7060563,0,0,0.9798347353935242,0,0.6944571733474731,0,0.9930463433265686,0,0.5115665197372437,a black and white photo of a man being taken from a boat
50645,other discussions,http://i.imgur.com/rUogmmL%2ejpg,0,0,0.9997977614402771,0,0.6943901777267456,0,0.9933652281761169,0,0.5050503015518188,a man holding a sign in front of a tank
40650,this nickel i found wedged in between the drum and the agitator in my washer,https://external-preview.redd.it/7EhI9cDZ99hcqYwK4022zVroJEIIaaVwDvNWZbPGSLk.jpg?width=320&crop=smart&auto=webp&s=1e51ff8540ab052e329779051737e114ad97af89,1,1,0.9981194138526917,1,0.5587090849876404,1,0.9535015225410461,0,0.5877782106399536,a coin with a face on it
20687,wait up,http://i.imgur.com/ogtdk6X.jpg,0,0,0.9931558966636658,0,0.6944482326507568,0,0.9907357096672058,0,0.5311805605888367,a little boy is walking down the sidewalk
70091,this bavarian themed gummy candy packaging features pretzel shaped candies,https://preview.redd.it/7ix1fuumn6p31.jpg?width=320&crop=smart&auto=webp&s=f5272b4755e6ab077345208032bebc885590d7ae,1,1,0.9975760579109192,1,0.5590406060218811,0,0.5844506025314331,1,0.5017697215080261,a person holding a toy in their hand
76586,he did itagain,http://i.imgur.com/RfkYB15.jpg,0,0,0.9935142993927002,0,0.6944947242736816,0,0.9915698766708374,0,0.5544123649597168,a man in a suit and tie holding a golf ball
9642,nigerian brothers dressing up as trumpsupporters before attacking jussie smollett,https://preview.redd.it/k2996vuog9q21.jpg?width=320&crop=smart&auto=webp&s=4ffbde8183c87a5129c2bea55aa76ccc2e314076,0,0,0.8059634566307068,0,0.6943356990814209,0,0.8351372480392456,0,0.5020736455917358,two men in white shirts and ties standing in a room
9649,put on the blinkers,http://i.imgur.com/QziTkK2.jpg,0,0,0.9824313521385193,0,0.6951127648353577,0,0.9916688203811646,0,0.5320272445678711,a woman in a white shirt and a man in a blue jacket
85466,marijuana products pulled in denver in largest pesticide recalls,https://external-preview.redd.it/AzTHIcerYUhrFuuKBh4UNkHuCUTCWfAMMjNIeobFuBI.jpg?width=320&crop=smart&auto=webp&s=b5d1c85505220bc85b9aac16e047f0d08885f911,1,1,0.9982286095619202,0,0.685908854007721,1,0.9584188461303711,1,0.5004589557647705,a bunch of candis in a bag
5155,a kid tying president obamas tie,http://i.imgur.com/IFZX9ya.jpg,0,1,0.942651629447937,0,0.695078432559967,0,0.537342369556427,0,0.5342426896095276,"president obama and his wife, michelle, are seen in the oval room of the white house on monday, oct 11, 2012"
3697,defeated warrior,https://i.imgur.com/2fY5Hqm.jpg,0,0,0.7625833749771118,0,0.694695234298706,0,0.5234566330909729,1,0.5062494874000549,two samurais fighting in a dark room
55518,jumping on balance beam,https://external-preview.redd.it/P0zBrMhpyYTqDzzmypPqhxbPi8QBh-WywJcBx2gjxsE.jpg?width=320&crop=smart&auto=webp&s=2a11b5bd55c4ab66c92fb121af4a5dc2714cbcec,1,1,0.9833407998085022,0,0.6951096653938293,0,0.992093026638031,1,0.5028505325317383,a woman jumping in the air on a balance beam
56777,this pop ice froze slow enough to separate the water from the flavor,https://preview.redd.it/tc101ulcshk31.jpg?width=320&crop=smart&auto=webp&s=f04bd76aaecdbf084900c8bf9e1bd55fdac1d172,1,1,0.9980810880661011,1,0.568671703338623,1,0.9056879878044128,0,0.5414026975631714,a person holding a glass with a liquid inside
53010,this twoheaded snake,https://preview.redd.it/2nk1o4qdegg31.jpg?width=320&crop=smart&auto=webp&s=c77ef8d9db949b6a512976f66a27267c4bcbbfec,1,1,0.9244798421859741,1,0.5602384209632874,1,0.8391475081443787,0,0.5712836980819702,a snake is laying on the ground next to a bowl
105110,hairless bear,https://external-preview.redd.it/G_L4-i1CbaRyJl_CcOsZxpZKiQxNfQtzCA9K7N2y2y0.jpg?width=320&crop=smart&auto=webp&s=5cfb9195125f9ac3234ad45fca7b3b6f5a7e4184,1,1,0.7271645069122314,0,0.6945818662643433,0,0.9888441562652588,0,0.5371399521827698,a cat standing on top of a brick wall
10101,my camry still going strong with this great palindrome,https://preview.redd.it/iqgf4zur2ri21.jpg?width=320&crop=smart&auto=webp&s=5e942ac6525ad12503bbc452b881fec8b252a7a8,1,1,0.9977319240570068,1,0.5207659602165222,0,0.5986283421516418,0,0.5297011733055115,a close up of a gas meter
96574,race is on everybody move,http://i.imgur.com/2a3mnna.jpg,0,0,0.9880282878875732,0,0.6946431398391724,0,0.9763429760932922,0,0.5067912936210632,a woman in a purple shirt
24628,computer show me st century space travel objective mode bwahaha,http://i.imgur.com/OOPMC.jpg,0,0,0.9966103434562683,0,0.6945854425430298,0,0.9332349300384521,0,0.5595189332962036,a man in a space suit is looking through a hole
55961,another lunch date with the lakers girls winner,https://external-preview.redd.it/f6SFy1we0EUChaaeMfRUJlfi_2vcE08N594quxjrzN4.jpg?width=320&crop=smart&auto=webp&s=5c4c4ad51d229c486268f32d5b24c803809e0186,1,0,0.9765898585319519,0,0.6941837668418884,1,0.9408515691757202,0,0.539426326751709,a man and two women posing for a photo
303,this seed looked as if it were floating in midair,https://preview.redd.it/q4vgjkv26s831.jpg?width=320&crop=smart&auto=webp&s=2c115678547bedae0753e231c4014611e56178eb,1,1,0.8401219248771667,1,0.5581669807434082,1,0.9181672930717468,0,0.5161385536193848,a leaf is in the air
35687,local supermarket has a trolley you can buckle a baby capsule into,https://preview.redd.it/13euwgrzm1u31.jpg?width=320&crop=smart&auto=webp&s=e1078859e8e1e41c5bcf2ebaa426ea9710f508ba,1,1,0.9981153011322021,1,0.5500772595405579,1,0.9765817523002625,0,0.5321038365364075,a shopping cart with a red and white shopping cart
36606,my best pal posing with an inukshuk we found,https://external-preview.redd.it/0mdoHZGl-_ZwjyMv-9KiQvtmVGMQAvioNVHxEBrXqM0.jpg?width=320&crop=smart&auto=webp&s=929d3e4b966f1f191a0fe3d2034fe9dcad9d3014,1,1,0.9610232710838318,1,0.5476607084274292,0,0.9878258109092712,0,0.5477235913276672,a white dog sitting on top of a pile of rocks
48429,here,http://i.imgur.com/AYKntTs.jpg,0,0,0.9994838237762451,0,0.6942782998085022,0,0.9924584031105042,0,0.5472989678382874,a woman in a bikini top and shorts is playing with a robot
104458,mike pompeo is confirmed to lead cia,https://external-preview.redd.it/JkOdH6L_y0Ua6FpKKQyPaH8x57ntwi_ugbDYsNu9l9M.jpg?width=320&crop=smart&auto=webp&s=c442913565558a7b9eb25dfe3972864a3aafc878,1,1,0.9943026304244995,0,0.694510817527771,1,0.6942989826202393,0,0.5063509941101074,a man in a suit and tie standing next to a woman
4410,passed out on couch wearing motorcycle helmet,https://preview.redd.it/vctr7p040wvz.jpg?width=320&crop=smart&auto=webp&s=effc4457965c6e44f58e7630f8f5f357f215ce59,1,0,0.7444859147071838,0,0.6943845152854919,1,0.960061252117157,0,0.5799753069877625,a brown leather couch
101086,bowe bergdahl will plead guilty avoiding trial years after his return to us,https://external-preview.redd.it/mGVj5NOg__D7fzG0LgPH7vYdFNkTF_tMr4xs9NOc7VA.jpg?width=320&crop=smart&auto=webp&s=23423a496cb9728253085795ad75e01420cc5ac4,1,1,0.9964783787727356,0,0.693871259689331,0,0.5676549673080444,0,0.5354458689689636,a man in a suit and tie walking with other men
5659,the book im reading keeps mentioning th today,https://preview.redd.it/5h80uqoudfc31.jpg?width=320&crop=smart&auto=webp&s=cae3546b65b28bfca489f3570f255b1b5115d988,1,1,0.9921770691871643,1,0.6401928067207336,1,0.9477818608283997,0,0.5323355793952942,a person holding a book in their hand
41327,china yet to meet donald trumps demand to purchase more farm goods as uschina trade crumbles,https://external-preview.redd.it/fvWCB_fks6joS2_Agwfu1XPMn0KCXUjCTcwjesEiEzQ.jpg?width=320&crop=smart&auto=webp&s=cde87d0582d0dd24936c8590b06d5fd9e62da0c5,1,1,0.995347797870636,0,0.6938269138336182,0,0.991438627243042,1,0.5143209099769592,a man is working in a sand pile
68263,youre probably wondering why i gathered you all here today,https://preview.redd.it/wq6o4gwl6n811.jpg?width=320&crop=smart&auto=webp&s=6459debc7321496e7f2cbf1df07c987727bb73ec,0,0,0.9908609390258789,0,0.6949472427368164,0,0.7686882019042969,0,0.5358458757400513,a woman laying on a bed with her feet up
2874,now see this,https://i.imgur.com/rA6IicV.jpg,0,0,0.9839046597480774,0,0.6948763132095337,0,0.9918714761734009,0,0.5352606177330017,a monkey wearing a hat and sunglasses sitting in the grass
104379,woman claims restaurant manager came to home after she left star review on yelp,https://external-preview.redd.it/jnuVxxlJG776tIlDtVYgLwwoIUQzdYzl48BIQRPxyDk.jpg?width=320&crop=smart&auto=webp&s=23df7e358defdb62a07d4c010e740ada360967e9,1,1,0.9221587777137756,0,0.6734199523925781,1,0.8520526885986328,0,0.5420765280723572,a screenshot of a man with a black shirt and a white shirt
34892,eclipse or camera lens photo taken during an eclipse with a phone camera,https://preview.redd.it/9f6mljd8f5a31.jpg?width=320&crop=smart&auto=webp&s=c942df38b2e03afe1e0de3c1fae820ab1304e7a4,0,1,0.9154756665229797,0,0.6930821537971497,1,0.9031507968902588,0,0.5311332941055298,the moon is seen in the sky above the sun
105508,nevada brothel offers to host sen harry reids retirement party,https://external-preview.redd.it/vlAR2vn1R51X4BnQslVENMLVVE_kd3Obj1cIZo5kfw0.jpg?width=320&crop=smart&auto=webp&s=9b0a7fc2ad8f65a450eae8bdef93e669f60db853,1,1,0.9977966547012329,0,0.694301962852478,0,0.9878969192504883,0,0.5059943199157715,a man in a suit and tie is sitting at a table
95060,reprint from dongtai rd shanghai date unknown,https://preview.redd.it/urn6foz7grh31.jpg?width=320&crop=smart&auto=webp&s=e2909c296d77a2a0f1dae7b805db8102880c1d28,0,0,0.9995131492614746,0,0.6939873695373535,1,0.8737760186195374,0,0.505845844745636,"a poster for the movie ' s first film, the last"
20614,burnt match,https://i.imgur.com/PnxTNGE.jpg,0,0,0.9531821012496948,0,0.694648027420044,0,0.9925007224082947,0,0.5211961269378662,a man in a suit and bunny ears looking at the washington monument
89806,nirvanas original idea for a cover,http://i.imgur.com/pf6Ibhm.jpg,0,0,0.9940623641014099,0,0.6946590542793274,0,0.9927372336387634,0,0.5466601848602295,a dog is swimming in a pool with a money
41881,does anyone see an eagle on the right,https://preview.redd.it/2fsgk0408l411.jpg?width=320&crop=smart&auto=webp&s=c993fe3b6913e7a559016553403acd6fedd06d3a,0,0,0.967819333076477,0,0.6940545439720154,0,0.9920384883880615,1,0.5089687705039978,a fire in the dark
81285,the patch work on this road looks like a maze,https://preview.redd.it/kr68git53zh21.jpg?width=320&crop=smart&auto=webp&s=90e7e0fb78d91d705fa7da1bd6964043b0609ae0,1,1,0.9255862832069397,1,0.6160885691642761,1,0.9526800513267517,0,0.5521759390830994,a road with graffiti on it and a mountain in the background
35917,echo lotus enhance,https://preview.redd.it/x1gsokp009k01.jpg?width=320&crop=smart&auto=webp&s=f7701fe79a92a48827d732f0415e879fd9b3377b,0,0,0.9950577020645142,0,0.6949716806411743,0,0.9923878908157349,0,0.5031477808952332,a drawing of a woman ' s face with the words echoes
28148,right where they belong,http://i.imgur.com/2MHxOT0.jpg,0,0,0.986275315284729,0,0.6943531036376953,0,0.9817481637001038,0,0.5174100399017334,a prison with a bunch of beds and a bunch of chairs
3178,stereotypes,http://i.imgur.com/gQsn5Cv.jpg,0,0,0.9891098737716675,0,0.6942029595375061,0,0.9914959669113159,0,0.506403923034668,a couple of people jumping in the air
55792,the bad apples st,https://preview.redd.it/tbo27m3ihuw01.png?width=320&crop=smart&auto=webp&s=14619a3ef551a45ea3e6e871a141782eaca540c4,0,0,0.9998401403427124,0,0.6949158906936646,0,0.9928420782089233,0,0.5479562282562256,a poster with a hand reaching a ball
111058,the uss enterprise is angry,https://external-preview.redd.it/S1J-iy9z4DL438hizuAMLmIM_PmtCIwHx8Ub9GKIHKE.jpg?width=320&crop=smart&auto=webp&s=038bc0b2bda74486d71f9d5e8c540d3e54ff2f7a,0,0,0.9468532800674438,0,0.6946461796760559,0,0.9898987412452698,0,0.5239781737327576,star wars the old republic
110560,schoolyard brawl between fortnite and apex legends players breakout,https://external-preview.redd.it/M0Se_aCvkedncd25okENerE70-_d1fGaf6CrpCJNqlY.jpg?width=320&crop=smart&auto=webp&s=65255810a3d7a542699708dfc484863a5fadf463,0,1,0.82728511095047,0,0.6944533586502075,0,0.9854239821434021,1,0.500826358795166,the new apexx games are coming
50691,life super mom this mother of three is really getting the hang of explaining national tragedies to her young children,https://external-preview.redd.it/MpwN3ZhpY57EikCpRnAogeX6QDcGHAwvUs8i948q1rY.jpg?width=320&crop=smart&auto=webp&s=bc33dee581f084ff0ce02e4b6dc7dc4564c58b10,0,0,0.9996107220649719,0,0.6940497159957886,0,0.8161355257034302,0,0.5582692623138428,a woman sitting on the floor in a living room
34876,spaceprincess,http://i.imgur.com/2NrkRNy.jpg,0,0,0.9972363710403442,0,0.6943442821502686,0,0.9914103150367737,0,0.5221238732337952,a woman in a neon green outfit
3331,happy slug broken construction equipment from rjustrolledintotheshop,https://external-preview.redd.it/b83BJPikv067bXaxz9kbu7_yBUEyois9uX_e18fA5yA.jpg?width=320&crop=smart&auto=webp&s=43490ad71cc9ef2d9b8331671689df977a312e3c,0,0,0.830187976360321,0,0.6942696571350098,0,0.9914212822914124,0,0.5348967909812927,a car that is sitting on the ground
61049,uss antietam guidedmissile cruiser runs aground leaks oil,https://external-preview.redd.it/TSg0atsLQbZr_m3MkDbQ4-g2QW0YbV5iDYCFJYO71Qo.jpg?width=320&crop=smart&auto=webp&s=2e4c9a7731e0b274bf595196b1e395a388a2fbd6,1,1,0.9393311738967896,0,0.6938683390617371,1,0.950015127658844,1,0.518419086933136,a navy ship in the ocean with a flag
920,west indian cricketer dwayne bravo diving to take a catch midair,https://external-preview.redd.it/7TddiUboezzIti74s4zC82ExeubCaFPcumoXkBFWzY4.jpg?width=320&crop=smart&auto=webp&s=8ee144f7b11c0de1718b244e6e5fbadb687c367d,1,1,0.9978519678115845,0,0.6943862438201904,0,0.6323094964027405,0,0.508870542049408,a man catching a ball
103033,sing zenith royal,https://external-preview.redd.it/vemBBhZWJ--hKR9G5ZDgTw92MbqmPY3K0fPyB8KS9to.jpg?width=320&crop=smart&auto=webp&s=355016d9ccc6a1e4a9d560e94a6d6c4a0768bc0a,0,0,0.9931290149688721,0,0.6944205164909363,0,0.9887263178825378,1,0.5072317123413086,vintage mid century glass tumbles
93883,this guys license plate,https://preview.redd.it/oo6w3kr1kks31.jpg?width=320&crop=smart&auto=webp&s=09f6124c87e0704df2e18630a2542a511b9e5173,1,1,0.9957085847854614,1,0.5583270192146301,1,0.746016800403595,0,0.5523877143859863,a car is seen on the street with a camera
110407,found this during remodeling pull tabs on beverage cans ended around these were a big source of litter back then,https://preview.redd.it/b4lu0i8qvkw11.jpg?width=320&crop=smart&auto=webp&s=82f84c7d224ed892e19d93130d2946f94df815fa,1,1,0.9883366227149963,1,0.5538395047187805,1,0.9007080793380737,0,0.5378599762916565,a small silver ring on a wooden table
90936,what could you do with this,https://external-preview.redd.it/L9YI5-Ir0Su6ubj4ngkd-Dcb31wIeDwTsoAmm5lc3gU.jpg?width=320&crop=smart&auto=webp&s=5cc36a77be9fd491c48f8467e4d15dab6ba384fb,1,0,0.7190157771110535,0,0.6943265795707703,1,0.6478737592697144,0,0.5547272562980652,a man is jumping off a bed in a room
46404,el tornillo panama city,https://preview.redd.it/45dzskx911q31.jpg?width=320&crop=smart&auto=webp&s=84a412bc50e6faa6b30995e94a6108ec0767e481,1,1,0.8838921785354614,0,0.6882344484329224,0,0.9594663977622986,0,0.5099179148674011,a street with cars and buildings in the background
3201,court nixes federal approval for cadiz pipeline to suck water out of the mojave to sell,https://external-preview.redd.it/b6yUgbrPWdCyAyFlaweFn8k7HflzS_mDSKAPHq9joD4.jpg?width=216&crop=smart&auto=webp&s=c766c260529b42530106f8e7907559e564ba8b61,1,1,0.9971665740013123,1,0.5385578870773315,0,0.9911606907844543,1,0.5193499326705933,the huffington on the go
89300,alabama gun range stirs controversy with facebook photo of baby holding handgun,https://external-preview.redd.it/gq27zQOxjKMTp9kpEaGEFgTavFRedeZfplAgIWnKwM0.jpg?width=320&crop=smart&auto=webp&s=58d11b272be131b4d989c635d183d601c8aa7207,1,1,0.9857903718948364,0,0.6933339238166809,0,0.9333903789520264,1,0.5327109098434448,a baby in a red robe holding a gun
10414,hurts so good,https://external-preview.redd.it/AaFIFxZMv6M39vAhLt1nYWWuQVW-eM2hWTp-JF3lNJ0.jpg?width=320&crop=smart&auto=webp&s=6b4150506392047ca590496ef490e4122fcef1af,0,0,0.992097020149231,0,0.6940954327583313,0,0.9910474419593811,0,0.5220960974693298,a white sink
87079,the sustain pedal on this piano is much more worn in from peoples feet than the soft pedal,https://preview.redd.it/c09raezd6pr31.jpg?width=320&crop=smart&auto=webp&s=cba381e03c902dd0137a03f1ec464e3b93b39161,1,1,0.997357189655304,1,0.5573553442955017,1,0.742239236831665,0,0.5707465410232544,a small machine that is sitting on a wooden floor
53112,my goofy fritos bag upside there were more fritos in it than a regular bag,https://preview.redd.it/7uyzt69sgtq21.jpg?width=320&crop=smart&auto=webp&s=a1e027ab24dd1c8b2cf2d97501dc215669adf960,1,1,0.9943919777870178,1,0.5539770722389221,1,0.9668662548065186,0,0.561926007270813,a bag of chips sitting on top of a blue blanket
80814,rob ford looking for answers to torontos raccoon problem,https://external-preview.redd.it/0S5t5s4iDOjiK9Eym9oLovTy4fMkOqMS55kTzFpJKFs.jpg?width=320&crop=smart&auto=webp&s=d655e1bbc121b525512820f107d324b8ed83ea5c,1,0,0.8119667768478394,0,0.6634889841079712,1,0.9565127491950989,0,0.5020142197608948,a man with a rad rad rad rad rad rad rad rad ra
65056,guy accidentally punches a woman in the face trying to high five the mayor of philadelphia after finishing the philadelphia marathon,https://external-preview.redd.it/VBijDUtgHaECVRXgdxoG8Z01dRXCKU_Rtvj2a4IXRXM.jpg?width=320&crop=smart&auto=webp&s=cca5a0675ba433f49c1acc8b8414d71325e88584,1,1,0.9884008169174194,0,0.6859850883483887,1,0.9750252366065979,0,0.5271003246307373,a marathon with people running in the street
58376,catzilla,http://i.imgur.com/qCHgcR6.jpg,0,0,0.9986716508865356,0,0.6944164037704468,0,0.9920618534088135,0,0.5482567548751831,a movie poster with a cat on it
71060,done,http://i.imgur.com/2WK70Cm.jpg,0,0,0.9990606904029846,0,0.6943737268447876,0,0.8650732040405273,0,0.5358708500862122,a man standing in a street with a giant ball in the middle of the street
94321,de wallen has a new sex theatre d porn opens this saturday,https://external-preview.redd.it/xBye_VufiMyLVYZRDrYVRmqDi4gBs2xbiCDXMrta584.jpg?width=320&crop=smart&auto=webp&s=fa9c10906521b142e95e98db79e1431077130b1d,1,1,0.8844940662384033,0,0.6943702697753906,0,0.9224103093147278,0,0.5101608037948608,the logo for the 5d don
17543,butterfly with the number,https://external-preview.redd.it/kryNQBfqio15Slo2ohOXw2fLoCgGtXmuLqaMfQ8bw2w.jpg?width=320&crop=smart&auto=webp&s=7e48fa3f9ae688f3a1a6bf4fca20523498fd1191,1,1,0.9252276420593262,0,0.6942543983459473,0,0.9915388226509094,0,0.5355387330055237,a close up of a wooden railing with a waterfall in the background
84040,this unrealistic painting of shaq and jordan playing basketball found at our church garage sale,https://preview.redd.it/walfjttzdvz21.jpg?width=320&crop=smart&auto=webp&s=eedf32b3d114263500b8fbcb6df647abcea90af7,1,1,0.9904490113258362,1,0.55771803855896,1,0.9752973914146423,0,0.5208638906478882,a painting and a framed of a basketball player
33115,put a crystal in there and see what happens,http://i.imgur.com/lLXkiAn.jpg,0,0,0.9711264967918396,0,0.6947230696678162,0,0.9628410339355469,0,0.5531643033027649,superman returns in the new trailer for the upcoming film
76293,fighting the euroskeptics establishment under seige berlin flyer,https://external-preview.redd.it/t-XfewkmX6K6NoLt2TiI2641oywLb1MeCt7vdpaZNvA.jpg?width=216&crop=smart&auto=webp&s=b943353803973a6480afcdb00948b5089865dad4,0,0,0.9997393488883972,0,0.694206953048706,0,0.6081833243370056,0,0.5128194689750671,a sign on a pole in a city
85237,uh were out of peanut butter,https://external-preview.redd.it/1USth7oZrPuDq65rVTCvrOfXbfPlH7MkOKbEIiALc10.jpg?width=320&crop=smart&auto=webp&s=39f9980ac1e50eadce86286be6823d88a2212868,0,0,0.9817515015602112,0,0.6948033571243286,0,0.8372416496276855,0,0.5370773077011108,a white purse with a gold button on it
80584,leak unredacted denver police crowd control manual bonus scratch off foia redactions,https://external-preview.redd.it/BUJPacFMoYuWALPek5lUwtDOwnPr16clb--7BesKA_I.jpg?width=320&crop=smart&auto=webp&s=b0a49e6f018aeb2ac2ad660df7ba37d5ffcc637e,1,1,0.99797123670578,0,0.6932104825973511,0,0.845731794834137,0,0.5796027183532715,the text on the front of the poster is a black and white image of a man with a gun
73273,las vegas fox news station sets up surprise first meeting of father and adultaged son,https://external-preview.redd.it/xRJ7fkXSoW3EW38npd_Cl5LjLy87tX7Ccrnq20gfypw.jpg?width=320&crop=smart&auto=webp&s=68847a7d64628af23ef5dfb6e9ae0d292ac3204a,1,1,0.9982958436012268,0,0.6934136748313904,0,0.9923794269561768,0,0.522382915019989,a man is hugging another man in a room
10560,a magic carpet ride,http://i.imgur.com/hDLd3fc.jpg,0,0,0.8581161499023438,0,0.6947686076164246,0,0.9921380877494812,0,0.5355780720710754,a woman in a blue dress is flying through the air
68438,rare original poster by ottomar anton recruiting for the leibstandarte ss adolf hitler st waffenss panzer division the premier german division in ww ii ca,https://external-preview.redd.it/KBjY8A2UALd9hXu-wbfiPj7Hgyz6zBWuCNAoOyibxEA.jpg?width=320&crop=smart&auto=webp&s=e5bb210e7352b5d81e1b2131b399c2b3d80aa29b,0,0,0.9996330738067627,0,0.6936972737312317,0,0.9368690848350525,0,0.514783501625061,a poster advertising the liberation of the german army
77659,adolf hitler being informed about the success lf the invasion of poland circa,https://preview.redd.it/6rssmipr0y601.png?width=320&crop=smart&auto=webp&s=10adf6fdcbd8458d52b7fb737104604da524f947,0,0,0.9996955394744873,0,0.6945268511772156,0,0.9930073022842407,0,0.5201186537742615,a black and white photo of a woman in a hat
32346,toy green soldiers,http://i.imgur.com/VZz3Mra.jpg,0,1,0.6487240195274353,0,0.6940953135490417,1,0.9261782765388489,0,0.5248611569404602,a group of green army figures
108328,a green pepper,https://external-preview.redd.it/h0VIERe7YXDzOzsZOaiN49URBECbwYjCLVppxE8-2G4.jpg?width=320&crop=smart&auto=webp&s=b6d54000a694fdf11515d208e20f3c12b59ee45f,1,0,0.8443584442138672,0,0.6937231421470642,0,0.9704436659812927,0,0.5177649855613708,a green pepper plant with a green pepper on it
107885,the first tpose ad,https://preview.redd.it/in1pxmml8iz01.jpg?width=320&crop=smart&auto=webp&s=31448750e83f159cf9ece7b5000bc2207ae29e64,0,0,0.9991233944892883,0,0.6945608854293823,0,0.9921345710754395,1,0.5155873894691467,"the cr cr, by giovanni de ' medici"
34428,this shocked pig at goodwill,https://preview.redd.it/2f4pncenl0h21.jpg?width=320&crop=smart&auto=webp&s=eee3f59ac9e4932ed0a350df8abbb790b35e6f31,0,0,0.5839170217514038,1,0.5553520321846008,0,0.8805665373802185,0,0.5572465062141418,a clock sitting on top of a table
28604,this paint chipping looks like a goblin,https://external-preview.redd.it/DQcUQRtoI4Hkwke25btbMlFYvOC3GQrubARzNDsv1TM.jpg?width=320&crop=smart&auto=webp&s=d98f8caef668be901de1cd5e56986e4ca334e1f1,0,0,0.5089820623397827,1,0.5887065529823303,0,0.9798014163970947,0,0.5763475894927979,a piece of paper with a leaf drawn on it
78960,this year old stock photo of a bald man screaming,https://external-preview.redd.it/NMTsyKyM_QWtZsBR9QX81r147na-qZMC7P4mPqPQToU.jpg?width=320&crop=smart&auto=webp&s=882223b345902eccebee6af09de759ff3a11cc1f,1,1,0.9707949161529541,1,0.557648777961731,1,0.9548208117485046,0,0.5612796545028687,a man in black shirt and pants with arms outstretched
26841,imgur,http://i.imgur.com/KSXAE8n.jpg,0,0,0.9974229335784912,0,0.69398033618927,0,0.9932449460029602,1,0.5025006532669067,a cat with its mouth open
59074,stay back,http://i.imgur.com/Gf72Lh8.jpg,0,0,0.9971773624420166,0,0.6944516897201538,0,0.9891543984413147,0,0.5271992087364197,a group of people standing around a man in a suit
86609,this beautiful pigeon,https://preview.redd.it/3zeyawatrh631.jpg?width=320&crop=smart&auto=webp&s=01e12724d6280a26f04b6fb0b5e069722a1538cb,1,1,0.893315315246582,1,0.5541602373123169,1,0.614104688167572,0,0.5338049530982971,a black metal fence
73491,this dog getting pet by a baby,https://preview.redd.it/ci4z217r9bj11.jpg?width=320&crop=smart&auto=webp&s=b7e24575890a7f3a4cef9e3ca371f8efd18c59bf,1,1,0.9820960760116577,1,0.5556994676589966,1,0.885330080986023,0,0.5281535387039185,a baby playing with a dog in a toy car
74845,church motorcycle event upsets neighbors after sheep fiasco,https://external-preview.redd.it/mVTHFK4PyRybei1dfOa5wJcduDuKLABgbtUEsDP1hUA.jpg?width=320&crop=smart&auto=webp&s=eae2a7f57c09f3468da1ae58b7ad3ae3ca4b4325,1,1,0.9979674220085144,0,0.6935267448425293,0,0.9816169738769531,0,0.5022891163825989,a view of a city from a hill
18472,doctors and nurses suspended after orgy,https://external-preview.redd.it/velVh3xrc3V6nSHcKuYzeRGBeCgrg_LMD3DPNJoHeXY.jpg?width=320&crop=smart&auto=webp&s=174219bcb7ff06458b045abf91fdd41cd2281a67,1,1,0.9946539402008057,0,0.6923606991767883,0,0.5837832689285278,0,0.529284656047821,"dr raj singh, md, md, md, md, md, md, md, md, md, md, md, md, md, md, md, md, md, md, md, md, md, md, md,"
67941,world champion armwrestler matthias schlitte,https://external-preview.redd.it/nSVr7plI3FrVAbQigD3b4abkmCbodPO8SN6hHAS42mg.jpg?width=320&crop=smart&auto=webp&s=4695355426dd3a78c17c6d3d063fccfe707b72b1,1,1,0.9216274619102478,0,0.6946157217025757,0,0.992115318775177,0,0.5022503733634949,a man in a yellow shirt standing on a stage
99149,this live performance,https://external-preview.redd.it/Z8e8vsEwZWvuAOJYHR5nA5bxvGgtPBmXbIXAboR0l6Q.jpg?width=320&crop=smart&auto=webp&s=5f8a21453782dc39293560d0e9561145f470f25f,1,1,0.567247748374939,1,0.5474629402160645,0,0.9482429027557373,0,0.5528609156608582,a group of people standing around a bed
102109,subtle but then very much not subtle,http://i.imgur.com/pcSi2mL.jpg,0,0,0.9860206246376038,0,0.69476717710495,0,0.9911954402923584,0,0.5189676284790039,a dog with a harness on walking on a beach
106729,donald trump at the miss universe pageant,https://preview.redd.it/h566rdgbm8l21.gif?width=320&crop=smart&format=png8&s=9e3b0128b878a772ab10eedc2b760394f5d71c94,0,1,0.9031075835227966,0,0.6948391199111938,0,0.9864761829376221,0,0.508962094783783,a man and woman playing a video game
110535,the town that turned poverty into a prison sentence,https://external-preview.redd.it/3VC6YaLEW9nVLsog5ZJL11rwpM-mPgK4tF-KQl6VScs.jpg?width=320&crop=smart&auto=webp&s=b6cb9c8f55b0752513645c7a7f66a3d6e2e463c8,1,1,0.9944524168968201,0,0.6600464582443237,1,0.875529944896698,0,0.594563901424408,"a sign that says, ' water dept '"
84141,its a puppy,https://external-preview.redd.it/lvONlIEu71eAd5Zmp3uRhIlKyGMZXLkj0f4JbrQWjzs.jpg?width=320&crop=smart&auto=webp&s=47a05a902e979d0b82076d0b57b7a5252510edb9,0,0,0.9856334328651428,0,0.6942288875579834,0,0.9452017545700073,0,0.5320554375648499,a dog ' s paw is seen in the floor
70530,silver falls state park georgia usa x oc,https://external-preview.redd.it/fVZ9Coy58oEhiUVL31zirMHNfosZiXmjxdJijbbacYk.jpg?width=320&crop=smart&auto=webp&s=7615dfd70f50a34ca3145dfed1544276c4590328,0,0,0.9713351726531982,1,0.6010156273841858,0,0.7618201375007629,0,0.5117178559303284,a river running through a forest filled with trees
14022,sitting dead,https://i.imgur.com/2DAekbQ.jpg,0,0,0.9822194576263428,0,0.694079577922821,0,0.9922426342964172,1,0.5077333450317383,a crowd of people walking down a street
103582,other discussions,http://i.imgur.com/sieiKpb%2ejpg,0,0,0.9997977614402771,0,0.694304347038269,0,0.9433563947677612,1,0.5087502598762512,a man holding a cuce in his hands
40798,a german soldier camouflaged as a tree while on scouting duty during world war one,https://preview.redd.it/z6i0ldgqnyo11.jpg?width=320&crop=smart&auto=webp&s=21176fb2981071fd030b625a6dd2430964efd1a2,0,0,0.7339958548545837,0,0.5865421891212463,1,0.9682039618492126,0,0.5204897522926331,a woman in a costume with a tree stump
69250,shinzo abe at a kindergarten,https://preview.redd.it/gd3nqkp34fpz.jpg?width=320&crop=smart&auto=webp&s=f48ba38529339559ff6104af623a85b84dc697f5,1,1,0.9537602066993713,0,0.6943782567977905,0,0.9890663623809814,1,0.518631637096405,a group of children sitting on the floor
108776,scientist pitches proposal to curb bird deaths with a tax on cats,https://external-preview.redd.it/D18MuUeZSh9tp4xKTezr_MnmgVN9sMow9nHTIuGODU4.jpg?width=320&crop=smart&auto=webp&s=77eae25e65a84f3295e01f546c68ca0a61fc4449,1,1,0.9944737553596497,0,0.6936822533607483,0,0.974398672580719,1,0.5203043818473816,two kittens are sitting on the ground
14712,nasi goreng rio ferdinand tweet sparks indonesiasingapore food fight over dishs origin,https://external-preview.redd.it/dx6YvZutLZJIoDzWzKmjVkgCS_VuAJvHUdOgq27XMCI.jpg?width=320&crop=smart&auto=webp&s=0c4aa06046fa16e5d868930ca768d8c4c1ea2fed,1,1,0.9967028498649597,0,0.6941685080528259,0,0.9673622846603394,1,0.5096533298492432,a woman sitting at a table with a plate of food
7850,cutouts,http://i.imgur.com/DqyjdZk%2ejpg,0,0,0.999797523021698,0,0.6949421167373657,0,0.9928492307662964,1,0.5203335285186768,a group of people
74700,a giant man on a normal sized roller coaster,http://i.imgur.com/5NFG6.jpg,0,0,0.9539036750793457,0,0.6930168867111206,1,0.8905056715011597,0,0.5130168795585632,a man on a roller coaster
30171,carspeak,https://external-preview.redd.it/dkgeybCPAzk5iXZCp3Tn22TgTeKwRbu3uTVlf2Ayx44.jpg?width=320&crop=smart&auto=webp&s=742053feb5f4f5e0dcdeedecfaea47f70cd6b24d,0,0,0.9982812404632568,0,0.6942027807235718,0,0.9369158744812012,0,0.5617425441741943,"a car driving down a road with a capt that says, that grey guy he ' s behind me, he"
96033,he is literally the dicaprio of dogs,http://i.imgur.com/1yDmVi2.jpg,0,0,0.975911021232605,0,0.6947914361953735,0,0.6673413515090942,0,0.5511038899421692,a dog is running in the snow with a frumb
64471,your singing is bad and you should feel bad,http://i.imgur.com/oyBYp.jpg,0,0,0.9949260950088501,0,0.6948582530021667,0,0.9854274392127991,0,0.5359372496604919,american idol on the set of american idol
89552,the label for this bottle needs to be read through the water,https://external-preview.redd.it/VSmAjqbowAy9giXVsfhu419ziK3L_eJPYtI3D471NiQ.jpg?width=320&crop=smart&auto=webp&s=33df8868d08031a4a66a2df6aff642fac64230f7,1,1,0.9958245754241943,1,0.5807598829269409,1,0.9729548096656799,0,0.5522039532661438,a bottle of water sitting on top of a table
108847,moroccan chocolate brand,https://preview.redd.it/88n0l9187ap21.jpg?width=320&crop=smart&auto=webp&s=cec9b199a21fc4553311942d7bdfd465d74e2a9a,1,1,0.9549142122268677,0,0.6940152645111084,0,0.9640498161315918,0,0.5155701041221619,a chocolate bar sitting on top of a couch
94670,animal rescue fospice program gives senior and terminally ill shelter dogs a home for their final days,https://external-preview.redd.it/M1aqh-nvSeShzsV3b9GCqX_TiZR2US_yvQqggU2Pcso.jpg?width=320&crop=smart&auto=webp&s=8433a1bf9ea405dfe3091941be697cb9f03588b4,1,1,0.998518168926239,0,0.505810558795929,0,0.7159046530723572,0,0.5280461311340332,a woman sitting on a rug with her dog
10284,michael bayed,http://i.imgur.com/j4BaZ.jpg,0,0,0.9955924153327942,0,0.6947810053825378,0,0.9922528862953186,0,0.5271643400192261,a cat is walking on a road with a fire in the background
208,compromise indeed thomas nast magazine,https://external-preview.redd.it/OCxlF-PVjBioe_n_JQ1TPZVfLf2mOK5klDs5v7ZsP4A.jpg?width=320&crop=smart&auto=webp&s=a25d73d1b30c385da2b8061fcef01dd397ddd62c,0,0,0.9952541589736938,0,0.6945948600769043,0,0.9905893802642822,0,0.521325409412384,a cartoon drawing of a man holding a gun
52665,mick jagger holding the cricket world cup trophy,https://external-preview.redd.it/qCBC-4SmlyYzaLkBD7MYsqBJt8By3Bj1gKcvdNpqz0c.jpg?width=320&crop=smart&auto=webp&s=063b99de9b2947293eba787256c4e606eb52a115,1,1,0.9768392443656921,0,0.694513738155365,1,0.9184530377388,1,0.5018094778060913,a group of people sitting in a golf cart
108871,the variety of kitkat flavors in japan green tea apple hazelnut mint yogurt,https://preview.redd.it/zkq34lhoiks31.jpg?width=320&crop=smart&auto=webp&s=6a5bef202a7c47c05687d8358c33f1aa11f0f452,1,1,0.9962724447250366,1,0.5546638369560242,1,0.9623379111289978,0,0.5061739683151245,three packets of japanese snacks on a wooden table
82085,this giant balloon animal sculpture,https://preview.redd.it/u8mxwjo1vzk31.jpg?width=320&crop=smart&auto=webp&s=15e32c1034e975d4d6fb9c38999ae7ac1834cdaf,1,1,0.9555545449256897,1,0.5683740973472595,1,0.9638135433197021,0,0.5406770706176758,a blue balloon dog sculpture on a white pedestal
44890,this ceiling points at the elevator,https://preview.redd.it/xnucfbzje4i21.jpg?width=320&crop=smart&auto=webp&s=ae142bcf765af96fb0d0e7f1fe3f4d02a9c8fa38,1,1,0.9943970441818237,1,0.5720329284667969,1,0.9733223915100098,0,0.5500920414924622,a large mirror in the ceiling
61582,this cat biting a plant,https://preview.redd.it/rry4ln1wa6q01.jpg?width=320&crop=smart&auto=webp&s=dffc1a565d1037acdbf7a8320dcee6d801966e99,1,1,0.9536731243133545,1,0.5551356077194214,1,0.7965527176856995,0,0.5266150832176208,a white cat with a black harness on its back
15595,shroomy flowers,https://preview.redd.it/kffpbefio2o11.jpg?width=320&crop=smart&auto=webp&s=e47a77cb7e9481f002572c0a0dd15789d06b96a4,1,1,0.9473043084144592,0,0.6942806243896484,1,0.7664397954940796,0,0.5127338171005249,a bunch of yellow flowers growing in a garden
16890,when you accidentally plug into the wrong outlet,https://external-preview.redd.it/Ay3vnCKdSnuBaedkUZC0PMrHtmMfq8pB1Ng6JaRYW50.jpg?width=320&crop=smart&auto=webp&s=e768539a7a71141cf56491d35047123633b5988c,0,1,0.6122521162033081,0,0.6935433745384216,0,0.5747992992401123,1,0.5054017305374146,linkset wi - fi wi wi wi wi wi wi wi wi wi wi wi wi wi wi wi wi
10196,this forkknifespoon,https://preview.redd.it/8zflez1mh5k21.jpg?width=320&crop=smart&auto=webp&s=c7a33d1380ef4080071b76324fdaa49a0557dc13,1,1,0.9241408705711365,1,0.6438031196594238,0,0.9918563365936279,0,0.5661042928695679,a green spoon sitting on top of a wooden table
109075,child abusers beware you just made the list,http://imgur.com/RM9TYSR.jpg,0,1,0.8016502857208252,0,0.6943091154098511,0,0.9920427203178406,0,0.558810830116272,"a black and white text that reads, ' the things you are trying to get out of your own '"
29690,destroying italy,http://i.imgur.com/M73PbCd.jpg,0,0,0.9956386685371399,0,0.6925637722015381,0,0.9070050716400146,1,0.5171239376068115,a bear is jumping over a hill
9477,the creation of eternity,http://i.imgur.com/OdgTSLt.jpg,0,0,0.9965320825576782,0,0.694334864616394,0,0.9932262301445007,0,0.5725259780883789,"a black and white text that reads, ' the things you are trying to get out of your own '"
33272,texas couple claim they have caught a chupacabra,https://external-preview.redd.it/ubowdyiTV-kMQkHOP85A2abWCSjaCSLCX4uFr8GrmMk.jpg?width=320&crop=smart&auto=webp&s=120460618cc75daa032a5ba4b5fc9634fe06b3ff,1,1,0.9967055916786194,0,0.6862523555755615,1,0.9345477223396301,0,0.504292905330658,a small animal inside of a cage in a cage
73133,llama park,http://i.imgur.com/vZT2ASw.jpg,0,0,0.8601149320602417,0,0.6943851709365845,0,0.9830354452133179,1,0.5143928527832031,jurassic park logo
26331,the real purpose of the end part of chopstick will blow your mind,https://external-preview.redd.it/j7s7FABCamyk9rxajhUOBOf7NmPJ0Y1SRQ8qVAXFsV4.jpg?width=320&crop=smart&auto=webp&s=098e5ea152a714dc50504233bc495bf25576dc17,0,0,0.9959182143211365,0,0.6870779991149902,1,0.6431668996810913,0,0.5665535926818848,a pair of wooden chopsticks with a red arrow pointing up
7759,this pirate seems out of place at a wedding,https://preview.redd.it/mcf7qhivj8w21.jpg?width=320&crop=smart&auto=webp&s=70ddbd4ce8638469796667ea390d55c2e88f6a66,1,0,0.8640214204788208,1,0.5577447414398193,0,0.8395264744758606,0,0.5841476321220398,a group of people standing around a woman in a dress
13993,other discussions,http://i.imgur.com/3pwBDjw%2ejpg,0,0,0.9997977614402771,0,0.6943981051445007,0,0.9930045008659363,0,0.5178413987159729,a young boy in a green shirt and blue pants
75932,fiorina i will not be bullied into telling truth,https://external-preview.redd.it/w5EN9cXOMdK0LxWhkmRo13h2STrRX1YqxoW2f6fZ6V0.jpg?width=320&crop=smart&auto=webp&s=a63c862bdf26384ca0453a4d4083e8cd8a0cf6da,0,0,0.938496470451355,0,0.6948168873786926,0,0.5533787608146667,0,0.5092228055000305,a woman singing into a microphone
3024,eating noodles,https://preview.redd.it/f01coke62mw21.png?width=320&crop=smart&auto=webp&s=0ac3d4efd17b99048cdddc620441b9f10df14abd,1,0,0.866199254989624,0,0.6929858922958374,0,0.9924742579460144,1,0.5055317878723145,a woman sitting on a window sie
72552,bought a house a couple of months ago and found this in the basement today,https://preview.redd.it/gj2e1y4vruf31.jpg?width=320&crop=smart&auto=webp&s=171dec521927f50b692e8dc3bd6b794101a6639d,1,1,0.9822614192962646,1,0.5556296706199646,1,0.8349023461341858,0,0.5454362630844116,a bottle of alcohol next to a bottle of alcohol
27916,pepper says rawwwrrrgh,https://preview.redd.it/1d2ywiikqva31.jpg?width=320&crop=smart&auto=webp&s=ec23652a14dacd8bc8de41346b64b927a401ba13,0,0,0.7875184416770935,0,0.6947713494300842,0,0.9869090914726257,0,0.5499588251113892,a person holding a green pepper with a face on it
74137,this is fascism miserydestruction persecution and death spain,https://external-preview.redd.it/x6cV8kmJcczELWMbPpYKXFcu2JWOaPI2WnUS1zTr6vE.jpg?width=320&crop=smart&auto=webp&s=2e1c5613ec0ee4d9e9ede1c9d5573a1cf9fbf77e,0,0,0.9997538924217224,1,0.5544116497039795,0,0.8479270935058594,0,0.5209033489227295,"a poster advertising the film ' s first film, the last"
97864,heres why you shouldnt cremate radioactive dead people,https://external-preview.redd.it/LB-0Ofb3FC9O6UeBE9vepiFWZrpdqwIaBiTPWf2TdOQ.jpg?width=320&crop=smart&auto=webp&s=6262467465bebfeced0335717a001ca5a3ecbeaf,1,0,0.7761886119842529,0,0.6841574311256409,0,0.9632547497749329,0,0.5380347371101379,a green light shining on the side of a car
99818,updatept adopted us air force col found his japanese birth mother and gained a brother as well,https://external-preview.redd.it/TnxJ6aghtcsB5H_3XNyjLr0QBYioIXY3lz6znm2B_eI.jpg?width=320&crop=smart&auto=webp&s=0a287eb6e3151cb37b6606ad756d9f30598b1fea,1,1,0.9428586959838867,1,0.5445322394371033,1,0.855413556098938,0,0.5185289978981018,a man and a woman hugging on a train platform
96452,do you even lift,http://i.imgur.com/0cB22Ob.jpg,0,0,0.9852170348167419,0,0.6948336362838745,0,0.9924266338348389,0,0.5346541404724121,two birds are standing on the ground
71251,cutouts,http://i.imgur.com/2VRohJG%2ejpg,0,0,0.999797523021698,0,0.6946768164634705,0,0.9918986558914185,0,0.5068018436431885,a man sitting on a couch
74652,amazon is buying whole foods for billion,https://external-preview.redd.it/8BQ0wA6FUEkfM7icLmennZHvVR_yECM_Gvc3K2P-hWI.jpg?width=320&crop=smart&auto=webp&s=3916a50302474f15e4d91220eace155922130a9f,1,1,0.989658772945404,0,0.692665696144104,1,0.9158055186271667,0,0.5049006342887878,a sign that says whole food is on the wall
32970,george lucas said what,https://external-preview.redd.it/JleTe0QIA5pvXxZJJQYB2oNqITtpKUC7NigszBh029Y.jpg?width=320&crop=smart&auto=webp&s=39f829c8964de61fcf3bb0a1d97e7bc7378113c6,0,0,0.9980046153068542,0,0.6946876645088196,0,0.9278815984725952,0,0.5302850008010864,a man with glasses and a beard standing in front of a building
45235,couple donates wedding money to charity,https://external-preview.redd.it/I_VSmRvOpDFbIDgYkq09w9plgo7hD1NWzfAo4qWZdKo.jpg?width=320&crop=smart&auto=webp&s=df9f8499ee86bf8d4d9caf31ad8f298c5a0346ed,1,1,0.9976292252540588,0,0.6424383521080017,0,0.9879167675971985,0,0.5060824155807495,the cast of the upcoming movie is seen on the screen
70329,other discussions,http://i.imgur.com/piHgtpH%2ejpg,0,0,0.9997977614402771,0,0.6944392323493958,0,0.9926415085792542,1,0.521202564239502,a soldier with a dog
43878,man urinates on woman at bar after she rejects his advances not theonion,https://external-preview.redd.it/1pBer47vMy31G3Wn8y3NB8Tgf3Yugin6NQ8-v2IJC0s.jpg?width=320&crop=smart&auto=webp&s=a65eddc83fe7404c6204766f18966e585d2816a2,1,1,0.9896730184555054,0,0.6941927671432495,0,0.9760837554931641,0,0.5212176442146301,a man in a red shirt is looking at the camera
83422,go get em small tiger,https://i.imgur.com/Nuw5aOl.jpg,0,0,0.9743984341621399,0,0.6941536664962769,0,0.9885873794555664,0,0.5782848000526428,a cat sits on the ground next to a boxing ring
96085,sisters living the dream,http://i.imgur.com/Al2Ooey.jpg,0,1,0.7962554693222046,0,0.6944451928138733,0,0.9925671815872192,0,0.5381245017051697,a man with a mustache and sunglasses on
75143,baloney meter are canadians so obsessed with the sudden influx of trump win,https://external-preview.redd.it/iVO238dMXXlfmGKJEQELYv7yWEonz-GjUmwfIKd1QlI.jpg?width=320&crop=smart&auto=webp&s=e36f4847ac07b9bd64dfefe28891d56020440838,0,1,0.5782991647720337,0,0.6922695636749268,0,0.9898808598518372,0,0.5142547488212585,a man in a suit and tie sitting at a table
75478,putin swimming,https://external-preview.redd.it/rR1h0GZ4KVwf5HyoeDiGOcR5n7a5PGTRtzwsgsRuvwE.jpg?width=320&crop=smart&auto=webp&s=6e84d3ee4d8ef660880a4523a64488912c83375d,1,1,0.9703532457351685,0,0.6943596601486206,0,0.8428122401237488,1,0.5014167428016663,a man swimming in the water
81995,httpsiimgurcomluxbcjpg,https://i.imgur.com/9Lu1XBc.jpg](https://i.imgur.com/9Lu1XBc.jpg,0,0,0.9924254417419434,0,0.6939918994903564,0,0.9914740324020386,0,0.5252195596694946,a man with a hat and a cell
14720,me gusta,http://imgur.com/NCYtK8i.jpg,0,0,0.9940803647041321,0,0.6946226954460144,0,0.9917222857475281,0,0.5026143193244934,a woman with a tattoo on her back
38024,imgur,http://i.imgur.com/ea7Wc28.jpg,0,0,0.9974229335784912,0,0.6939715147018433,0,0.9839680194854736,0,0.508876621723175,a woman is eating a bowl of food
70261,donnie trump live at little st james,https://preview.redd.it/lbmhh8q76yq31.png?width=320&crop=smart&auto=webp&s=7c13fa56c58b37636667bf6ca148f1d81476e4e5,0,0,0.993195652961731,0,0.6943479180335999,0,0.9921771883964539,0,0.5007433891296387,a man laying on a couch with his shirt open
99800,this is not able to see if its safe,https://external-preview.redd.it/GOJXuwZ0IhxUE18_7HaFogAVbgslsOY3S57VXHpQSts.jpg?width=320&crop=smart&auto=webp&s=485a7d6e3d1936226275f68b27224643f9599421,0,0,0.9002578258514404,0,0.6929489970207214,0,0.9501408338546753,0,0.5302658081054688,a close up of a lizard ' s head
62022,crowdfunding for kanyes debt raises a meager,https://external-preview.redd.it/dlp4aybRuT1Xj2OtbxIFDbNsEe3_H3FEDeTZ0XozV9w.jpg?width=320&crop=smart&auto=webp&s=3a0f8ce76b0403cb9247b7a56244003d9ec24464,0,1,0.9950365424156189,0,0.6946374177932739,0,0.9650622606277466,1,0.5141812562942505,a website with a man in a fur coat
55566,a hotline for drunk people to get a ride,https://preview.redd.it/iwdmulqcnm231.jpg?width=320&crop=smart&auto=webp&s=8d0d4ea69fa8d8e664cef166aa871f4c6aab5483,1,1,0.9963287711143494,0,0.686228334903717,1,0.8876034617424011,0,0.5192625522613525,a red and white machine sitting in front of a building
77026,my flower has a tongue,https://preview.redd.it/reaijknpuj531.jpg?width=320&crop=smart&auto=webp&s=f97843a53cc5ec16480f740f70650329d0932431,1,1,0.9464154243469238,1,0.5408022999763489,1,0.932615339756012,0,0.5176963806152344,a bunch of yellow flowers growing on a wooden fence
95480,i see the photo you took that looks like a painting so heres a photo i took that looks like a painting,https://external-preview.redd.it/z6M0b4h-lXxE_rZYvUHcAFmANBvRR3ZdRf9h5HlYwqI.jpg?width=320&crop=smart&auto=webp&s=d6ae98a8066ded01d8a19ce188b8a774847052fc,1,0,0.904329776763916,1,0.5343368053436279,1,0.8748032450675964,0,0.5564748644828796,a street with buildings and a blue sky
14921,cutouts,http://i.imgur.com/K1q4RLQ%2ejpg,0,0,0.999797523021698,0,0.6948411464691162,0,0.9927101135253906,1,0.5129430890083313,a person holding a small dog with its mouth open
3792,thandie newtons android character is on a desperate mission to spank her robot daughter everything you need to know about westworld,https://external-preview.redd.it/P5VK86NB5uxco7sc0wq0HKTZtdouxnsCt7pKOYGbz4I.jpg?width=320&crop=smart&auto=webp&s=c4d1aa7da1a8b3e61fd4485b73c0c07df3d001eb,0,0,0.9766612648963928,0,0.6943285465240479,0,0.9723857045173645,0,0.5557499527931213,a woman in a dress holding a gun
89948,man arrested after harassing couple in car he thought was an alien spaceship,https://external-preview.redd.it/wpG5A44aQstzYVIvSTNVsaw7zNe2tu4ptiQbFncqjzI.jpg?width=320&crop=smart&auto=webp&s=f4d3d02c58792822ddc1cbada5cc1adc3a65db68,1,1,0.922417938709259,0,0.6134795546531677,0,0.9886771440505981,0,0.5217685699462891,james borat on the daily news
79663,korean sodas for hp hit points and mp mana points i drank both yesterday and had an epic workout,https://preview.redd.it/wfw22jjtg2n31.jpg?width=320&crop=smart&auto=webp&s=3a512f78b3dd2057a835fc7a4a9afc9d2c2f24b9,1,1,0.9938847422599792,0,0.6491673588752747,1,0.9695032835006714,0,0.512220025062561,two cans of beer in the hand
43649,baby lizard,https://preview.redd.it/8pgec2x9oclz.jpg?width=320&crop=smart&auto=webp&s=12bf67656e99e240499c0bd92949429fb66ab7c7,1,1,0.8093186616897583,0,0.6940172910690308,0,0.9774767756462097,1,0.5004491806030273,a small lizard sitting on a persons ' s hand
4545,i was super into triangles,http://i.imgur.com/LfYmLIr.jpg,0,1,0.8265954256057739,0,0.6938258409500122,1,0.9698095321655273,0,0.5307554006576538,a colorful abstract design
9487,lets go save earth,https://i.imgur.com/4vRwEUz.jpg,0,0,0.9844463467597961,0,0.6947163939476013,0,0.992384672164917,1,0.5044680237770081,the fate of the furious
61921,everybody fucking chill i got this,http://i.imgur.com/nlp3o.jpg,0,0,0.9941098690032959,0,0.6945490837097168,0,0.9744930863380432,0,0.5245277285575867,a man sitting on a chair in an office
66860,a wild spider monkey,https://preview.redd.it/7hzcagsmf0f31.jpg?width=320&crop=smart&auto=webp&s=efef30cd5906a967fa03fdca5adffb08fb3c9523,0,1,0.6857608556747437,0,0.6945165395736694,0,0.9882352352142334,0,0.5029178261756897,a group of monkeys walking along a river
17191,parks victoria staff used work credit cards for kfc to lure feral cats,https://external-preview.redd.it/hd-Yui253Muum8PZTsBQoBzcSAirlpMsQfvmlS_HjC8.jpg?width=320&crop=smart&auto=webp&s=dda440fd3b60b8f5dae470d68cb5a7437dc66e7e,1,1,0.9982925057411194,0,0.6930001974105835,0,0.9528045058250427,0,0.5706408023834229,a cat is standing next to a statue
69041,nbc chairman threatens alf reboot if coach reboot is successful,https://external-preview.redd.it/kREvJzi-pmpZy2v3h84y3YQX2NI10ulvB2A4zxB7GSo.jpg?width=320&crop=smart&auto=webp&s=d3e93be40a0a56deded38707b5a5f98c628c563b,1,1,0.9764674305915833,0,0.6942498683929443,0,0.9869264364242554,0,0.5284135341644287,a man sitting on a chair with a stuffed animal
95491,polish president andrzej duda celebrates his victory in presidential election,https://external-preview.redd.it/F3MP5G9Z9YMySGc_WDi4dOG4oU1wi9JqGQ_6w8DQQg8.jpg?width=320&crop=smart&auto=webp&s=e401e1ebe97420d072cd41a3fe7b1ad041adc20c,1,0,0.9815905690193176,0,0.6943063735961914,0,0.9919196367263794,1,0.5161362290382385,a man in a suit jumping on stage
92165,a guy opens his door and gets shot and you think that of me no i am the one who rocks,http://i.imgur.com/y0zPDEN.jpg,0,0,0.9962221384048462,0,0.693915843963623,0,0.7658029794692993,0,0.5098001956939697,breaking bad wallpapers breaking bad wallpapers breaking bad wallpapers breaking bad wallpapers breaking bad
35579,the communist party of spain marxistleninist against fascism for the republic vote the united candidacy republican left pce ml spain,https://external-preview.redd.it/KIXNfaC2jb9QwzXANCcRn18R3wlGGLwbbMxrBGqPYSk.jpg?width=320&crop=smart&auto=webp&s=05c842abf6b503a3a4de0ff2f95a66e46eecff55,0,0,0.9997292160987854,0,0.6881864666938782,0,0.5976908802986145,1,0.5080273151397705,"a poster for the spanish opera, with a woman dancing"
99779,san jose flood vietnamese billionaire will donate million to help victims,https://external-preview.redd.it/TJFN6XGtOK0aa7w3eGPy8tF5tO26OD17Q6MDe-Y-jYM.jpg?width=320&crop=smart&auto=webp&s=57eec555c36dac4a49cb71c3748f2d6e8d0fa484,1,1,0.9978127479553223,0,0.6933692097663879,1,0.8332553505897522,0,0.5211637616157532,a man in a kayak paddles through a flooded street
96863,floor or desk,https://external-preview.redd.it/s84pEJwqYcYD4Sju-6hTV4v8uMQ6ayqLSoGhXukG7gs.jpg?width=320&crop=smart&auto=webp&s=b8e9200947d0105301b2304a027fb8b94124426f,0,0,0.9447592496871948,0,0.6947137117385864,0,0.8159974217414856,0,0.5390652418136597,a coffee table with a vase of flowers on it
90605,alright ive never done this before,http://i.imgur.com/bj2O8.jpg,0,0,0.9869691133499146,0,0.6947025656700134,0,0.9457802176475525,0,0.5279616117477417,a poster advertising a new food product
65555,this rock looks like salad fingers,https://preview.redd.it/7yguwler09r31.jpg?width=320&crop=smart&auto=webp&s=586f25c4d5cf24e1d241d611f4ae0bfb82863776,1,1,0.906134307384491,1,0.5550503730773926,1,0.9395757913589478,0,0.5375763773918152,a bunch of rocks
12495,toothy,http://i.imgur.com/AxCsoI0.jpg,0,0,0.9943623542785645,0,0.694392204284668,0,0.990301787853241,0,0.5247573256492615,a man kicking a shark on the grass
84512,jarrod ramos accused capital gazette shooter sued paper held grudge,https://external-preview.redd.it/fjNVTOBXp-5iX3D7CTMWAB4RPakwpJSPzlrU-WstTZ0.jpg?width=320&crop=smart&auto=webp&s=6db7c531f13b7129fca4e370c936104234dc3573,1,1,0.9980837106704712,0,0.694281280040741,0,0.9447025060653687,0,0.5746858716011047,police officers stand near the scene of a shooting in the area of the town of west bend
86306,qd,http://i.imgur.com/SKetD5W.jpg,0,0,0.9991206526756287,0,0.6934782862663269,0,0.9869464039802551,0,0.538434624671936,"a black and white text that reads, ' the things you are trying to get out of your own '"
5544,morgans to europa,https://preview.redd.it/l2yrt60d5ap21.png?width=320&crop=smart&auto=webp&s=d9833967322b1b96c82609803f0a8c91b4481265,0,0,0.9878508448600769,0,0.6945123672485352,0,0.9803999662399292,0,0.5209280252456665,a bird is perched on a roof with a sign
77291,explosive decompression gesundheit requested image response,https://external-preview.redd.it/8fJs1NlZ9finyFE6JXiaua3MJBQaP5vSMr2MUh4B-Xg.png?width=320&crop=smart&auto=webp&s=e803f4de9044b17130eb63f8997c3c418288afa4,0,0,0.9133837819099426,0,0.6951436400413513,0,0.9836328625679016,1,0.5077019333839417,a man with a pink cloud in his mouth
44742,off ramp,https://external-preview.redd.it/e4vUspjl3jqmXvC-mtS5RGM6mi6fF6T040BVw-gOCjc.jpg?width=320&crop=smart&auto=webp&s=756425a9a5a49718780de7d68bb84b60807d015c,0,0,0.9844928979873657,0,0.694712221622467,0,0.992159903049469,0,0.5189716815948486,a truck is seen in a traffic jam on the i - 95 near the intersection of i - 95 and i - 95 in san
880,this halfsize but perfectly cut and sealed mini mayonnaise sachet,https://preview.redd.it/pysxqrmu57k11.jpg?width=320&crop=smart&auto=webp&s=fc610b3a64f63c975204a5bcf68903a58b516687,1,1,0.9978735446929932,1,0.5572301745414734,0,0.5835000276565552,0,0.5239340662956238,two bags of heinz mayoise chips
75772,bear it,http://i.imgur.com/r85PN.jpg,0,0,0.9909951090812683,0,0.6945524215698242,0,0.9839938879013062,0,0.5289717316627502,a bear standing on its hinds
107166,beautiful girl takes selfies in a tight green dress,https://external-preview.redd.it/Y5uFht8g2SPj6NzLC2_bABOTm63dEaOGVY54wveMNTo.jpg?width=320&crop=smart&auto=webp&s=2ca237f7c6fce68506fb1a186416d4acd4d05360,0,0,0.9478759169578552,0,0.6941776275634766,0,0.9811809062957764,1,0.5043324828147888,a man with a tattoo on his arm
79213,daughter of usf player born blind but regaining sight,https://external-preview.redd.it/5pESdmf1gs9aM8rGhSi03jj_BdZuvEoratMcrUV6iDM.jpg?width=320&crop=smart&auto=webp&s=ac0111e550976019a835444c37c7c1e4ab2b446d,1,1,0.9984433054924011,0,0.6918020248413086,1,0.8950406908988953,1,0.5184414982795715,a man and woman sitting on a couch
22254,this minidisc i found at work interesting playlist,https://preview.redd.it/3injia7yfqn21.jpg?width=320&crop=smart&auto=webp&s=a2ffe6ae2fc744ab61395ca1a9f3d5313e7ac226,1,1,0.9875695109367371,1,0.6099547147750854,0,0.9871904253959656,0,0.5385175347328186,a hand holding a box of music
93032,kidnapping averted as yearold hero pulls sister from moving car police say,https://external-preview.redd.it/Oa8NJ1L5w16FCDw_XKhhkg0MAXUpt4b2MrDa8t-cGfk.jpg?width=320&crop=smart&auto=webp&s=73db5f448b0c6a4ac169f4d2b6308560818cbb84,1,1,0.9979945421218872,0,0.6921341419219971,1,0.9619849920272827,0,0.5438846349716187,a man is seen in the middle of a street as he walks away
80529,a very sad looking slice of banana,https://preview.redd.it/26uk6gf7o5j01.jpg?width=320&crop=smart&auto=webp&s=9487825b566ea206bc6ada34b52682fac97a5cc6,0,0,0.733254075050354,0,0.6943532228469849,0,0.5498899221420288,0,0.5498534440994263,a bowl of oat with a spoon in it
96274,michael cohen after mueller comes knocking,https://external-preview.redd.it/1EEKlLyW3ZD7bpI0H3MVyyb1-W1zDTeDk_-I6SyXkVQ.gif?width=320&crop=smart&format=png8&s=f5cbfb2c3045e67989af2cd5476511569722978f,0,0,0.5923283100128174,0,0.6934141516685486,0,0.9920334219932556,0,0.5636199116706848,a woman in an orange jacket and blue pants is walking on a rocky beach
81926,my many legged salamander newt scamander,https://preview.redd.it/rf5crhj49nmz.jpg?width=320&crop=smart&auto=webp&s=03505da66150d7d74810fa4ac0ca2fa1a6658415,0,1,0.9728500843048096,0,0.6914864182472229,0,0.988223671913147,0,0.5424678325653076,a black and white dog sitting on the floor
78029,what happens after we die keanu reeves profound answer goes viral,https://external-preview.redd.it/2gDWeV1pBJJuIglFvN-_UfolbZPeTWDBK5ib7ye4ohk.jpg?width=320&crop=smart&auto=webp&s=6f6d21428baf0573073d6288b695bfc448527a6e,0,0,0.9918060302734375,0,0.6949601173400879,0,0.9931005239486694,1,0.5000354647636414,keg at the premiere of the last days
30067,this vintange toy and turquoise i found in my yard,https://preview.redd.it/yfznja7cijo31.jpg?width=320&crop=smart&auto=webp&s=e2c64e81e4d22fa6a2b459a10951c235763a01cb,1,1,0.9935057163238525,1,0.559490442276001,1,0.9639496803283691,0,0.5542466044425964,a small toy sitting on the ground
38628,trumps new china tariffs costing us families a year new york fed says,https://external-preview.redd.it/NpA3_GjiPjZu4Uj4slrH9o2PbeJji97biOxxOM0oguE.jpg?width=320&crop=smart&auto=webp&s=4da2c8aeda81ba0f22e899914a042418045e3b4c,1,1,0.9978244304656982,0,0.6898515224456787,0,0.9838431477546692,0,0.5017335414886475,a pile of money with the words ' money ' on it
59111,cat standing and waving,https://preview.redd.it/v2h5cbtv8lxz.jpg?width=320&crop=smart&auto=webp&s=7743ac81c0b590d3f9035de6de34280fa193baf8,1,1,0.9852745532989502,0,0.6943199038505554,0,0.9135890007019043,1,0.5011984705924988,a small kitten sitting on a table
47455,this old foundation has trees growing inside,https://external-preview.redd.it/MEaRuVDiG5lqdD_XOYwkRIEqfgeCF2w5Nu7MmdwFlkU.jpg?width=320&crop=smart&auto=webp&s=ccec51587f48c1ccfa8e0ab9b2cf620d68b0a0b6,1,1,0.9969114661216736,1,0.5750342607498169,0,0.8434690237045288,0,0.5492010712623596,a field with a lone tree in the distance
72378,since you asked so nicely,http://i.imgur.com/hZvBPVz.jpg,0,0,0.9924058318138123,0,0.6949079036712646,0,0.9732864499092102,0,0.5409712195396423,a woman with blue hair and a blue shirt
99555,sorry i forgot its a norwegian penguin,http://i.imgur.com/HDB76x8.jpg,0,0,0.9510653018951416,0,0.6940521001815796,1,0.9126384854316711,0,0.5171090960502625,a penguin dressed as a viking warrior
91339,secret fortune will send oregon kids to college,https://external-preview.redd.it/jGr-uVM4KaUi69SMVpRzHLc5nsHpWwlPsm-7cM7APg4.jpg?width=320&crop=smart&auto=webp&s=eeb507924a0b0c14d6acf6d844197ca105e585c1,1,1,0.9956976175308228,0,0.6945675015449524,0,0.9434975981712341,0,0.5144644975662231,a group of people sitting at a table eating
87594,guy with glasses wields an iron bar on a biker,https://external-preview.redd.it/dfxBurKKz6Apt6v0XxgoLA_xKk9sy4JN_acuWs6BPxA.jpg?width=320&crop=smart&auto=webp&s=009d6b5e168db7c593d9979eecca8d8d8f5706ac,1,1,0.9690793752670288,0,0.6939476132392883,0,0.9913219809532166,1,0.5096414685249329,a man in a black jacket and a woman in a black jacket
23464,how trump is using palantir to aid ice data aggregation and analysis,https://external-preview.redd.it/gAsX9WKdPoXsxnU8rdbQ9ulELDvCTuGf24v3EOGMU68.jpg?width=320&crop=smart&auto=webp&s=8aff243bb7b2460be5d81fefd28d538f4980fa0d,1,1,0.9821420907974243,0,0.6946817636489868,0,0.9918344020843506,0,0.5055100917816162,president donald trump waves to the crowd at a rally
32284,internal medicine i spent a quiet evening,https://preview.redd.it/1yw44gmacvrz.jpg?width=320&crop=smart&auto=webp&s=21b5a6c5aa24a09431a4d87781c0c3d6952b1cdd,0,0,0.9985540509223938,0,0.6944801211357117,0,0.9913983345031738,0,0.5331817269325256,a man in a military uniform playing a piano
9242,delicious cream cheese wrap,https://external-preview.redd.it/PPKd_aEAOc22m9Da_PPnoSsncmMZMTsXCKGHBQRYGLI.jpg?width=320&crop=smart&auto=webp&s=528cdfc45ac202a07c6df221ba42464943a2ab1b,0,0,0.9721977114677429,0,0.6943174600601196,0,0.9926847219467163,0,0.5345239639282227,a person holding a piece of rock with a white substance
74819,our triumph in space national athem of soviets,https://preview.redd.it/202s24jb4w901.jpg?width=320&crop=smart&auto=webp&s=cc4b6708cea377e37c3e7bf7d38496e36f367e17,0,0,0.9996299743652344,0,0.6944889426231384,0,0.8813096880912781,0,0.5125437378883362,a poster for the soviet space program
15432,letting baby play on an ipad lead to,https://external-preview.redd.it/9wIQzB-ijEByywyU8u9xN4ahawKl2d-NOlFy5fub3aU.jpg?width=320&crop=smart&auto=webp&s=5791ba4cb4b1d9a390a0d0191b955e52f465d354,0,1,0.8829025626182556,0,0.694527804851532,0,0.9095924496650696,1,0.5067406892776489,two women standing in front of a house
98519,jim carrey hitchhiking,https://preview.redd.it/0c24nw9w7go11.jpg?width=320&crop=smart&auto=webp&s=063536e9043d8958d433bb8a03937434d734087e,1,1,0.9331144094467163,0,0.6944206357002258,0,0.9870076775550842,0,0.5347998142242432,a woman is standing on the sidewalk with her arms outstretched
100845,indian gold necklace thief fed bananas,https://external-preview.redd.it/5isfcu7AkXdXgGI7i2iielKYhiA39C0v2ZgGyn8i8lc.jpg?width=320&crop=smart&auto=webp&s=b2281922eb81585d644db098349ec2b0e65c1f9e,1,1,0.9981472492218018,0,0.6944418549537659,0,0.9917261600494385,0,0.5061102509498596,a man sitting on a toilet with a towel
62669,manmade malaria usa,https://external-preview.redd.it/qtjN9QN-V1EVTvlXR-IvZT9IVk0crMb6O2lZSNVig-E.jpg?width=320&crop=smart&auto=webp&s=f4ed671f111c9ede68732e97c42c04b928e46919,0,0,0.9958125948905945,0,0.6911242008209229,1,0.8154915571212769,1,0.5236223936080933,a poster advertising a new beer
80019,knowing my luck with usual in flight displays,http://i.imgur.com/vyOUeEL.jpg,0,0,0.5533502697944641,0,0.6937521696090698,1,0.9574702978134155,0,0.5591990351676941,a view of the inside of an airplane
14341,cat making a face,https://preview.redd.it/exae0ovg0ygz.jpg?width=320&crop=smart&auto=webp&s=9720dcc65c95e244447cbf4cd1dccd66d25b5e39,1,1,0.9701812267303467,0,0.6942836046218872,0,0.6172583699226379,0,0.5157920122146606,a cat sitting on a bed with a cat laying on it
13198,twist of fate after lost dog is reunited with his family,https://external-preview.redd.it/hTI5p-igkU8S5pxp6c6urH1-4VC8LVaYt1TPDu1XLrY.jpg?width=320&crop=smart&auto=webp&s=603150698961b5aee3eda98dfe15e2c5bbb3a601,1,1,0.9981751441955566,0,0.6914222836494446,1,0.9488164782524109,0,0.5891570448875427,a dog is standing in the grass by a path
52290,area guard after seeing neckbeards storming the compound,https://preview.redd.it/1a2zvq4q2y931.jpg?width=320&crop=smart&auto=webp&s=a88db0de11ad1cc313a9e6d7e846991c1513f484,0,0,0.9987947940826416,0,0.694271445274353,0,0.9770679473876953,0,0.589971125125885,a girl with red hair and a blue shirt is looking up at the camera
60598,joseph goebbels upon realizing that alfred eisenstaedt the photographer was jewish x,https://preview.redd.it/okrbvh3qqgc01.jpg?width=320&crop=smart&auto=webp&s=949019fbc0835a7b2a8a3b91bffe87989c3b3629,0,0,0.9993844032287598,0,0.6946439743041992,0,0.9797053933143616,0,0.5191599130630493,a man in a suit and tie is sitting at a table
82204,this radiocd player with builtin tv sadly the antenna is busted,https://preview.redd.it/zrneejmpq7r21.jpg?width=320&crop=smart&auto=webp&s=e8c8da9a41fc291622b10416f311891e6438f7d2,1,1,0.9900603294372559,1,0.5621277093887329,1,0.9693379402160645,0,0.5439748167991638,"a small table with a tv, speakers and a speaker"
50374,is your food safe baidus new smart chopsticks can tell,https://external-preview.redd.it/uKMzP5sEzfR_eMaKUUFOCOBmLaQGeJHL143gCe_hNzs.jpg?width=320&crop=smart&auto=webp&s=30bf48bfeb407c2a965f0a223121c198a1257729,1,0,0.9566440582275391,0,0.6947150826454163,1,0.8822839856147766,0,0.5579984784126282,a man standing in front of a large screen
47054,wheres the blue,https://preview.redd.it/8hinz9pa8zn21.jpg?width=320&crop=smart&auto=webp&s=3ecb112bedca9bacb5e0411ae2be93030dc42762,1,0,0.9820122718811035,0,0.6948738098144531,0,0.9923816323280334,0,0.5120441317558289,a person holding a bag of gums
46962,chile has so much solar energy its giving it away for free,https://external-preview.redd.it/utQlnStSg8rBSPYkO3XTuPbsJ6YfUP5_J1YotiuAaK8.jpg?width=320&crop=smart&auto=webp&s=428c22e1038efd68b4ce8011bebfcbe4578a7899,1,1,0.9979174733161926,0,0.6592579483985901,0,0.6718736290931702,1,0.5025756359100342,a solar panel with a blue background
42662,bluefin tuna with smaller fish in its mouth,https://external-preview.redd.it/7J3lxmyVQVtaFeSJmQiDVGoYwh3GRdVIhnim27bsdVo.jpg?width=320&crop=smart&auto=webp&s=4e311a7cea0b1398fddcc9051bac8bdcc071ac88,1,1,0.9329665303230286,0,0.6947804093360901,0,0.9087724089622498,0,0.505397617816925,a fish with its mouth open
32876,this whichever restroom sign,https://preview.redd.it/luzpcux5isd31.jpg?width=320&crop=smart&auto=webp&s=aac3d38d2206c403be1aca5aad7de42eab2c278f,1,1,0.9568681120872498,1,0.5697183609008789,1,0.9017041921615601,0,0.5214459300041199,a sign on a public restroom door
23161,goose and corgi,https://preview.redd.it/y3vps206qcf31.jpg?width=320&crop=smart&auto=webp&s=4809961076e039eb7300e5c0adef50adc62c431d,1,1,0.8591569066047668,0,0.6942658424377441,0,0.9691938161849976,0,0.523949384689331,a dog is standing near a swan and a swan
86888,i have the weirdest boner right now,http://i.imgur.com/R18L2.jpg,0,0,0.9529531002044678,0,0.694931149482727,0,0.9179000854492188,0,0.5195661783218384,a cow and a baby cow in a field
14367,hes just doing his job,http://i.imgur.com/upMMf5N.jpg,0,0,0.9876828789710999,0,0.6946581602096558,0,0.9804913997650146,0,0.523174524307251,a group of people dancing at a party
57062,dude motors with his parrot why not,https://external-preview.redd.it/JqqmqpOJxhyYXvBLPbIhjOlw9OtRNfvSemGOdK3l1Ts.jpg?width=320&crop=smart&auto=webp&s=048ecbaca40ffce987154261081a793ca307dd22,1,1,0.9541866779327393,0,0.6947687864303589,0,0.9892130494117737,0,0.5237224698066711,a truck with a dog in the back
32623,santa duck,http://i.imgur.com/38i0rp1.jpg,0,0,0.8439711928367615,0,0.6947748064994812,0,0.951034665107727,0,0.5153780579566956,a santa claus sler
95385,fight for your freedom,http://i.imgur.com/y22U6eP.jpg,0,0,0.9948064684867859,0,0.6950253248214722,0,0.9723417162895203,0,0.5104519128799438,a scene from the movie exodus
63163,mary berry winning an award,https://external-preview.redd.it/H4kTG2FCfUBJvF5DB3x0cLLV8zxGR7QEsSPme98hOkc.jpg?width=320&crop=smart&auto=webp&s=62ee4e224a090f4bfc89b949f859363ef2e8bc86,1,1,0.9333353638648987,0,0.6945894360542297,1,0.6081292629241943,0,0.5268264412879944,a woman in a dress is standing on a stage
38136,just a guy hanging with his daughter,https://external-preview.redd.it/A05LoVivFywvpNc9OmubRGHvKpe_9fSL0iE7FONvYUk.jpg?width=320&crop=smart&auto=webp&s=6d8643e9f3da58fa9b7ff8f0937660f271040e2a,0,1,0.5428746938705444,0,0.6943334937095642,0,0.6943050026893616,0,0.5531905293464661,a little girl in a white shirt and pink shorts
32843,these prcise operating hours,https://external-preview.redd.it/XE_C4XpUx-TG175MXfrtCIyI-U_1hpUV92kXo9mvKGg.jpg?width=320&crop=smart&auto=webp&s=5db13b58691d84d3ab0fddadb4f937e86ac7622d,1,1,0.9971309304237366,1,0.553028404712677,0,0.9906438589096069,0,0.5066195726394653,a sign that says kitchen hours
80706,not about bathrooms critics decry north carolina laws lesserknown elements,https://external-preview.redd.it/LG3myoqfhilTaUo-8SSq9pwXRyXU6MSZy52tnxSznVI.jpg?width=320&crop=smart&auto=webp&s=f1c2d32e7d54b6d3242f2fb394b5b1592e079a0c,1,1,0.9982463121414185,0,0.6944283843040466,0,0.9922897219657898,0,0.5078787803649902,a man in a suit and tie sitting at a table
62324,one year old wielding his toothbrush,https://external-preview.redd.it/iKjt6fHegyNHLPkqh2YbXmS1Hz0NhCWWhHBC1oP5xfM.jpg?width=320&crop=smart&auto=webp&s=103fe933d410becb93e8754b0ddcfbecf8b3f721,1,1,0.9842783808708191,0,0.6934210062026978,0,0.953387975692749,0,0.5018535852432251,a baby playing with toys in a room
68315,youtuber stevemreinfo opening a rare surviving tin of canned koala from an australian emu war era ration,https://external-preview.redd.it/6WPhwgIiTs8lUBaUwqUJLCdIkhKfdcuAa7CXF133sc4.jpg?width=320&crop=smart&auto=webp&s=9df15e1f67e0549ad016e0a9c4695a37d97135f0,0,0,0.5058028101921082,0,0.6940569281578064,0,0.5844085812568665,0,0.5006662607192993,a stuffed animal sitting next to a can of coffee
28557,ruh roh,http://i.imgur.com/j1nL578.jpg,0,0,0.9922246932983398,0,0.6940736770629883,0,0.992813766002655,0,0.5159565210342407,sc the dog - sc the dog
69773,missouri supreme court state law barring bail for undocumented immigrants is unconstitutional,https://external-preview.redd.it/2CPrtpwKkUgkyTY0tLIOF4ufThP8FojpLdXyqi66Kzg.jpg?width=320&crop=smart&auto=webp&s=6c720c1b9f72c4a713b4f4fca1e4b02c64ee46b3,1,1,0.9979173541069031,1,0.5475832223892212,0,0.9443200826644897,0,0.5368698835372925,the front of a brick building with a flag on it
53180,robert de niro holding lil bub,https://external-preview.redd.it/ip2Z1AbNm_ObVSO8v6AWV1MdRMsirTbxhxXzpDYscEM.jpg?width=320&crop=smart&auto=webp&s=0b0e1886f00da452fab87d9471ff4085d3061e70,1,1,0.9503389596939087,0,0.6948147416114807,0,0.9878496527671814,0,0.5051006078720093,a man holding a cat in his hands
90459,let me ruin this one for you,http://i.imgur.com/4fbyl.jpg,0,0,0.9954710006713867,0,0.694882869720459,0,0.9312601685523987,0,0.6035149693489075,a woman in a blue and white suit is kneeling on the ground
9874,my correction,http://i.imgur.com/zwMpw.jpg,0,0,0.9976098537445068,0,0.6944032907485962,0,0.9732261300086975,0,0.5352007746696472,a man and woman are standing in front of a lake
38370,this these conjoined mushrooms,https://preview.redd.it/fskdkx8szhw21.jpg?width=320&crop=smart&auto=webp&s=b9225044c0520a87333ab0b1becba9e686ba8363,1,1,0.9973374009132385,1,0.562057614326477,0,0.991663932800293,0,0.5354770421981812,a person holding a small piece of food
88531,slothena goonies,http://i.imgur.com/ehi0URF.jpg,0,0,0.993963897228241,0,0.694879412651062,0,0.990739107131958,0,0.5456210374832153,a man with a very big mouth
11319,the sky in wallsendnewcastleengland its a lot brighter irl,https://preview.redd.it/gcd9hco67yr31.jpg?width=320&crop=smart&auto=webp&s=3fcaf085ed9297caa903c8bfca586a221177e08d,1,1,0.9641120433807373,1,0.5607550144195557,1,0.95521080493927,0,0.5235316157341003,a view of a sunset from a window
107556,carrying baby bear faster,http://i.imgur.com/opce7uM.jpg,0,0,0.9928694367408752,0,0.6948926448822021,0,0.7962508797645569,0,0.5220308899879456,a man riding a motorcycle with a bear on the back
104141,whitecrowned cuckoo refresh my vision,https://external-preview.redd.it/sLWpL9yPS-mFxslYnfzsz31kVaBu_87HkDUSmWwb9Ls.jpg?width=320&crop=smart&auto=webp&s=f356d510abfac79203fe42255047622305de9bf8,0,0,0.5660852789878845,0,0.6951655149459839,0,0.9905648231506348,0,0.5032287836074829,a black and white photo of a person ' s hands
46152,caught my dog playing in the mud,https://external-preview.redd.it/1ARzdbfOfS6F1_WUE85rqSRJrOnAjAV3UiRfLVRI5w8.jpg?width=320&crop=smart&auto=webp&s=61a8e21a286a665311d4e46baf87f86adbd7eedf,0,1,0.6640434861183167,0,0.6871166825294495,0,0.8984903693199158,0,0.5449205040931702,a large rock formation
32879,nickelodeon accidentally airs a pair of giant boobs on a kids show,https://external-preview.redd.it/K-q9aTzpTzrDSD37WOMeK7ObPuZJz6aWGzJFUCrakiY.jpg?width=320&crop=smart&auto=webp&s=f5ea54ee0122e54b4bb0c15d92afc6c71fe8b57f,1,1,0.8016852140426636,0,0.6933308243751526,1,0.6980422139167786,1,0.5017868280410767,a cartoon character in a room with a mirror
8412,first contact with a remote tribe,https://external-preview.redd.it/u6Hxnq1GEGHWL0RAYzbhY2d3jSdGgT-_FRhZ-mOuQac.gif?width=320&crop=smart&format=png8&s=e54e4bec2cb74778dc9a0f6a969b7e1fa97b9bab,0,0,0.7413693070411682,0,0.6934565305709839,0,0.9912286996841431,1,0.5105341076850891,a group of people playing a game of fr frc
21292,nom nom nom,http://i.imgur.com/mrpkmfG.jpg,0,0,0.9979957342147827,0,0.694482684135437,0,0.9927116632461548,0,0.5212677717208862,a stuffed animal with a hat and a pair of shoes
44445,i got a tiny mento,https://preview.redd.it/y96o0n46yvk11.jpg?width=320&crop=smart&auto=webp&s=35b8b60ac83ed3aa1b4e7e873c3e63dceffb8b03,1,1,0.9969891905784607,0,0.6911435127258301,0,0.8075127005577087,0,0.5388256311416626,a white ball on a black surface
2584,truth commission lake monster does exist,https://external-preview.redd.it/UpVHsnDerDXZH15_ZPEMDIG8_m50mhl54oDSg8N34GA.jpg?width=320&crop=smart&auto=webp&s=a3122df2194f8a5563cb03479912768492c822ee,1,1,0.9654306769371033,0,0.6948557496070862,0,0.9513478875160217,0,0.536116898059845,a bird is walking across the ground
104114,theres a kodama from princess mononoke in my beer,https://preview.redd.it/bz835181jk831.jpg?width=320&crop=smart&auto=webp&s=8be0a04ba5f943cdcf2ee6a004eab52e88595ab1,1,1,0.954806923866272,0,0.6949225664138794,1,0.953916072845459,0,0.5336968302726746,a glass filled with liquid sitting on a table
65933,this hotdog model,https://external-preview.redd.it/nq2w_zswHPdBBG76Dna-XTqY_zm9EhgEDsUmAFFGSwI.jpg?width=320&crop=smart&auto=webp&s=c8126ebe281a02805cea643102df161736ca73f4,1,1,0.9320021867752075,1,0.5539400577545166,0,0.8787335157394409,0,0.5326640605926514,a hot dog statue
26226,httpsiimgurcomkzrirrkjpg,https://i.imgur.com/kzRiRRk.jpg](https://i.imgur.com/kzRiRRk.jpg,0,0,0.9956144094467163,0,0.6943703293800354,0,0.9917085766792297,0,0.5201441049575806,a man in a gray shirt and sunglasses holding a yellow frc
86371,the mouse the receptionist was using at the bmw center,https://external-preview.redd.it/Mwa9n-q8Mf6n5oFyRFS_Gx-8Fca3NoooGcIXTBPpkQY.jpg?width=320&crop=smart&auto=webp&s=0d3d96124ffcbfeade36c9dcf3364300371469df,1,1,0.9810514450073242,1,0.5530714392662048,1,0.96702641248703,0,0.5087403059005737,a black car on a black mat
65746,this apartment in prague has double windows,https://preview.redd.it/0gey6acnurg31.jpg?width=320&crop=smart&auto=webp&s=4e31032de22fd2de1b23f395ccfcbfae37943bf8,1,1,0.9947152733802795,1,0.5769531726837158,1,0.7099105715751648,0,0.504609227180481,a window with a radiac radiac radiac radiac radiac radiac radiac radiac ra
107439,georgia state abortion law fuels hollywood boycott call,https://external-preview.redd.it/cxQLTI8pw3DWm8N2HEAua3B7lMsky-Y4Yolzltvv0kk.jpg?width=320&crop=smart&auto=webp&s=8e67bb22f369adf34181fdc8e8730fe0a26e3e36,1,1,0.9966964721679688,0,0.6892613172531128,0,0.9900269508361816,0,0.5268604159355164,alyssa adams in a red dress
6188,lifelock offers to protect you from the equifax breach by selling you services provided by equifax,https://external-preview.redd.it/tHqURut1KcOoPL3Wt6N0183Xr1gq6JZg5mjl6Bi13yE.jpg?width=320&crop=smart&auto=webp&s=24fe5d9085a27cdc74a3b02e2f9578c2a16af417,1,1,0.9944932460784912,0,0.6932046413421631,0,0.9866132140159607,0,0.550285279750824,a pink box with a bunch of keys
86853,red arrows,https://external-preview.redd.it/_OEotqNE2Sk8CqsvSoTMRad6i13fQddUUn4eJTXpt_4.jpg?width=320&crop=smart&auto=webp&s=80ffdd4d15c6edd8d19e06d1ac15adad01a771f9,1,0,0.8224651217460632,0,0.692879319190979,0,0.9637041687965393,0,0.5123176574707031,a group of planes flying in the sky
92227,budget deficit for coming year hits million as economic woes worsen,https://external-preview.redd.it/Ayu81A0uc8GJmaCwE0KJUH9S7VyddYAmEu0dduiVoqY.jpg?width=320&crop=smart&auto=webp&s=a4145d6f2c19ae22fe63baa04bec891765d16e62,1,1,0.9982397556304932,0,0.6895079612731934,0,0.9902881383895874,0,0.5078370571136475,the church in the park
69407,india is planning to give free wifi to more than villages,https://external-preview.redd.it/hwKx31iyT8PBe09ZKewBA84nbwxKjwVqkD73Xre-Q-o.jpg?width=320&crop=smart&auto=webp&s=71a2456aa96d5bf0a5a299c6d1259ba5018841f8,1,1,0.9982514977455139,0,0.6393503546714783,0,0.9922768473625183,1,0.5035144686698914,the indian flag with a radio tower in the background
29400,thats no cave,http://i.imgur.com/OTpbk0K.jpg,0,0,0.9836851358413696,0,0.6943943500518799,0,0.9925429821014404,0,0.5142782926559448,a dog with its mouth open and a spaceship in the background
8055,this fridge door has a sign about why you should close fridge doors while the door itself wont close,https://preview.redd.it/9mehnqa8o6m31.jpg?width=320&crop=smart&auto=webp&s=8bdd485772e54dd617c7b81fded96890449deda9,1,1,0.9957459568977356,1,0.5643187761306763,0,0.9426983594894409,0,0.5750521421432495,a person is holding a plastic container with various items
44322,happy monacled monkey,https://external-preview.redd.it/mb465vJ7WjNDfJdpLh5f6SQM4kHrs2chRTbjcFrEtiw.jpg?width=320&crop=smart&auto=webp&s=87a7c8bd262f9b2443cc5a761a1aadbb7de17ba6,0,1,0.6120476126670837,0,0.694877028465271,0,0.9927074313163757,0,0.5164347290992737,a child sitting on the floor with a backpack
52331,this magnificent stolen one of a kind hand hammered helmet,https://external-preview.redd.it/5XOKVs91sTICUrV4BnUlIJsMGCL8HBQzTJQUAB9mTVc.jpg?width=320&crop=smart&auto=webp&s=3ac8513a9982ee51e881c153b7ee366934d253a9,1,1,0.8994178771972656,1,0.5545610785484314,0,0.9871702790260315,0,0.5786768794059753,a statue of a man with a beard and a blue shirt
94553,samesex marriage video detainees not homosexuals forensic department,https://external-preview.redd.it/9pFjRqgoT3zFXJgVbyNvKt1ECsiESuDuPHVnkH21fNA.jpg?width=216&crop=smart&auto=webp&s=e46f9d14aefd44251687a4d7800483236c556a0c,1,1,0.9982385635375977,0,0.6922597289085388,0,0.9898778796195984,1,0.5057007074356079,the dn egypt logo
91563,american sailors told by iranian captors to act happy,https://external-preview.redd.it/4YCLquE23GwoxMCuUmw_mY_EfPTaFotce3_ql08Kz38.jpg?width=320&crop=smart&auto=webp&s=bc5bc4692637227683b1c81bbde2e2d4be7c2472,1,1,0.9567662477493286,0,0.6934479475021362,1,0.9456695318222046,1,0.5108650326728821,a man in a green shirt sitting at a table
99126,they seem a bit scared,https://external-preview.redd.it/MNZwkqQxhMk644m9EZbeMyxhgVPf7FTQvWM5YGxHyyQ.jpg?width=320&crop=smart&auto=webp&s=029fe8223b74451b91b6b4b4a03d6cb8d0dd74c7,0,0,0.9865514039993286,0,0.6946706175804138,0,0.9921208620071411,0,0.5355950593948364,a red and black arcade machine
85013,jar jar,https://i.imgur.com/BDmJSgy.jpg,0,0,0.9510317444801331,0,0.6944316625595093,0,0.9928985834121704,0,0.5167500376701355,a poster for the upcoming star wars film
1881,this shepards pie that isnt shepards pie as its made with ground beef,https://preview.redd.it/tbx8sj9fjhg31.jpg?width=320&crop=smart&auto=webp&s=9925be6ffbd22910b0667974f4d7280f64b03291,1,1,0.9937984347343445,1,0.5563485622406006,1,0.737023115158081,0,0.5410875082015991,a person holding a bag of baked shepherd pie
55248,bob leads will into the lair of the demogorgon,https://preview.redd.it/9tcpgwsjlyzz.jpg?width=320&crop=smart&auto=webp&s=9a52c68c454594354c1147fa60c5501c9dda88d9,0,0,0.9989809393882751,0,0.6948202252388,0,0.9925622344017029,0,0.5555456280708313,the ho ho ho ho ho ho ho ho ho ho ho ho ho ho ho ho ho ho ho ho
15001,lesbian primary voters not thinking straight,https://external-preview.redd.it/QLRKEXm8KRs31NiOkSu4cETx9NASkaLWqNudvEnbt_E.jpg?width=320&crop=smart&auto=webp&s=11340a938e57f055cdb32742764f3bf10fe25a89,0,1,0.5020588040351868,0,0.694663405418396,0,0.9815519452095032,1,0.5188484191894531,two men sitting on steps with their dogs
7090,contamination events force project shut down at hanford nuclear site in washington,https://external-preview.redd.it/KoQBT7eAZf9PqtbZeRWg76C7_PnJJ2IXTdiRsJ3R0DA.jpg?width=320&crop=smart&auto=webp&s=dcfe771b9c31796396aa8d8bf8257b9c3bea7e37,1,1,0.9946265816688538,0,0.5917287468910217,0,0.9521661996841431,1,0.5136333703994751,a yellow box with a black and white logo
10760,this woodstock poster we found underneath the drywall at my cousins house,https://preview.redd.it/x2j3dws6sif31.jpg?width=320&crop=smart&auto=webp&s=20be19e17896f35776cf76798946e771e602044b,1,1,0.9704524874687195,1,0.5591425895690918,1,0.9579243659973145,0,0.5143324732780457,a col col col col col col col col col col col col col col col col col col col col
9049,an offduty firefighters life was saved by an officer and a group of people from a flipped burning car in alaska,https://external-preview.redd.it/MaMyu0ely3Ugwa-miN0aW5sACWAXY7sTU6SiRQm05BA.jpg?width=320&crop=smart&auto=webp&s=acc5309ab991327d6aaa7b32bdbc8f85befd3233,1,1,0.9983741044998169,1,0.5663149356842041,1,0.9631437063217163,0,0.5111435651779175,a car driving down a road with a fire in the background
98151,pouting angela merkel,https://external-preview.redd.it/6hg2PGsF-DocR3kwQRrucaq4OQGkMqD2zkFO01XLQbA.jpg?width=320&crop=smart&auto=webp&s=d6926190ad633fe2fbccb9e3b44b27d63be99767,1,1,0.9641530513763428,0,0.6943529844284058,0,0.9924291968345642,1,0.5017626285552979,a group of people standing around a table
1791,tradesman will gladly do few other jobs for free while hes there,https://external-preview.redd.it/HutJDeFeafw1W8wQ1eRlcMDXwgCaqO-7S3gHxibhwQQ.jpg?width=320&crop=smart&auto=webp&s=8440de94b713fbbf3e6ada999517d088e3c562c6,0,0,0.9352037906646729,0,0.6945866942405701,1,0.9157652854919434,0,0.5255495309829712,a man standing in a kitchen with his arms crossed
12193,link,http://i.imgur.com/cIUpV.jpg,0,0,0.9997720122337341,0,0.6941308975219727,0,0.9931105375289917,0,0.5530920624732971,a man in a suit and tie holding a piece of paper
8729,the negative space looks like a kitty,https://external-preview.redd.it/SAKbvJwpMi2BXZ8yEOskbcwaMHVJU4pQWWbEhBhetRQ.jpg?width=320&crop=smart&auto=webp&s=b7a60e13fca6636557e69ad4ed25057938d4335a,0,0,0.6591764092445374,1,0.5165936946868896,0,0.9817276000976562,0,0.5550174713134766,a cave with a small waterfall in the middle
83738,too many nuts in yo mouth,http://i.imgur.com/ugb17HK.jpg,0,0,0.9404581189155579,0,0.6947817206382751,0,0.9482572674751282,0,0.5182961821556091,a squirrel eating a piece of food on a tree
83830,bird taking flight off mans head,https://preview.redd.it/51w2olzidmj11.jpg?width=320&crop=smart&auto=webp&s=3f6b19a5c551c4eac58a86c424a94533e1672b2b,1,1,0.6326860189437866,0,0.6944451332092285,0,0.6379076242446899,0,0.5001436471939087,a man holding a parrot on his head
46973,if statistically most crimes happen at gunpoint why do i get my home match the drapes as do the curtains match the drapes,https://preview.redd.it/7lhn0wwfnsny.jpg?width=320&crop=smart&auto=webp&s=39c9a8c3eeb5e394952ce2650b2961c23d994395,0,0,0.9465032815933228,0,0.6935285329818726,0,0.9914664030075073,0,0.5447381734848022,a hand holding a black card case
32023,pregnant woman posts hilarious sketch on craigslist to find unborn babys father,https://external-preview.redd.it/Le7IyzDS-KsPndgyGjoPVDDZ62vmlwo2fJTSlwmcleA.jpg?width=320&crop=smart&auto=webp&s=651bff171b92368c4e65b08546bdf7e980b7f29e,1,1,0.507292628288269,0,0.6922737956047058,1,0.800922691822052,0,0.5099577307701111,a drawing of a man with a face drawn on it
29349,yr old ww ii veteran gets high school diploma years after dropping out to serve,https://external-preview.redd.it/VX_B-VaW9j7qVxGWRCCq2PqepX2XpTY0vY_lizcQn8o.jpg?width=320&crop=smart&auto=webp&s=a419a751e9041d5e75df258b4c1a15bf128e38af,1,1,0.9983428716659546,0,0.6829022765159607,1,0.5186651945114136,0,0.5512632131576538,a group of people standing in a room
64023,this hand dryer is built into the sink along with the faucet and soap dispenser so no drip tray is required makes such sense at the atlanta airport,https://preview.redd.it/qd9dpu8crbl11.jpg?width=320&crop=smart&auto=webp&s=653b1aa9ce77722ca6849dc00393dd67eeaebb04,1,1,0.9930503368377686,1,0.5602418184280396,1,0.9754949808120728,0,0.5613560080528259,a bathroom with two sinks and mirrors
31408,i think it is time to get out wheres waldo,http://i.imgur.com/LpJyKYV.jpg,0,0,0.9840587973594666,0,0.6944223642349243,0,0.9894745349884033,0,0.5276864171028137,a man laying on the green algae
25754,emma stone holding a lego oscar at the oscars,https://external-preview.redd.it/MtrdHT11N9S2WtLCFzm7AUS5rdJyTluWWHnz3HAjvek.jpg?width=320&crop=smart&auto=webp&s=e9057f3dd92bf718beca90e80a4bf7b42d9e93fb,1,1,0.9561781287193298,0,0.6945760250091553,1,0.9546228647232056,0,0.5063242316246033,the cast of the oscars
47196,never forget,http://i.imgur.com/0TS0AgE.jpg,0,0,0.9989713430404663,0,0.6939913630485535,0,0.9925081133842468,0,0.5403077006340027,a dog standing on top of a stack of pancakes
46015,astro baby,http://i.imgur.com/KzC3I0F.jpg,0,0,0.9582719206809998,0,0.694628894329071,0,0.9922199845314026,1,0.5187702178955078,the pillars of the carina nebula
108918,this deer skeleton,https://external-preview.redd.it/N8zd8zLmMiArukz9xtTS0GHDysNIaJvruVrTWngge5I.jpg?width=320&crop=smart&auto=webp&s=fb512de6167ac28b7c5b557910647ee9d22c78be,1,1,0.9244758486747742,1,0.5548436641693115,0,0.9917719960212708,0,0.5599031448364258,a skeleton hanging from a tree in the middle of a burned area
50228,george the standing cat will play for you the symphony of space,http://i.imgur.com/OcJv1kQ.jpg,0,0,0.9995075464248657,0,0.6949474811553955,1,0.9707895517349243,0,0.5906766057014465,a cat sitting on a keyboard in the middle of a galaxy
59898,the black mans burden,http://i.imgur.com/jvSk70w.jpg,0,0,0.9935299754142761,0,0.6948319673538208,0,0.9859711527824402,0,0.5090271830558777,a woman carrying a child on her back
54488,so majestic,https://external-preview.redd.it/KghNjFJYvoqmUxygi-9pHKMosSHdghWqznD-h8Ft2lc.jpg?width=320&crop=smart&auto=webp&s=c16957c1ad704279c03bed831542bf99cfa7685b,1,0,0.9676703810691833,0,0.6948288083076477,0,0.9917416572570801,0,0.5088777542114258,a man and a dog playing with a kite
94376,say it aint so social media uproar over discontinued mustard pickles,https://external-preview.redd.it/B3LD0AcMWerubcormr0Y6zpSfJY2LHeVhuiKZFwPQsQ.jpg?width=320&crop=smart&auto=webp&s=7481ef6f81d4e924861952a2a611797f7351e0c2,1,1,0.9847701787948608,0,0.6942867040634155,1,0.9687416553497314,1,0.5186713337898254,jars of pickled pickled pickled pickled pickled pickled pickled pickled pickled pickled pickled pickled pickled pickled pickled pickled pickled pickled pickled pickled pickled pickled pickled pickled
26949,army of cats,https://external-preview.redd.it/ytFF10t_02uEa_kRg3iamK4KmLphu8OVV8U21sxgO4c.jpg?width=320&crop=smart&auto=webp&s=0dbdff6a061d0c1aa2b93a45b766816eb720e82f,1,1,0.6916748881340027,0,0.6935432553291321,1,0.9390456080436707,0,0.5183820128440857,a large group of cats
92800,that one time ukip leader nigel farage crashed his plane,https://external-preview.redd.it/VO-eCXUcyYJzh9_OmKbwvOL9H93c22n7Nws7O9XGhxo.png?width=320&crop=smart&auto=webp&s=2c4df58421585fd4eef8de86a2466a62f2caf478,1,1,0.9414933919906616,0,0.6943050622940063,1,0.9589521884918213,0,0.5305769443511963,a man in a suit and tie walking through a field
106530,abduction,http://i.imgur.com/K8RNezZ.jpg,0,0,0.9958794116973877,0,0.6942666172981262,0,0.8580095171928406,0,0.5332882404327393,a man is flying through the air with an ufo
86340,back of our currency has hands that look like two butts,https://preview.redd.it/1ds6dodo6fw21.jpg?width=320&crop=smart&auto=webp&s=2d0f4f696aab4b14ed1b776157c5a92f982d0593,1,1,0.8365092277526855,0,0.5837130546569824,1,0.8384312987327576,0,0.5438370108604431,a box with some coins and a coin
101253,red meat skull and the tastyract,http://i.imgur.com/f0O6v0p.jpg,0,0,0.8565197587013245,0,0.69490647315979,0,0.991508960723877,0,0.5649136304855347,a man with a red mask
2919,just for you,https://i.imgur.com/8capD1y.jpg,0,0,0.9924229979515076,0,0.6944839954376221,0,0.9891381859779358,1,0.5139361023902893,2001 a cat odyssey
85373,how to baseball,http://i.imgur.com/Gz5JLZs.jpg,0,0,0.9647363424301147,0,0.6944493651390076,0,0.8287277221679688,0,0.501285195350647,a baseball player with a bat in his mouth
41236,this plant growing of a gutter,https://preview.redd.it/jqqt7124yd531.jpg?width=320&crop=smart&auto=webp&s=6f3e66f084173cb641b3872f7128657f4039be7e,1,1,0.9923283457756042,1,0.5598018765449524,1,0.9755034446716309,0,0.5221097469329834,a building with a sign that says the entrance to the building
28530,fish caught off the coast of russia,https://preview.redd.it/wy3krt4dmw4y.jpg?width=320&crop=smart&auto=webp&s=cd5adb26f23bb647132d13dec29c032d1bb4ac1c,1,1,0.8785978555679321,0,0.6833208203315735,0,0.9919518232345581,1,0.5075604319572449,a person holding a bird with its mouth open
97700,balanced nickel,https://preview.redd.it/kgppznrnbs131.jpg?width=320&crop=smart&auto=webp&s=b3ed95e7a76e26a6cd4dcd4a466770a760150d2f,1,1,0.8767988085746765,0,0.6944521069526672,0,0.9909157156944275,0,0.5275455713272095,a small coin sitting on top of a table
15225,abc interns run to deliver supreme court decision,https://preview.redd.it/eqkfeg0t3h611.jpg?width=320&crop=smart&auto=webp&s=dcd50b876cf4c2580d709be9844bd6da182ce640,1,1,0.9948399662971497,0,0.6937889456748962,0,0.9921016097068787,0,0.5007213950157166,a woman running in a city
23757,the one true king,http://i.imgur.com/WaIPx4g.jpg,0,0,0.9978423118591309,0,0.6946202516555786,0,0.9910855889320374,0,0.5063620805740356,game of thrones - game of thrones
110990,just completed my model of boba fetts ship slave,https://external-preview.redd.it/jlel6jzBEEtKL6FnNQB7GLZ781-dRxqD2Zkr6Tl0Cok.jpg?width=320&crop=smart&auto=webp&s=ef615b0fbaf399e8e827bf6b161a383f98cbaf3c,0,0,0.9003324508666992,0,0.692679762840271,0,0.89849853515625,0,0.5547680854797363,a piece of paper on the ground
98211,umbrellas make a cartoon pirate,https://preview.redd.it/p7gegmers3z01.jpg?width=320&crop=smart&auto=webp&s=211cafedab05a3c9226749ccd7c1a2e15a9a9225,0,0,0.9469361305236816,0,0.6943901777267456,0,0.9611707329750061,0,0.5077328681945801,a woman riding a bike in a store
41180,akon performed in a bubble in africa to avoid contracting ebola,https://external-preview.redd.it/ciLpJIVpZ2IoN1Xdd1WcUZV-KzpkBneMpZKbz1xfep0.jpg?width=320&crop=smart&auto=webp&s=17f35a451121e1f1dba13312bc98633716545394,1,1,0.9806917905807495,0,0.6941443681716919,0,0.582808792591095,0,0.5209382772445679,a crowd of people
98433,these great cosplayers,https://external-preview.redd.it/AZ1nx35oU6vJD4Pt7e5CqFT9GAZ3Jy2lTh7lYZz6SzA.jpg?width=320&crop=smart&auto=webp&s=131577dea2518e8cd790d87e2d375239ebe9290f,1,1,0.942121684551239,1,0.5471656918525696,0,0.9923614263534546,0,0.5432510375976562,a group of people dressed as star wars characters
86128,boston mayor thomas menino hops red sox win cup,https://external-preview.redd.it/U0cO5K20lWHvC2pa2QNk6YjDOUMlk14X--7csz4qYEc.jpg?width=320&crop=smart&auto=webp&s=6fcd9d9ecf215e062b0bee24c9c9a98e73c9d68a,1,1,0.9980623126029968,0,0.6942198276519775,0,0.9911813735961914,1,0.5037551522254944,st louis cardinals win over st louis cardinals
49615,lights in a tunnel made all my candy the same colour,https://preview.redd.it/xe4xy67hoen31.jpg?width=320&crop=smart&auto=webp&s=13ea665d16cc4740340e2b6a104e881a601a649c,1,1,0.9976775050163269,1,0.5505691170692444,1,0.9630060791969299,0,0.5257801413536072,a bag of yellow plastic chips
42751,confused aaron powl,http://i.imgur.com/DZNjzth.jpg,0,0,0.9625173211097717,0,0.6949094533920288,0,0.9909249544143677,0,0.5385152697563171,a tree with a face in it
27001,tiananmen square,https://preview.redd.it/id20god1zf131.jpg?width=320&crop=smart&auto=webp&s=ab4eb7492d71db060d90805b92bb122b7ba5c437,0,0,0.9938234090805054,0,0.6937109231948853,0,0.9906806349754333,0,0.5089820027351379,a rendering of a street with a lot of green trees
101903,a blunderbuss,https://preview.redd.it/oik840qdmanz.jpg?width=320&crop=smart&auto=webp&s=2096f84b08349251681e404ea824a2535fd883b7,0,0,0.993889331817627,0,0.6947828531265259,0,0.9928743839263916,0,0.5100944638252258,a car with a broken engine and a broken engine
16193,boris vasilyev middle name period,https://external-preview.redd.it/ZFcxELiGSeMvJjlv2P1ASPzjJA8CnbJbJA5OM9UEWto.jpg?width=320&crop=smart&auto=webp&s=1e811fbe7f96b4c9510dbe42d72e4bcd79812d50,0,0,0.999713122844696,0,0.6948716044425964,0,0.9690936207771301,0,0.519565224647522,a polar bear is walking across a snowy field
40663,iggy pop crowdsurfing,https://external-preview.redd.it/KqedOCSFdePaeWdJUYLek1lM8kXiFDsc4wLkFixdfM8.jpg?width=320&crop=smart&auto=webp&s=c8eceb94aacbceff480fbf8082578c2012b0523a,1,1,0.9806520938873291,0,0.6944257616996765,0,0.9844126105308533,0,0.5090326070785522,a crowd of people at a concert
99725,this pile of crumbs looks like a dog,https://preview.redd.it/j5rzhpehf0s31.jpg?width=320&crop=smart&auto=webp&s=405f294729aaee02d03d67c97d073a4c02953a34,1,1,0.7291202545166016,1,0.5548485517501831,0,0.9359773397445679,0,0.5803957581520081,a piece of bread is on a counter
42955,still just a cat,https://i.imgur.com/yqQV3rg.jpg,0,0,0.9368187785148621,0,0.6944257616996765,0,0.9904887676239014,0,0.5267359614372253,a snow leopard is walking around a cardboard box
38126,dog is wearing curlers in bed,https://preview.redd.it/c1ggs498mujy.jpg?width=320&crop=smart&auto=webp&s=8a7e36849dbbdff8e98da6feb34d938039c8e6fa,1,1,0.8880636096000671,0,0.6944825053215027,0,0.9829879999160767,1,0.500702440738678,a dog in a white robe and pink glasses
16599,brickwall home town,https://preview.redd.it/9ekf6euqx1o11.jpg?width=320&crop=smart&auto=webp&s=fea89a55e4286c6c83121d73cf8d2e4b1c7f9e62,0,0,0.9889483451843262,0,0.6919605731964111,0,0.6841964721679688,1,0.506924033164978,"a view of the city of new york, new york"
89803,dude is high af,https://external-preview.redd.it/POv0wkAjJ8-YRNN8U9_wVPMDQ8tDB91CxK4e4Ie7zKw.jpg?width=320&crop=smart&auto=webp&s=98b4b5067af9f4461700ab8ffbb6a132cc6d6989,1,0,0.9844232201576233,0,0.6942017674446106,0,0.9904136061668396,0,0.5177051424980164,a flower in the middle of a garden
84212,nsfw,http://i.imgur.com/UCIBmqp.jpg,0,0,0.9919409155845642,0,0.6937987208366394,0,0.9922005534172058,0,0.500084400177002,president obama and president obama playing with a model of the white house
8469,happy truck,https://preview.redd.it/k4pe4h0acq531.jpg?width=320&crop=smart&auto=webp&s=e16e1dd9c22ddfaa0afeb3b42ef3da1109125728,0,0,0.9853036403656006,0,0.6926590204238892,1,0.5538520216941833,0,0.5026422142982483,a semi - truck and a semi - truck on the highway
85100,unabomber manifesto,https://external-preview.redd.it/KfnkYXXvgNXPJlo9Supbv461jAtpVsQRB_zfNLjxQxk.jpg?width=320&crop=smart&auto=webp&s=5c0d457632d856bb9e408e14755449606ae9a221,0,0,0.9997934699058533,0,0.6948280334472656,0,0.8529270887374878,0,0.5529407858848572,a picture of a building with a red light on it
42540,one down,http://i.imgur.com/heUTTxc.jpg,0,0,0.9974727034568787,0,0.6944745182991028,0,0.9847486615180969,0,0.5523030757904053,a woman sitting on a bench looking at something
48382,mrs butterworth is having a bad morning,https://external-preview.redd.it/D71oAVcDXzx81raUaRjdHVVNtWHkd3HyTq4By_IUkHA.jpg?width=320&crop=smart&auto=webp&s=ff0f6f90387db48e9ad9ef72e083719c57efda6e,0,0,0.9845405220985413,0,0.6945866346359253,0,0.9858130812644958,0,0.5740815997123718,a bottle of liquid sitting on top of a stove
25963,jeffrey epstein received unknown visitor prior to his alleged suicide,https://preview.redd.it/rky58dpsbrf31.jpg?width=320&crop=smart&auto=webp&s=40466a3a1c643c5f0da1be621372eeb80ae05981,0,0,0.9973610043525696,0,0.6932747960090637,0,0.7884571552276611,0,0.5369772911071777,a man in a suit and tie standing next to a fence
49403,i am slowly going crazy drip drip drip drip drip drip drip,https://external-preview.redd.it/wBhh3w-dcxDyNz1bdfxoZVoWOv1mdZX-N4b_b_xar6Y.jpg?width=320&crop=smart&auto=webp&s=9a0a223902a95d11bf565d5759b3efe15cc1a512,0,0,0.9974008798599243,0,0.6941738724708557,0,0.9223774671554565,0,0.5237269401550293,a white toilet bowl
52983,these cherries that are down my phone to take her first steps,https://preview.redd.it/houvyu5copj21.jpg?width=320&crop=smart&auto=webp&s=8ed9bc264c7a8345aa9851c93d333962f6bdf87d,0,1,0.9619213342666626,1,0.5604828596115112,0,0.9724817276000977,0,0.5844565629959106,a person is sitting in a car looking out the window
86326,how to survive and atomic bomb insurance company ad,https://preview.redd.it/pr4pfhxc3i111.jpg?width=320&crop=smart&auto=webp&s=128a8cd37cfd57d0809a77284f6dcd410c35094f,0,0,0.9992085099220276,0,0.6944613456726074,0,0.7253611087799072,0,0.510096549987793,an advertisement for the air force
22098,odd animatronic cow in the dairy section,https://preview.redd.it/3hoied78yag31.jpg?width=320&crop=smart&auto=webp&s=939f7285932686f8d305d0941b00e9363f5ce873,1,1,0.9752560257911682,0,0.6952404975891113,1,0.8083306550979614,0,0.5483561754226685,a large red barn with a cow on the roof
75391,cannabis plants discovered at vermont statehouse flower beds,https://external-preview.redd.it/kvbV-zg5o3wuju-aufXqPYVC47H9O-3ENBYiY_sCbqM.jpg?width=320&crop=smart&auto=webp&s=ece9894875323e7e8213c7991a0e2f6ff4f75517,1,1,0.9982860684394836,0,0.531704306602478,1,0.9544960856437683,1,0.5165451765060425,a garden with flowers and plants in the background
35026,this taxidermy wolverine hat,https://preview.redd.it/cc1s8hn1i4w21.jpg?width=320&crop=smart&auto=webp&s=63a25f8be38e8cd3106034fdf3ea6e99a8d71771,1,1,0.9642512798309326,1,0.5551396608352661,1,0.5171223282814026,0,0.5546148419380188,a man wearing a furry hat and a beard
20008,star wars mail box,https://preview.redd.it/dbt2bjwyamly.jpg?width=320&crop=smart&auto=webp&s=823fc76b78e3fb06fdb4ed8ea0fdfe3396e4b251,1,0,0.6052448749542236,0,0.6943581700325012,1,0.7851532697677612,0,0.5239507555961609,a metal robot statue in front of a house
31795,englands wild beaver colony has kits,https://external-preview.redd.it/-7OHIw-4zXEfYQOcjteaphbrDkF-E9cwPczpdSNaq0o.jpg?width=320&crop=smart&auto=webp&s=c33ae9643a28b34b79da3e5ff871ccedb19db83c,1,1,0.9982529282569885,0,0.6943377256393433,0,0.928877592086792,1,0.508135974407196,a baby otter is submerged in the water
20104,i apologize in advance,http://i.imgur.com/MdtwsF2.jpg,0,0,0.9872626662254333,0,0.6942949891090393,0,0.9913913011550903,0,0.5502435564994812,"a black and white text that reads, ' the things you are trying to get out of your own '"
4374,excited cricket players,https://external-preview.redd.it/Df4-y0NwqteQBHJCJXg9IDhs1WAh1QBAlBxkd2SjNVk.jpg?width=320&crop=smart&auto=webp&s=c1f213a49a7db64668fd836dab9278299a53515c,1,1,0.9873210191726685,0,0.694425106048584,0,0.9630525708198547,0,0.5047497153282166,a cricket player is celebrating after his team scored the winning runs
64815,i really dont know what i was going for here,http://i.imgur.com/Mld9v1K.jpg,0,0,0.9934664368629456,0,0.6949438452720642,0,0.653550922870636,0,0.5122420191764832,a man and woman laying on the beach
104525,smiling woman hand gesture,https://external-preview.redd.it/yuXAGf7jfVYjmn_6CBIAA8sf_EcWeqr5DjZ72ozEIzY.jpg?width=320&crop=smart&auto=webp&s=12fd89b85478e39fd72b3b616dc0c44d3b627f8f,1,1,0.8434640765190125,0,0.6942538022994995,0,0.9710320234298706,1,0.5013865232467651,a woman in a red shirt and grey shirt
10370,moss growing in a tree stump,https://external-preview.redd.it/VYt70Xdk8RnIfojcrFbhPBRRdjWB3-K0kmTCH22be9I.jpg?width=320&crop=smart&auto=webp&s=b125a47b4b589a5f3b42560f13a8e95aa72d762e,1,1,0.7789365649223328,0,0.6897884011268616,1,0.9503355622291565,0,0.517421305179596,a close up of a tree stump with a bunch of moss
73571,mark wahlberg showing his buttcrack,https://external-preview.redd.it/G0J7rMfjv-w9fitgBlF7jze2sH7l9IC1A9AhQOA8cO8.jpg?width=320&crop=smart&auto=webp&s=4b847efc44117c50fba4f1baceb2e83b1bf61514,1,1,0.8986244201660156,0,0.6945242881774902,0,0.9899023771286011,0,0.5043885111808777,a man in a blue swimsuit is standing in the water
83465,this tomato looks like a heart,https://external-preview.redd.it/5boCy0CKwcruAkS6ptjD6uBhDtr53VWLTY4Vuw-e7-0.jpg?width=320&crop=smart&auto=webp&s=6f11de3dd25935801c7d0ca2847855a1d94da269,1,1,0.9916245341300964,1,0.5611855387687683,1,0.6960219144821167,0,0.5352046489715576,a pot filled with plants and dirt
37397,ww,http://i.imgur.com/mZwT1wd.jpg,0,0,0.9996980428695679,0,0.6878779530525208,0,0.9916319251060486,0,0.5077452659606934,a man is throwing a frck
50422,prince christian of denmark rescued by gold coast lifeguard bystander do you know who you just rescued,https://external-preview.redd.it/IJbr6xG-OoBT2rCm6LSnUrKwhjBq7aCQl7KNvm4hsMw.jpg?width=320&crop=smart&auto=webp&s=96265460c5b1a97a817ecd3101372658e4477571,1,1,0.9957903027534485,0,0.6869320869445801,0,0.8699095249176025,0,0.5395880341529846,two children in a garden
461,a dream come true holocaust survivor sings national anthem at detroit tigers game,https://external-preview.redd.it/QeqxWV2WLeMzdzgPsQa1hbtcGBCqTLovRlwrwWMzs-8.jpg?width=320&crop=smart&auto=webp&s=0abd847938bf164048988b778e238f72c4531881,1,1,0.995396077632904,0,0.6904810070991516,0,0.9649285078048706,1,0.5052117109298706,a woman sitting on a couch smiling
66954,fat axl,https://preview.redd.it/uqq0ufqzn42x.jpg?width=320&crop=smart&auto=webp&s=34bad67ccaa70cd967b37d6c04df450ce98edbef,1,1,0.6652776002883911,0,0.6946188807487488,0,0.9899875521659851,0,0.5719171762466431,a man in a plaid shirt and jeans is singing on stage
96714,live sex shows streamed from windsor libraries,https://external-preview.redd.it/GpkP3MP7XqwjXh6OgBg6NvFhCz9elrPBEAGoXBD1l5E.jpg?width=320&crop=smart&auto=webp&s=58bfdf11dd536245ffb65b020f351b6622fcf32a,1,1,0.9977350234985352,0,0.6916624307632446,0,0.9169492125511169,0,0.5036922693252563,a woman sitting in a chair in a library
28473,accused wants case dropped after victim says he hit like a girl,https://external-preview.redd.it/ytCTLdwwSI7jBXZJtbiRowVZxw7Y76gHRafl4B2MZW4.jpg?width=108&crop=smart&auto=webp&s=e69b056a2870991a9749e4f725bb73c12f055d4e,1,1,0.9979789853096008,0,0.6700490117073059,0,0.986117422580719,1,0.5097761750221252,the tu logo
20815,polar bear catching food,https://external-preview.redd.it/11GhJJRyID-HroLB4I4wuFM2vfGaJCgMa25BaUFG7ss.jpg?width=320&crop=smart&auto=webp&s=85b67eb4dc583a611d5805eb893c814e875b0ce9,1,1,0.9566522240638733,0,0.6946306228637695,1,0.7254580855369568,0,0.5307157039642334,a polar bear sitting on a wooden platform in the water
83320,one of the cookies didnt have chocolate on it,https://preview.redd.it/azrbq3zx6tr21.jpg?width=320&crop=smart&auto=webp&s=ea8841b2133c441d0880bc739cd83dca0764961c,1,1,0.99764484167099,0,0.685713529586792,1,0.9630312323570251,1,0.5057244300842285,a basket of cookies and candys on a table
5344,report newtown shooter was obsessed with dance dance revolution hated holidays and haircuts,https://external-preview.redd.it/0C1f3ZDnS1gsRbytAHhlrQiO6WYNrMH7suJLZS0K09c.jpg?width=108&crop=smart&auto=webp&s=7d524295639f1152ac2d6b2417407c78e3ee0e64,1,1,0.9819303154945374,0,0.6919072866439819,0,0.9862516522407532,0,0.500518262386322,the source logo
30513,the eightheaded hydra world war i,https://preview.redd.it/wndu6dw0vla31.jpg?width=320&crop=smart&auto=webp&s=2ae9db81ddd44f08e21a7d20a7b28ba82f114805,0,0,0.9997339844703674,0,0.6947742104530334,0,0.9834186434745789,0,0.5079017877578735,the cover of the book the snake hunter
75707,investigators seize enough fentanyl to kill over million people say its coming from china,https://external-preview.redd.it/r8BP_zOXaw0nNg70MZZjmkX1FD-ckLGSv10jpCJ9HW0.jpg?width=320&crop=smart&auto=webp&s=bcd4f0f72aed8cc2eaf3ca865c33442efe26606b,1,1,0.9154064655303955,0,0.6883599758148193,0,0.9923715591430664,1,0.5154929161071777,a bag of plastic containers with a label on it
32489,this flaming mini cooper,https://external-preview.redd.it/LHOrUodTENkUOLiKCf8v1QGFZYxZnjWT3drZi-h4f_0.jpg?width=320&crop=smart&auto=webp&s=fb9b923c68a21d6bdd4ea9cf787755643faa74a2,1,1,0.9244420528411865,1,0.5637430548667908,0,0.9829716086387634,0,0.5479172468185425,a car is on fire in the middle of a parking lot
47650,silenced limelight typical tuesday,https://external-preview.redd.it/INjrJGa3Dic3TbAipuPOxkUoxPz6caNFI543lFqHE2A.jpg?width=320&crop=smart&auto=webp&s=12848da26f90a8c62730102934ecab23d78a6511,0,0,0.6876233220100403,0,0.6942467093467712,0,0.9907275438308716,0,0.5302963256835938,a black and white poster with the words ` ` ' ' ' ' ' ' ' ' ' ' ' ' ' ' ' ' ' ' ' ' ' ' ' ' ' ' ' ' ' ' ' ' ' ' ' ' ' ' ' '
54561,brisbane mum seeks secondhand handbags for domestic violence survivors as part of christmas appeal,https://external-preview.redd.it/pgKAIS5CjM5RrRB8aelZJ5QSSazV6P7EIVH715ucajM.jpg?width=320&crop=smart&auto=webp&s=5edd651c3a6f094401fd1a62b6d3605641ef3ec4,1,1,0.997408926486969,1,0.5427690744400024,1,0.9247473478317261,0,0.503548264503479,a woman sitting on the grass
25031,allied soldiers await british army doctors of the nd general field hospital after german forces unleas a devastating bee attack on british positions the horror of a warbee sting can be felt on the soldiers faces tripoli,https://preview.redd.it/2b5w18i4huty.jpg?width=320&crop=smart&auto=webp&s=c47d62ce2a1b60217aa21196ed9a982c7b5e3260,0,0,0.9979251623153687,0,0.6925458312034607,1,0.6460660099983215,0,0.5431100726127625,a group of men sitting on the beach
83658,shouldve read the riptide warnings,http://i.imgur.com/HGrhuqP.jpg,0,0,0.9930114150047302,0,0.6938252449035645,0,0.9928967356681824,0,0.5153977274894714,a person is in the ocean with a surfboard
1978,untitled,http://i.imgur.com/Op48AcV.jpg,0,0,0.9998194575309753,0,0.6936745047569275,0,0.9878441095352173,1,0.5198028683662415,trump and clinton face masks
17699,man joyrides through west florida jail lawn,https://external-preview.redd.it/Smqa3TZvlVvO_kQha2LzGlHzUHt73adcDDZiID-V1cE.jpg?width=320&crop=smart&auto=webp&s=d49e1d89d4623f52760d3b74c28745175594d594,1,1,0.96598881483078,0,0.6929516792297363,0,0.9907029867172241,0,0.5208161473274231,the suspect is shown in this und photo
16493,never let me go,http://i.imgur.com/s2k3nYC.jpg,0,0,0.9938403367996216,0,0.6947449445724487,0,0.9907845258712769,0,0.5177212357521057,a man in a white shirt
5217,this baby mushroom i found,https://preview.redd.it/lm56z37ua4831.jpg?width=320&crop=smart&auto=webp&s=07d2fbc03b21090f883be99d92de6a5d1bb4921c,1,1,0.991428792476654,1,0.5653585195541382,1,0.9727386236190796,0,0.5869552493095398,a wooden cutting board with mushrooms on it
104436,former calgary medical examiners accused of being body snatchers in texas lawsuit,https://external-preview.redd.it/9Y5gP_oiyPDvQ0UrSanBlc_2wfB6AKlK0UoM7DHGIMc.jpg?width=320&crop=smart&auto=webp&s=312d20d333cca8b5153f612ad9a758e81c28acc4,1,1,0.9980887770652771,1,0.5597593784332275,1,0.5593867301940918,0,0.5149452686309814,a man in a kitchen preparing food
93314,cat stretching,https://external-preview.redd.it/K9hBTPnuaKDUnavgk3q6vsZYmJv0YV4P4eNb--vhwYU.jpg?width=320&crop=smart&auto=webp&s=7ab2aee34823cbb5606596c42e7cf429be800fbc,1,1,0.9894718527793884,0,0.6945444345474243,0,0.9543390870094299,0,0.5487216114997864,a cat laying on top of a red couch
47920,the cretaceouspaleogene exctinction million years bc,https://preview.redd.it/o056dqrr6mi11.jpg?width=320&crop=smart&auto=webp&s=f502e1a1a162d07270bb9686cab13b9ce5fd04c1,0,0,0.9998003840446472,0,0.6929776668548584,0,0.9930435419082642,1,0.520106852054596,"a text that reads, ` ` ` ` ` ` ` ` ` ` ` ` ` ` ` ` ` ` ` ` ` ` ` ` ` ` ` ` ` ` ` ` ` ` ` ` ` ` ` ` ` ` ` ` `"
47375,these two adverts with very similar colour palettes,https://preview.redd.it/z51zik6hpij21.jpg?width=320&crop=smart&auto=webp&s=fffd6cec2125e3a97a314fb07288ecc48af0e69d,1,1,0.9790919423103333,1,0.5580288767814636,0,0.9906185269355774,0,0.5191420316696167,a subway train with a poster on the side
28179,a pigeon made a nest in my bathrooms window and refuses to leave even with me opening and closing the window so often,https://preview.redd.it/u4456lvcpyk31.jpg?width=320&crop=smart&auto=webp&s=f8d346441ef68a26f26935c2ca2518b82569fef0,1,1,0.9979938268661499,1,0.5595144629478455,1,0.9673975706100464,0,0.5585432648658752,a window with a screen on it
7467,a soldier observes prisoners at manzanar internment camp,https://external-preview.redd.it/xpj0oFsdxqfRY204NgNO9SjPW-YKTNzyVuxz2DtmPm0.jpg?width=320&crop=smart&auto=webp&s=c479be9734989091a460c16dd5c67007194f6f8f,0,0,0.9975632429122925,0,0.6944125890731812,0,0.9810774922370911,1,0.5090523958206177,a screenshot of a gun in a desert
28594,they forgot to tiedye my popsicle,https://preview.redd.it/rxc3kbk0azr31.jpg?width=320&crop=smart&auto=webp&s=28f594e04fe15b5f156bfb6665a25991e98e4ef8,1,1,0.9658170938491821,0,0.6946800351142883,1,0.6344331502914429,0,0.5357674360275269,a plastic container filled with ass ass ass ass ass ass ass ass ass ass ass ass ass ass ass ass
57535,update rescued bait dog gets k for medical bills,https://external-preview.redd.it/LPGmc1OMYnbsfDIueuvOdXZff_lhUSrXe7YBwws_81w.jpg?width=320&crop=smart&auto=webp&s=37d6d09cc8ff3598d115a61242fbb031c0936334,1,1,0.9982926249504089,0,0.6901676058769226,1,0.9294493794441223,0,0.5093775987625122,a woman is laying down with her dog
45992,tiananmen square tank man,https://preview.redd.it/g0ns9yelll831.jpg?width=320&crop=smart&auto=webp&s=f4ef3f2732a9cd3e53853d8c031a602bb901ff8e,0,0,0.9963933825492859,0,0.6946333646774292,0,0.8071538805961609,1,0.5079206228256226,a screenshot of a video game with a map
44252,im allergic to my husband,https://external-preview.redd.it/JUswOOIsbY9dAYNdm5SHKKItFra2RGHMnwIAh7cYOAg.jpg?width=320&crop=smart&auto=webp&s=675bff3f6d69775bb23a8ed6e5b92409bb748992,1,0,0.9661325216293335,0,0.6935794949531555,0,0.7249081134796143,0,0.5259782075881958,a man and woman wearing masks pose for a photo
110011,other discussions,http://i.imgur.com/PCbgeS6%2ejpg,0,0,0.9997977614402771,0,0.6941518187522888,0,0.9929689764976501,0,0.5521530508995056,"a black and white text that reads, ' the things you are trying to get out of your own '"
15088,french bus drivers to strike over tight trousers,https://external-preview.redd.it/aNpcQZ7FCq0wNeFLIs4nT9ygF0lFPWG8WiLHcsrHCTI.jpg?width=320&crop=smart&auto=webp&s=25594147f53e5d7c3fb8d9c605c8fe7647618226,1,1,0.9900627732276917,0,0.6940616369247437,1,0.9315449595451355,1,0.5044727921485901,a woman in a black shirt and grey pants
19467,chamomile tea on top and raspberry tea on bottom they didnt mix until i stirred the honey in,https://preview.redd.it/73c9qjod7xx21.jpg?width=320&crop=smart&auto=webp&s=81dba55e8ede5575e55bd03e50761b5b4648702a,1,1,0.9970466494560242,0,0.6846356391906738,1,0.9243108630180359,0,0.522911012172699,a cup of tea and a book on a counter
37566,its always an uphill battle,http://i.imgur.com/dV6UF.jpg,0,0,0.986076831817627,0,0.6945515871047974,0,0.9879199266433716,0,0.519625723361969,a little girl jumping in the water with fish
30285,let me teach you to aim,http://i.imgur.com/lr4Bdc8.jpg,0,0,0.9953081011772156,0,0.6947426795959473,0,0.9913723468780518,0,0.554966926574707,a man standing next to a robot on a sidewalk
89884,scare away hunger should be a halloween thing everywhere,https://external-preview.redd.it/MqofB-61ocq3zXXTQwiSnoR1joFsfsbR0JiIugH3IG4.jpg?width=108&crop=smart&auto=webp&s=f47674cdda44c00fe18c0c0c8975e7e038a4833a,1,1,0.6005843877792358,0,0.6941473484039307,0,0.9215490221977234,1,0.5081419944763184,gas prices in california
19619,the imprint my sweaty shirt left after laying down,https://preview.redd.it/thh4mzwufph31.jpg?width=320&crop=smart&auto=webp&s=d52253c3e3bc188d0f9ff95ad9d61831c16b1fa5,1,1,0.9973381161689758,1,0.5633878707885742,0,0.5584887862205505,0,0.5435714721679688,a person ' s feet with blue and white shoes
46740,my grocery receipt is printed on both sides the debit card approval on the back,https://preview.redd.it/92gvmuvpqd331.jpg?width=320&crop=smart&auto=webp&s=8711687b5548759295ab0475797df68400c7e87e,1,1,0.9977338314056396,1,0.5628170967102051,1,0.9762459397315979,0,0.5615689754486084,a receipt with a green marker on it
38302,tempurapedic unveils new line of extracrispy deepfried mattresses,https://external-preview.redd.it/Py0F4nDUQnYsd2eO1uJGRWR3HieqD_cHk4gRUDbqX1A.jpg?width=320&crop=smart&auto=webp&s=edd538ffc0c657e69076e6575085f13caa73af0b,0,0,0.9862940907478333,0,0.6938552856445312,0,0.9330067038536072,1,0.5420948266983032,tepa bed with mattress
75380,nbc executives push the tonight show with conan obrien to later time blocks in order to set up jay leno for the spotlight,https://preview.redd.it/7nm5f6e9g8m11.jpg?width=320&crop=smart&auto=webp&s=ecb64405e4af084a2ff68e5bc7809bdddfdf7309,0,0,0.9926283359527588,0,0.6943835616111755,0,0.9921442270278931,0,0.5244339108467102,the death of socrates
72461,boom,http://i.imgur.com/AdJFImv.jpg,0,0,0.9950932264328003,0,0.6945449113845825,0,0.9542011022567749,0,0.5248776078224182,a man is flying through a fire with a jet
9137,howtotrainyourswan,http://i.imgur.com/HXDpXRi.jpg,0,0,0.9899420738220215,0,0.6945194005966187,0,0.9928624033927917,0,0.5415868163108826,a man feeding a swan on a park bench
33868,george bush mission accomplished after lowering the troop numbers in,https://external-preview.redd.it/wXn7ZEVQ07x07bxxUaeYWi80NFt5F6HvHvckzty3uRs.jpg?width=320&crop=smart&auto=webp&s=b7014adf13b2ce341ac2dcb20cb44ada953f37e5,1,0,0.9913984537124634,0,0.6939573884010315,0,0.9518976211547852,0,0.5176053643226624,president trump speaks to the crowd at the uss
34741,alaska gov more drilling needed to fund climate change programs,https://external-preview.redd.it/77Inoad8pR0mrbYlK8HmpuP6jB8tddjEzDIBeHNGWVE.jpg?width=320&crop=smart&auto=webp&s=924970b5dd6bc7787550ec6a93f58a76d8c6478c,1,1,0.9979326725006104,0,0.5719484090805054,1,0.8553343415260315,1,0.5075240135192871,a train is traveling through the snowy landscape
63209,rabbittoothed kid is about to get slaughtered by axe murderer,https://preview.redd.it/dyrny7n10jyx.jpg?width=320&crop=smart&auto=webp&s=da8af3295e1867e93eacfbf7c9197f0000c85c31,0,0,0.7083960771560669,0,0.6947941184043884,0,0.9893802404403687,0,0.5537586808204651,a tall building
1971,banana guy is actually a seasoned warrior,http://i.imgur.com/MR7Lh.jpg,0,0,0.9835219383239746,0,0.6949511766433716,1,0.7844316959381104,0,0.5497934222221375,a man in a sweater holding a dog
69216,a man found human hands in the snow russia says theyre probably just trash,https://external-preview.redd.it/Z4sOawgQL3BJrtdUVjLDqI6LBKMcgwNaXmd-nz28EU0.jpg?width=320&crop=smart&auto=webp&s=dc7d2b71baeb00ff3ffcb54f58074c3afe2f748b,1,1,0.9422033429145813,0,0.6807264089584351,1,0.6986662745475769,1,0.5136600732803345,a satellite image of the mississippi river
86907,good samaritan finds lost san anselmo puppy,https://external-preview.redd.it/m4buQ_zupPT7Io1TcbPXiv-IEp2yKXEDxZLakGShywo.jpg?width=320&crop=smart&auto=webp&s=d70f7bb4ead091b87347802f9e4d98d6e1b10567,1,1,0.9982000589370728,0,0.6923528909683228,0,0.8085440397262573,0,0.5148739218711853,a woman is playing with her dog in the grass
30303,driving around looking at hurricane damage and spotted this painted flowerpot toilet,https://external-preview.redd.it/GnrI6puq23-Unc-pfmxJT2tydZLIxkVJ95_j4rgHzhg.jpg?width=320&crop=smart&auto=webp&s=96b4cace18fc5c0699d44ea43bf66ad41fbed7e7,1,1,0.9825317859649658,1,0.5581141114234924,1,0.975143313407898,0,0.5651654601097107,a toilet sitting in the grass next to a tree
105591,this bit of red on a paper that you cant write on everything looks like it is behind it,https://external-preview.redd.it/SSSVhMT0i_rximjnGhbuA1K94ZGAifET9h7zaIVjnEU.jpg?width=320&crop=smart&auto=webp&s=c37f75d434edc5f8c06d047a5b1c723d9d61f3c8,1,1,0.9941055774688721,1,0.5580618977546692,1,0.9720274806022644,0,0.5348301529884338,a person signing a document with a pen
110740,we found you staggering in the road police officers leave comical note for drunk man they escorted home,https://external-preview.redd.it/018JPagUxpWMO0TtQUeaQThjQXcmv8Ycgp-Mok5EsgA.jpg?width=320&crop=smart&auto=webp&s=7a0849acd2f7460e93d1f4f81403f187b13aa626,1,1,0.9486610889434814,0,0.686240553855896,1,0.9236069321632385,0,0.5421990752220154,a letter sent to a man who was not allowed
23047,my straw at dinner was uncut,https://preview.redd.it/hb8wwdiffkp31.jpg?width=320&crop=smart&auto=webp&s=6be0bb6f6c6cb7494926613678d7e953b09f997b,1,1,0.9981168508529663,1,0.5574014782905579,0,0.9230861067771912,0,0.5372698307037354,a small black diamond on a wooden table
82076,wolf named shunka inaugurated as mayor of divide,https://external-preview.redd.it/2bluDMur8PzMb5ZsEn8EKthTYc1lzt10I3VzucC9EP0.jpg?width=320&crop=smart&auto=webp&s=239a7984e6078e98be8e4cfabe31d2d02fa2c074,1,1,0.9928845167160034,0,0.6941524744033813,0,0.9823087453842163,1,0.500455379486084,fox fox news fox fox fox fox fox fox fox fox fox fox fox fox fox fox fox fox fox fox
66415,turkeys circling a dead cat are probably wary not working dark magic,https://external-preview.redd.it/pA4V5RVZsIjPpIy-K3eRD6AfzeNGEumhnoi2fCI8iCg.jpg?width=320&crop=smart&auto=webp&s=6682f306f42bd619346598c5efefc37e94c2ca68,1,1,0.9787731766700745,0,0.6893475651741028,1,0.9573866128921509,0,0.5060303211212158,turkeys in the park
111184,blackpool tower ballroom ocx,https://external-preview.redd.it/r1ZHsXtcQ6yl-w-japk15MupzJdLyOSm3uVJZS2Z9ms.jpg?width=320&crop=smart&auto=webp&s=9ff9eea63aa55380b6931b63b5ef8b0fedd09ff9,1,1,0.9689252376556396,0,0.6904312372207642,0,0.9916300177574158,0,0.5487920641899109,a large room with a red carpet and a ceiling
94776,this picture i took that got wavy from my phone vibrating right when i took it,https://preview.redd.it/enwul6z2tot21.jpg?width=320&crop=smart&auto=webp&s=8fc0209e8e9b29c2a176a815b95492016956a93c,1,1,0.9982143640518188,1,0.6060439348220825,1,0.9652800559997559,0,0.5837969183921814,a view of a pool and palm trees from a window
11559,trump order frees taxexempt churches to be more politically active,https://external-preview.redd.it/2K1Ra5tHIPsouzOaOdqWvlc5KszEbRLarQhTepVmycE.jpg?width=320&crop=smart&auto=webp&s=eeb36f981ac5c3ae54a65cb629798edd228ed60e,1,1,0.9646545648574829,0,0.6943591833114624,0,0.9701579809188843,0,0.5020259022712708,president donald trump and vice bider at the white house
106623,these metal posts that kinda look like freddy krueger,https://preview.redd.it/hxzq1jcvqso31.jpg?width=320&crop=smart&auto=webp&s=3506e5e35ccedebf8eda702c919fe544c098a794,1,1,0.9413341283798218,1,0.5618007183074951,1,0.9735060334205627,0,0.5584103465080261,a large pile of wood in a warehouse
18710,my tag on my luggage has a line for your favourite pizza,https://preview.redd.it/1guhyu07nis21.jpg?width=320&crop=smart&auto=webp&s=a2c5dc7ed94d580133fa6c62bcfa801f5d053714,1,1,0.9980019927024841,1,0.5688299536705017,1,0.9197277426719666,0,0.5554166436195374,a person holding a piece of paper with a black and white design
103671,booties,http://i.imgur.com/KWy7MPN.jpg,0,0,0.9977321624755859,0,0.6937066912651062,0,0.9227281212806702,0,0.5316792130470276,a cat playing with rubber ducks
81433,httpiimgurcomxzpxijpg,http://i.imgur.com/xZpXi.jpg](http://i.imgur.com/xZpXi.jpg,0,0,0.9968898892402649,0,0.6944120526313782,0,0.9923269152641296,0,0.5220956206321716,a man sitting in a chair with a cigarette in his mouth
87160,an almond that isnt covered by chocolate on my almond hersheys bar,https://preview.redd.it/5urj8ollneq31.jpg?width=320&crop=smart&auto=webp&s=fc1e568e544f5286a49f0084e1567961d951d373,1,1,0.9981028437614441,1,0.5523720979690552,1,0.9409733414649963,1,0.5021923184394836,a person holding a piece of chocolate in their hand
37703,puffer,http://i.imgur.com/HgTyrID.jpg,0,0,0.9973898530006409,0,0.6945257782936096,0,0.9902507066726685,1,0.5389618277549744,a puffer puffer puffer puffer puffer puffer puffer puffer puffer puffer puffer puffer puffer puff
102044,cat wearing a napkin,https://preview.redd.it/v094asnqzzf11.jpg?width=320&crop=smart&auto=webp&s=c6dbaa319422ce82eafa19f5814ff1c618a773d7,1,1,0.9395596981048584,0,0.6942471861839294,0,0.5282158255577087,0,0.545240581035614,a cat laying on a bed with a white sheet
65144,cutouts,http://i.imgur.com/C1VjOHU%2ejpg,0,0,0.999797523021698,0,0.69501131772995,0,0.9927009344100952,0,0.500554621219635,a man doing a handstant on a cobblestone
5656,tibetan mastiff,https://external-preview.redd.it/CJSRXxQeOqr6LUoV4pB5XW3UQPi_JvaoLKCCY0hhDXA.jpg?width=320&crop=smart&auto=webp&s=5199bb8fef2cebe1f0d8a3b0e4ecacfb0fedef15,1,1,0.7691177129745483,0,0.6940725445747375,0,0.9928642511367798,0,0.5135815739631653,a woman sitting on a chair with a dog
95873,other discussions,http://i.imgur.com/IfXFYC6.jpg,0,0,0.9997977614402771,0,0.6945573091506958,0,0.9921132326126099,0,0.5160535573959351,a red squirrel is climbing up a tree
52450,how these icicles formed over this bush,https://preview.redd.it/32cngmlu3ek21.jpg?width=320&crop=smart&auto=webp&s=c699719f60015698743c10213a5e48f0cc800b40,1,1,0.9979369640350342,1,0.5576289296150208,1,0.9730517268180847,0,0.5172501802444458,a tree covered in ice
85656,this pack of emmental thats missing its holes,https://preview.redd.it/a5q4phzj8fl31.jpg?width=320&crop=smart&auto=webp&s=2b401ade834d6f7e5f900670b09a5566f968d0c1,1,1,0.9928062558174133,1,0.5633535981178284,0,0.6056296825408936,0,0.5421839356422424,a person holding a piece of cheese
31898,philadelphia is first city to ban cashless stores and restaurants,https://external-preview.redd.it/dJYZUPc-7cOcgBvl31UXmdjEgOHJeQAzOnYK34UY7dA.jpg?width=320&crop=smart&auto=webp&s=609402bcb0ddc6d85ff72a3f5f5c765c880b2286,1,1,0.9981815814971924,1,0.5550531148910522,0,0.9810757637023926,0,0.5311319231987,a person holding a stack of money
55805,a thrift store in my city sells track tapes,https://preview.redd.it/d8irxx934c531.jpg?width=320&crop=smart&auto=webp&s=c7b8a5ed44c90e1b819bcda05be4fd0b3ef68f48,1,1,0.9982112646102905,1,0.6076308488845825,1,0.9568403363227844,0,0.5505226850509644,a display of various types of tape
61008,young fan is rewarded for his generosity,https://external-preview.redd.it/tECL8ercBUXzzkXr6xNT86rCiy1Q0yBePDApKHDUOb8.jpg?width=320&crop=smart&auto=webp&s=155317ec8e6e5308ce56e4716726beddcb5291b3,1,1,0.9963245987892151,0,0.6946972012519836,1,0.7227416634559631,0,0.5110865831375122,a woman and two children sitting in a stadium
95565,turks caicos,https://external-preview.redd.it/nxTLi12cy-6UVaYDnQ4X5HaTxUaThq9E8k_4gr0cyDU.jpg?width=320&crop=smart&auto=webp&s=72f574e05575d2f6fed922042fd8194ab1384e6c,1,1,0.8238735795021057,0,0.6833066344261169,0,0.9913374185562134,0,0.5219043493270874,a beach with a pier and clear water
3101,warriors come out to plaaay,http://i.imgur.com/SyJ5TKK.jpg,0,0,0.9837145209312439,0,0.6949138641357422,0,0.9863426089286804,0,0.5315921902656555,a group of people walking through a flooded room
55601,my caller id actually warned me that the incoming call was a telemarketer,https://preview.redd.it/xyw6kyrmcmg31.jpg?width=320&crop=smart&auto=webp&s=edb88a21d189f56226258f560fdd17fbaca01406,1,1,0.9957042336463928,1,0.5617223978042603,0,0.9837276935577393,0,0.5296748876571655,how to use the iphone ' s settings
17126,donald trump speaking to reporters after summit with vladimir putin circa,https://preview.redd.it/01xo0sdwjya11.jpg?width=320&crop=smart&auto=webp&s=709aad677a01ee05707efdd613c82cc440cf8192,0,0,0.9998319149017334,0,0.6944225430488586,0,0.9920622110366821,0,0.5032616257667542,a picture of a man with a red face and a white shirt
70765,misty the goldador,https://preview.redd.it/mduc9l1pown21.jpg?width=320&crop=smart&auto=webp&s=7b883ca87a4053c11637a43ae8d5769726e723ea,1,0,0.984779417514801,0,0.6947342753410339,0,0.9801260828971863,0,0.5231936573982239,a dog is laying on the floor under a table
40562,gamer waving his hand to the crowd from the stage,https://external-preview.redd.it/Ex27q0-Z1xdSW8zUVGgMt9gDGBncg1C3-43z_JjRO2s.png?width=320&crop=smart&auto=webp&s=7e9fc2e8c556c3569be124e2d02d2d4773af698f,1,1,0.9890202879905701,0,0.6948149800300598,0,0.7355091571807861,0,0.5228533148765564,a man standing on a stage
98259,sam bradford at rams fanfest today,https://external-preview.redd.it/t9mcU3V1XACb7OaT7Kj9Yn1YL0z1qKt_z67X6tfJKk8.jpg?width=320&crop=smart&auto=webp&s=5bedc63278a88a658ef541ed36f12e474afa1c06,1,1,0.977026641368866,0,0.6943044066429138,0,0.9902835488319397,0,0.5373702645301819,a man throwing a football on a field
96112,full metal machine man,http://i.imgur.com/vlV34Mr.jpg,0,0,0.9883483052253723,0,0.6950169801712036,0,0.965658962726593,0,0.5250396728515625,a man in a gas mask and a group of men in white shirts
26675,macron campaign team used honeypot accounts to fake out fancy bear,https://external-preview.redd.it/1vEKy4XPF7jPHjCOCFfPcz0ZuuSva-TCqfI9cC6Bf4I.jpg?width=320&crop=smart&auto=webp&s=c1c12b64773bd35bf2205d2dc6008b1f11c3beb2,1,1,0.9840646386146545,0,0.6944929361343384,0,0.9920329451560974,0,0.5285664796829224,a man and woman taking a picture of themselves
63996,wanted man found driving car with own name on vanity plate,https://external-preview.redd.it/hewZSec_B4MwR-BCIpGV2FuyW_kuY3ScxKZ-5dIY0FQ.jpg?width=320&crop=smart&auto=webp&s=eb476238f49dd8ce3920d09f39aafcc7947734ec,1,1,0.99776291847229,0,0.6888968348503113,1,0.7352319359779358,0,0.529125452041626,a fire truck is parked on the side of the road
20276,should the cowboys be worried about ezekiel elliott hanging around someone like jerry jones,https://external-preview.redd.it/6BpJ7P2lGySyXIkAe5EWa--75cgKZYhzO9eYZyhgxRc.jpg?width=320&crop=smart&auto=webp&s=471e5e335301cc0e8225105743e3c7a7ec87229e,0,0,0.5798751711845398,0,0.6947203278541565,1,0.5123966932296753,0,0.5549001693725586,a man in a suit and tie is smiling with a man in a suit
5167,aaarr yeah,http://i.imgur.com/cjcPF1B.jpg,0,0,0.9902775883674622,0,0.694048285484314,0,0.9054436683654785,0,0.5233188271522522,a man with a beer and a can of soda
43517,tag that came on my new shirt im glad they were wearing matching socks,https://preview.redd.it/lpbuh7i4m0731.jpg?width=320&crop=smart&auto=webp&s=ba1ed76be04aa3dbd2f637b18d8c4d14e36ab5ca,1,1,0.9792577624320984,1,0.5385403633117676,1,0.9201307892799377,1,0.5043730735778809,a label on a green jacket with a quote
63030,forgot the flower,http://i.imgur.com/L3N2dyD.jpg,0,0,0.9829223155975342,0,0.6946836709976196,0,0.9831479787826538,0,0.5180429816246033,super mario run - screenshot
79179,bullied players who came forward real heroes on football team nj super says,https://external-preview.redd.it/mtGo9VmYrVATuugjjf-ElZJqlPSk7byARWzL6TYUR_M.jpg?width=320&crop=smart&auto=webp&s=c76fdd5c6e331f2c43073b3d4683bb5c90ddb29a,1,1,0.997100293636322,0,0.6445217728614807,0,0.780283510684967,0,0.5875710248947144,"a sign in front of a building with a sign that says, ' welcome to the new home '"
14212,lawyers for reuters reporters argue for myanmar court to dismiss case,https://external-preview.redd.it/1i-tYwKcdt_SRwdMabLfZdBEZHkfSowKCFT-8sRRlXk.jpg?width=320&crop=smart&auto=webp&s=eb8e6cf352c2239901166fa24489d4f53d628f0d,1,1,0.9978336691856384,0,0.6930606365203857,0,0.9739668369293213,1,0.5303921103477478,a man holding a pair of scissors in his hand
91131,hagia sophia the same its always been,https://external-preview.redd.it/COtBtANgH7JJM4Vj2GBXkMQJXjDE91hXhOLbiQQgeRE.png?width=320&crop=smart&auto=webp&s=f4b69ea57e00b93dfa9161bc1509c215d341a5a0,0,0,0.6120843291282654,0,0.6951923966407776,1,0.8916407823562622,0,0.5049712061882019,a clock tower is seen through the branches of a tree
57826,aquatic deathhorses psychopaths of the sea,https://external-preview.redd.it/XMt57RsBQ5k0WC64-Sqv4Q5qF7FmPj_fZ6bRMEJ53LQ.jpg?width=320&crop=smart&auto=webp&s=e1693acd0b65e67bd8c42f8b5c051662c5dc947b,0,0,0.9657999277114868,0,0.6942261457443237,0,0.9848916530609131,0,0.5230536460876465,"a horse with blood on it ' s face and the words, psycho of the sea"
108822,electric powered hand trolley takes heavy load upstairs in japan,https://external-preview.redd.it/ReVmO6Lk50dMstfKrZS3YvUWnQ-zroW2Wa3L6evu8zU.jpg?width=320&crop=smart&auto=webp&s=00b1934aeab8bfb101a086cff1b3f0829ca7efc5,1,1,0.9937665462493896,0,0.6254130005836487,1,0.889183521270752,0,0.5290897488594055,a man is walking up the stairs with a blue box
30140,crazy rocket launch this morning looks like it exploded but its just an illusion,https://preview.redd.it/rnu7z9qnu7f31.jpg?width=320&crop=smart&auto=webp&s=ad047b7404cfe9da2e52e44047e4d27e1fddce6e,1,1,0.6609819531440735,1,0.524374783039093,1,0.9487311840057373,0,0.5734660029411316,a rocket is seen in the sky above palm trees
105635,hindu devotee taking a rest during a procession,https://preview.redd.it/ab0c1xtb1qj01.jpg?width=320&crop=smart&auto=webp&s=1d256dbf351968ccd3d7de8de51d924fcab1c805,1,1,0.8323248624801636,0,0.6947066783905029,0,0.9916011095046997,1,0.5085445642471313,a man laying on the ground covered in colored powder
64511,posters for seinfeld movie rochelle rochelle are making a strange erotic journey through new york,https://external-preview.redd.it/X8lhvB7hweiCqeTaALAcOW0OOHk1N1KqAr7OSHZ0Bu0.jpg?width=320&crop=smart&auto=webp&s=58d93a63c0324a34d6506d2efd0502d02bbe2117,1,1,0.6899010539054871,0,0.6930781602859497,0,0.9718735814094543,0,0.5410577058792114,a logo for a club
25697,very much a tourist,https://external-preview.redd.it/lqOVhP1hdXioJ4EOmQVKrp1jFb5CO6wk5O3HrbDRLo8.jpg?width=320&crop=smart&auto=webp&s=ff5eb62474940a5c742410b3130524b055ebd6df,1,0,0.9843934178352356,0,0.6947335004806519,0,0.9896687865257263,0,0.5020114779472351,a man in a blue jacket and orange vest
66040,parents just hung this in our guest room copy of the letter to my great great grandfather from king george v,https://preview.redd.it/woh9qcdbl9j11.jpg?width=320&crop=smart&auto=webp&s=9537f68bc8445a0d549db7301afe8f55d9167fb4,1,1,0.9898922443389893,1,0.5589715838432312,1,0.9751060009002686,0,0.5749901533126831,a black and white photograph of a man in a suit
106524,my cat is several cats in one,https://preview.redd.it/9elzbcgu4ov21.jpg?width=320&crop=smart&auto=webp&s=6315d1860c6fb735222b89cea98a746273fe82da,1,1,0.6905072331428528,0,0.6924262046813965,1,0.7027908563613892,0,0.5491739511489868,a cat laying on a rug
66487,washington becomes first us state to legalize human composting as alternative to burialcremation,https://external-preview.redd.it/riNzH3HXibMePIrtsK_LXSJDeh3AzeB7jDyU-KvYOCg.jpg?width=320&crop=smart&auto=webp&s=61fa1121a2bc7f52bbf649cbc41a785b425191ef,1,1,0.9980199337005615,1,0.5435262322425842,0,0.8810867071151733,1,0.512848436832428,a group of people standing around a table
98097,i love you jack,http://i.imgur.com/s5raLFr.jpg,0,0,0.983127236366272,0,0.6947586536407471,0,0.9919711351394653,0,0.5468747615814209,a man in a black suit
95468,eu to uk access to the single market requires freedom of movement,https://external-preview.redd.it/nktl6EtgFI0JZCeb_YAmVitsr03UlL1EFw4PrdjNCK4.jpg?width=320&crop=smart&auto=webp&s=ea2c66aa12419e0a91b25e022a0f644d528e23ae,1,1,0.9979669451713562,0,0.5821106433868408,0,0.9337042570114136,0,0.547038733959198,a man is walking down the stairs in front of big ben
56903,the cat that gravity forgot,https://external-preview.redd.it/-NVAp3O8T54CKUBUd5x-C0NE1ug0Ls49IbWg8dDmtgY.jpg?width=320&crop=smart&auto=webp&s=2b5ebe7bff959a54d275e3dc28964a8b4a4c5990,1,1,0.7001872062683105,0,0.6945970058441162,0,0.9912728667259216,0,0.5602639317512512,a cat is walking on the sidewalk near a building
35745,a stick i found on the beach looks like scrimshaw,https://external-preview.redd.it/YtK-U6O1bMoU2loYWO5SqNHMbHWKHiYDkMl4KtYc0W0.jpg?width=320&crop=smart&auto=webp&s=f384c721158bec24973b74ababb3fc3f9548546a,1,1,0.8378669023513794,1,0.56235671043396,1,0.9760437607765198,0,0.5642580389976501,a person holding a piece of driftwood on the beach
94684,my microphone covering its ears because its too loud,https://preview.redd.it/iin2v1p57ez21.jpg?width=320&crop=smart&auto=webp&s=8b7250271a41b2468cccd033acf2b6a0d4946b1e,0,0,0.8111842274665833,1,0.5363219976425171,0,0.970058023929596,0,0.5793781280517578,a table with a lamp and a rug on it
35558,compost only pic,https://external-preview.redd.it/-BCw6LYzazUaf25qk_MmnsT59-oIsQY4V6rynXvo4es.jpg?width=320&crop=smart&auto=webp&s=8608166f2eaa6b624da698d0cacc595d98ead8c7,1,0,0.7750648856163025,0,0.6404430270195007,0,0.9635809063911438,0,0.5388568639755249,"a cemetery with a sign that says, ' cemetery on the hill '"
54568,rugby players penis almost torn off in russian league match after being forced to play royal navy aims to make others happy woman denied citizenship despite living entire life in prison in apparent case of beer power tool,https://external-preview.redd.it/A7EgyckBMTN4VhKfI2glGcpvmrSMjDTPfDZfvBdQHZE.jpg?width=320&crop=smart&auto=webp&s=1f37ef1b70a33a0e3357666bcbce66fcd957331a,0,1,0.9364663362503052,0,0.6878688931465149,1,0.901919424533844,0,0.5023565292358398,a man and woman standing next to each other people
49044,slight wardrobe change,http://i.imgur.com/KfYfIEh.jpg,0,0,0.9934879541397095,0,0.6944921612739563,0,0.9922682642936707,0,0.5146687030792236,a man in a white tank top and black pants
66965,opiumeating wallabies get high make crop circles,https://external-preview.redd.it/39z6oDqI5lxfAwtjGv9_qAwm2fK0S7WFGZlFgr-Kmho.jpg?width=320&crop=smart&auto=webp&s=7763acfb733b1400da1845f10de8614b60037706,1,1,0.9973378777503967,0,0.6924469470977783,0,0.9931023120880127,1,0.5174741744995117,the song of the dead
81402,over obese cops taken off duty,https://external-preview.redd.it/tuUVTsaVq2ZReEYYEXzdSQSA8HzzwwsShaXPPv3aldk.jpg?width=320&crop=smart&auto=webp&s=89c6d35375abbd92124dd93c6b44256088ce3acc,1,1,0.9972105622291565,0,0.6898768544197083,0,0.9909886717796326,0,0.5377252697944641,the cover of the book tot
54972,clearly not no,http://i.imgur.com/ARrkwDn.jpg,0,0,0.9880365133285522,0,0.694610595703125,0,0.9908139109611511,0,0.5648477077484131,a woman is looking at a large dinosaur
49422,thought the guy grilling had no arms,https://preview.redd.it/p75iivf5sip21.jpg?width=320&crop=smart&auto=webp&s=3345c37a820dc82b414008a6284010c1767aee29,0,0,0.9490427374839783,0,0.6944506168365479,0,0.9497542977333069,0,0.518441379070282,a menu with a photo of people eating
57980,what dolphin,http://i.imgur.com/9cLE6.jpg,0,0,0.9983774423599243,0,0.694290280342102,0,0.992224931716919,0,0.508139967918396,a man in a boat on a body of water
108843,judge says class action suit against facebook over facial recognition can go forward,https://external-preview.redd.it/32TbSnijyCD_w4_qGrF96eCsD6tASwAvIr37xPtYLy4.jpg?width=320&crop=smart&auto=webp&s=afb9f5197a6e20ac3eae5a295e901be1b619702e,1,1,0.9977188110351562,1,0.5595857501029968,0,0.9887847900390625,0,0.5041610598564148,a woman with a virtual interface on her face
34069,ivanka hoping to bring back some lost votes,https://i.imgur.com/WszF3G2.jpg,0,0,0.9099463820457458,0,0.6942667961120605,0,0.7735379934310913,0,0.5220804810523987,a woman in a white coat and a man in a suit
103072,a carpet with a cool pattern,https://external-preview.redd.it/Fv3xSZ46oBFAxSsv7IUHKnUGJ3oNeaWbSr3m1MOsXzs.jpg?width=320&crop=smart&auto=webp&s=2628b3b67e5d642bb7e26aeb84445967c004ba85,0,0,0.9441257119178772,1,0.5173550248146057,0,0.9650360941886902,0,0.5373573303222656,a metal tray with dominos on it
32454,man with no penis declares ive bedded over women as he prepares for lifechanging surgery,https://external-preview.redd.it/wTC1OHgKT0vBY37R3DLN8EIpdDVePdZcZi39LJBX2gc.jpg?width=320&crop=smart&auto=webp&s=c7383edf13f5fcfe5295e743ecfcf4f13065a3ec,1,1,0.8533020615577698,0,0.6901271343231201,0,0.9887996315956116,0,0.5652078986167908,a man wearing a red tie and a stel
62805,they seemed pretty surprised when i came over,https://external-preview.redd.it/N8p0KhcMMaqFeo9dtVNsn2gRc9AKkWFZFW054lsuKf8.jpg?width=320&crop=smart&auto=webp&s=b173be1501b7733cd649e15c424496e5d342f672,0,0,0.9935232400894165,0,0.6941684484481812,1,0.7402735352516174,0,0.5608170032501221,a pile of green and black hoses
29246,other discussions,http://i.imgur.com/W7kV6ts%2ejpg,0,0,0.9997977614402771,0,0.6945264339447021,0,0.9928845167160034,0,0.5008131861686707,a cat playing with a mouse in the grass
27899,my first time using pixlr in under minutes,http://i.imgur.com/ogyd77a.jpg,0,0,0.9753344655036926,0,0.6944245100021362,0,0.9904412031173706,0,0.5248510837554932,a cat in the hat is dancing with a man
28933,young adults with autism need help managing money study,https://external-preview.redd.it/D-4-PcO9jrGdkhPnIoYut9a-HvdVQSjb52e2p7u8EyE.jpg?width=108&crop=smart&auto=webp&s=e3a75dbb6435ebb4157f12937829b1514ad3c803,1,1,0.998359739780426,0,0.6922242641448975,0,0.7242323756217957,0,0.5115516781806946,a person using an atm machine
21182,the entire population i labour poster for the norwegian labour party s,https://external-preview.redd.it/Ri1cDSLBf33rKzYLzBe-OY-hva5S3ApJ36ZGsYHzOfI.jpg?width=320&crop=smart&auto=webp&s=0eb6b5f5ce259e8b21f959e27fc8e64f01e62682,0,0,0.999742329120636,1,0.5416123270988464,1,0.7358448505401611,0,0.5248587727546692,a poster advertising a movie
76652,worker rescues kitten from conveyor belt into compactor,https://external-preview.redd.it/9kqf18CXH1sZ3lYoBY2tNJvMKEesGW763xEh4Ni52zo.jpg?width=320&crop=smart&auto=webp&s=0072df3b0737ad1ccb0438b637133c93804d77f5,1,1,0.9973445534706116,0,0.6914680004119873,0,0.9702098369598389,1,0.5078254342079163,a person holding a small kitten in their hands
98685,til that jamaica is split up and attacked police officers on the moon,https://external-preview.redd.it/axzWuLgDF12ejtb64ZYpCcQitgLZQ9HXeyJyAyCjwiU.jpg?width=320&crop=smart&auto=webp&s=371cf54fb1da031ec01c1175f9c466f652d152e2,0,0,0.9711432456970215,1,0.539107084274292,0,0.7807052135467529,0,0.536732017993927,a black and white cat sitting in the snow
21908,danny way just another one of my dumb ideas,https://preview.redd.it/jnyz3ijr85t01.jpg?width=320&crop=smart&auto=webp&s=8e89244dbe7279268ceda11c4097bb7f3314a58e,0,0,0.9982004165649414,0,0.6951661705970764,0,0.9900997281074524,0,0.5355876088142395,a man flying through the air while riding a skateboard
85297,vladimir putin and donald trump hold private talks at helsinki summit,https://preview.redd.it/dq9ab03qtca11.jpg?width=320&crop=smart&auto=webp&s=a1c323608682f4a351b63d9b3076f16c8066ed6e,0,0,0.9896285533905029,0,0.6935628056526184,0,0.9863564968109131,1,0.519485354423523,two men in cowboy hats hugging each other men
81051,this accidental picture of the dashboard of my truck looks like two pictures top and bottom,https://preview.redd.it/qwelx12sbbe11.jpg?width=320&crop=smart&auto=webp&s=177bb607b9c1803ff03fa2b30ba0208486642bb2,0,1,0.9844446182250977,1,0.5602035522460938,1,0.9277713298797607,0,0.5338754653930664,a close up of a speedometer on a vehicle
56053,world economic forum revokes invitation to north korea to attend the annual meeting in davos,https://external-preview.redd.it/XBZiwsGCL-PtefT-NfUHy4iwuuI1ysFN7EhJWmldxaM.jpg?width=320&crop=smart&auto=webp&s=b6db497c04dffde7be33d6c8b94ee44d2519221b,1,1,0.9732946753501892,0,0.6933683753013611,0,0.8868225812911987,1,0.5125235319137573,a man in a suit and tie sitting at a table
25047,bam son,http://i.imgur.com/q3Tv3.jpg,0,0,0.9965125918388367,0,0.6941670775413513,0,0.9916708469390869,0,0.546539843082428,a man in a suit walking towards a plane
101865,dog chosen for jury duty,https://external-preview.redd.it/szZoxug2gyxtXyjGWatkS6UULXs2LPzb0z6Jt8uqhwc.jpg?width=320&crop=smart&auto=webp&s=72d199ffab0f98f2f54bbcd375fcd12f97dfdeef,1,1,0.8866955637931824,0,0.6930770874023438,1,0.6237404346466064,0,0.5219494700431824,a dog is sitting on a tree branch
45415,oc this alphabet tower in a mall,https://preview.redd.it/4hrurfjqbhd31.jpg?width=320&crop=smart&auto=webp&s=fc0297aa648dafd116b8ea510b14cb7eec031b04,1,1,0.9165880084037781,1,0.5586152672767639,1,0.975296139717102,0,0.5567532777786255,a large sculpture in the middle of a mall
108558,these are the terms of indenture for one of my ancestors,https://preview.redd.it/ptpr28auoov21.jpg?width=320&crop=smart&auto=webp&s=c01a50a2b62f27b54de2938c640567735bcbef1a,1,1,0.9942179918289185,1,0.6120847463607788,0,0.9831138849258423,0,0.5478334426879883,a large document on display in a glass case
48099,first time ive had a crack at this sort of thing,http://i.imgur.com/x4Vev60.jpg,0,0,0.9719987511634827,0,0.6947222948074341,0,0.9163841605186462,0,0.546506941318512,a young boy stands in front of a burning house
65476,pelican attacking a man,https://external-preview.redd.it/idiKB8nGWG90D6_Eipum006QmtrSWoEEYeQ3RfnxkQk.jpg?width=320&crop=smart&auto=webp&s=ae141a9fd3118180b556b0dabf04e0a51a597867,1,1,0.9227678179740906,0,0.6948373317718506,0,0.9448996186256409,0,0.5382822155952454,a man is sitting on a bench with a duck
91603,other discussions,http://i.imgur.com/uWgGPK0%2ejpg,0,0,0.9997977614402771,0,0.694453775882721,0,0.9930933713912964,0,0.5408802628517151,a referee is giving a young boy a high five
15253,thats one criminally insane building,http://i.imgur.com/Edfaid9.jpg,0,0,0.9112327098846436,0,0.6946814656257629,1,0.5134946703910828,0,0.5380074381828308,a building with a large face on the side
74585,jeb bush wants margaret thatcher statue measuring ft planned at kent university to change last name to turbo suit,https://external-preview.redd.it/O03MAN-xh52SXiBl2SjzPYzN0zRSFn0ggHtYfXVZmt4.jpg?width=320&crop=smart&auto=webp&s=1f079772b7f8272bb9ce0e736c9a9946f26f7329,0,1,0.6427520513534546,0,0.6822552680969238,0,0.9919100403785706,1,0.507725715637207,a woman with curly hair and a brown shirt
82569,dont judge mhex,http://i.imgur.com/s5gw0.jpg,0,0,0.9937614798545837,0,0.6946501731872559,0,0.99318528175354,1,0.5080069303512573,two women kissing each other women
34691,the man is small,https://preview.redd.it/vwt7f1iu5zm21.jpg?width=320&crop=smart&auto=webp&s=b62adc400812cc9af4a3f324c2c72e461a3bf843,0,0,0.9932039976119995,0,0.6942616105079651,0,0.6849191784858704,0,0.5501458048820496,a person walking down a street in the middle of a city
62700,watermelon i got was two face,https://external-preview.redd.it/W-cOtV-heC_FKi2qTwNDxtIP8uKG4XGMj2l9W10no5k.jpg?width=320&crop=smart&auto=webp&s=27d96fc817a4d6c82572d04c2a10bddda1c053e9,1,1,0.9972266554832458,1,0.5552812218666077,1,0.952180802822113,0,0.5796773433685303,a table with a green and black fruit on it
3547,found this one eyed slice of ham far too funny at breakfast,https://preview.redd.it/jkw6ygsa1y211.jpg?width=320&crop=smart&auto=webp&s=c1ce1be6fa691b6b666b1a0b6867974f5e7c91b7,0,0,0.7636767029762268,1,0.5290958285331726,1,0.9788525700569153,0,0.5572248101234436,a person holding a piece of pink marble
69324,this grocery store in pittsburgh has terrible towels on all of the frozen food door handles,https://preview.redd.it/anpjv4is9ui31.jpg?width=320&crop=smart&auto=webp&s=3a519c9aacf4b1b708f0ee1d25658dfd68efe4a6,1,1,0.7844852805137634,1,0.5605875253677368,1,0.9160520434379578,0,0.5189957022666931,a store with a long counter and a long counter
97684,he is just chilling,https://external-preview.redd.it/0CW_r8uK_tvboa3-ai3QJAPSpDQ4Jy2tj2RxASBaUI4.jpg?width=320&crop=smart&auto=webp&s=ccc17a948709c5e672cf916bbb299d3a4b5b464f,0,0,0.974481999874115,0,0.6942983269691467,0,0.9908214211463928,0,0.5323417782783508,a cardboard box sitting on top of a shopping cart
81737,mamas not proud of her job but it keeps her three cubs fed,http://i.imgur.com/vsVRjXi.jpg,0,1,0.9556670188903809,0,0.6949494481086731,0,0.9916046857833862,0,0.5380954146385193,a cat sitting on a glass table in a room
10487,this bus has usb ports,https://preview.redd.it/v3dnz5xez5s31.jpg?width=320&crop=smart&auto=webp&s=d7e5e09c7c6cf8f128f7b4927054ed070b950493,1,1,0.9952788352966309,1,0.581992506980896,0,0.9833731651306152,0,0.5511993169784546,a man is sitting in the seat of an airplane
53213,a kind of cosmic flower,https://preview.redd.it/eifbgofuh3o21.jpg?width=320&crop=smart&auto=webp&s=df0323d5e9cc5a7851b40069ccc82cc794e4967d,1,0,0.5752902030944824,0,0.6942540407180786,1,0.9157054424285889,0,0.503265380859375,a person holding a flower in their hand
26201,ancient shrunken heads dissected,https://preview.redd.it/4f21xz1s6eg01.gif?width=320&crop=smart&format=png8&s=bb8bb66f2ced2939583896e025205b16613af34d,0,0,0.9879574179649353,0,0.6942188739776611,0,0.9788488149642944,0,0.5145927667617798,a person is holding a piece of food
68505,us coast guard rams and boards narcosub,https://external-preview.redd.it/mjUAxDOpEFV0IRGMwgXCaSJQovlq5fOuZgAfKNzrMsg.jpg?width=320&crop=smart&auto=webp&s=76d4979ae548e03157678e642cf8e1e9a8780040,1,1,0.9533947706222534,0,0.6863598823547363,0,0.9922773838043213,1,0.5082137584686279,a man riding a snowmobile down a snowy slope
9697,heres looking at you,https://preview.redd.it/j3u7bvwkwbl21.jpg?width=320&crop=smart&auto=webp&s=13d444f2d5b4bd9b58e1c4377ce5ea273287c5e5,0,0,0.9931350946426392,0,0.6944815516471863,0,0.9907506108283997,0,0.5200049877166748,a tree stump is cut down by a car
30766,ghent belgium,https://external-preview.redd.it/9XF02x33le40kDIkQthBnFzEQn96_TmPf0gN2e8teNI.jpg?width=320&crop=smart&auto=webp&s=491be126330ec0417f35488cdb4874f965d401f6,1,1,0.9519639015197754,1,0.5480391383171082,0,0.9416051506996155,1,0.5021841526031494,a city street with a clock tower in the background
73748,joseph stalin dies of stroke circa,https://external-preview.redd.it/VBvM-xO66G_T7i-Q1khT1q0clTGxI5Z0stzz_f56moU.jpg?width=320&crop=smart&auto=webp&s=e541753c19a51a2ab5caa9b4b32a4d06a9dd2f9f,0,0,0.99978107213974,0,0.6921100616455078,0,0.9919888377189636,1,0.512298583984375,a screenshot of a person with a gun
96333,perpetuation,http://i.imgur.com/2sZdrAT.jpg,0,0,0.9932625889778137,0,0.6933218836784363,0,0.9902527332305908,1,0.5376372337341309,"the energy capillas bring the energy from the revolutionary forces, and advance the life sciencess are about"
55140,intrigued wet stag,https://preview.redd.it/ohbvf7k3wnny.jpg?width=320&crop=smart&auto=webp&s=68c45a40a1a828c045405f2d28264e17a06972f3,1,1,0.899300754070282,0,0.694701611995697,0,0.9562453627586365,0,0.5247682332992554,a deer standing in a field with a mountain in the background
101140,this rock is almost a perfect triangle,https://preview.redd.it/pt1k3tqx11k31.jpg?width=320&crop=smart&auto=webp&s=22ba87b70061c69aac2c53da34b65cd7d37d75a5,1,1,0.944822371006012,1,0.5872677564620972,1,0.9695466756820679,0,0.523030698299408,a person holding a small stone in their hand
82612,israel ministers approve mandatory arabic studies from first grade when the jewish population will understand arabic the way the arab public understands hebrew we will see better days,https://external-preview.redd.it/IyZ31EOFG1lcKRUS6KZL0KNGLPNNRO9zqD295VQNhGg.jpg?width=320&crop=smart&auto=webp&s=50d68e07582da9e385bd18ccb3f7121f05f7d17f,1,1,0.9823786616325378,0,0.6905369758605957,0,0.9447261691093445,1,0.5015652775764465,two girls reading books
48725,morsmordre,http://i.imgur.com/3gTlnRE.jpg,0,0,0.9986653327941895,0,0.6948467493057251,0,0.9905789494514465,0,0.5342504382133484,a man in a red jacket is flying a kite
69797,dolly llama,http://i.imgur.com/IrjY2L0.jpg,0,0,0.9288333654403687,0,0.6945915222167969,0,0.9931651949882507,0,0.5257717370986938,a woman sitting in a red chair
83364,this tree growing out of a stop sign,https://external-preview.redd.it/YoH5NDEUzG_5WjSdqz8meUpyTwcfSbIgdv9sLDu9NQk.jpg?width=320&crop=smart&auto=webp&s=b7166632bece8a6406fdd62ba588d37f1427f674,1,1,0.9892529845237732,1,0.5577619671821594,1,0.8352900147438049,0,0.5501039624214172,a street sign with a tree in the middle
97901,a heartshaped potato,https://preview.redd.it/cx7l3i3am5u31.jpg?width=320&crop=smart&auto=webp&s=8049939b0090338ec3d160e458592192fd9b08d7,1,1,0.974987268447876,1,0.5510559678077698,0,0.9914383888244629,0,0.5321274399757385,a heart shaped potato on a black counter
109460,my friend and her neighbor,http://i.imgur.com/VBbdVTH.jpg,0,1,0.8688488602638245,0,0.5070303678512573,0,0.9150004386901855,0,0.527420699596405,a cartoon character with a big head and a small child
59816,it wont be easy universities medicaid hit hard as dunleavy vetoes nearly million from budget,https://external-preview.redd.it/1SqZNcjM_BC0Xth_d1OBLZaRDJ87F1CbyYgTtJvnMCE.jpg?width=320&crop=smart&auto=webp&s=77b791a3363a4e950997467b64bfde16e3fc86b3,1,1,0.9981532692909241,0,0.6940613389015198,1,0.6691744923591614,0,0.5163255333900452,a man and woman standing at a podium
78474,caesar modern betrayals,https://preview.redd.it/e7366rutynv01.jpg?width=320&crop=smart&auto=webp&s=cbb3c97fa586363bbb0e816bddd5b86482aa82e0,0,0,0.9998063445091248,0,0.694889485836029,0,0.9913228750228882,0,0.5067877173423767,the cover of caesar
13703,interesting carving of face on tree stump,https://preview.redd.it/0qmg36v1x1y21.jpg?width=320&crop=smart&auto=webp&s=33c20f98bbddce803179f43450658d0fc4df352b,1,0,0.5394583940505981,0,0.6890279650688171,1,0.944845974445343,0,0.5023264288902283,a wooden sculpture of a deer head on a fence
3928,creationism museum employee injured by lightning strike while on the job,https://external-preview.redd.it/7O-E-3uiA6O2bflJ7ddiA6EVyhQ6-OruimnF4kT3-dA.jpg?width=320&crop=smart&auto=webp&s=cbe2b68c43b7183d1cfbf0689b39bc728472005d,1,1,0.9951329827308655,0,0.6927103400230408,0,0.9342764019966125,0,0.5538226962089539,two men in suits are standing in front of a mirror
63990,european deerhunter sooper pro editing skills,http://i.imgur.com/D5WjvBJ.jpg,0,0,0.9957131147384644,0,0.6947753429412842,0,0.9581182599067688,0,0.5206192135810852,two birds are standing in the middle of a field
8404,taxi driver driving a sports car vertically while giving me a ride,https://external-preview.redd.it/Gj3IvILECFw6UWPzWRc7bWCU15Gr-ZtVjx7oT_ZSkH0.jpg?width=320&crop=smart&auto=webp&s=870a0695e7470144a4c35b9aa3d7355d542b46a9,1,1,0.929931104183197,0,0.6942340731620789,1,0.9584834575653076,0,0.522327721118927,a man driving a car with a cell phone in his hand
66670,remember iww s,https://preview.redd.it/npxkqh9e8d7y.png?width=320&crop=smart&auto=webp&s=57d65823ee4708f5ba94f3b6ebef445b745c9ec7,0,0,0.9977662563323975,0,0.6943202614784241,0,0.9604111909866333,0,0.5153605341911316,a poster advertising a man in jail
73137,collection of feathers from assorted exotic birds,https://external-preview.redd.it/rYw0E58VqrImi2DdEdAMlinkB5Sg-P0THjooOR-UXXM.jpg?width=320&crop=smart&auto=webp&s=d1210772dc14b01a675d5f52c026e63d9649536b,0,0,0.9953924417495728,0,0.6941266655921936,1,0.9637744426727295,0,0.528810441493988,surfboards hanging on a wall
19143,found this polish zloty in the drawer at work with the quarters pln usd,https://preview.redd.it/n8d3yu7yln231.jpg?width=320&crop=smart&auto=webp&s=e381c390edd23c8a8cde104b29a94676d7adfd20,1,1,0.9973871111869812,1,0.5548578500747681,0,0.5238150954246521,0,0.5203767418861389,two different coins
97556,the matterhorn,https://external-preview.redd.it/Vqx9ECT8_5V0QMODSo2xmEEIxfUSusZISR8ZWK9L9T4.jpg?width=320&crop=smart&auto=webp&s=7a55de4bd9aa2ef55c31743c55288f85c47f577e,1,1,0.6465510129928589,0,0.6945675611495972,0,0.9746204614639282,0,0.5013089776039124,a mountain range with a bright blue sky and clouds
54319,mayor candidate vows to arrest homosexuals,https://external-preview.redd.it/TJahZu5UmLaSTjzb8LbDL4onsznMt7fhzXjvBvHpLZY.jpg?width=320&crop=smart&auto=webp&s=e0700939e2f1c5fdf5cee2bab98f486b9211af6b,1,1,0.9981046915054321,0,0.6939865350723267,0,0.9423501491546631,0,0.5002472400665283,a man holding a flag and a small flag
100288,what lies beneath,http://i.imgur.com/eORv9xj.jpg,0,0,0.9929577112197876,0,0.6951245069503784,0,0.9927621483802795,0,0.504029393196106,a baby in a yellow raft floating in the water
6339,what is this thing under my chicken breast,https://external-preview.redd.it/uCEbOW2MwSSbk1aWjOQOcxwPenht5UQBOofsf0dxTPU.gif?width=320&crop=smart&format=png8&s=2b0867e86ed6fa6c141459c088ab1d7614f367b0,0,0,0.9592522382736206,0,0.6946712732315063,1,0.9012517333030701,0,0.5299655795097351,a cat is eating a carrot
96748,how indecent,http://i.imgur.com/0YEbMtj.jpg,0,0,0.9958540201187134,0,0.6947603821754456,0,0.9924305081367493,0,0.5142833590507507,a woman in a red bra top
17601,this shocked cat,https://external-preview.redd.it/sk3NLLpVDxyIyu-6FzssqgAlqBlqDYG1Fss-8mbcvBA.jpg?width=320&crop=smart&auto=webp&s=c1db5daaf0375b1aed260fdfde0ed2f6e32eba9a,1,1,0.9807509183883667,1,0.5554245710372925,0,0.9833256006240845,0,0.5387540459632874,a cat laying on the floor next to a cat
81585,turns out pepsi crystal still exist,https://preview.redd.it/0d0eooez4fp21.jpg?width=320&crop=smart&auto=webp&s=dc09c26b258868874c73598b9c0ed45d7e6211d8,1,1,0.9471122026443481,0,0.6947978138923645,1,0.729574978351593,0,0.5438129901885986,a refrigerator filled with bottles of water and other items
36151,other discussions,http://i.imgur.com/WcHPGvV%2ejpg,0,0,0.9997977614402771,0,0.6942093372344971,0,0.9928798079490662,1,0.5034457445144653,a cat and a kitten laying on a blanket
102460,a very happy bench,https://preview.redd.it/3w6z9u3f77hz.jpg?width=320&crop=smart&auto=webp&s=8dff9ef2eb05e866d6b8ccabc5eec8c6fd881d06,0,0,0.9427180886268616,0,0.6930750608444214,0,0.992849588394165,0,0.5647916197776794,a wooden bench with a blue and white paint
66645,most gentle boss battle ever,http://i.imgur.com/iK501AE.jpg,0,0,0.8452457785606384,0,0.694593608379364,0,0.9926207065582275,0,0.546021044254303,a tree stump in the middle of a lake
15840,up,http://i.imgur.com/NkJ3uX3.jpg,0,0,0.9971302151679993,0,0.6940620541572571,0,0.991624653339386,0,0.5270159840583801,a polar bear holding blue balloons
27389,paradise california high school class of rises above flames and destruction to graduate,https://external-preview.redd.it/Xv2oGMro7sB5euqwIDutXKnP8neLg1RcOib7skg0aaw.jpg?width=320&crop=smart&auto=webp&s=7f44fd6f15eb34457fe4257b45e8764d1da301b3,1,1,0.9984545707702637,0,0.6922750473022461,0,0.7683233618736267,0,0.596409022808075,a young boy in a graduation gown stands in front of a pile of rubble
2956,ap across us police officers abuse confidential databases,https://external-preview.redd.it/EYTmXPjcfn0eAsxx1JPwn5QvswtDYo6AUAJH5Tp2jc0.jpg?width=320&crop=smart&auto=webp&s=7d58ff704a434be677c274e7c0fc66107b58135a,1,1,0.9980950951576233,0,0.6925770044326782,0,0.936190128326416,1,0.5045232176780701,a police car is seen in this image
105223,united states of saudi israeli arabia modern iran,https://external-preview.redd.it/vW3McvdHc68jvzdk9y_8mNGpZ8DO6i75XdJxGfgctvc.jpg?width=320&crop=smart&auto=webp&s=626be7ea61f456209b9f7f47db9a65172a8961db,0,0,0.9997712969779968,1,0.5550001263618469,0,0.802493691444397,0,0.5572544932365417,a building with a large banner hanging on it
107716,strange grass by a pond in lofoten norway,https://external-preview.redd.it/6aKe3373LNLa_69AGsmc8-UqH3pXS2a-n6yJylsoioY.jpg?width=320&crop=smart&auto=webp&s=f89d0937946e855aa86e1262a458bfd2a78056e3,1,1,0.8946253657341003,0,0.5853173136711121,1,0.8318663835525513,0,0.5006932616233826,a small pond in the middle of a desert
42005,sunday sunday sunday,http://i.imgur.com/HCUJZ.jpg,0,0,0.9704294800758362,0,0.6929762363433838,0,0.9922983050346375,0,0.525373637676239,a picture of a roman col with a roman col
51943,i think tells us a lot in the hospital from a street in cairo,https://external-preview.redd.it/ZljUfRXbuA-Yi3fXqlLcNathTDNAPGfErnd5Dci3UCo.jpg?width=320&crop=smart&auto=webp&s=fb1e711b26da05c22dfd5c1dce8b352ee5305458,0,0,0.9906337261199951,0,0.6702351570129395,0,0.7387601137161255,0,0.5424510836601257,a screenshot of a person looking out a window
68241,i fixed his hat,http://i.imgur.com/mD0eO.jpg,0,0,0.9960678815841675,0,0.6912257075309753,0,0.8762503862380981,0,0.5531280040740967,a woman in a yellow dress is dancing on a patio
43296,radio station now cutting songs in half so listeners dont get bored,https://external-preview.redd.it/80qXvh1bQaYbs_y8iE33L9U6MTKlBOozHWCyPyz3o6g.jpg?width=320&crop=smart&auto=webp&s=26a0b9d7deadaccebff0e550090b8f7420f4a484,1,0,0.5402032136917114,0,0.6938821077346802,1,0.8300396203994751,0,0.5295193791389465,an old radio with a wooden case
2855,new york state eases the requirements to change the gender on ones birth certificate,https://preview.redd.it/n20opkf5ttq31.png?width=320&crop=smart&auto=webp&s=7b3b78a893fa516b5d3184e46f1b7ba48cd855d8,0,1,0.9937969446182251,0,0.6887773871421814,1,0.6472133994102478,1,0.5243363976478577,a man and woman walking down the street
12623,youre home early,https://i.imgur.com/cdxWSHJ.jpg,0,0,0.9936740398406982,0,0.6945362687110901,0,0.9914329051971436,0,0.5361536741256714,a bed with a white sheet on it
56418,kneel and kiss the muthafukin ring,http://i.imgur.com/tvbwjgp.jpg,0,0,0.9851803779602051,0,0.6946550011634827,0,0.9920845031738281,0,0.5938898921012878,a man in a suit is standing in a large room
58177,obituary war songs of the plains joseph medicine crow last war chief of the crow tribe died on rd aged,https://external-preview.redd.it/ESa-f6MRYhSHEsuaJld5BcPjv6EdVjx14Xf3GaXs2BM.jpg?width=216&crop=smart&auto=webp&s=d27ec811a2c7706d570b6bf5f621a2a2acd71bcc,1,1,0.9982410669326782,0,0.6945033073425293,0,0.626763641834259,0,0.5004715323448181,a man in a feather headdre and feathers
103705,an air conditioner advertisement in japan has a replica stuck to it,https://preview.redd.it/ywyj9xo9b9931.jpg?width=320&crop=smart&auto=webp&s=719938afe67a5cd8330a1943eaab7a695b573f4a,1,1,0.9983092546463013,1,0.5827615261077881,1,0.8894267678260803,0,0.5344560146331787,a train with a bunch of seats and a ceiling
32394,magestic aztec dancer,https://external-preview.redd.it/ZHufbtp8j42EHwpYotkPmIRbWbyoE1BfkwtHECAECu0.jpg?width=320&crop=smart&auto=webp&s=26c60c2166811388e9d92faf1d1ca6d5104e1bc3,1,0,0.8520258069038391,0,0.6942676305770874,0,0.9909762740135193,0,0.5048403739929199,a man in a costume flying through the air
110926,the castle is under seige,http://i.imgur.com/vxrrdOc.jpg,0,0,0.9946603178977966,0,0.694753885269165,0,0.9906208515167236,0,0.5213872790336609,a man jumping off a wall into a castle
82237,still waiting for fema in texas and florida after hurricanes,https://external-preview.redd.it/dwrdw4EotHPy5FXebCy-FSk21utQh0i-nsKLsYTYROA.jpg?width=320&crop=smart&auto=webp&s=f51df8c7db7512f266bd1ef43f377396e414eb31,1,1,0.9932011961936951,0,0.6867453455924988,1,0.8563799262046814,1,0.5019725561141968,a group of people standing outside of a house
111617,husband of kerala nurse who died of nipah donates first salary to floodhit state,https://external-preview.redd.it/mStvTiSOMYupqpkuQhDJucjViFSEzFZxSNFlxSrXOhw.jpg?width=320&crop=smart&auto=webp&s=09b5bacbf33036a4fd8f1632a90087a0151870fc,1,1,0.9976160526275635,1,0.520523726940155,0,0.5687502026557922,1,0.5036811232566833,a family poses for a photo in the mountains
35525,toddler manages to break into the white house,https://external-preview.redd.it/JL5Oo_7MmE8C1JCpHR0618uBDe8lPhg5MinYASjaPL8.jpg?width=320&crop=smart&auto=webp&s=48383d502ddfab18b94b899a857455e7d33c90fd,1,1,0.6598823070526123,0,0.6917401552200317,0,0.9147396683692932,0,0.5146335959434509,the white house
57033,changed sides,http://i.imgur.com/q8PSerD.jpg,0,0,0.9993866682052612,0,0.6941624879837036,0,0.9925866723060608,0,0.5601294040679932,"a black and white text that reads, ' the things you are trying to get out of your own '"
63638,new zealand gang that makes childrens school sandwiches tells methice dealers to leave their town or else,https://external-preview.redd.it/zZNue3FFzKkd3O-ESdRGSX5-Wj5ztjFB2F1BmpwIYDY.jpg?width=320&crop=smart&auto=webp&s=31ce48e76a55c6a23c45eee65e3fe336ef35ee88,1,1,0.9980212450027466,1,0.5445371866226196,0,0.982853353023529,0,0.503367006778717,a man in a black shirt and leather vest
64538,a little dog in japan chased the google streetview car and ended up thoroughly documented on the map much mapping very chase so territorial oh wow,https://external-preview.redd.it/R9Tn8DgO8QYTTMd7GeD_9ukt03CnuGkQmlYNgmFnqTs.jpg?width=320&crop=smart&auto=webp&s=c67be32abb0e98cba2439b425fa36d2f285cd127,1,1,0.9548528790473938,1,0.5497634410858154,1,0.9460332989692688,0,0.5333563685417175,a dog is running on the beach
67449,a photo of david luiz celebrating after scoring a freekick,https://external-preview.redd.it/uq7OG7PtehXtj3ebE8tVrsIwTq2kDslV2lujyKBKL9E.jpg?width=320&crop=smart&auto=webp&s=08f8fafefe5b7fb159f34e38239b8a8c5f46e629,1,1,0.9964396357536316,0,0.6943979263305664,0,0.9682075381278992,1,0.5141744613647461,a soccer player celebrating a goal
101580,world sword swallowers day is anything but pointless,https://external-preview.redd.it/SL__lYBr2gvc32PR0NnOoRfVzCSg7ILjZmzMKz0cipk.jpg?width=320&crop=smart&auto=webp&s=329be03a4bc7cb5576000f134c96e5ac88c7d6cd,1,0,0.7613449096679688,0,0.694286584854126,0,0.9327492713928223,0,0.5182619094848633,a man with a sword in his hand
101509,so metal,http://i.imgur.com/JlTtb1Q.jpg,0,0,0.9985394477844238,0,0.6944449543952942,0,0.9924429059028625,1,0.5192974209785461,paul moore wallpapers paul moore wallpapers paul moore
52400,fisherman in olden norway,https://external-preview.redd.it/fR3vv0xpAsQFlVcEtGnF876F0dn_jb632YOudx1giM0.jpg?width=320&crop=smart&auto=webp&s=5a62bbc97cb8ea0a5b141c7ac9536420f07a0376,1,1,0.8984001278877258,0,0.6925578117370605,0,0.8537766337394714,0,0.5260307192802429,a man standing on a rock next to a boat
46848,overly happy model with selena gomez,https://external-preview.redd.it/rLcyjQiDAKDB3-EJ6Oflq58dv0hlZGe6OeoRq8XcsMI.jpg?width=320&crop=smart&auto=webp&s=70983edf237b69f4cb7f8f6c9506a63a1dd2cf9b,1,1,0.8420535326004028,0,0.6947057247161865,1,0.7482274174690247,0,0.5122264623641968,the victorias perform on the voice
100092,the deep blue men deep dark waters,https://preview.redd.it/0hbbu3h3irl01.png?width=320&crop=smart&auto=webp&s=47467203c917059d261fb09cd46166f4215f8557,0,0,0.9983921647071838,0,0.6943950057029724,0,0.9919375777244568,0,0.5015115737915039,deep dark waters
62671,this old car sorry for the poor quality,https://preview.redd.it/v9ebcash1mn11.jpg?width=320&crop=smart&auto=webp&s=9338fc0ac2bbce5fabd47c73df61a512e3a4b857,1,1,0.9450976252555847,1,0.5586608648300171,1,0.9207559823989868,0,0.5604878664016724,a white car parked in a parking lot
67450,this siamese spinach leaf in my salad,https://preview.redd.it/nu5zwner1il31.jpg?width=320&crop=smart&auto=webp&s=24cd2b5bbdc11e81175edbc6cac476474b9f2303,1,1,0.9841540455818176,1,0.5562695264816284,1,0.9646800756454468,0,0.5223190784454346,a small leaf on a table
46373,ice cream is invented in persia bc,https://preview.redd.it/yvgbvuk2yk231.jpg?width=320&crop=smart&auto=webp&s=c46799b8666158a2fdf2f58e1052c32ba20a5e9e,0,0,0.9998121857643127,0,0.6944080591201782,0,0.9874401092529297,1,0.5193776488304138,a group of people standing around a table
70629,poor thing,http://i.imgur.com/CoIbQWv.jpg,0,0,0.9967645406723022,0,0.6947667002677917,0,0.9637432098388672,0,0.5038873553276062,a group of people playing with a dog
25801,open redbox machine,https://preview.redd.it/zo8lbvyzydv21.jpg?width=320&crop=smart&auto=webp&s=b95c621593bf212c0e2fb2b15629d0d95563a45e,1,1,0.6114402413368225,0,0.6940918564796448,1,0.8582646250724792,0,0.5293806195259094,a red box with a water heater inside
15132,a water filter after year of use in california,https://external-preview.redd.it/CngDuz5S00_pCpldyO8TMlyNo5bXNF3yqhrai2Mnq4c.jpg?width=320&crop=smart&auto=webp&s=ac63b5c7e2855775ed3e3f233ba595609b63f088,1,1,0.9981241822242737,1,0.5578706860542297,0,0.9724235534667969,1,0.5168463587760925,a kitchen counter with three different types of filters
57618,weekly cover contest picture by ryan tang,https://preview.redd.it/vob46tmkdk731.jpg?width=320&crop=smart&auto=webp&s=1c807169bf5a65e89ed9ca819a7eca92a2fce79a,0,0,0.9982882142066956,0,0.6935756802558899,0,0.9925703406333923,0,0.5144627094268799,a train station
82587,this berry looks like it is staring into my soul and it didnt like what it saw,https://external-preview.redd.it/zVJcS8K4xtnI0ytyg3rcjTX1exfaAkDrcy5mm6x2mqE.jpg?width=320&crop=smart&auto=webp&s=152cdc192e1a87fb02a6e265f68db921abf9f7c5,0,0,0.9515575766563416,1,0.5688128471374512,1,0.9711621403694153,0,0.5353203415870667,a hand holding a small blue object
60260,i designed this part and then realized it belongs here,https://preview.redd.it/3lfftaafyrg31.jpg?width=320&crop=smart&auto=webp&s=0fa3615845ba5cdf60555dbcc45ad0b502505d22,0,0,0.9912575483322144,1,0.519290566444397,0,0.9547813534736633,0,0.5293790102005005,a pair of red and black bicycle pedals on a wooden table
95112,its play time,http://i.imgur.com/b2NpLPd.jpg,0,0,0.9817755222320557,0,0.6946617960929871,0,0.9924968481063843,0,0.5153535008430481,two boys in uniform
94732,thank god for the radio logical question,https://external-preview.redd.it/nGcb7vr5giMlBZCP2G6Hr2P3Z9Q9fxtnFuYntfuwOCY.jpg?width=320&crop=smart&auto=webp&s=ac9ed5faeda5f0d2d95728b30fb2bc9fbe0b8cb2,0,0,0.9981471300125122,0,0.6941510438919067,0,0.992519736289978,1,0.507838249206543,"a red and white photo with the words, thank for the rio"
94938,so hard,http://i.imgur.com/Ngkc20h.jpg,0,0,0.9979495406150818,0,0.6947441697120667,0,0.9486960768699646,0,0.5030518770217896,a baseball player is ready to hit the ball
7228,mother cat with kitten,https://external-preview.redd.it/i-whUAxUdXvUU0bVh6MW-NYzFGsnohwKRdcxLsGXURA.jpg?width=320&crop=smart&auto=webp&s=4d6cb1cfcdd4a0344b6d02641875cc4fa1b04d97,1,1,0.9478787183761597,0,0.694329559803009,1,0.6413289904594421,1,0.5273495316505432,a cat and kitten cu each other kittens
69728,morgentaler you spoke on earth x,https://external-preview.redd.it/f8pGGu0Qym0ItW_LxBG8-u3mhS-9pRVqr_OzA3z42gA.jpg?width=320&crop=smart&auto=webp&s=eab02d602e7de212a1731b7d25afa1b99e73c355,0,0,0.9974391460418701,0,0.6946030855178833,0,0.9903851747512817,0,0.5159160494804382,a lightning bolt in the sky with a quote from person
101326,other discussions,http://i.imgur.com/E3cVg4p%2ejpg,0,0,0.9997977614402771,0,0.6945112347602844,0,0.9864791035652161,0,0.5158132910728455,a tennis player is shouting at the ball
2718,sleep texting is growing problem among teens,https://external-preview.redd.it/uT4lgDWqojPzaKvawqLq7UJGmWe2GY0c2zyQNQya8jo.jpg?width=320&crop=smart&auto=webp&s=e02310f2871ac8b5e7e559daf3455915e2096607,1,1,0.994509756565094,0,0.6940730214118958,0,0.5378754734992981,1,0.5136827230453491,a person holding a cell phone in their hand
79325,happy plane,https://external-preview.redd.it/UPaVx4epCtu30ZgYQpRcfvu599yhlWQz-67iAQxbCAA.jpg?width=320&crop=smart&auto=webp&s=16dd2e51f55d4b11b4480b980c3aa6181a631403,0,0,0.9766157865524292,0,0.6946573257446289,0,0.8819329142570496,0,0.5529412627220154,a small plane in a hangar with a trailer
26106,israel wont exist on next years iran,https://external-preview.redd.it/d5jzKC4YEXHn1uXsOF6ODOoKjCscYg5Us_HOd-hhgrk.jpg?width=320&crop=smart&auto=webp&s=06f9ac4046db4566398ae3887f4820672fe2a9e6,0,1,0.7586064338684082,0,0.6920037865638733,0,0.9706413745880127,0,0.5317602157592773,the adventures of sherlock holmes
104017,these goofballs were watching me eat breakfast,https://external-preview.redd.it/EAQ2gj3M40Xwbc63QHcIU_oh5LOC6YIk8kLRNVVbgR0.jpg?width=320&crop=smart&auto=webp&s=186a7b45d1de7b1c80ba88cbb0681b882d00ca31,0,0,0.9902296662330627,1,0.5533838272094727,0,0.8351849913597107,0,0.5677123069763184,a view of a city from a window
41533,the cords in the freshly groomed snow,https://preview.redd.it/43qn5nvr0hn21.jpg?width=320&crop=smart&auto=webp&s=5b31083f73fec469e97210db4934b8f575b595d6,1,1,0.9881095290184021,0,0.693804919719696,1,0.9555890560150146,0,0.508405327796936,a ski slope with a ski lift going up the hill
52744,trump concentration camp circa,https://preview.redd.it/hvzkmetpo3a31.jpg?width=320&crop=smart&auto=webp&s=603d63e2f7c6e4855240db9309ac10a5ea04a629,0,0,0.9998370409011841,0,0.6939454674720764,0,0.9905377626419067,0,0.5185789465904236,a group of people laying on the floor
109176,people stretching the opera o,https://external-preview.redd.it/lBdnM3pztSE32LBPNC87J_2JJcLcN8aRgu5DALYPmUY.jpg?width=320&crop=smart&auto=webp&s=0477204c0ef9d0553284bb303e0e45da9688340c,1,1,0.5778087377548218,0,0.6947966814041138,0,0.9625987410545349,0,0.5185184478759766,three men are playing with a giant red letter
6304,honestly her mouth could be smaller,http://i.imgur.com/TcK5eHG.jpg,0,0,0.9851675629615784,0,0.6948056817054749,0,0.986478328704834,0,0.5533540844917297,a woman sitting in a chair with a cat
91898,this installation happened on a day that doesnt exist,https://preview.redd.it/zk4dhxrcp1g31.jpg?width=320&crop=smart&auto=webp&s=7cb22ce1c23d6c568e8949770e874da598773235,1,1,0.9981491565704346,1,0.5699905753135681,0,0.9674627184867859,0,0.5550670027732849,a receipt with a receipt on it
38153,antique blow dryer,https://preview.redd.it/ong5bckc1ne11.jpg?width=320&crop=smart&auto=webp&s=f441e8328fd3b9dd74935a6a0950c58be6af6ff6,0,1,0.795950174331665,0,0.6948235630989075,0,0.9919646978378296,0,0.5403303503990173,a man in a gas mask is seen in front of a dump truck
91874,ummm pretty sure my cat liked that band first,https://i.imgur.com/ok4bXRQ.jpg,0,0,0.9728278517723083,0,0.6939979195594788,0,0.9914492964744568,0,0.5808361768722534,a cat wearing a hat and glasses with a cup
77284,hes having a bad time,https://external-preview.redd.it/03MlBIKeo8Vnt5rVCMzCfFSfafHLL3XAEqF7DhXbkZE.jpg?width=320&crop=smart&auto=webp&s=885b04d6f1debd2ec15a75549ee971356b9b23b1,0,0,0.9884265661239624,0,0.6946011781692505,0,0.9535058736801147,0,0.5312948226928711,a bag with a zipper on it
52754,the beast caught her,https://preview.redd.it/f1lsgtjanot21.jpg?width=320&crop=smart&auto=webp&s=7645c161e556137c99bd053fe1211e96d08577dc,0,0,0.9761874079704285,0,0.6949940919876099,0,0.9240522980690002,0,0.5525519847869873,a woman sitting on a couch with a dog
21280,i should have gone to bed a while ago,http://i.imgur.com/LEod6RY.jpg,0,0,0.9930724501609802,0,0.6940984725952148,0,0.8676810264587402,0,0.5478472113609314,a horse in a green shirt is sticking its head out
75378,imgur,http://i.imgur.com/FWmYqJ1.jpg,0,0,0.9974229335784912,0,0.694316565990448,0,0.9928849339485168,0,0.5136728882789612,a group of monkeys sitting on the ground
70146,missed it by that much,http://i.imgur.com/D2oWhzX.jpg,0,0,0.6759191751480103,0,0.6919859647750854,1,0.7948295474052429,0,0.5370572805404663,a car is parked on the side of the road
96765,soviet espionage agent convinces american soldier to reveal the countrys nuclear warhead silo locations during the peak of the cold war circa colorised,https://preview.redd.it/e0eixe2yngs01.jpg?width=320&crop=smart&auto=webp&s=10103003cc693073d9742eaa6d771767a96edb25,0,0,0.9998114705085754,0,0.6919833421707153,0,0.8938320875167847,0,0.5117518305778503,a cartoon character with a chef hat and a knife
104746,this smiling tree trunk,https://preview.redd.it/m5ezsq86xsx21.jpg?width=320&crop=smart&auto=webp&s=717de351af80e22083b179ae721395156e4a47b8,1,1,0.9429143071174622,1,0.5564170479774475,0,0.8975069522857666,0,0.5496267676353455,a tree stump with a hole in it
42569,outbreak of the vietnam war,https://preview.redd.it/nnw6cyy1hin31.jpg?width=320&crop=smart&auto=webp&s=d22a8d0ba73437c39af115c3f82580cbc339eff6,0,0,0.99982088804245,0,0.6943789720535278,0,0.9386788010597229,0,0.5166112184524536,a man is standing in front of a building
3933,this german street sign has to clarify who it is named after,https://preview.redd.it/tw1zzcws1pp21.jpg?width=320&crop=smart&auto=webp&s=f61e6986d8476e24fa32d8b9bde6d8a4efc30134,1,1,0.9977177381515503,1,0.5585357546806335,1,0.9378374218940735,0,0.5404106378555298,a red stop sign sitting on top of a pole
8449,the parents let the children play with local giants sometimes as long as the giants have already eaten and promise to do their best not to eat the children,http://i.imgur.com/9pLgf3m.jpg,0,0,0.9878161549568176,0,0.693514347076416,0,0.9570210576057434,0,0.5895265340805054,a person holding a piece of paper with a swing
91661,enjoying the offseason,http://i.imgur.com/YgIv5EW.jpg,0,0,0.9763942360877991,0,0.6941996812820435,0,0.9912881255149841,0,0.5275022983551025,a young boy in a bikini and a hat on the beach
109505,hop in,https://i.imgur.com/Dw6wy15.jpg,0,0,0.9892498254776001,0,0.6940478086471558,0,0.9918002486228943,0,0.5300648212432861,a tan colored car
87151,kyrgyz authorities discover vodka pipeline,https://external-preview.redd.it/tpYbVZIP6sj1tcHBCGqKG_j024M0go8j4vNmT1qxLNI.jpg?width=320&crop=smart&auto=webp&s=a439a87743910e3e71d20a9e1dceba7fe532ea92,1,1,0.9937986731529236,0,0.6928233504295349,1,0.8342094421386719,1,0.5176933407783508,a group of men standing around a beer glass
84868,going,http://i.imgur.com/j6GrBto.jpg,0,0,0.9992069602012634,0,0.6942655444145203,0,0.9896546602249146,0,0.534235417842865,a man in a yellow swimsuit standing on the beach
13858,kanye west yandhi in the style of igor,https://preview.redd.it/0szl3flsmqa31.jpg?width=320&crop=smart&auto=webp&s=56fd3a1c77025ce806a1762bf3420270f88fcc39,0,0,0.9930487871170044,0,0.6948971748352051,0,0.9921684861183167,0,0.5299668312072754,a purple background with a black and white photo of a man
