row_id,model,perturbation,true_label,original_text,changed_text,original_prediction,perturbed_prediction,prediction_changed
99149,BERT,remove_punctuation,1,this live performance,this live performance,1,1,False
99149,CLIP + MLP,remove_punctuation,1,this live performance,this live performance,1,1,False
99149,ViLT,remove_punctuation,1,this live performance,this live performance,0,0,False
99149,BLIP Caption + BERT,remove_punctuation,1,this live performance,this live performance,0,0,False
99149,BERT,remove_one_word,1,this live performance,this live performance,1,1,False
99149,CLIP + MLP,remove_one_word,1,this live performance,this live performance,1,1,False
99149,ViLT,remove_one_word,1,this live performance,this live performance,0,0,False
99149,BLIP Caption + BERT,remove_one_word,1,this live performance,this live performance,0,0,False
99149,BERT,add_noise,1,this live performance,this live performance breaking news,1,0,True
99149,CLIP + MLP,add_noise,1,this live performance,this live performance breaking news,1,1,False
99149,ViLT,add_noise,1,this live performance,this live performance breaking news,0,0,False
99149,BLIP Caption + BERT,add_noise,1,this live performance,this live performance breaking news,0,0,False
46983,BERT,remove_punctuation,0,restored back to the original image,restored back to the original image,0,0,False
46983,CLIP + MLP,remove_punctuation,0,restored back to the original image,restored back to the original image,0,0,False
46983,ViLT,remove_punctuation,0,restored back to the original image,restored back to the original image,0,0,False
46983,BLIP Caption + BERT,remove_punctuation,0,restored back to the original image,restored back to the original image,1,1,False
46983,BERT,remove_one_word,0,restored back to the original image,restored back to original image,0,0,False
46983,CLIP + MLP,remove_one_word,0,restored back to the original image,restored back to original image,0,0,False
46983,ViLT,remove_one_word,0,restored back to the original image,restored back to original image,0,0,False
46983,BLIP Caption + BERT,remove_one_word,0,restored back to the original image,restored back to original image,1,1,False
46983,BERT,add_noise,0,restored back to the original image,restored back to the original image breaking news,0,0,False
46983,CLIP + MLP,add_noise,0,restored back to the original image,restored back to the original image breaking news,0,0,False
46983,ViLT,add_noise,0,restored back to the original image,restored back to the original image breaking news,0,0,False
46983,BLIP Caption + BERT,add_noise,0,restored back to the original image,restored back to the original image breaking news,1,0,True
20815,BERT,remove_punctuation,1,polar bear catching food,polar bear catching food,1,1,False
20815,CLIP + MLP,remove_punctuation,1,polar bear catching food,polar bear catching food,0,0,False
20815,ViLT,remove_punctuation,1,polar bear catching food,polar bear catching food,1,1,False
20815,BLIP Caption + BERT,remove_punctuation,1,polar bear catching food,polar bear catching food,0,0,False
20815,BERT,remove_one_word,1,polar bear catching food,polar bear food,1,0,True
20815,CLIP + MLP,remove_one_word,1,polar bear catching food,polar bear food,0,0,False
20815,ViLT,remove_one_word,1,polar bear catching food,polar bear food,1,0,True
20815,BLIP Caption + BERT,remove_one_word,1,polar bear catching food,polar bear food,0,0,False
20815,BERT,add_noise,1,polar bear catching food,polar bear catching food breaking news,1,0,True
20815,CLIP + MLP,add_noise,1,polar bear catching food,polar bear catching food breaking news,0,0,False
20815,ViLT,add_noise,1,polar bear catching food,polar bear catching food breaking news,1,1,False
20815,BLIP Caption + BERT,add_noise,1,polar bear catching food,polar bear catching food breaking news,0,0,False
14125,BERT,remove_punctuation,0,for years kansas has chosen the democratic nominee for the first round me irl,for years kansas has chosen the democratic nominee for the first round me irl,1,1,False
14125,CLIP + MLP,remove_punctuation,0,for years kansas has chosen the democratic nominee for the first round me irl,for years kansas has chosen the democratic nominee for the first round me irl,0,0,False
14125,ViLT,remove_punctuation,0,for years kansas has chosen the democratic nominee for the first round me irl,for years kansas has chosen the democratic nominee for the first round me irl,0,0,False
14125,BLIP Caption + BERT,remove_punctuation,0,for years kansas has chosen the democratic nominee for the first round me irl,for years kansas has chosen the democratic nominee for the first round me irl,0,0,False
14125,BERT,remove_one_word,0,for years kansas has chosen the democratic nominee for the first round me irl,for years kansas has chosen the democratic for the first round me irl,1,1,False
14125,CLIP + MLP,remove_one_word,0,for years kansas has chosen the democratic nominee for the first round me irl,for years kansas has chosen the democratic for the first round me irl,0,0,False
14125,ViLT,remove_one_word,0,for years kansas has chosen the democratic nominee for the first round me irl,for years kansas has chosen the democratic for the first round me irl,0,0,False
14125,BLIP Caption + BERT,remove_one_word,0,for years kansas has chosen the democratic nominee for the first round me irl,for years kansas has chosen the democratic for the first round me irl,0,0,False
14125,BERT,add_noise,0,for years kansas has chosen the democratic nominee for the first round me irl,for years kansas has chosen the democratic nominee for the first round me irl breaking news,1,0,True
14125,CLIP + MLP,add_noise,0,for years kansas has chosen the democratic nominee for the first round me irl,for years kansas has chosen the democratic nominee for the first round me irl breaking news,0,0,False
14125,ViLT,add_noise,0,for years kansas has chosen the democratic nominee for the first round me irl,for years kansas has chosen the democratic nominee for the first round me irl breaking news,0,0,False
14125,BLIP Caption + BERT,add_noise,0,for years kansas has chosen the democratic nominee for the first round me irl,for years kansas has chosen the democratic nominee for the first round me irl breaking news,0,0,False
68438,BERT,remove_punctuation,0,rare original poster by ottomar anton recruiting for the leibstandarte ss adolf hitler st waffenss panzer division the premier german division in ww ii ca,rare original poster by ottomar anton recruiting for the leibstandarte ss adolf hitler st waffenss panzer division the premier german division in ww ii ca,0,0,False
68438,CLIP + MLP,remove_punctuation,0,rare original poster by ottomar anton recruiting for the leibstandarte ss adolf hitler st waffenss panzer division the premier german division in ww ii ca,rare original poster by ottomar anton recruiting for the leibstandarte ss adolf hitler st waffenss panzer division the premier german division in ww ii ca,0,0,False
68438,ViLT,remove_punctuation,0,rare original poster by ottomar anton recruiting for the leibstandarte ss adolf hitler st waffenss panzer division the premier german division in ww ii ca,rare original poster by ottomar anton recruiting for the leibstandarte ss adolf hitler st waffenss panzer division the premier german division in ww ii ca,0,0,False
68438,BLIP Caption + BERT,remove_punctuation,0,rare original poster by ottomar anton recruiting for the leibstandarte ss adolf hitler st waffenss panzer division the premier german division in ww ii ca,rare original poster by ottomar anton recruiting for the leibstandarte ss adolf hitler st waffenss panzer division the premier german division in ww ii ca,0,0,False
68438,BERT,remove_one_word,0,rare original poster by ottomar anton recruiting for the leibstandarte ss adolf hitler st waffenss panzer division the premier german division in ww ii ca,rare original poster by ottomar anton recruiting for the leibstandarte ss adolf st waffenss panzer division the premier german division in ww ii ca,0,0,False
68438,CLIP + MLP,remove_one_word,0,rare original poster by ottomar anton recruiting for the leibstandarte ss adolf hitler st waffenss panzer division the premier german division in ww ii ca,rare original poster by ottomar anton recruiting for the leibstandarte ss adolf st waffenss panzer division the premier german division in ww ii ca,0,0,False
68438,ViLT,remove_one_word,0,rare original poster by ottomar anton recruiting for the leibstandarte ss adolf hitler st waffenss panzer division the premier german division in ww ii ca,rare original poster by ottomar anton recruiting for the leibstandarte ss adolf st waffenss panzer division the premier german division in ww ii ca,0,0,False
68438,BLIP Caption + BERT,remove_one_word,0,rare original poster by ottomar anton recruiting for the leibstandarte ss adolf hitler st waffenss panzer division the premier german division in ww ii ca,rare original poster by ottomar anton recruiting for the leibstandarte ss adolf st waffenss panzer division the premier german division in ww ii ca,0,0,False
68438,BERT,add_noise,0,rare original poster by ottomar anton recruiting for the leibstandarte ss adolf hitler st waffenss panzer division the premier german division in ww ii ca,rare original poster by ottomar anton recruiting for the leibstandarte ss adolf hitler st waffenss panzer division the premier german division in ww ii ca breaking news,0,0,False
68438,CLIP + MLP,add_noise,0,rare original poster by ottomar anton recruiting for the leibstandarte ss adolf hitler st waffenss panzer division the premier german division in ww ii ca,rare original poster by ottomar anton recruiting for the leibstandarte ss adolf hitler st waffenss panzer division the premier german division in ww ii ca breaking news,0,0,False
68438,ViLT,add_noise,0,rare original poster by ottomar anton recruiting for the leibstandarte ss adolf hitler st waffenss panzer division the premier german division in ww ii ca,rare original poster by ottomar anton recruiting for the leibstandarte ss adolf hitler st waffenss panzer division the premier german division in ww ii ca breaking news,0,0,False
68438,BLIP Caption + BERT,add_noise,0,rare original poster by ottomar anton recruiting for the leibstandarte ss adolf hitler st waffenss panzer division the premier german division in ww ii ca,rare original poster by ottomar anton recruiting for the leibstandarte ss adolf hitler st waffenss panzer division the premier german division in ww ii ca breaking news,0,0,False
100147,BERT,remove_punctuation,1,dna double helix ps coin,dna double helix ps coin,1,1,False
100147,CLIP + MLP,remove_punctuation,1,dna double helix ps coin,dna double helix ps coin,0,0,False
100147,ViLT,remove_punctuation,1,dna double helix ps coin,dna double helix ps coin,1,1,False
100147,BLIP Caption + BERT,remove_punctuation,1,dna double helix ps coin,dna double helix ps coin,1,1,False
100147,BERT,remove_one_word,1,dna double helix ps coin,dna double ps coin,1,1,False
100147,CLIP + MLP,remove_one_word,1,dna double helix ps coin,dna double ps coin,0,0,False
100147,ViLT,remove_one_word,1,dna double helix ps coin,dna double ps coin,1,0,True
100147,BLIP Caption + BERT,remove_one_word,1,dna double helix ps coin,dna double ps coin,1,1,False
100147,BERT,add_noise,1,dna double helix ps coin,dna double helix ps coin breaking news,1,0,True
100147,CLIP + MLP,add_noise,1,dna double helix ps coin,dna double helix ps coin breaking news,0,0,False
100147,ViLT,add_noise,1,dna double helix ps coin,dna double helix ps coin breaking news,1,1,False
100147,BLIP Caption + BERT,add_noise,1,dna double helix ps coin,dna double helix ps coin breaking news,1,1,False
19619,BERT,remove_punctuation,1,the imprint my sweaty shirt left after laying down,the imprint my sweaty shirt left after laying down,1,1,False
19619,CLIP + MLP,remove_punctuation,1,the imprint my sweaty shirt left after laying down,the imprint my sweaty shirt left after laying down,1,1,False
19619,ViLT,remove_punctuation,1,the imprint my sweaty shirt left after laying down,the imprint my sweaty shirt left after laying down,0,0,False
19619,BLIP Caption + BERT,remove_punctuation,1,the imprint my sweaty shirt left after laying down,the imprint my sweaty shirt left after laying down,0,0,False
19619,BERT,remove_one_word,1,the imprint my sweaty shirt left after laying down,the imprint my sweaty left after laying down,1,1,False
19619,CLIP + MLP,remove_one_word,1,the imprint my sweaty shirt left after laying down,the imprint my sweaty left after laying down,1,1,False
19619,ViLT,remove_one_word,1,the imprint my sweaty shirt left after laying down,the imprint my sweaty left after laying down,0,0,False
19619,BLIP Caption + BERT,remove_one_word,1,the imprint my sweaty shirt left after laying down,the imprint my sweaty left after laying down,0,0,False
19619,BERT,add_noise,1,the imprint my sweaty shirt left after laying down,the imprint my sweaty shirt left after laying down breaking news,1,1,False
19619,CLIP + MLP,add_noise,1,the imprint my sweaty shirt left after laying down,the imprint my sweaty shirt left after laying down breaking news,1,1,False
19619,ViLT,add_noise,1,the imprint my sweaty shirt left after laying down,the imprint my sweaty shirt left after laying down breaking news,0,1,True
19619,BLIP Caption + BERT,add_noise,1,the imprint my sweaty shirt left after laying down,the imprint my sweaty shirt left after laying down breaking news,0,0,False
12495,BERT,remove_punctuation,0,toothy,toothy,0,0,False
12495,CLIP + MLP,remove_punctuation,0,toothy,toothy,0,0,False
12495,ViLT,remove_punctuation,0,toothy,toothy,0,0,False
12495,BLIP Caption + BERT,remove_punctuation,0,toothy,toothy,0,0,False
12495,BERT,remove_one_word,0,toothy,toothy,0,0,False
12495,CLIP + MLP,remove_one_word,0,toothy,toothy,0,0,False
12495,ViLT,remove_one_word,0,toothy,toothy,0,0,False
12495,BLIP Caption + BERT,remove_one_word,0,toothy,toothy,0,0,False
12495,BERT,add_noise,0,toothy,toothy breaking news,0,0,False
12495,CLIP + MLP,add_noise,0,toothy,toothy breaking news,0,0,False
12495,ViLT,add_noise,0,toothy,toothy breaking news,0,0,False
12495,BLIP Caption + BERT,add_noise,0,toothy,toothy breaking news,0,0,False
32970,BERT,remove_punctuation,0,george lucas said what,george lucas said what,0,0,False
32970,CLIP + MLP,remove_punctuation,0,george lucas said what,george lucas said what,0,0,False
32970,ViLT,remove_punctuation,0,george lucas said what,george lucas said what,0,0,False
32970,BLIP Caption + BERT,remove_punctuation,0,george lucas said what,george lucas said what,0,0,False
32970,BERT,remove_one_word,0,george lucas said what,george lucas what,0,0,False
32970,CLIP + MLP,remove_one_word,0,george lucas said what,george lucas what,0,0,False
32970,ViLT,remove_one_word,0,george lucas said what,george lucas what,0,0,False
32970,BLIP Caption + BERT,remove_one_word,0,george lucas said what,george lucas what,0,0,False
32970,BERT,add_noise,0,george lucas said what,george lucas said what breaking news,0,0,False
32970,CLIP + MLP,add_noise,0,george lucas said what,george lucas said what breaking news,0,0,False
32970,ViLT,add_noise,0,george lucas said what,george lucas said what breaking news,0,0,False
32970,BLIP Caption + BERT,add_noise,0,george lucas said what,george lucas said what breaking news,0,0,False
3933,BERT,remove_punctuation,1,this german street sign has to clarify who it is named after,this german street sign has to clarify who it is named after,1,1,False
3933,CLIP + MLP,remove_punctuation,1,this german street sign has to clarify who it is named after,this german street sign has to clarify who it is named after,1,1,False
3933,ViLT,remove_punctuation,1,this german street sign has to clarify who it is named after,this german street sign has to clarify who it is named after,1,1,False
3933,BLIP Caption + BERT,remove_punctuation,1,this german street sign has to clarify who it is named after,this german street sign has to clarify who it is named after,0,0,False
3933,BERT,remove_one_word,1,this german street sign has to clarify who it is named after,this german street sign has to who it is named after,1,1,False
3933,CLIP + MLP,remove_one_word,1,this german street sign has to clarify who it is named after,this german street sign has to who it is named after,1,1,False
3933,ViLT,remove_one_word,1,this german street sign has to clarify who it is named after,this german street sign has to who it is named after,1,1,False
3933,BLIP Caption + BERT,remove_one_word,1,this german street sign has to clarify who it is named after,this german street sign has to who it is named after,0,0,False
3933,BERT,add_noise,1,this german street sign has to clarify who it is named after,this german street sign has to clarify who it is named after breaking news,1,1,False
3933,CLIP + MLP,add_noise,1,this german street sign has to clarify who it is named after,this german street sign has to clarify who it is named after breaking news,1,1,False
3933,ViLT,add_noise,1,this german street sign has to clarify who it is named after,this german street sign has to clarify who it is named after breaking news,1,1,False
3933,BLIP Caption + BERT,add_noise,1,this german street sign has to clarify who it is named after,this german street sign has to clarify who it is named after breaking news,0,0,False
25057,BERT,remove_punctuation,0,a bird pooped a dog,a bird pooped a dog,1,1,False
25057,CLIP + MLP,remove_punctuation,0,a bird pooped a dog,a bird pooped a dog,0,0,False
25057,ViLT,remove_punctuation,0,a bird pooped a dog,a bird pooped a dog,0,0,False
25057,BLIP Caption + BERT,remove_punctuation,0,a bird pooped a dog,a bird pooped a dog,0,0,False
25057,BERT,remove_one_word,0,a bird pooped a dog,a bird a dog,1,1,False
25057,CLIP + MLP,remove_one_word,0,a bird pooped a dog,a bird a dog,0,0,False
25057,ViLT,remove_one_word,0,a bird pooped a dog,a bird a dog,0,0,False
25057,BLIP Caption + BERT,remove_one_word,0,a bird pooped a dog,a bird a dog,0,0,False
25057,BERT,add_noise,0,a bird pooped a dog,a bird pooped a dog breaking news,1,1,False
25057,CLIP + MLP,add_noise,0,a bird pooped a dog,a bird pooped a dog breaking news,0,0,False
25057,ViLT,add_noise,0,a bird pooped a dog,a bird pooped a dog breaking news,0,0,False
25057,BLIP Caption + BERT,add_noise,0,a bird pooped a dog,a bird pooped a dog breaking news,0,0,False
26226,BERT,remove_punctuation,0,httpsiimgurcomkzrirrkjpg,httpsiimgurcomkzrirrkjpg,0,0,False
26226,CLIP + MLP,remove_punctuation,0,httpsiimgurcomkzrirrkjpg,httpsiimgurcomkzrirrkjpg,0,0,False
26226,ViLT,remove_punctuation,0,httpsiimgurcomkzrirrkjpg,httpsiimgurcomkzrirrkjpg,0,0,False
26226,BLIP Caption + BERT,remove_punctuation,0,httpsiimgurcomkzrirrkjpg,httpsiimgurcomkzrirrkjpg,0,0,False
26226,BERT,remove_one_word,0,httpsiimgurcomkzrirrkjpg,httpsiimgurcomkzrirrkjpg,0,0,False
26226,CLIP + MLP,remove_one_word,0,httpsiimgurcomkzrirrkjpg,httpsiimgurcomkzrirrkjpg,0,0,False
26226,ViLT,remove_one_word,0,httpsiimgurcomkzrirrkjpg,httpsiimgurcomkzrirrkjpg,0,0,False
26226,BLIP Caption + BERT,remove_one_word,0,httpsiimgurcomkzrirrkjpg,httpsiimgurcomkzrirrkjpg,0,0,False
26226,BERT,add_noise,0,httpsiimgurcomkzrirrkjpg,httpsiimgurcomkzrirrkjpg breaking news,0,0,False
26226,CLIP + MLP,add_noise,0,httpsiimgurcomkzrirrkjpg,httpsiimgurcomkzrirrkjpg breaking news,0,0,False
26226,ViLT,add_noise,0,httpsiimgurcomkzrirrkjpg,httpsiimgurcomkzrirrkjpg breaking news,0,0,False
26226,BLIP Caption + BERT,add_noise,0,httpsiimgurcomkzrirrkjpg,httpsiimgurcomkzrirrkjpg breaking news,0,0,False
33958,BERT,remove_punctuation,0,creepy,creepy,0,0,False
33958,CLIP + MLP,remove_punctuation,0,creepy,creepy,0,0,False
33958,ViLT,remove_punctuation,0,creepy,creepy,0,0,False
33958,BLIP Caption + BERT,remove_punctuation,0,creepy,creepy,0,0,False
33958,BERT,remove_one_word,0,creepy,creepy,0,0,False
33958,CLIP + MLP,remove_one_word,0,creepy,creepy,0,0,False
33958,ViLT,remove_one_word,0,creepy,creepy,0,0,False
33958,BLIP Caption + BERT,remove_one_word,0,creepy,creepy,0,0,False
33958,BERT,add_noise,0,creepy,creepy breaking news,0,0,False
33958,CLIP + MLP,add_noise,0,creepy,creepy breaking news,0,0,False
33958,ViLT,add_noise,0,creepy,creepy breaking news,0,0,False
33958,BLIP Caption + BERT,add_noise,0,creepy,creepy breaking news,0,0,False
28349,BERT,remove_punctuation,1,these truck tires,these truck tires,1,1,False
28349,CLIP + MLP,remove_punctuation,1,these truck tires,these truck tires,1,1,False
28349,ViLT,remove_punctuation,1,these truck tires,these truck tires,1,1,False
28349,BLIP Caption + BERT,remove_punctuation,1,these truck tires,these truck tires,0,0,False
28349,BERT,remove_one_word,1,these truck tires,these truck tires,1,1,False
28349,CLIP + MLP,remove_one_word,1,these truck tires,these truck tires,1,1,False
28349,ViLT,remove_one_word,1,these truck tires,these truck tires,1,1,False
28349,BLIP Caption + BERT,remove_one_word,1,these truck tires,these truck tires,0,0,False
28349,BERT,add_noise,1,these truck tires,these truck tires breaking news,1,0,True
28349,CLIP + MLP,add_noise,1,these truck tires,these truck tires breaking news,1,1,False
28349,ViLT,add_noise,1,these truck tires,these truck tires breaking news,1,1,False
28349,BLIP Caption + BERT,add_noise,1,these truck tires,these truck tires breaking news,0,1,True
81285,BERT,remove_punctuation,1,the patch work on this road looks like a maze,the patch work on this road looks like a maze,1,1,False
81285,CLIP + MLP,remove_punctuation,1,the patch work on this road looks like a maze,the patch work on this road looks like a maze,1,1,False
81285,ViLT,remove_punctuation,1,the patch work on this road looks like a maze,the patch work on this road looks like a maze,1,1,False
81285,BLIP Caption + BERT,remove_punctuation,1,the patch work on this road looks like a maze,the patch work on this road looks like a maze,0,0,False
81285,BERT,remove_one_word,1,the patch work on this road looks like a maze,the patch work on this looks like a maze,1,1,False
81285,CLIP + MLP,remove_one_word,1,the patch work on this road looks like a maze,the patch work on this looks like a maze,1,1,False
81285,ViLT,remove_one_word,1,the patch work on this road looks like a maze,the patch work on this looks like a maze,1,0,True
81285,BLIP Caption + BERT,remove_one_word,1,the patch work on this road looks like a maze,the patch work on this looks like a maze,0,0,False
81285,BERT,add_noise,1,the patch work on this road looks like a maze,the patch work on this road looks like a maze breaking news,1,0,True
81285,CLIP + MLP,add_noise,1,the patch work on this road looks like a maze,the patch work on this road looks like a maze breaking news,1,1,False
81285,ViLT,add_noise,1,the patch work on this road looks like a maze,the patch work on this road looks like a maze breaking news,1,1,False
81285,BLIP Caption + BERT,add_noise,1,the patch work on this road looks like a maze,the patch work on this road looks like a maze breaking news,0,0,False
91725,BERT,remove_punctuation,1,george w bush painting a picture,george w bush painting a picture,1,1,False
91725,CLIP + MLP,remove_punctuation,1,george w bush painting a picture,george w bush painting a picture,0,0,False
91725,ViLT,remove_punctuation,1,george w bush painting a picture,george w bush painting a picture,1,1,False
91725,BLIP Caption + BERT,remove_punctuation,1,george w bush painting a picture,george w bush painting a picture,1,1,False
91725,BERT,remove_one_word,1,george w bush painting a picture,george w bush a picture,1,1,False
91725,CLIP + MLP,remove_one_word,1,george w bush painting a picture,george w bush a picture,0,0,False
91725,ViLT,remove_one_word,1,george w bush painting a picture,george w bush a picture,1,1,False
91725,BLIP Caption + BERT,remove_one_word,1,george w bush painting a picture,george w bush a picture,1,0,True
91725,BERT,add_noise,1,george w bush painting a picture,george w bush painting a picture breaking news,1,1,False
91725,CLIP + MLP,add_noise,1,george w bush painting a picture,george w bush painting a picture breaking news,0,0,False
91725,ViLT,add_noise,1,george w bush painting a picture,george w bush painting a picture breaking news,1,1,False
91725,BLIP Caption + BERT,add_noise,1,george w bush painting a picture,george w bush painting a picture breaking news,1,1,False
92734,BERT,remove_punctuation,0,he looks different than the other dogs but hes a reddit but flickr page in the family,he looks different than the other dogs but hes a reddit but flickr page in the family,0,0,False
92734,CLIP + MLP,remove_punctuation,0,he looks different than the other dogs but hes a reddit but flickr page in the family,he looks different than the other dogs but hes a reddit but flickr page in the family,0,0,False
92734,ViLT,remove_punctuation,0,he looks different than the other dogs but hes a reddit but flickr page in the family,he looks different than the other dogs but hes a reddit but flickr page in the family,0,0,False
92734,BLIP Caption + BERT,remove_punctuation,0,he looks different than the other dogs but hes a reddit but flickr page in the family,he looks different than the other dogs but hes a reddit but flickr page in the family,0,0,False
92734,BERT,remove_one_word,0,he looks different than the other dogs but hes a reddit but flickr page in the family,he looks different than the other dogs but a reddit but flickr page in the family,0,0,False
92734,CLIP + MLP,remove_one_word,0,he looks different than the other dogs but hes a reddit but flickr page in the family,he looks different than the other dogs but a reddit but flickr page in the family,0,0,False
92734,ViLT,remove_one_word,0,he looks different than the other dogs but hes a reddit but flickr page in the family,he looks different than the other dogs but a reddit but flickr page in the family,0,0,False
92734,BLIP Caption + BERT,remove_one_word,0,he looks different than the other dogs but hes a reddit but flickr page in the family,he looks different than the other dogs but a reddit but flickr page in the family,0,0,False
92734,BERT,add_noise,0,he looks different than the other dogs but hes a reddit but flickr page in the family,he looks different than the other dogs but hes a reddit but flickr page in the family breaking news,0,0,False
92734,CLIP + MLP,add_noise,0,he looks different than the other dogs but hes a reddit but flickr page in the family,he looks different than the other dogs but hes a reddit but flickr page in the family breaking news,0,0,False
92734,ViLT,add_noise,0,he looks different than the other dogs but hes a reddit but flickr page in the family,he looks different than the other dogs but hes a reddit but flickr page in the family breaking news,0,0,False
92734,BLIP Caption + BERT,add_noise,0,he looks different than the other dogs but hes a reddit but flickr page in the family,he looks different than the other dogs but hes a reddit but flickr page in the family breaking news,0,0,False
63638,BERT,remove_punctuation,1,new zealand gang that makes childrens school sandwiches tells methice dealers to leave their town or else,new zealand gang that makes childrens school sandwiches tells methice dealers to leave their town or else,1,1,False
63638,CLIP + MLP,remove_punctuation,1,new zealand gang that makes childrens school sandwiches tells methice dealers to leave their town or else,new zealand gang that makes childrens school sandwiches tells methice dealers to leave their town or else,1,1,False
63638,ViLT,remove_punctuation,1,new zealand gang that makes childrens school sandwiches tells methice dealers to leave their town or else,new zealand gang that makes childrens school sandwiches tells methice dealers to leave their town or else,0,0,False
63638,BLIP Caption + BERT,remove_punctuation,1,new zealand gang that makes childrens school sandwiches tells methice dealers to leave their town or else,new zealand gang that makes childrens school sandwiches tells methice dealers to leave their town or else,0,0,False
63638,BERT,remove_one_word,1,new zealand gang that makes childrens school sandwiches tells methice dealers to leave their town or else,new zealand gang that makes childrens school sandwiches methice dealers to leave their town or else,1,1,False
63638,CLIP + MLP,remove_one_word,1,new zealand gang that makes childrens school sandwiches tells methice dealers to leave their town or else,new zealand gang that makes childrens school sandwiches methice dealers to leave their town or else,1,1,False
63638,ViLT,remove_one_word,1,new zealand gang that makes childrens school sandwiches tells methice dealers to leave their town or else,new zealand gang that makes childrens school sandwiches methice dealers to leave their town or else,0,0,False
63638,BLIP Caption + BERT,remove_one_word,1,new zealand gang that makes childrens school sandwiches tells methice dealers to leave their town or else,new zealand gang that makes childrens school sandwiches methice dealers to leave their town or else,0,0,False
63638,BERT,add_noise,1,new zealand gang that makes childrens school sandwiches tells methice dealers to leave their town or else,new zealand gang that makes childrens school sandwiches tells methice dealers to leave their town or else breaking news,1,1,False
63638,CLIP + MLP,add_noise,1,new zealand gang that makes childrens school sandwiches tells methice dealers to leave their town or else,new zealand gang that makes childrens school sandwiches tells methice dealers to leave their town or else breaking news,1,1,False
63638,ViLT,add_noise,1,new zealand gang that makes childrens school sandwiches tells methice dealers to leave their town or else,new zealand gang that makes childrens school sandwiches tells methice dealers to leave their town or else breaking news,0,0,False
63638,BLIP Caption + BERT,add_noise,1,new zealand gang that makes childrens school sandwiches tells methice dealers to leave their town or else,new zealand gang that makes childrens school sandwiches tells methice dealers to leave their town or else breaking news,0,0,False
32023,BERT,remove_punctuation,1,pregnant woman posts hilarious sketch on craigslist to find unborn babys father,pregnant woman posts hilarious sketch on craigslist to find unborn babys father,1,1,False
32023,CLIP + MLP,remove_punctuation,1,pregnant woman posts hilarious sketch on craigslist to find unborn babys father,pregnant woman posts hilarious sketch on craigslist to find unborn babys father,0,0,False
32023,ViLT,remove_punctuation,1,pregnant woman posts hilarious sketch on craigslist to find unborn babys father,pregnant woman posts hilarious sketch on craigslist to find unborn babys father,1,1,False
32023,BLIP Caption + BERT,remove_punctuation,1,pregnant woman posts hilarious sketch on craigslist to find unborn babys father,pregnant woman posts hilarious sketch on craigslist to find unborn babys father,0,0,False
32023,BERT,remove_one_word,1,pregnant woman posts hilarious sketch on craigslist to find unborn babys father,pregnant woman posts hilarious sketch on to find unborn babys father,1,1,False
32023,CLIP + MLP,remove_one_word,1,pregnant woman posts hilarious sketch on craigslist to find unborn babys father,pregnant woman posts hilarious sketch on to find unborn babys father,0,0,False
32023,ViLT,remove_one_word,1,pregnant woman posts hilarious sketch on craigslist to find unborn babys father,pregnant woman posts hilarious sketch on to find unborn babys father,1,1,False
32023,BLIP Caption + BERT,remove_one_word,1,pregnant woman posts hilarious sketch on craigslist to find unborn babys father,pregnant woman posts hilarious sketch on to find unborn babys father,0,0,False
32023,BERT,add_noise,1,pregnant woman posts hilarious sketch on craigslist to find unborn babys father,pregnant woman posts hilarious sketch on craigslist to find unborn babys father breaking news,1,0,True
32023,CLIP + MLP,add_noise,1,pregnant woman posts hilarious sketch on craigslist to find unborn babys father,pregnant woman posts hilarious sketch on craigslist to find unborn babys father breaking news,0,0,False
32023,ViLT,add_noise,1,pregnant woman posts hilarious sketch on craigslist to find unborn babys father,pregnant woman posts hilarious sketch on craigslist to find unborn babys father breaking news,1,1,False
32023,BLIP Caption + BERT,add_noise,1,pregnant woman posts hilarious sketch on craigslist to find unborn babys father,pregnant woman posts hilarious sketch on craigslist to find unborn babys father breaking news,0,0,False
62418,BERT,remove_punctuation,1,this old apple computer randomly displayed in the lobby of a budget hotel in pisa,this old apple computer randomly displayed in the lobby of a budget hotel in pisa,1,1,False
62418,CLIP + MLP,remove_punctuation,1,this old apple computer randomly displayed in the lobby of a budget hotel in pisa,this old apple computer randomly displayed in the lobby of a budget hotel in pisa,1,1,False
62418,ViLT,remove_punctuation,1,this old apple computer randomly displayed in the lobby of a budget hotel in pisa,this old apple computer randomly displayed in the lobby of a budget hotel in pisa,1,1,False
62418,BLIP Caption + BERT,remove_punctuation,1,this old apple computer randomly displayed in the lobby of a budget hotel in pisa,this old apple computer randomly displayed in the lobby of a budget hotel in pisa,0,0,False
62418,BERT,remove_one_word,1,this old apple computer randomly displayed in the lobby of a budget hotel in pisa,this old apple computer randomly displayed in lobby of a budget hotel in pisa,1,1,False
62418,CLIP + MLP,remove_one_word,1,this old apple computer randomly displayed in the lobby of a budget hotel in pisa,this old apple computer randomly displayed in lobby of a budget hotel in pisa,1,1,False
62418,ViLT,remove_one_word,1,this old apple computer randomly displayed in the lobby of a budget hotel in pisa,this old apple computer randomly displayed in lobby of a budget hotel in pisa,1,1,False
62418,BLIP Caption + BERT,remove_one_word,1,this old apple computer randomly displayed in the lobby of a budget hotel in pisa,this old apple computer randomly displayed in lobby of a budget hotel in pisa,0,0,False
62418,BERT,add_noise,1,this old apple computer randomly displayed in the lobby of a budget hotel in pisa,this old apple computer randomly displayed in the lobby of a budget hotel in pisa breaking news,1,0,True
62418,CLIP + MLP,add_noise,1,this old apple computer randomly displayed in the lobby of a budget hotel in pisa,this old apple computer randomly displayed in the lobby of a budget hotel in pisa breaking news,1,1,False
62418,ViLT,add_noise,1,this old apple computer randomly displayed in the lobby of a budget hotel in pisa,this old apple computer randomly displayed in the lobby of a budget hotel in pisa breaking news,1,1,False
62418,BLIP Caption + BERT,add_noise,1,this old apple computer randomly displayed in the lobby of a budget hotel in pisa,this old apple computer randomly displayed in the lobby of a budget hotel in pisa breaking news,0,0,False
32573,BERT,remove_punctuation,1,scared can opener,scared can opener,0,0,False
32573,CLIP + MLP,remove_punctuation,1,scared can opener,scared can opener,0,0,False
32573,ViLT,remove_punctuation,1,scared can opener,scared can opener,0,0,False
32573,BLIP Caption + BERT,remove_punctuation,1,scared can opener,scared can opener,1,1,False
32573,BERT,remove_one_word,1,scared can opener,scared can opener,0,0,False
32573,CLIP + MLP,remove_one_word,1,scared can opener,scared can opener,0,0,False
32573,ViLT,remove_one_word,1,scared can opener,scared can opener,0,0,False
32573,BLIP Caption + BERT,remove_one_word,1,scared can opener,scared can opener,1,1,False
32573,BERT,add_noise,1,scared can opener,scared can opener breaking news,0,0,False
32573,CLIP + MLP,add_noise,1,scared can opener,scared can opener breaking news,0,0,False
32573,ViLT,add_noise,1,scared can opener,scared can opener breaking news,0,0,False
32573,BLIP Caption + BERT,add_noise,1,scared can opener,scared can opener breaking news,1,1,False
7796,BERT,remove_punctuation,1,all the notes i passed in school paint tin sized container in school from,all the notes i passed in school paint tin sized container in school from,1,1,False
7796,CLIP + MLP,remove_punctuation,1,all the notes i passed in school paint tin sized container in school from,all the notes i passed in school paint tin sized container in school from,1,1,False
7796,ViLT,remove_punctuation,1,all the notes i passed in school paint tin sized container in school from,all the notes i passed in school paint tin sized container in school from,1,1,False
7796,BLIP Caption + BERT,remove_punctuation,1,all the notes i passed in school paint tin sized container in school from,all the notes i passed in school paint tin sized container in school from,0,0,False
7796,BERT,remove_one_word,1,all the notes i passed in school paint tin sized container in school from,all the notes i passed in school tin sized container in school from,1,1,False
7796,CLIP + MLP,remove_one_word,1,all the notes i passed in school paint tin sized container in school from,all the notes i passed in school tin sized container in school from,1,1,False
7796,ViLT,remove_one_word,1,all the notes i passed in school paint tin sized container in school from,all the notes i passed in school tin sized container in school from,1,1,False
7796,BLIP Caption + BERT,remove_one_word,1,all the notes i passed in school paint tin sized container in school from,all the notes i passed in school tin sized container in school from,0,0,False
7796,BERT,add_noise,1,all the notes i passed in school paint tin sized container in school from,all the notes i passed in school paint tin sized container in school from breaking news,1,1,False
7796,CLIP + MLP,add_noise,1,all the notes i passed in school paint tin sized container in school from,all the notes i passed in school paint tin sized container in school from breaking news,1,1,False
7796,ViLT,add_noise,1,all the notes i passed in school paint tin sized container in school from,all the notes i passed in school paint tin sized container in school from breaking news,1,1,False
7796,BLIP Caption + BERT,add_noise,1,all the notes i passed in school paint tin sized container in school from,all the notes i passed in school paint tin sized container in school from breaking news,0,0,False
13198,BERT,remove_punctuation,1,twist of fate after lost dog is reunited with his family,twist of fate after lost dog is reunited with his family,1,1,False
13198,CLIP + MLP,remove_punctuation,1,twist of fate after lost dog is reunited with his family,twist of fate after lost dog is reunited with his family,0,0,False
13198,ViLT,remove_punctuation,1,twist of fate after lost dog is reunited with his family,twist of fate after lost dog is reunited with his family,1,1,False
13198,BLIP Caption + BERT,remove_punctuation,1,twist of fate after lost dog is reunited with his family,twist of fate after lost dog is reunited with his family,0,0,False
13198,BERT,remove_one_word,1,twist of fate after lost dog is reunited with his family,twist of fate after lost is reunited with his family,1,1,False
13198,CLIP + MLP,remove_one_word,1,twist of fate after lost dog is reunited with his family,twist of fate after lost is reunited with his family,0,0,False
13198,ViLT,remove_one_word,1,twist of fate after lost dog is reunited with his family,twist of fate after lost is reunited with his family,1,0,True
13198,BLIP Caption + BERT,remove_one_word,1,twist of fate after lost dog is reunited with his family,twist of fate after lost is reunited with his family,0,0,False
13198,BERT,add_noise,1,twist of fate after lost dog is reunited with his family,twist of fate after lost dog is reunited with his family breaking news,1,1,False
13198,CLIP + MLP,add_noise,1,twist of fate after lost dog is reunited with his family,twist of fate after lost dog is reunited with his family breaking news,0,0,False
13198,ViLT,add_noise,1,twist of fate after lost dog is reunited with his family,twist of fate after lost dog is reunited with his family breaking news,1,1,False
13198,BLIP Caption + BERT,add_noise,1,twist of fate after lost dog is reunited with his family,twist of fate after lost dog is reunited with his family breaking news,0,0,False
91329,BERT,remove_punctuation,0,paddln,paddln,0,0,False
91329,CLIP + MLP,remove_punctuation,0,paddln,paddln,0,0,False
91329,ViLT,remove_punctuation,0,paddln,paddln,0,0,False
91329,BLIP Caption + BERT,remove_punctuation,0,paddln,paddln,0,0,False
91329,BERT,remove_one_word,0,paddln,paddln,0,0,False
91329,CLIP + MLP,remove_one_word,0,paddln,paddln,0,0,False
91329,ViLT,remove_one_word,0,paddln,paddln,0,0,False
91329,BLIP Caption + BERT,remove_one_word,0,paddln,paddln,0,0,False
91329,BERT,add_noise,0,paddln,paddln breaking news,0,0,False
91329,CLIP + MLP,add_noise,0,paddln,paddln breaking news,0,0,False
91329,ViLT,add_noise,0,paddln,paddln breaking news,0,0,False
91329,BLIP Caption + BERT,add_noise,0,paddln,paddln breaking news,0,0,False
29789,BERT,remove_punctuation,1,ryanair asks wheelchair user to walk up stairs leaves her crying at the gate,ryanair asks wheelchair user to walk up stairs leaves her crying at the gate,1,1,False
29789,CLIP + MLP,remove_punctuation,1,ryanair asks wheelchair user to walk up stairs leaves her crying at the gate,ryanair asks wheelchair user to walk up stairs leaves her crying at the gate,0,0,False
29789,ViLT,remove_punctuation,1,ryanair asks wheelchair user to walk up stairs leaves her crying at the gate,ryanair asks wheelchair user to walk up stairs leaves her crying at the gate,0,0,False
29789,BLIP Caption + BERT,remove_punctuation,1,ryanair asks wheelchair user to walk up stairs leaves her crying at the gate,ryanair asks wheelchair user to walk up stairs leaves her crying at the gate,0,0,False
29789,BERT,remove_one_word,1,ryanair asks wheelchair user to walk up stairs leaves her crying at the gate,ryanair asks wheelchair user to walk up leaves her crying at the gate,1,1,False
29789,CLIP + MLP,remove_one_word,1,ryanair asks wheelchair user to walk up stairs leaves her crying at the gate,ryanair asks wheelchair user to walk up leaves her crying at the gate,0,0,False
29789,ViLT,remove_one_word,1,ryanair asks wheelchair user to walk up stairs leaves her crying at the gate,ryanair asks wheelchair user to walk up leaves her crying at the gate,0,0,False
29789,BLIP Caption + BERT,remove_one_word,1,ryanair asks wheelchair user to walk up stairs leaves her crying at the gate,ryanair asks wheelchair user to walk up leaves her crying at the gate,0,0,False
29789,BERT,add_noise,1,ryanair asks wheelchair user to walk up stairs leaves her crying at the gate,ryanair asks wheelchair user to walk up stairs leaves her crying at the gate breaking news,1,0,True
29789,CLIP + MLP,add_noise,1,ryanair asks wheelchair user to walk up stairs leaves her crying at the gate,ryanair asks wheelchair user to walk up stairs leaves her crying at the gate breaking news,0,0,False
29789,ViLT,add_noise,1,ryanair asks wheelchair user to walk up stairs leaves her crying at the gate,ryanair asks wheelchair user to walk up stairs leaves her crying at the gate breaking news,0,0,False
29789,BLIP Caption + BERT,add_noise,1,ryanair asks wheelchair user to walk up stairs leaves her crying at the gate,ryanair asks wheelchair user to walk up stairs leaves her crying at the gate breaking news,0,0,False
15132,BERT,remove_punctuation,1,a water filter after year of use in california,a water filter after year of use in california,1,1,False
15132,CLIP + MLP,remove_punctuation,1,a water filter after year of use in california,a water filter after year of use in california,1,1,False
15132,ViLT,remove_punctuation,1,a water filter after year of use in california,a water filter after year of use in california,0,0,False
15132,BLIP Caption + BERT,remove_punctuation,1,a water filter after year of use in california,a water filter after year of use in california,1,1,False
15132,BERT,remove_one_word,1,a water filter after year of use in california,a water filter after of use in california,1,1,False
15132,CLIP + MLP,remove_one_word,1,a water filter after year of use in california,a water filter after of use in california,1,1,False
15132,ViLT,remove_one_word,1,a water filter after year of use in california,a water filter after of use in california,0,0,False
15132,BLIP Caption + BERT,remove_one_word,1,a water filter after year of use in california,a water filter after of use in california,1,1,False
15132,BERT,add_noise,1,a water filter after year of use in california,a water filter after year of use in california breaking news,1,1,False
15132,CLIP + MLP,add_noise,1,a water filter after year of use in california,a water filter after year of use in california breaking news,1,1,False
15132,ViLT,add_noise,1,a water filter after year of use in california,a water filter after year of use in california breaking news,0,0,False
15132,BLIP Caption + BERT,add_noise,1,a water filter after year of use in california,a water filter after year of use in california breaking news,1,1,False
109837,BERT,remove_punctuation,0,wherever there is oppression there is resistance ca london printed poster highlighting protests against the use of rubber and plastic bullets by the security forces in northern irelandx,wherever there is oppression there is resistance ca london printed poster highlighting protests against the use of rubber and plastic bullets by the security forces in northern irelandx,0,0,False
109837,CLIP + MLP,remove_punctuation,0,wherever there is oppression there is resistance ca london printed poster highlighting protests against the use of rubber and plastic bullets by the security forces in northern irelandx,wherever there is oppression there is resistance ca london printed poster highlighting protests against the use of rubber and plastic bullets by the security forces in northern irelandx,0,0,False
109837,ViLT,remove_punctuation,0,wherever there is oppression there is resistance ca london printed poster highlighting protests against the use of rubber and plastic bullets by the security forces in northern irelandx,wherever there is oppression there is resistance ca london printed poster highlighting protests against the use of rubber and plastic bullets by the security forces in northern irelandx,1,1,False
109837,BLIP Caption + BERT,remove_punctuation,0,wherever there is oppression there is resistance ca london printed poster highlighting protests against the use of rubber and plastic bullets by the security forces in northern irelandx,wherever there is oppression there is resistance ca london printed poster highlighting protests against the use of rubber and plastic bullets by the security forces in northern irelandx,0,0,False
109837,BERT,remove_one_word,0,wherever there is oppression there is resistance ca london printed poster highlighting protests against the use of rubber and plastic bullets by the security forces in northern irelandx,wherever there is oppression there is resistance ca london printed poster highlighting protests against use of rubber and plastic bullets by the security forces in northern irelandx,0,0,False
109837,CLIP + MLP,remove_one_word,0,wherever there is oppression there is resistance ca london printed poster highlighting protests against the use of rubber and plastic bullets by the security forces in northern irelandx,wherever there is oppression there is resistance ca london printed poster highlighting protests against use of rubber and plastic bullets by the security forces in northern irelandx,0,0,False
109837,ViLT,remove_one_word,0,wherever there is oppression there is resistance ca london printed poster highlighting protests against the use of rubber and plastic bullets by the security forces in northern irelandx,wherever there is oppression there is resistance ca london printed poster highlighting protests against use of rubber and plastic bullets by the security forces in northern irelandx,1,1,False
109837,BLIP Caption + BERT,remove_one_word,0,wherever there is oppression there is resistance ca london printed poster highlighting protests against the use of rubber and plastic bullets by the security forces in northern irelandx,wherever there is oppression there is resistance ca london printed poster highlighting protests against use of rubber and plastic bullets by the security forces in northern irelandx,0,0,False
109837,BERT,add_noise,0,wherever there is oppression there is resistance ca london printed poster highlighting protests against the use of rubber and plastic bullets by the security forces in northern irelandx,wherever there is oppression there is resistance ca london printed poster highlighting protests against the use of rubber and plastic bullets by the security forces in northern irelandx breaking news,0,0,False
109837,CLIP + MLP,add_noise,0,wherever there is oppression there is resistance ca london printed poster highlighting protests against the use of rubber and plastic bullets by the security forces in northern irelandx,wherever there is oppression there is resistance ca london printed poster highlighting protests against the use of rubber and plastic bullets by the security forces in northern irelandx breaking news,0,0,False
109837,ViLT,add_noise,0,wherever there is oppression there is resistance ca london printed poster highlighting protests against the use of rubber and plastic bullets by the security forces in northern irelandx,wherever there is oppression there is resistance ca london printed poster highlighting protests against the use of rubber and plastic bullets by the security forces in northern irelandx breaking news,1,1,False
109837,BLIP Caption + BERT,add_noise,0,wherever there is oppression there is resistance ca london printed poster highlighting protests against the use of rubber and plastic bullets by the security forces in northern irelandx,wherever there is oppression there is resistance ca london printed poster highlighting protests against the use of rubber and plastic bullets by the security forces in northern irelandx breaking news,0,0,False
93622,BERT,remove_punctuation,0,vacuum villain mildly interesting told me this was better here,vacuum villain mildly interesting told me this was better here,0,0,False
93622,CLIP + MLP,remove_punctuation,0,vacuum villain mildly interesting told me this was better here,vacuum villain mildly interesting told me this was better here,0,0,False
93622,ViLT,remove_punctuation,0,vacuum villain mildly interesting told me this was better here,vacuum villain mildly interesting told me this was better here,1,1,False
93622,BLIP Caption + BERT,remove_punctuation,0,vacuum villain mildly interesting told me this was better here,vacuum villain mildly interesting told me this was better here,0,0,False
93622,BERT,remove_one_word,0,vacuum villain mildly interesting told me this was better here,vacuum villain mildly interesting told this was better here,0,0,False
93622,CLIP + MLP,remove_one_word,0,vacuum villain mildly interesting told me this was better here,vacuum villain mildly interesting told this was better here,0,0,False
93622,ViLT,remove_one_word,0,vacuum villain mildly interesting told me this was better here,vacuum villain mildly interesting told this was better here,1,1,False
93622,BLIP Caption + BERT,remove_one_word,0,vacuum villain mildly interesting told me this was better here,vacuum villain mildly interesting told this was better here,0,0,False
93622,BERT,add_noise,0,vacuum villain mildly interesting told me this was better here,vacuum villain mildly interesting told me this was better here breaking news,0,0,False
93622,CLIP + MLP,add_noise,0,vacuum villain mildly interesting told me this was better here,vacuum villain mildly interesting told me this was better here breaking news,0,0,False
93622,ViLT,add_noise,0,vacuum villain mildly interesting told me this was better here,vacuum villain mildly interesting told me this was better here breaking news,1,1,False
93622,BLIP Caption + BERT,add_noise,0,vacuum villain mildly interesting told me this was better here,vacuum villain mildly interesting told me this was better here breaking news,0,0,False
43905,BERT,remove_punctuation,1,the shadow of the tap looks like low hanging testicles,the shadow of the tap looks like low hanging testicles,1,1,False
43905,CLIP + MLP,remove_punctuation,1,the shadow of the tap looks like low hanging testicles,the shadow of the tap looks like low hanging testicles,1,1,False
43905,ViLT,remove_punctuation,1,the shadow of the tap looks like low hanging testicles,the shadow of the tap looks like low hanging testicles,1,1,False
43905,BLIP Caption + BERT,remove_punctuation,1,the shadow of the tap looks like low hanging testicles,the shadow of the tap looks like low hanging testicles,0,0,False
43905,BERT,remove_one_word,1,the shadow of the tap looks like low hanging testicles,the shadow of the tap like low hanging testicles,1,1,False
43905,CLIP + MLP,remove_one_word,1,the shadow of the tap looks like low hanging testicles,the shadow of the tap like low hanging testicles,1,0,True
43905,ViLT,remove_one_word,1,the shadow of the tap looks like low hanging testicles,the shadow of the tap like low hanging testicles,1,1,False
43905,BLIP Caption + BERT,remove_one_word,1,the shadow of the tap looks like low hanging testicles,the shadow of the tap like low hanging testicles,0,0,False
43905,BERT,add_noise,1,the shadow of the tap looks like low hanging testicles,the shadow of the tap looks like low hanging testicles breaking news,1,0,True
43905,CLIP + MLP,add_noise,1,the shadow of the tap looks like low hanging testicles,the shadow of the tap looks like low hanging testicles breaking news,1,1,False
43905,ViLT,add_noise,1,the shadow of the tap looks like low hanging testicles,the shadow of the tap looks like low hanging testicles breaking news,1,1,False
43905,BLIP Caption + BERT,add_noise,1,the shadow of the tap looks like low hanging testicles,the shadow of the tap looks like low hanging testicles breaking news,0,0,False
106524,BERT,remove_punctuation,1,my cat is several cats in one,my cat is several cats in one,1,1,False
106524,CLIP + MLP,remove_punctuation,1,my cat is several cats in one,my cat is several cats in one,0,0,False
106524,ViLT,remove_punctuation,1,my cat is several cats in one,my cat is several cats in one,1,1,False
106524,BLIP Caption + BERT,remove_punctuation,1,my cat is several cats in one,my cat is several cats in one,0,0,False
106524,BERT,remove_one_word,1,my cat is several cats in one,my cat is cats in one,1,0,True
106524,CLIP + MLP,remove_one_word,1,my cat is several cats in one,my cat is cats in one,0,0,False
106524,ViLT,remove_one_word,1,my cat is several cats in one,my cat is cats in one,1,1,False
106524,BLIP Caption + BERT,remove_one_word,1,my cat is several cats in one,my cat is cats in one,0,0,False
106524,BERT,add_noise,1,my cat is several cats in one,my cat is several cats in one breaking news,1,0,True
106524,CLIP + MLP,add_noise,1,my cat is several cats in one,my cat is several cats in one breaking news,0,0,False
106524,ViLT,add_noise,1,my cat is several cats in one,my cat is several cats in one breaking news,1,1,False
106524,BLIP Caption + BERT,add_noise,1,my cat is several cats in one,my cat is several cats in one breaking news,0,0,False
10760,BERT,remove_punctuation,1,this woodstock poster we found underneath the drywall at my cousins house,this woodstock poster we found underneath the drywall at my cousins house,1,1,False
10760,CLIP + MLP,remove_punctuation,1,this woodstock poster we found underneath the drywall at my cousins house,this woodstock poster we found underneath the drywall at my cousins house,1,1,False
10760,ViLT,remove_punctuation,1,this woodstock poster we found underneath the drywall at my cousins house,this woodstock poster we found underneath the drywall at my cousins house,1,1,False
10760,BLIP Caption + BERT,remove_punctuation,1,this woodstock poster we found underneath the drywall at my cousins house,this woodstock poster we found underneath the drywall at my cousins house,0,0,False
10760,BERT,remove_one_word,1,this woodstock poster we found underneath the drywall at my cousins house,this woodstock poster we found underneath drywall at my cousins house,1,1,False
10760,CLIP + MLP,remove_one_word,1,this woodstock poster we found underneath the drywall at my cousins house,this woodstock poster we found underneath drywall at my cousins house,1,1,False
10760,ViLT,remove_one_word,1,this woodstock poster we found underneath the drywall at my cousins house,this woodstock poster we found underneath drywall at my cousins house,1,1,False
10760,BLIP Caption + BERT,remove_one_word,1,this woodstock poster we found underneath the drywall at my cousins house,this woodstock poster we found underneath drywall at my cousins house,0,0,False
10760,BERT,add_noise,1,this woodstock poster we found underneath the drywall at my cousins house,this woodstock poster we found underneath the drywall at my cousins house breaking news,1,0,True
10760,CLIP + MLP,add_noise,1,this woodstock poster we found underneath the drywall at my cousins house,this woodstock poster we found underneath the drywall at my cousins house breaking news,1,1,False
10760,ViLT,add_noise,1,this woodstock poster we found underneath the drywall at my cousins house,this woodstock poster we found underneath the drywall at my cousins house breaking news,1,1,False
10760,BLIP Caption + BERT,add_noise,1,this woodstock poster we found underneath the drywall at my cousins house,this woodstock poster we found underneath the drywall at my cousins house breaking news,0,0,False
98259,BERT,remove_punctuation,1,sam bradford at rams fanfest today,sam bradford at rams fanfest today,1,1,False
98259,CLIP + MLP,remove_punctuation,1,sam bradford at rams fanfest today,sam bradford at rams fanfest today,0,0,False
98259,ViLT,remove_punctuation,1,sam bradford at rams fanfest today,sam bradford at rams fanfest today,0,0,False
98259,BLIP Caption + BERT,remove_punctuation,1,sam bradford at rams fanfest today,sam bradford at rams fanfest today,0,0,False
98259,BERT,remove_one_word,1,sam bradford at rams fanfest today,sam bradford at fanfest today,1,1,False
98259,CLIP + MLP,remove_one_word,1,sam bradford at rams fanfest today,sam bradford at fanfest today,0,0,False
98259,ViLT,remove_one_word,1,sam bradford at rams fanfest today,sam bradford at fanfest today,0,0,False
98259,BLIP Caption + BERT,remove_one_word,1,sam bradford at rams fanfest today,sam bradford at fanfest today,0,0,False
98259,BERT,add_noise,1,sam bradford at rams fanfest today,sam bradford at rams fanfest today breaking news,1,0,True
98259,CLIP + MLP,add_noise,1,sam bradford at rams fanfest today,sam bradford at rams fanfest today breaking news,0,0,False
98259,ViLT,add_noise,1,sam bradford at rams fanfest today,sam bradford at rams fanfest today breaking news,0,0,False
98259,BLIP Caption + BERT,add_noise,1,sam bradford at rams fanfest today,sam bradford at rams fanfest today breaking news,0,0,False
88144,BERT,remove_punctuation,0,spaghetti and meatballs,spaghetti and meatballs,0,0,False
88144,CLIP + MLP,remove_punctuation,0,spaghetti and meatballs,spaghetti and meatballs,0,0,False
88144,ViLT,remove_punctuation,0,spaghetti and meatballs,spaghetti and meatballs,0,0,False
88144,BLIP Caption + BERT,remove_punctuation,0,spaghetti and meatballs,spaghetti and meatballs,1,1,False
88144,BERT,remove_one_word,0,spaghetti and meatballs,spaghetti and meatballs,0,0,False
88144,CLIP + MLP,remove_one_word,0,spaghetti and meatballs,spaghetti and meatballs,0,0,False
88144,ViLT,remove_one_word,0,spaghetti and meatballs,spaghetti and meatballs,0,0,False
88144,BLIP Caption + BERT,remove_one_word,0,spaghetti and meatballs,spaghetti and meatballs,1,1,False
88144,BERT,add_noise,0,spaghetti and meatballs,spaghetti and meatballs breaking news,0,0,False
88144,CLIP + MLP,add_noise,0,spaghetti and meatballs,spaghetti and meatballs breaking news,0,0,False
88144,ViLT,add_noise,0,spaghetti and meatballs,spaghetti and meatballs breaking news,0,0,False
88144,BLIP Caption + BERT,add_noise,0,spaghetti and meatballs,spaghetti and meatballs breaking news,1,1,False
67504,BERT,remove_punctuation,0,wish you were here,wish you were here,0,0,False
67504,CLIP + MLP,remove_punctuation,0,wish you were here,wish you were here,0,0,False
67504,ViLT,remove_punctuation,0,wish you were here,wish you were here,0,0,False
67504,BLIP Caption + BERT,remove_punctuation,0,wish you were here,wish you were here,0,0,False
67504,BERT,remove_one_word,0,wish you were here,wish you here,0,0,False
67504,CLIP + MLP,remove_one_word,0,wish you were here,wish you here,0,0,False
67504,ViLT,remove_one_word,0,wish you were here,wish you here,0,0,False
67504,BLIP Caption + BERT,remove_one_word,0,wish you were here,wish you here,0,0,False
67504,BERT,add_noise,0,wish you were here,wish you were here breaking news,0,0,False
67504,CLIP + MLP,add_noise,0,wish you were here,wish you were here breaking news,0,0,False
67504,ViLT,add_noise,0,wish you were here,wish you were here breaking news,0,0,False
67504,BLIP Caption + BERT,add_noise,0,wish you were here,wish you were here breaking news,0,0,False
10270,BERT,remove_punctuation,1,hairs growing from follicle source my chin,hairs growing from follicle source my chin,1,1,False
10270,CLIP + MLP,remove_punctuation,1,hairs growing from follicle source my chin,hairs growing from follicle source my chin,0,0,False
10270,ViLT,remove_punctuation,1,hairs growing from follicle source my chin,hairs growing from follicle source my chin,0,0,False
10270,BLIP Caption + BERT,remove_punctuation,1,hairs growing from follicle source my chin,hairs growing from follicle source my chin,0,0,False
10270,BERT,remove_one_word,1,hairs growing from follicle source my chin,hairs growing from source my chin,1,0,True
10270,CLIP + MLP,remove_one_word,1,hairs growing from follicle source my chin,hairs growing from source my chin,0,0,False
10270,ViLT,remove_one_word,1,hairs growing from follicle source my chin,hairs growing from source my chin,0,0,False
10270,BLIP Caption + BERT,remove_one_word,1,hairs growing from follicle source my chin,hairs growing from source my chin,0,0,False
10270,BERT,add_noise,1,hairs growing from follicle source my chin,hairs growing from follicle source my chin breaking news,1,1,False
10270,CLIP + MLP,add_noise,1,hairs growing from follicle source my chin,hairs growing from follicle source my chin breaking news,0,0,False
10270,ViLT,add_noise,1,hairs growing from follicle source my chin,hairs growing from follicle source my chin breaking news,0,1,True
10270,BLIP Caption + BERT,add_noise,1,hairs growing from follicle source my chin,hairs growing from follicle source my chin breaking news,0,0,False
49615,BERT,remove_punctuation,1,lights in a tunnel made all my candy the same colour,lights in a tunnel made all my candy the same colour,1,1,False
49615,CLIP + MLP,remove_punctuation,1,lights in a tunnel made all my candy the same colour,lights in a tunnel made all my candy the same colour,1,1,False
49615,ViLT,remove_punctuation,1,lights in a tunnel made all my candy the same colour,lights in a tunnel made all my candy the same colour,1,1,False
49615,BLIP Caption + BERT,remove_punctuation,1,lights in a tunnel made all my candy the same colour,lights in a tunnel made all my candy the same colour,0,0,False
49615,BERT,remove_one_word,1,lights in a tunnel made all my candy the same colour,lights in a tunnel made my candy the same colour,1,1,False
49615,CLIP + MLP,remove_one_word,1,lights in a tunnel made all my candy the same colour,lights in a tunnel made my candy the same colour,1,1,False
49615,ViLT,remove_one_word,1,lights in a tunnel made all my candy the same colour,lights in a tunnel made my candy the same colour,1,1,False
49615,BLIP Caption + BERT,remove_one_word,1,lights in a tunnel made all my candy the same colour,lights in a tunnel made my candy the same colour,0,0,False
49615,BERT,add_noise,1,lights in a tunnel made all my candy the same colour,lights in a tunnel made all my candy the same colour breaking news,1,0,True
49615,CLIP + MLP,add_noise,1,lights in a tunnel made all my candy the same colour,lights in a tunnel made all my candy the same colour breaking news,1,1,False
49615,ViLT,add_noise,1,lights in a tunnel made all my candy the same colour,lights in a tunnel made all my candy the same colour breaking news,1,1,False
49615,BLIP Caption + BERT,add_noise,1,lights in a tunnel made all my candy the same colour,lights in a tunnel made all my candy the same colour breaking news,0,0,False
24320,BERT,remove_punctuation,0,this jurassic arcade chair is terrified,this jurassic arcade chair is terrified,0,0,False
24320,CLIP + MLP,remove_punctuation,0,this jurassic arcade chair is terrified,this jurassic arcade chair is terrified,1,1,False
24320,ViLT,remove_punctuation,0,this jurassic arcade chair is terrified,this jurassic arcade chair is terrified,0,0,False
24320,BLIP Caption + BERT,remove_punctuation,0,this jurassic arcade chair is terrified,this jurassic arcade chair is terrified,0,0,False
24320,BERT,remove_one_word,0,this jurassic arcade chair is terrified,this jurassic arcade is terrified,0,0,False
24320,CLIP + MLP,remove_one_word,0,this jurassic arcade chair is terrified,this jurassic arcade is terrified,1,1,False
24320,ViLT,remove_one_word,0,this jurassic arcade chair is terrified,this jurassic arcade is terrified,0,0,False
24320,BLIP Caption + BERT,remove_one_word,0,this jurassic arcade chair is terrified,this jurassic arcade is terrified,0,0,False
24320,BERT,add_noise,0,this jurassic arcade chair is terrified,this jurassic arcade chair is terrified breaking news,0,0,False
24320,CLIP + MLP,add_noise,0,this jurassic arcade chair is terrified,this jurassic arcade chair is terrified breaking news,1,1,False
24320,ViLT,add_noise,0,this jurassic arcade chair is terrified,this jurassic arcade chair is terrified breaking news,0,0,False
24320,BLIP Caption + BERT,add_noise,0,this jurassic arcade chair is terrified,this jurassic arcade chair is terrified breaking news,0,0,False
12712,BERT,remove_punctuation,0,those picture hangers must have seen something scandalous,those picture hangers must have seen something scandalous,0,0,False
12712,CLIP + MLP,remove_punctuation,0,those picture hangers must have seen something scandalous,those picture hangers must have seen something scandalous,0,0,False
12712,ViLT,remove_punctuation,0,those picture hangers must have seen something scandalous,those picture hangers must have seen something scandalous,0,0,False
12712,BLIP Caption + BERT,remove_punctuation,0,those picture hangers must have seen something scandalous,those picture hangers must have seen something scandalous,0,0,False
12712,BERT,remove_one_word,0,those picture hangers must have seen something scandalous,those picture hangers must seen something scandalous,0,0,False
12712,CLIP + MLP,remove_one_word,0,those picture hangers must have seen something scandalous,those picture hangers must seen something scandalous,0,0,False
12712,ViLT,remove_one_word,0,those picture hangers must have seen something scandalous,those picture hangers must seen something scandalous,0,1,True
12712,BLIP Caption + BERT,remove_one_word,0,those picture hangers must have seen something scandalous,those picture hangers must seen something scandalous,0,0,False
12712,BERT,add_noise,0,those picture hangers must have seen something scandalous,those picture hangers must have seen something scandalous breaking news,0,0,False
12712,CLIP + MLP,add_noise,0,those picture hangers must have seen something scandalous,those picture hangers must have seen something scandalous breaking news,0,0,False
12712,ViLT,add_noise,0,those picture hangers must have seen something scandalous,those picture hangers must have seen something scandalous breaking news,0,1,True
12712,BLIP Caption + BERT,add_noise,0,those picture hangers must have seen something scandalous,those picture hangers must have seen something scandalous breaking news,0,0,False
31491,BERT,remove_punctuation,0,the plunge,the plunge,0,0,False
31491,CLIP + MLP,remove_punctuation,0,the plunge,the plunge,0,0,False
31491,ViLT,remove_punctuation,0,the plunge,the plunge,0,0,False
31491,BLIP Caption + BERT,remove_punctuation,0,the plunge,the plunge,0,0,False
31491,BERT,remove_one_word,0,the plunge,the plunge,0,0,False
31491,CLIP + MLP,remove_one_word,0,the plunge,the plunge,0,0,False
31491,ViLT,remove_one_word,0,the plunge,the plunge,0,0,False
31491,BLIP Caption + BERT,remove_one_word,0,the plunge,the plunge,0,0,False
31491,BERT,add_noise,0,the plunge,the plunge breaking news,0,0,False
31491,CLIP + MLP,add_noise,0,the plunge,the plunge breaking news,0,0,False
31491,ViLT,add_noise,0,the plunge,the plunge breaking news,0,0,False
31491,BLIP Caption + BERT,add_noise,0,the plunge,the plunge breaking news,0,0,False
94321,BERT,remove_punctuation,1,de wallen has a new sex theatre d porn opens this saturday,de wallen has a new sex theatre d porn opens this saturday,1,1,False
94321,CLIP + MLP,remove_punctuation,1,de wallen has a new sex theatre d porn opens this saturday,de wallen has a new sex theatre d porn opens this saturday,0,0,False
94321,ViLT,remove_punctuation,1,de wallen has a new sex theatre d porn opens this saturday,de wallen has a new sex theatre d porn opens this saturday,0,0,False
94321,BLIP Caption + BERT,remove_punctuation,1,de wallen has a new sex theatre d porn opens this saturday,de wallen has a new sex theatre d porn opens this saturday,0,0,False
94321,BERT,remove_one_word,1,de wallen has a new sex theatre d porn opens this saturday,de wallen has a new sex d porn opens this saturday,1,1,False
94321,CLIP + MLP,remove_one_word,1,de wallen has a new sex theatre d porn opens this saturday,de wallen has a new sex d porn opens this saturday,0,0,False
94321,ViLT,remove_one_word,1,de wallen has a new sex theatre d porn opens this saturday,de wallen has a new sex d porn opens this saturday,0,0,False
94321,BLIP Caption + BERT,remove_one_word,1,de wallen has a new sex theatre d porn opens this saturday,de wallen has a new sex d porn opens this saturday,0,0,False
94321,BERT,add_noise,1,de wallen has a new sex theatre d porn opens this saturday,de wallen has a new sex theatre d porn opens this saturday breaking news,1,0,True
94321,CLIP + MLP,add_noise,1,de wallen has a new sex theatre d porn opens this saturday,de wallen has a new sex theatre d porn opens this saturday breaking news,0,0,False
94321,ViLT,add_noise,1,de wallen has a new sex theatre d porn opens this saturday,de wallen has a new sex theatre d porn opens this saturday breaking news,0,0,False
94321,BLIP Caption + BERT,add_noise,1,de wallen has a new sex theatre d porn opens this saturday,de wallen has a new sex theatre d porn opens this saturday breaking news,0,0,False
71251,BERT,remove_punctuation,0,cutouts,cutouts,0,0,False
71251,CLIP + MLP,remove_punctuation,0,cutouts,cutouts,0,0,False
71251,ViLT,remove_punctuation,0,cutouts,cutouts,0,0,False
71251,BLIP Caption + BERT,remove_punctuation,0,cutouts,cutouts,0,0,False
71251,BERT,remove_one_word,0,cutouts,cutouts,0,0,False
71251,CLIP + MLP,remove_one_word,0,cutouts,cutouts,0,0,False
71251,ViLT,remove_one_word,0,cutouts,cutouts,0,0,False
71251,BLIP Caption + BERT,remove_one_word,0,cutouts,cutouts,0,0,False
71251,BERT,add_noise,0,cutouts,cutouts breaking news,0,0,False
71251,CLIP + MLP,add_noise,0,cutouts,cutouts breaking news,0,0,False
71251,ViLT,add_noise,0,cutouts,cutouts breaking news,0,0,False
71251,BLIP Caption + BERT,add_noise,0,cutouts,cutouts breaking news,0,0,False
73571,BERT,remove_punctuation,1,mark wahlberg showing his buttcrack,mark wahlberg showing his buttcrack,1,1,False
73571,CLIP + MLP,remove_punctuation,1,mark wahlberg showing his buttcrack,mark wahlberg showing his buttcrack,0,0,False
73571,ViLT,remove_punctuation,1,mark wahlberg showing his buttcrack,mark wahlberg showing his buttcrack,0,0,False
73571,BLIP Caption + BERT,remove_punctuation,1,mark wahlberg showing his buttcrack,mark wahlberg showing his buttcrack,0,0,False
73571,BERT,remove_one_word,1,mark wahlberg showing his buttcrack,mark wahlberg his buttcrack,1,0,True
73571,CLIP + MLP,remove_one_word,1,mark wahlberg showing his buttcrack,mark wahlberg his buttcrack,0,0,False
73571,ViLT,remove_one_word,1,mark wahlberg showing his buttcrack,mark wahlberg his buttcrack,0,0,False
73571,BLIP Caption + BERT,remove_one_word,1,mark wahlberg showing his buttcrack,mark wahlberg his buttcrack,0,0,False
73571,BERT,add_noise,1,mark wahlberg showing his buttcrack,mark wahlberg showing his buttcrack breaking news,1,0,True
73571,CLIP + MLP,add_noise,1,mark wahlberg showing his buttcrack,mark wahlberg showing his buttcrack breaking news,0,0,False
73571,ViLT,add_noise,1,mark wahlberg showing his buttcrack,mark wahlberg showing his buttcrack breaking news,0,0,False
73571,BLIP Caption + BERT,add_noise,1,mark wahlberg showing his buttcrack,mark wahlberg showing his buttcrack breaking news,0,0,False
49273,BERT,remove_punctuation,0,anyone else feeling this,anyone else feeling this,0,0,False
49273,CLIP + MLP,remove_punctuation,0,anyone else feeling this,anyone else feeling this,0,0,False
49273,ViLT,remove_punctuation,0,anyone else feeling this,anyone else feeling this,0,0,False
49273,BLIP Caption + BERT,remove_punctuation,0,anyone else feeling this,anyone else feeling this,0,0,False
49273,BERT,remove_one_word,0,anyone else feeling this,anyone else this,0,0,False
49273,CLIP + MLP,remove_one_word,0,anyone else feeling this,anyone else this,0,0,False
49273,ViLT,remove_one_word,0,anyone else feeling this,anyone else this,0,0,False
49273,BLIP Caption + BERT,remove_one_word,0,anyone else feeling this,anyone else this,0,0,False
49273,BERT,add_noise,0,anyone else feeling this,anyone else feeling this breaking news,0,0,False
49273,CLIP + MLP,add_noise,0,anyone else feeling this,anyone else feeling this breaking news,0,0,False
49273,ViLT,add_noise,0,anyone else feeling this,anyone else feeling this breaking news,0,0,False
49273,BLIP Caption + BERT,add_noise,0,anyone else feeling this,anyone else feeling this breaking news,0,0,False
77084,BERT,remove_punctuation,0,s households with a single child or two daughters will receive benefits from the government details in comments,s households with a single child or two daughters will receive benefits from the government details in comments,1,1,False
77084,CLIP + MLP,remove_punctuation,0,s households with a single child or two daughters will receive benefits from the government details in comments,s households with a single child or two daughters will receive benefits from the government details in comments,0,0,False
77084,ViLT,remove_punctuation,0,s households with a single child or two daughters will receive benefits from the government details in comments,s households with a single child or two daughters will receive benefits from the government details in comments,0,0,False
77084,BLIP Caption + BERT,remove_punctuation,0,s households with a single child or two daughters will receive benefits from the government details in comments,s households with a single child or two daughters will receive benefits from the government details in comments,1,1,False
77084,BERT,remove_one_word,0,s households with a single child or two daughters will receive benefits from the government details in comments,s households with a single child or two daughters receive benefits from the government details in comments,1,1,False
77084,CLIP + MLP,remove_one_word,0,s households with a single child or two daughters will receive benefits from the government details in comments,s households with a single child or two daughters receive benefits from the government details in comments,0,0,False
77084,ViLT,remove_one_word,0,s households with a single child or two daughters will receive benefits from the government details in comments,s households with a single child or two daughters receive benefits from the government details in comments,0,0,False
77084,BLIP Caption + BERT,remove_one_word,0,s households with a single child or two daughters will receive benefits from the government details in comments,s households with a single child or two daughters receive benefits from the government details in comments,1,1,False
77084,BERT,add_noise,0,s households with a single child or two daughters will receive benefits from the government details in comments,s households with a single child or two daughters will receive benefits from the government details in comments breaking news,1,1,False
77084,CLIP + MLP,add_noise,0,s households with a single child or two daughters will receive benefits from the government details in comments,s households with a single child or two daughters will receive benefits from the government details in comments breaking news,0,0,False
77084,ViLT,add_noise,0,s households with a single child or two daughters will receive benefits from the government details in comments,s households with a single child or two daughters will receive benefits from the government details in comments breaking news,0,0,False
77084,BLIP Caption + BERT,add_noise,0,s households with a single child or two daughters will receive benefits from the government details in comments,s households with a single child or two daughters will receive benefits from the government details in comments breaking news,1,1,False
58531,BERT,remove_punctuation,0,like this,like this,0,0,False
58531,CLIP + MLP,remove_punctuation,0,like this,like this,0,0,False
58531,ViLT,remove_punctuation,0,like this,like this,0,0,False
58531,BLIP Caption + BERT,remove_punctuation,0,like this,like this,0,0,False
58531,BERT,remove_one_word,0,like this,like this,0,0,False
58531,CLIP + MLP,remove_one_word,0,like this,like this,0,0,False
58531,ViLT,remove_one_word,0,like this,like this,0,0,False
58531,BLIP Caption + BERT,remove_one_word,0,like this,like this,0,0,False
58531,BERT,add_noise,0,like this,like this breaking news,0,0,False
58531,CLIP + MLP,add_noise,0,like this,like this breaking news,0,0,False
58531,ViLT,add_noise,0,like this,like this breaking news,0,0,False
58531,BLIP Caption + BERT,add_noise,0,like this,like this breaking news,0,0,False
29626,BERT,remove_punctuation,0,piethulu,piethulu,0,0,False
29626,CLIP + MLP,remove_punctuation,0,piethulu,piethulu,0,0,False
29626,ViLT,remove_punctuation,0,piethulu,piethulu,0,0,False
29626,BLIP Caption + BERT,remove_punctuation,0,piethulu,piethulu,0,0,False
29626,BERT,remove_one_word,0,piethulu,piethulu,0,0,False
29626,CLIP + MLP,remove_one_word,0,piethulu,piethulu,0,0,False
29626,ViLT,remove_one_word,0,piethulu,piethulu,0,0,False
29626,BLIP Caption + BERT,remove_one_word,0,piethulu,piethulu,0,0,False
29626,BERT,add_noise,0,piethulu,piethulu breaking news,0,0,False
29626,CLIP + MLP,add_noise,0,piethulu,piethulu breaking news,0,0,False
29626,ViLT,add_noise,0,piethulu,piethulu breaking news,0,0,False
29626,BLIP Caption + BERT,add_noise,0,piethulu,piethulu breaking news,0,0,False
87079,BERT,remove_punctuation,1,the sustain pedal on this piano is much more worn in from peoples feet than the soft pedal,the sustain pedal on this piano is much more worn in from peoples feet than the soft pedal,1,1,False
87079,CLIP + MLP,remove_punctuation,1,the sustain pedal on this piano is much more worn in from peoples feet than the soft pedal,the sustain pedal on this piano is much more worn in from peoples feet than the soft pedal,1,1,False
87079,ViLT,remove_punctuation,1,the sustain pedal on this piano is much more worn in from peoples feet than the soft pedal,the sustain pedal on this piano is much more worn in from peoples feet than the soft pedal,1,1,False
87079,BLIP Caption + BERT,remove_punctuation,1,the sustain pedal on this piano is much more worn in from peoples feet than the soft pedal,the sustain pedal on this piano is much more worn in from peoples feet than the soft pedal,0,0,False
87079,BERT,remove_one_word,1,the sustain pedal on this piano is much more worn in from peoples feet than the soft pedal,the sustain pedal on this piano is much more in from peoples feet than the soft pedal,1,1,False
87079,CLIP + MLP,remove_one_word,1,the sustain pedal on this piano is much more worn in from peoples feet than the soft pedal,the sustain pedal on this piano is much more in from peoples feet than the soft pedal,1,1,False
87079,ViLT,remove_one_word,1,the sustain pedal on this piano is much more worn in from peoples feet than the soft pedal,the sustain pedal on this piano is much more in from peoples feet than the soft pedal,1,1,False
87079,BLIP Caption + BERT,remove_one_word,1,the sustain pedal on this piano is much more worn in from peoples feet than the soft pedal,the sustain pedal on this piano is much more in from peoples feet than the soft pedal,0,0,False
87079,BERT,add_noise,1,the sustain pedal on this piano is much more worn in from peoples feet than the soft pedal,the sustain pedal on this piano is much more worn in from peoples feet than the soft pedal breaking news,1,0,True
87079,CLIP + MLP,add_noise,1,the sustain pedal on this piano is much more worn in from peoples feet than the soft pedal,the sustain pedal on this piano is much more worn in from peoples feet than the soft pedal breaking news,1,1,False
87079,ViLT,add_noise,1,the sustain pedal on this piano is much more worn in from peoples feet than the soft pedal,the sustain pedal on this piano is much more worn in from peoples feet than the soft pedal breaking news,1,1,False
87079,BLIP Caption + BERT,add_noise,1,the sustain pedal on this piano is much more worn in from peoples feet than the soft pedal,the sustain pedal on this piano is much more worn in from peoples feet than the soft pedal breaking news,0,0,False
13993,BERT,remove_punctuation,0,other discussions,other discussions,0,0,False
13993,CLIP + MLP,remove_punctuation,0,other discussions,other discussions,0,0,False
13993,ViLT,remove_punctuation,0,other discussions,other discussions,0,0,False
13993,BLIP Caption + BERT,remove_punctuation,0,other discussions,other discussions,0,0,False
13993,BERT,remove_one_word,0,other discussions,other discussions,0,0,False
13993,CLIP + MLP,remove_one_word,0,other discussions,other discussions,0,0,False
13993,ViLT,remove_one_word,0,other discussions,other discussions,0,0,False
13993,BLIP Caption + BERT,remove_one_word,0,other discussions,other discussions,0,0,False
13993,BERT,add_noise,0,other discussions,other discussions breaking news,0,0,False
13993,CLIP + MLP,add_noise,0,other discussions,other discussions breaking news,0,0,False
13993,ViLT,add_noise,0,other discussions,other discussions breaking news,0,0,False
13993,BLIP Caption + BERT,add_noise,0,other discussions,other discussions breaking news,0,0,False
73430,BERT,remove_punctuation,0,a song you might remember from the good ol days,a song you might remember from the good ol days,0,0,False
73430,CLIP + MLP,remove_punctuation,0,a song you might remember from the good ol days,a song you might remember from the good ol days,0,0,False
73430,ViLT,remove_punctuation,0,a song you might remember from the good ol days,a song you might remember from the good ol days,0,0,False
73430,BLIP Caption + BERT,remove_punctuation,0,a song you might remember from the good ol days,a song you might remember from the good ol days,0,0,False
73430,BERT,remove_one_word,0,a song you might remember from the good ol days,a song you might remember the good ol days,0,0,False
73430,CLIP + MLP,remove_one_word,0,a song you might remember from the good ol days,a song you might remember the good ol days,0,0,False
73430,ViLT,remove_one_word,0,a song you might remember from the good ol days,a song you might remember the good ol days,0,0,False
73430,BLIP Caption + BERT,remove_one_word,0,a song you might remember from the good ol days,a song you might remember the good ol days,0,0,False
73430,BERT,add_noise,0,a song you might remember from the good ol days,a song you might remember from the good ol days breaking news,0,0,False
73430,CLIP + MLP,add_noise,0,a song you might remember from the good ol days,a song you might remember from the good ol days breaking news,0,0,False
73430,ViLT,add_noise,0,a song you might remember from the good ol days,a song you might remember from the good ol days breaking news,0,0,False
73430,BLIP Caption + BERT,add_noise,0,a song you might remember from the good ol days,a song you might remember from the good ol days breaking news,0,0,False
34876,BERT,remove_punctuation,0,spaceprincess,spaceprincess,0,0,False
34876,CLIP + MLP,remove_punctuation,0,spaceprincess,spaceprincess,0,0,False
34876,ViLT,remove_punctuation,0,spaceprincess,spaceprincess,0,0,False
34876,BLIP Caption + BERT,remove_punctuation,0,spaceprincess,spaceprincess,0,0,False
34876,BERT,remove_one_word,0,spaceprincess,spaceprincess,0,0,False
34876,CLIP + MLP,remove_one_word,0,spaceprincess,spaceprincess,0,0,False
34876,ViLT,remove_one_word,0,spaceprincess,spaceprincess,0,0,False
34876,BLIP Caption + BERT,remove_one_word,0,spaceprincess,spaceprincess,0,0,False
34876,BERT,add_noise,0,spaceprincess,spaceprincess breaking news,0,0,False
34876,CLIP + MLP,add_noise,0,spaceprincess,spaceprincess breaking news,0,0,False
34876,ViLT,add_noise,0,spaceprincess,spaceprincess breaking news,0,0,False
34876,BLIP Caption + BERT,add_noise,0,spaceprincess,spaceprincess breaking news,0,0,False
61042,BERT,remove_punctuation,0,try your luck,try your luck,0,0,False
61042,CLIP + MLP,remove_punctuation,0,try your luck,try your luck,0,0,False
61042,ViLT,remove_punctuation,0,try your luck,try your luck,0,0,False
61042,BLIP Caption + BERT,remove_punctuation,0,try your luck,try your luck,0,0,False
61042,BERT,remove_one_word,0,try your luck,try your luck,0,0,False
61042,CLIP + MLP,remove_one_word,0,try your luck,try your luck,0,0,False
61042,ViLT,remove_one_word,0,try your luck,try your luck,0,0,False
61042,BLIP Caption + BERT,remove_one_word,0,try your luck,try your luck,0,0,False
61042,BERT,add_noise,0,try your luck,try your luck breaking news,0,0,False
61042,CLIP + MLP,add_noise,0,try your luck,try your luck breaking news,0,0,False
61042,ViLT,add_noise,0,try your luck,try your luck breaking news,0,0,False
61042,BLIP Caption + BERT,add_noise,0,try your luck,try your luck breaking news,0,0,False
99769,BERT,remove_punctuation,1,sec brought unprotected computers with sensitive stock data to black hat security conference,sec brought unprotected computers with sensitive stock data to black hat security conference,1,1,False
99769,CLIP + MLP,remove_punctuation,1,sec brought unprotected computers with sensitive stock data to black hat security conference,sec brought unprotected computers with sensitive stock data to black hat security conference,0,0,False
99769,ViLT,remove_punctuation,1,sec brought unprotected computers with sensitive stock data to black hat security conference,sec brought unprotected computers with sensitive stock data to black hat security conference,0,0,False
99769,BLIP Caption + BERT,remove_punctuation,1,sec brought unprotected computers with sensitive stock data to black hat security conference,sec brought unprotected computers with sensitive stock data to black hat security conference,1,1,False
99769,BERT,remove_one_word,1,sec brought unprotected computers with sensitive stock data to black hat security conference,sec brought unprotected computers with sensitive data to black hat security conference,1,1,False
99769,CLIP + MLP,remove_one_word,1,sec brought unprotected computers with sensitive stock data to black hat security conference,sec brought unprotected computers with sensitive data to black hat security conference,0,0,False
99769,ViLT,remove_one_word,1,sec brought unprotected computers with sensitive stock data to black hat security conference,sec brought unprotected computers with sensitive data to black hat security conference,0,0,False
99769,BLIP Caption + BERT,remove_one_word,1,sec brought unprotected computers with sensitive stock data to black hat security conference,sec brought unprotected computers with sensitive data to black hat security conference,1,1,False
99769,BERT,add_noise,1,sec brought unprotected computers with sensitive stock data to black hat security conference,sec brought unprotected computers with sensitive stock data to black hat security conference breaking news,1,1,False
99769,CLIP + MLP,add_noise,1,sec brought unprotected computers with sensitive stock data to black hat security conference,sec brought unprotected computers with sensitive stock data to black hat security conference breaking news,0,0,False
99769,ViLT,add_noise,1,sec brought unprotected computers with sensitive stock data to black hat security conference,sec brought unprotected computers with sensitive stock data to black hat security conference breaking news,0,0,False
99769,BLIP Caption + BERT,add_noise,1,sec brought unprotected computers with sensitive stock data to black hat security conference,sec brought unprotected computers with sensitive stock data to black hat security conference breaking news,1,1,False
12870,BERT,remove_punctuation,0,rfakehistoryporn subscribers as they attempt to read a series of basic instructions,rfakehistoryporn subscribers as they attempt to read a series of basic instructions,0,0,False
12870,CLIP + MLP,remove_punctuation,0,rfakehistoryporn subscribers as they attempt to read a series of basic instructions,rfakehistoryporn subscribers as they attempt to read a series of basic instructions,0,0,False
12870,ViLT,remove_punctuation,0,rfakehistoryporn subscribers as they attempt to read a series of basic instructions,rfakehistoryporn subscribers as they attempt to read a series of basic instructions,0,0,False
12870,BLIP Caption + BERT,remove_punctuation,0,rfakehistoryporn subscribers as they attempt to read a series of basic instructions,rfakehistoryporn subscribers as they attempt to read a series of basic instructions,0,0,False
12870,BERT,remove_one_word,0,rfakehistoryporn subscribers as they attempt to read a series of basic instructions,rfakehistoryporn subscribers as they attempt to a series of basic instructions,0,0,False
12870,CLIP + MLP,remove_one_word,0,rfakehistoryporn subscribers as they attempt to read a series of basic instructions,rfakehistoryporn subscribers as they attempt to a series of basic instructions,0,0,False
12870,ViLT,remove_one_word,0,rfakehistoryporn subscribers as they attempt to read a series of basic instructions,rfakehistoryporn subscribers as they attempt to a series of basic instructions,0,0,False
12870,BLIP Caption + BERT,remove_one_word,0,rfakehistoryporn subscribers as they attempt to read a series of basic instructions,rfakehistoryporn subscribers as they attempt to a series of basic instructions,0,0,False
12870,BERT,add_noise,0,rfakehistoryporn subscribers as they attempt to read a series of basic instructions,rfakehistoryporn subscribers as they attempt to read a series of basic instructions breaking news,0,0,False
12870,CLIP + MLP,add_noise,0,rfakehistoryporn subscribers as they attempt to read a series of basic instructions,rfakehistoryporn subscribers as they attempt to read a series of basic instructions breaking news,0,0,False
12870,ViLT,add_noise,0,rfakehistoryporn subscribers as they attempt to read a series of basic instructions,rfakehistoryporn subscribers as they attempt to read a series of basic instructions breaking news,0,0,False
12870,BLIP Caption + BERT,add_noise,0,rfakehistoryporn subscribers as they attempt to read a series of basic instructions,rfakehistoryporn subscribers as they attempt to read a series of basic instructions breaking news,0,0,False
93901,BERT,remove_punctuation,0,antarticas screaming skull island,antarticas screaming skull island,0,0,False
93901,CLIP + MLP,remove_punctuation,0,antarticas screaming skull island,antarticas screaming skull island,0,0,False
93901,ViLT,remove_punctuation,0,antarticas screaming skull island,antarticas screaming skull island,0,0,False
93901,BLIP Caption + BERT,remove_punctuation,0,antarticas screaming skull island,antarticas screaming skull island,0,0,False
93901,BERT,remove_one_word,0,antarticas screaming skull island,antarticas screaming island,0,0,False
93901,CLIP + MLP,remove_one_word,0,antarticas screaming skull island,antarticas screaming island,0,0,False
93901,ViLT,remove_one_word,0,antarticas screaming skull island,antarticas screaming island,0,0,False
93901,BLIP Caption + BERT,remove_one_word,0,antarticas screaming skull island,antarticas screaming island,0,0,False
93901,BERT,add_noise,0,antarticas screaming skull island,antarticas screaming skull island breaking news,0,0,False
93901,CLIP + MLP,add_noise,0,antarticas screaming skull island,antarticas screaming skull island breaking news,0,0,False
93901,ViLT,add_noise,0,antarticas screaming skull island,antarticas screaming skull island breaking news,0,0,False
93901,BLIP Caption + BERT,add_noise,0,antarticas screaming skull island,antarticas screaming skull island breaking news,0,0,False
87012,BERT,remove_punctuation,0,what has two arms and is excited for football season,what has two arms and is excited for football season,0,0,False
87012,CLIP + MLP,remove_punctuation,0,what has two arms and is excited for football season,what has two arms and is excited for football season,0,0,False
87012,ViLT,remove_punctuation,0,what has two arms and is excited for football season,what has two arms and is excited for football season,0,0,False
87012,BLIP Caption + BERT,remove_punctuation,0,what has two arms and is excited for football season,what has two arms and is excited for football season,0,0,False
87012,BERT,remove_one_word,0,what has two arms and is excited for football season,what has two arms and excited for football season,0,0,False
87012,CLIP + MLP,remove_one_word,0,what has two arms and is excited for football season,what has two arms and excited for football season,0,0,False
87012,ViLT,remove_one_word,0,what has two arms and is excited for football season,what has two arms and excited for football season,0,0,False
87012,BLIP Caption + BERT,remove_one_word,0,what has two arms and is excited for football season,what has two arms and excited for football season,0,0,False
87012,BERT,add_noise,0,what has two arms and is excited for football season,what has two arms and is excited for football season breaking news,0,0,False
87012,CLIP + MLP,add_noise,0,what has two arms and is excited for football season,what has two arms and is excited for football season breaking news,0,0,False
87012,ViLT,add_noise,0,what has two arms and is excited for football season,what has two arms and is excited for football season breaking news,0,0,False
87012,BLIP Caption + BERT,add_noise,0,what has two arms and is excited for football season,what has two arms and is excited for football season breaking news,0,0,False
2874,BERT,remove_punctuation,0,now see this,now see this,0,0,False
2874,CLIP + MLP,remove_punctuation,0,now see this,now see this,0,0,False
2874,ViLT,remove_punctuation,0,now see this,now see this,0,0,False
2874,BLIP Caption + BERT,remove_punctuation,0,now see this,now see this,0,0,False
2874,BERT,remove_one_word,0,now see this,now see this,0,0,False
2874,CLIP + MLP,remove_one_word,0,now see this,now see this,0,0,False
2874,ViLT,remove_one_word,0,now see this,now see this,0,0,False
2874,BLIP Caption + BERT,remove_one_word,0,now see this,now see this,0,0,False
2874,BERT,add_noise,0,now see this,now see this breaking news,0,0,False
2874,CLIP + MLP,add_noise,0,now see this,now see this breaking news,0,0,False
2874,ViLT,add_noise,0,now see this,now see this breaking news,0,0,False
2874,BLIP Caption + BERT,add_noise,0,now see this,now see this breaking news,0,0,False
99419,BERT,remove_punctuation,0,service please,service please,0,0,False
99419,CLIP + MLP,remove_punctuation,0,service please,service please,0,0,False
99419,ViLT,remove_punctuation,0,service please,service please,0,0,False
99419,BLIP Caption + BERT,remove_punctuation,0,service please,service please,0,0,False
99419,BERT,remove_one_word,0,service please,service please,0,0,False
99419,CLIP + MLP,remove_one_word,0,service please,service please,0,0,False
99419,ViLT,remove_one_word,0,service please,service please,0,0,False
99419,BLIP Caption + BERT,remove_one_word,0,service please,service please,0,0,False
99419,BERT,add_noise,0,service please,service please breaking news,0,0,False
99419,CLIP + MLP,add_noise,0,service please,service please breaking news,0,0,False
99419,ViLT,add_noise,0,service please,service please breaking news,0,0,False
99419,BLIP Caption + BERT,add_noise,0,service please,service please breaking news,0,0,False
48821,BERT,remove_punctuation,0,a ussf soldier tests the first combat vehicle to be used for space combat,a ussf soldier tests the first combat vehicle to be used for space combat,0,0,False
48821,CLIP + MLP,remove_punctuation,0,a ussf soldier tests the first combat vehicle to be used for space combat,a ussf soldier tests the first combat vehicle to be used for space combat,0,0,False
48821,ViLT,remove_punctuation,0,a ussf soldier tests the first combat vehicle to be used for space combat,a ussf soldier tests the first combat vehicle to be used for space combat,0,0,False
48821,BLIP Caption + BERT,remove_punctuation,0,a ussf soldier tests the first combat vehicle to be used for space combat,a ussf soldier tests the first combat vehicle to be used for space combat,0,0,False
48821,BERT,remove_one_word,0,a ussf soldier tests the first combat vehicle to be used for space combat,a ussf soldier tests the first combat to be used for space combat,0,0,False
48821,CLIP + MLP,remove_one_word,0,a ussf soldier tests the first combat vehicle to be used for space combat,a ussf soldier tests the first combat to be used for space combat,0,0,False
48821,ViLT,remove_one_word,0,a ussf soldier tests the first combat vehicle to be used for space combat,a ussf soldier tests the first combat to be used for space combat,0,0,False
48821,BLIP Caption + BERT,remove_one_word,0,a ussf soldier tests the first combat vehicle to be used for space combat,a ussf soldier tests the first combat to be used for space combat,0,0,False
48821,BERT,add_noise,0,a ussf soldier tests the first combat vehicle to be used for space combat,a ussf soldier tests the first combat vehicle to be used for space combat breaking news,0,0,False
48821,CLIP + MLP,add_noise,0,a ussf soldier tests the first combat vehicle to be used for space combat,a ussf soldier tests the first combat vehicle to be used for space combat breaking news,0,0,False
48821,ViLT,add_noise,0,a ussf soldier tests the first combat vehicle to be used for space combat,a ussf soldier tests the first combat vehicle to be used for space combat breaking news,0,0,False
48821,BLIP Caption + BERT,add_noise,0,a ussf soldier tests the first combat vehicle to be used for space combat,a ussf soldier tests the first combat vehicle to be used for space combat breaking news,0,0,False
89884,BERT,remove_punctuation,1,scare away hunger should be a halloween thing everywhere,scare away hunger should be a halloween thing everywhere,1,1,False
89884,CLIP + MLP,remove_punctuation,1,scare away hunger should be a halloween thing everywhere,scare away hunger should be a halloween thing everywhere,0,0,False
89884,ViLT,remove_punctuation,1,scare away hunger should be a halloween thing everywhere,scare away hunger should be a halloween thing everywhere,0,0,False
89884,BLIP Caption + BERT,remove_punctuation,1,scare away hunger should be a halloween thing everywhere,scare away hunger should be a halloween thing everywhere,1,1,False
89884,BERT,remove_one_word,1,scare away hunger should be a halloween thing everywhere,scare away hunger should a halloween thing everywhere,1,0,True
89884,CLIP + MLP,remove_one_word,1,scare away hunger should be a halloween thing everywhere,scare away hunger should a halloween thing everywhere,0,0,False
89884,ViLT,remove_one_word,1,scare away hunger should be a halloween thing everywhere,scare away hunger should a halloween thing everywhere,0,0,False
89884,BLIP Caption + BERT,remove_one_word,1,scare away hunger should be a halloween thing everywhere,scare away hunger should a halloween thing everywhere,1,1,False
89884,BERT,add_noise,1,scare away hunger should be a halloween thing everywhere,scare away hunger should be a halloween thing everywhere breaking news,1,1,False
89884,CLIP + MLP,add_noise,1,scare away hunger should be a halloween thing everywhere,scare away hunger should be a halloween thing everywhere breaking news,0,0,False
89884,ViLT,add_noise,1,scare away hunger should be a halloween thing everywhere,scare away hunger should be a halloween thing everywhere breaking news,0,0,False
89884,BLIP Caption + BERT,add_noise,1,scare away hunger should be a halloween thing everywhere,scare away hunger should be a halloween thing everywhere breaking news,1,1,False
77026,BERT,remove_punctuation,1,my flower has a tongue,my flower has a tongue,1,1,False
77026,CLIP + MLP,remove_punctuation,1,my flower has a tongue,my flower has a tongue,1,1,False
77026,ViLT,remove_punctuation,1,my flower has a tongue,my flower has a tongue,1,1,False
77026,BLIP Caption + BERT,remove_punctuation,1,my flower has a tongue,my flower has a tongue,0,0,False
77026,BERT,remove_one_word,1,my flower has a tongue,my flower a tongue,1,1,False
77026,CLIP + MLP,remove_one_word,1,my flower has a tongue,my flower a tongue,1,0,True
77026,ViLT,remove_one_word,1,my flower has a tongue,my flower a tongue,1,1,False
77026,BLIP Caption + BERT,remove_one_word,1,my flower has a tongue,my flower a tongue,0,0,False
77026,BERT,add_noise,1,my flower has a tongue,my flower has a tongue breaking news,1,1,False
77026,CLIP + MLP,add_noise,1,my flower has a tongue,my flower has a tongue breaking news,1,1,False
77026,ViLT,add_noise,1,my flower has a tongue,my flower has a tongue breaking news,1,1,False
77026,BLIP Caption + BERT,add_noise,1,my flower has a tongue,my flower has a tongue breaking news,0,0,False
35745,BERT,remove_punctuation,1,a stick i found on the beach looks like scrimshaw,a stick i found on the beach looks like scrimshaw,1,1,False
35745,CLIP + MLP,remove_punctuation,1,a stick i found on the beach looks like scrimshaw,a stick i found on the beach looks like scrimshaw,1,1,False
35745,ViLT,remove_punctuation,1,a stick i found on the beach looks like scrimshaw,a stick i found on the beach looks like scrimshaw,1,1,False
35745,BLIP Caption + BERT,remove_punctuation,1,a stick i found on the beach looks like scrimshaw,a stick i found on the beach looks like scrimshaw,0,0,False
35745,BERT,remove_one_word,1,a stick i found on the beach looks like scrimshaw,a stick i found on beach looks like scrimshaw,1,1,False
35745,CLIP + MLP,remove_one_word,1,a stick i found on the beach looks like scrimshaw,a stick i found on beach looks like scrimshaw,1,1,False
35745,ViLT,remove_one_word,1,a stick i found on the beach looks like scrimshaw,a stick i found on beach looks like scrimshaw,1,1,False
35745,BLIP Caption + BERT,remove_one_word,1,a stick i found on the beach looks like scrimshaw,a stick i found on beach looks like scrimshaw,0,0,False
35745,BERT,add_noise,1,a stick i found on the beach looks like scrimshaw,a stick i found on the beach looks like scrimshaw breaking news,1,1,False
35745,CLIP + MLP,add_noise,1,a stick i found on the beach looks like scrimshaw,a stick i found on the beach looks like scrimshaw breaking news,1,1,False
35745,ViLT,add_noise,1,a stick i found on the beach looks like scrimshaw,a stick i found on the beach looks like scrimshaw breaking news,1,1,False
35745,BLIP Caption + BERT,add_noise,1,a stick i found on the beach looks like scrimshaw,a stick i found on the beach looks like scrimshaw breaking news,0,0,False
95565,BERT,remove_punctuation,1,turks caicos,turks caicos,1,1,False
95565,CLIP + MLP,remove_punctuation,1,turks caicos,turks caicos,0,0,False
95565,ViLT,remove_punctuation,1,turks caicos,turks caicos,0,0,False
95565,BLIP Caption + BERT,remove_punctuation,1,turks caicos,turks caicos,0,0,False
95565,BERT,remove_one_word,1,turks caicos,turks caicos,1,1,False
95565,CLIP + MLP,remove_one_word,1,turks caicos,turks caicos,0,0,False
95565,ViLT,remove_one_word,1,turks caicos,turks caicos,0,0,False
95565,BLIP Caption + BERT,remove_one_word,1,turks caicos,turks caicos,0,0,False
95565,BERT,add_noise,1,turks caicos,turks caicos breaking news,1,0,True
95565,CLIP + MLP,add_noise,1,turks caicos,turks caicos breaking news,0,0,False
95565,ViLT,add_noise,1,turks caicos,turks caicos breaking news,0,0,False
95565,BLIP Caption + BERT,add_noise,1,turks caicos,turks caicos breaking news,0,0,False
96303,BERT,remove_punctuation,0,exited lemur meets hillary,exited lemur meets hillary,1,1,False
96303,CLIP + MLP,remove_punctuation,0,exited lemur meets hillary,exited lemur meets hillary,0,0,False
96303,ViLT,remove_punctuation,0,exited lemur meets hillary,exited lemur meets hillary,0,0,False
96303,BLIP Caption + BERT,remove_punctuation,0,exited lemur meets hillary,exited lemur meets hillary,0,0,False
96303,BERT,remove_one_word,0,exited lemur meets hillary,exited lemur hillary,1,1,False
96303,CLIP + MLP,remove_one_word,0,exited lemur meets hillary,exited lemur hillary,0,0,False
96303,ViLT,remove_one_word,0,exited lemur meets hillary,exited lemur hillary,0,0,False
96303,BLIP Caption + BERT,remove_one_word,0,exited lemur meets hillary,exited lemur hillary,0,1,True
96303,BERT,add_noise,0,exited lemur meets hillary,exited lemur meets hillary breaking news,1,0,True
96303,CLIP + MLP,add_noise,0,exited lemur meets hillary,exited lemur meets hillary breaking news,0,0,False
96303,ViLT,add_noise,0,exited lemur meets hillary,exited lemur meets hillary breaking news,0,0,False
96303,BLIP Caption + BERT,add_noise,0,exited lemur meets hillary,exited lemur meets hillary breaking news,0,0,False
32494,BERT,remove_punctuation,0,rare image of a young escobar in his former role as a fitness instructor before he became a drug lord londons west end circa,rare image of a young escobar in his former role as a fitness instructor before he became a drug lord londons west end circa,0,0,False
32494,CLIP + MLP,remove_punctuation,0,rare image of a young escobar in his former role as a fitness instructor before he became a drug lord londons west end circa,rare image of a young escobar in his former role as a fitness instructor before he became a drug lord londons west end circa,0,0,False
32494,ViLT,remove_punctuation,0,rare image of a young escobar in his former role as a fitness instructor before he became a drug lord londons west end circa,rare image of a young escobar in his former role as a fitness instructor before he became a drug lord londons west end circa,1,1,False
32494,BLIP Caption + BERT,remove_punctuation,0,rare image of a young escobar in his former role as a fitness instructor before he became a drug lord londons west end circa,rare image of a young escobar in his former role as a fitness instructor before he became a drug lord londons west end circa,0,0,False
32494,BERT,remove_one_word,0,rare image of a young escobar in his former role as a fitness instructor before he became a drug lord londons west end circa,rare image of a young escobar in his former role as a instructor before he became a drug lord londons west end circa,0,0,False
32494,CLIP + MLP,remove_one_word,0,rare image of a young escobar in his former role as a fitness instructor before he became a drug lord londons west end circa,rare image of a young escobar in his former role as a instructor before he became a drug lord londons west end circa,0,0,False
32494,ViLT,remove_one_word,0,rare image of a young escobar in his former role as a fitness instructor before he became a drug lord londons west end circa,rare image of a young escobar in his former role as a instructor before he became a drug lord londons west end circa,1,1,False
32494,BLIP Caption + BERT,remove_one_word,0,rare image of a young escobar in his former role as a fitness instructor before he became a drug lord londons west end circa,rare image of a young escobar in his former role as a instructor before he became a drug lord londons west end circa,0,0,False
32494,BERT,add_noise,0,rare image of a young escobar in his former role as a fitness instructor before he became a drug lord londons west end circa,rare image of a young escobar in his former role as a fitness instructor before he became a drug lord londons west end circa breaking news,0,0,False
32494,CLIP + MLP,add_noise,0,rare image of a young escobar in his former role as a fitness instructor before he became a drug lord londons west end circa,rare image of a young escobar in his former role as a fitness instructor before he became a drug lord londons west end circa breaking news,0,0,False
32494,ViLT,add_noise,0,rare image of a young escobar in his former role as a fitness instructor before he became a drug lord londons west end circa,rare image of a young escobar in his former role as a fitness instructor before he became a drug lord londons west end circa breaking news,1,1,False
32494,BLIP Caption + BERT,add_noise,0,rare image of a young escobar in his former role as a fitness instructor before he became a drug lord londons west end circa,rare image of a young escobar in his former role as a fitness instructor before he became a drug lord londons west end circa breaking news,0,0,False
68505,BERT,remove_punctuation,1,us coast guard rams and boards narcosub,us coast guard rams and boards narcosub,1,1,False
68505,CLIP + MLP,remove_punctuation,1,us coast guard rams and boards narcosub,us coast guard rams and boards narcosub,0,0,False
68505,ViLT,remove_punctuation,1,us coast guard rams and boards narcosub,us coast guard rams and boards narcosub,0,0,False
68505,BLIP Caption + BERT,remove_punctuation,1,us coast guard rams and boards narcosub,us coast guard rams and boards narcosub,1,1,False
68505,BERT,remove_one_word,1,us coast guard rams and boards narcosub,us coast guard and boards narcosub,1,1,False
68505,CLIP + MLP,remove_one_word,1,us coast guard rams and boards narcosub,us coast guard and boards narcosub,0,0,False
68505,ViLT,remove_one_word,1,us coast guard rams and boards narcosub,us coast guard and boards narcosub,0,0,False
68505,BLIP Caption + BERT,remove_one_word,1,us coast guard rams and boards narcosub,us coast guard and boards narcosub,1,1,False
68505,BERT,add_noise,1,us coast guard rams and boards narcosub,us coast guard rams and boards narcosub breaking news,1,0,True
68505,CLIP + MLP,add_noise,1,us coast guard rams and boards narcosub,us coast guard rams and boards narcosub breaking news,0,0,False
68505,ViLT,add_noise,1,us coast guard rams and boards narcosub,us coast guard rams and boards narcosub breaking news,0,0,False
68505,BLIP Caption + BERT,add_noise,1,us coast guard rams and boards narcosub,us coast guard rams and boards narcosub breaking news,1,1,False
9487,BERT,remove_punctuation,0,lets go save earth,lets go save earth,0,0,False
9487,CLIP + MLP,remove_punctuation,0,lets go save earth,lets go save earth,0,0,False
9487,ViLT,remove_punctuation,0,lets go save earth,lets go save earth,0,0,False
9487,BLIP Caption + BERT,remove_punctuation,0,lets go save earth,lets go save earth,1,1,False
9487,BERT,remove_one_word,0,lets go save earth,lets go earth,0,0,False
9487,CLIP + MLP,remove_one_word,0,lets go save earth,lets go earth,0,0,False
9487,ViLT,remove_one_word,0,lets go save earth,lets go earth,0,0,False
9487,BLIP Caption + BERT,remove_one_word,0,lets go save earth,lets go earth,1,1,False
9487,BERT,add_noise,0,lets go save earth,lets go save earth breaking news,0,0,False
9487,CLIP + MLP,add_noise,0,lets go save earth,lets go save earth breaking news,0,0,False
9487,ViLT,add_noise,0,lets go save earth,lets go save earth breaking news,0,0,False
9487,BLIP Caption + BERT,add_noise,0,lets go save earth,lets go save earth breaking news,1,0,True
25884,BERT,remove_punctuation,0,its a sting ray,its a sting ray,0,0,False
25884,CLIP + MLP,remove_punctuation,0,its a sting ray,its a sting ray,0,0,False
25884,ViLT,remove_punctuation,0,its a sting ray,its a sting ray,0,0,False
25884,BLIP Caption + BERT,remove_punctuation,0,its a sting ray,its a sting ray,0,0,False
25884,BERT,remove_one_word,0,its a sting ray,its a ray,0,0,False
25884,CLIP + MLP,remove_one_word,0,its a sting ray,its a ray,0,0,False
25884,ViLT,remove_one_word,0,its a sting ray,its a ray,0,0,False
25884,BLIP Caption + BERT,remove_one_word,0,its a sting ray,its a ray,0,0,False
25884,BERT,add_noise,0,its a sting ray,its a sting ray breaking news,0,0,False
25884,CLIP + MLP,add_noise,0,its a sting ray,its a sting ray breaking news,0,0,False
25884,ViLT,add_noise,0,its a sting ray,its a sting ray breaking news,0,0,False
25884,BLIP Caption + BERT,add_noise,0,its a sting ray,its a sting ray breaking news,0,0,False
50422,BERT,remove_punctuation,1,prince christian of denmark rescued by gold coast lifeguard bystander do you know who you just rescued,prince christian of denmark rescued by gold coast lifeguard bystander do you know who you just rescued,1,1,False
50422,CLIP + MLP,remove_punctuation,1,prince christian of denmark rescued by gold coast lifeguard bystander do you know who you just rescued,prince christian of denmark rescued by gold coast lifeguard bystander do you know who you just rescued,0,0,False
50422,ViLT,remove_punctuation,1,prince christian of denmark rescued by gold coast lifeguard bystander do you know who you just rescued,prince christian of denmark rescued by gold coast lifeguard bystander do you know who you just rescued,0,0,False
50422,BLIP Caption + BERT,remove_punctuation,1,prince christian of denmark rescued by gold coast lifeguard bystander do you know who you just rescued,prince christian of denmark rescued by gold coast lifeguard bystander do you know who you just rescued,0,0,False
50422,BERT,remove_one_word,1,prince christian of denmark rescued by gold coast lifeguard bystander do you know who you just rescued,prince christian of denmark rescued by gold coast bystander do you know who you just rescued,1,1,False
50422,CLIP + MLP,remove_one_word,1,prince christian of denmark rescued by gold coast lifeguard bystander do you know who you just rescued,prince christian of denmark rescued by gold coast bystander do you know who you just rescued,0,0,False
50422,ViLT,remove_one_word,1,prince christian of denmark rescued by gold coast lifeguard bystander do you know who you just rescued,prince christian of denmark rescued by gold coast bystander do you know who you just rescued,0,0,False
50422,BLIP Caption + BERT,remove_one_word,1,prince christian of denmark rescued by gold coast lifeguard bystander do you know who you just rescued,prince christian of denmark rescued by gold coast bystander do you know who you just rescued,0,0,False
50422,BERT,add_noise,1,prince christian of denmark rescued by gold coast lifeguard bystander do you know who you just rescued,prince christian of denmark rescued by gold coast lifeguard bystander do you know who you just rescued breaking news,1,1,False
50422,CLIP + MLP,add_noise,1,prince christian of denmark rescued by gold coast lifeguard bystander do you know who you just rescued,prince christian of denmark rescued by gold coast lifeguard bystander do you know who you just rescued breaking news,0,0,False
50422,ViLT,add_noise,1,prince christian of denmark rescued by gold coast lifeguard bystander do you know who you just rescued,prince christian of denmark rescued by gold coast lifeguard bystander do you know who you just rescued breaking news,0,0,False
50422,BLIP Caption + BERT,add_noise,1,prince christian of denmark rescued by gold coast lifeguard bystander do you know who you just rescued,prince christian of denmark rescued by gold coast lifeguard bystander do you know who you just rescued breaking news,0,0,False
91339,BERT,remove_punctuation,1,secret fortune will send oregon kids to college,secret fortune will send oregon kids to college,1,1,False
91339,CLIP + MLP,remove_punctuation,1,secret fortune will send oregon kids to college,secret fortune will send oregon kids to college,0,0,False
91339,ViLT,remove_punctuation,1,secret fortune will send oregon kids to college,secret fortune will send oregon kids to college,0,0,False
91339,BLIP Caption + BERT,remove_punctuation,1,secret fortune will send oregon kids to college,secret fortune will send oregon kids to college,0,0,False
91339,BERT,remove_one_word,1,secret fortune will send oregon kids to college,secret fortune will send kids to college,1,1,False
91339,CLIP + MLP,remove_one_word,1,secret fortune will send oregon kids to college,secret fortune will send kids to college,0,0,False
91339,ViLT,remove_one_word,1,secret fortune will send oregon kids to college,secret fortune will send kids to college,0,0,False
91339,BLIP Caption + BERT,remove_one_word,1,secret fortune will send oregon kids to college,secret fortune will send kids to college,0,0,False
91339,BERT,add_noise,1,secret fortune will send oregon kids to college,secret fortune will send oregon kids to college breaking news,1,1,False
91339,CLIP + MLP,add_noise,1,secret fortune will send oregon kids to college,secret fortune will send oregon kids to college breaking news,0,0,False
91339,ViLT,add_noise,1,secret fortune will send oregon kids to college,secret fortune will send oregon kids to college breaking news,0,0,False
91339,BLIP Caption + BERT,add_noise,1,secret fortune will send oregon kids to college,secret fortune will send oregon kids to college breaking news,0,0,False
9792,BERT,remove_punctuation,1,seahawks coach pete carroll at training camp,seahawks coach pete carroll at training camp,1,1,False
9792,CLIP + MLP,remove_punctuation,1,seahawks coach pete carroll at training camp,seahawks coach pete carroll at training camp,0,0,False
9792,ViLT,remove_punctuation,1,seahawks coach pete carroll at training camp,seahawks coach pete carroll at training camp,1,1,False
9792,BLIP Caption + BERT,remove_punctuation,1,seahawks coach pete carroll at training camp,seahawks coach pete carroll at training camp,1,1,False
9792,BERT,remove_one_word,1,seahawks coach pete carroll at training camp,seahawks coach pete at training camp,1,1,False
9792,CLIP + MLP,remove_one_word,1,seahawks coach pete carroll at training camp,seahawks coach pete at training camp,0,0,False
9792,ViLT,remove_one_word,1,seahawks coach pete carroll at training camp,seahawks coach pete at training camp,1,1,False
9792,BLIP Caption + BERT,remove_one_word,1,seahawks coach pete carroll at training camp,seahawks coach pete at training camp,1,0,True
9792,BERT,add_noise,1,seahawks coach pete carroll at training camp,seahawks coach pete carroll at training camp breaking news,1,0,True
9792,CLIP + MLP,add_noise,1,seahawks coach pete carroll at training camp,seahawks coach pete carroll at training camp breaking news,0,0,False
9792,ViLT,add_noise,1,seahawks coach pete carroll at training camp,seahawks coach pete carroll at training camp breaking news,1,1,False
9792,BLIP Caption + BERT,add_noise,1,seahawks coach pete carroll at training camp,seahawks coach pete carroll at training camp breaking news,1,1,False
5656,BERT,remove_punctuation,1,tibetan mastiff,tibetan mastiff,1,1,False
5656,CLIP + MLP,remove_punctuation,1,tibetan mastiff,tibetan mastiff,0,0,False
5656,ViLT,remove_punctuation,1,tibetan mastiff,tibetan mastiff,0,0,False
5656,BLIP Caption + BERT,remove_punctuation,1,tibetan mastiff,tibetan mastiff,0,0,False
5656,BERT,remove_one_word,1,tibetan mastiff,tibetan mastiff,1,1,False
5656,CLIP + MLP,remove_one_word,1,tibetan mastiff,tibetan mastiff,0,0,False
5656,ViLT,remove_one_word,1,tibetan mastiff,tibetan mastiff,0,0,False
5656,BLIP Caption + BERT,remove_one_word,1,tibetan mastiff,tibetan mastiff,0,0,False
5656,BERT,add_noise,1,tibetan mastiff,tibetan mastiff breaking news,1,0,True
5656,CLIP + MLP,add_noise,1,tibetan mastiff,tibetan mastiff breaking news,0,0,False
5656,ViLT,add_noise,1,tibetan mastiff,tibetan mastiff breaking news,0,0,False
5656,BLIP Caption + BERT,add_noise,1,tibetan mastiff,tibetan mastiff breaking news,0,0,False
104007,BERT,remove_punctuation,1,cat yawning through the arm of a chair,cat yawning through the arm of a chair,1,1,False
104007,CLIP + MLP,remove_punctuation,1,cat yawning through the arm of a chair,cat yawning through the arm of a chair,0,0,False
104007,ViLT,remove_punctuation,1,cat yawning through the arm of a chair,cat yawning through the arm of a chair,1,1,False
104007,BLIP Caption + BERT,remove_punctuation,1,cat yawning through the arm of a chair,cat yawning through the arm of a chair,0,0,False
104007,BERT,remove_one_word,1,cat yawning through the arm of a chair,cat yawning through the of a chair,1,1,False
104007,CLIP + MLP,remove_one_word,1,cat yawning through the arm of a chair,cat yawning through the of a chair,0,0,False
104007,ViLT,remove_one_word,1,cat yawning through the arm of a chair,cat yawning through the of a chair,1,1,False
104007,BLIP Caption + BERT,remove_one_word,1,cat yawning through the arm of a chair,cat yawning through the of a chair,0,0,False
104007,BERT,add_noise,1,cat yawning through the arm of a chair,cat yawning through the arm of a chair breaking news,1,0,True
104007,CLIP + MLP,add_noise,1,cat yawning through the arm of a chair,cat yawning through the arm of a chair breaking news,0,0,False
104007,ViLT,add_noise,1,cat yawning through the arm of a chair,cat yawning through the arm of a chair breaking news,1,1,False
104007,BLIP Caption + BERT,add_noise,1,cat yawning through the arm of a chair,cat yawning through the arm of a chair breaking news,0,0,False
28953,BERT,remove_punctuation,1,my mom found this post card from when zip codes were first introduced,my mom found this post card from when zip codes were first introduced,1,1,False
28953,CLIP + MLP,remove_punctuation,1,my mom found this post card from when zip codes were first introduced,my mom found this post card from when zip codes were first introduced,1,1,False
28953,ViLT,remove_punctuation,1,my mom found this post card from when zip codes were first introduced,my mom found this post card from when zip codes were first introduced,1,1,False
28953,BLIP Caption + BERT,remove_punctuation,1,my mom found this post card from when zip codes were first introduced,my mom found this post card from when zip codes were first introduced,0,0,False
28953,BERT,remove_one_word,1,my mom found this post card from when zip codes were first introduced,my mom found this post card when zip codes were first introduced,1,1,False
28953,CLIP + MLP,remove_one_word,1,my mom found this post card from when zip codes were first introduced,my mom found this post card when zip codes were first introduced,1,1,False
28953,ViLT,remove_one_word,1,my mom found this post card from when zip codes were first introduced,my mom found this post card when zip codes were first introduced,1,1,False
28953,BLIP Caption + BERT,remove_one_word,1,my mom found this post card from when zip codes were first introduced,my mom found this post card when zip codes were first introduced,0,0,False
28953,BERT,add_noise,1,my mom found this post card from when zip codes were first introduced,my mom found this post card from when zip codes were first introduced breaking news,1,0,True
28953,CLIP + MLP,add_noise,1,my mom found this post card from when zip codes were first introduced,my mom found this post card from when zip codes were first introduced breaking news,1,1,False
28953,ViLT,add_noise,1,my mom found this post card from when zip codes were first introduced,my mom found this post card from when zip codes were first introduced breaking news,1,1,False
28953,BLIP Caption + BERT,add_noise,1,my mom found this post card from when zip codes were first introduced,my mom found this post card from when zip codes were first introduced breaking news,0,0,False
41327,BERT,remove_punctuation,1,china yet to meet donald trumps demand to purchase more farm goods as uschina trade crumbles,china yet to meet donald trumps demand to purchase more farm goods as uschina trade crumbles,1,1,False
41327,CLIP + MLP,remove_punctuation,1,china yet to meet donald trumps demand to purchase more farm goods as uschina trade crumbles,china yet to meet donald trumps demand to purchase more farm goods as uschina trade crumbles,0,0,False
41327,ViLT,remove_punctuation,1,china yet to meet donald trumps demand to purchase more farm goods as uschina trade crumbles,china yet to meet donald trumps demand to purchase more farm goods as uschina trade crumbles,0,0,False
41327,BLIP Caption + BERT,remove_punctuation,1,china yet to meet donald trumps demand to purchase more farm goods as uschina trade crumbles,china yet to meet donald trumps demand to purchase more farm goods as uschina trade crumbles,1,1,False
41327,BERT,remove_one_word,1,china yet to meet donald trumps demand to purchase more farm goods as uschina trade crumbles,china yet to meet donald trumps demand to more farm goods as uschina trade crumbles,1,1,False
41327,CLIP + MLP,remove_one_word,1,china yet to meet donald trumps demand to purchase more farm goods as uschina trade crumbles,china yet to meet donald trumps demand to more farm goods as uschina trade crumbles,0,0,False
41327,ViLT,remove_one_word,1,china yet to meet donald trumps demand to purchase more farm goods as uschina trade crumbles,china yet to meet donald trumps demand to more farm goods as uschina trade crumbles,0,0,False
41327,BLIP Caption + BERT,remove_one_word,1,china yet to meet donald trumps demand to purchase more farm goods as uschina trade crumbles,china yet to meet donald trumps demand to more farm goods as uschina trade crumbles,1,1,False
41327,BERT,add_noise,1,china yet to meet donald trumps demand to purchase more farm goods as uschina trade crumbles,china yet to meet donald trumps demand to purchase more farm goods as uschina trade crumbles breaking news,1,1,False
41327,CLIP + MLP,add_noise,1,china yet to meet donald trumps demand to purchase more farm goods as uschina trade crumbles,china yet to meet donald trumps demand to purchase more farm goods as uschina trade crumbles breaking news,0,0,False
41327,ViLT,add_noise,1,china yet to meet donald trumps demand to purchase more farm goods as uschina trade crumbles,china yet to meet donald trumps demand to purchase more farm goods as uschina trade crumbles breaking news,0,0,False
41327,BLIP Caption + BERT,add_noise,1,china yet to meet donald trumps demand to purchase more farm goods as uschina trade crumbles,china yet to meet donald trumps demand to purchase more farm goods as uschina trade crumbles breaking news,1,1,False
35239,BERT,remove_punctuation,0,praying mantis,praying mantis,0,0,False
35239,CLIP + MLP,remove_punctuation,0,praying mantis,praying mantis,0,0,False
35239,ViLT,remove_punctuation,0,praying mantis,praying mantis,0,0,False
35239,BLIP Caption + BERT,remove_punctuation,0,praying mantis,praying mantis,0,0,False
35239,BERT,remove_one_word,0,praying mantis,praying mantis,0,0,False
35239,CLIP + MLP,remove_one_word,0,praying mantis,praying mantis,0,0,False
35239,ViLT,remove_one_word,0,praying mantis,praying mantis,0,0,False
35239,BLIP Caption + BERT,remove_one_word,0,praying mantis,praying mantis,0,0,False
35239,BERT,add_noise,0,praying mantis,praying mantis breaking news,0,0,False
35239,CLIP + MLP,add_noise,0,praying mantis,praying mantis breaking news,0,0,False
35239,ViLT,add_noise,0,praying mantis,praying mantis breaking news,0,0,False
35239,BLIP Caption + BERT,add_noise,0,praying mantis,praying mantis breaking news,0,0,False
32629,BERT,remove_punctuation,1,gerry adams trampolines naked with his dog,gerry adams trampolines naked with his dog,1,1,False
32629,CLIP + MLP,remove_punctuation,1,gerry adams trampolines naked with his dog,gerry adams trampolines naked with his dog,0,0,False
32629,ViLT,remove_punctuation,1,gerry adams trampolines naked with his dog,gerry adams trampolines naked with his dog,0,0,False
32629,BLIP Caption + BERT,remove_punctuation,1,gerry adams trampolines naked with his dog,gerry adams trampolines naked with his dog,0,0,False
32629,BERT,remove_one_word,1,gerry adams trampolines naked with his dog,gerry adams trampolines with his dog,1,1,False
32629,CLIP + MLP,remove_one_word,1,gerry adams trampolines naked with his dog,gerry adams trampolines with his dog,0,0,False
32629,ViLT,remove_one_word,1,gerry adams trampolines naked with his dog,gerry adams trampolines with his dog,0,0,False
32629,BLIP Caption + BERT,remove_one_word,1,gerry adams trampolines naked with his dog,gerry adams trampolines with his dog,0,0,False
32629,BERT,add_noise,1,gerry adams trampolines naked with his dog,gerry adams trampolines naked with his dog breaking news,1,0,True
32629,CLIP + MLP,add_noise,1,gerry adams trampolines naked with his dog,gerry adams trampolines naked with his dog breaking news,0,0,False
32629,ViLT,add_noise,1,gerry adams trampolines naked with his dog,gerry adams trampolines naked with his dog breaking news,0,0,False
32629,BLIP Caption + BERT,add_noise,1,gerry adams trampolines naked with his dog,gerry adams trampolines naked with his dog breaking news,0,0,False
104379,BERT,remove_punctuation,1,woman claims restaurant manager came to home after she left star review on yelp,woman claims restaurant manager came to home after she left star review on yelp,1,1,False
104379,CLIP + MLP,remove_punctuation,1,woman claims restaurant manager came to home after she left star review on yelp,woman claims restaurant manager came to home after she left star review on yelp,0,0,False
104379,ViLT,remove_punctuation,1,woman claims restaurant manager came to home after she left star review on yelp,woman claims restaurant manager came to home after she left star review on yelp,1,1,False
104379,BLIP Caption + BERT,remove_punctuation,1,woman claims restaurant manager came to home after she left star review on yelp,woman claims restaurant manager came to home after she left star review on yelp,0,0,False
104379,BERT,remove_one_word,1,woman claims restaurant manager came to home after she left star review on yelp,woman claims restaurant manager came to home she left star review on yelp,1,1,False
104379,CLIP + MLP,remove_one_word,1,woman claims restaurant manager came to home after she left star review on yelp,woman claims restaurant manager came to home she left star review on yelp,0,0,False
104379,ViLT,remove_one_word,1,woman claims restaurant manager came to home after she left star review on yelp,woman claims restaurant manager came to home she left star review on yelp,1,1,False
104379,BLIP Caption + BERT,remove_one_word,1,woman claims restaurant manager came to home after she left star review on yelp,woman claims restaurant manager came to home she left star review on yelp,0,0,False
104379,BERT,add_noise,1,woman claims restaurant manager came to home after she left star review on yelp,woman claims restaurant manager came to home after she left star review on yelp breaking news,1,0,True
104379,CLIP + MLP,add_noise,1,woman claims restaurant manager came to home after she left star review on yelp,woman claims restaurant manager came to home after she left star review on yelp breaking news,0,0,False
104379,ViLT,add_noise,1,woman claims restaurant manager came to home after she left star review on yelp,woman claims restaurant manager came to home after she left star review on yelp breaking news,1,1,False
104379,BLIP Caption + BERT,add_noise,1,woman claims restaurant manager came to home after she left star review on yelp,woman claims restaurant manager came to home after she left star review on yelp breaking news,0,0,False
72378,BERT,remove_punctuation,0,since you asked so nicely,since you asked so nicely,0,0,False
72378,CLIP + MLP,remove_punctuation,0,since you asked so nicely,since you asked so nicely,0,0,False
72378,ViLT,remove_punctuation,0,since you asked so nicely,since you asked so nicely,0,0,False
72378,BLIP Caption + BERT,remove_punctuation,0,since you asked so nicely,since you asked so nicely,0,0,False
72378,BERT,remove_one_word,0,since you asked so nicely,since you so nicely,0,0,False
72378,CLIP + MLP,remove_one_word,0,since you asked so nicely,since you so nicely,0,0,False
72378,ViLT,remove_one_word,0,since you asked so nicely,since you so nicely,0,0,False
72378,BLIP Caption + BERT,remove_one_word,0,since you asked so nicely,since you so nicely,0,0,False
72378,BERT,add_noise,0,since you asked so nicely,since you asked so nicely breaking news,0,0,False
72378,CLIP + MLP,add_noise,0,since you asked so nicely,since you asked so nicely breaking news,0,0,False
72378,ViLT,add_noise,0,since you asked so nicely,since you asked so nicely breaking news,0,0,False
72378,BLIP Caption + BERT,add_noise,0,since you asked so nicely,since you asked so nicely breaking news,0,0,False
19944,BERT,remove_punctuation,0,fusion,fusion,0,0,False
19944,CLIP + MLP,remove_punctuation,0,fusion,fusion,0,0,False
19944,ViLT,remove_punctuation,0,fusion,fusion,0,0,False
19944,BLIP Caption + BERT,remove_punctuation,0,fusion,fusion,0,0,False
19944,BERT,remove_one_word,0,fusion,fusion,0,0,False
19944,CLIP + MLP,remove_one_word,0,fusion,fusion,0,0,False
19944,ViLT,remove_one_word,0,fusion,fusion,0,0,False
19944,BLIP Caption + BERT,remove_one_word,0,fusion,fusion,0,0,False
19944,BERT,add_noise,0,fusion,fusion breaking news,0,0,False
19944,CLIP + MLP,add_noise,0,fusion,fusion breaking news,0,0,False
19944,ViLT,add_noise,0,fusion,fusion breaking news,0,0,False
19944,BLIP Caption + BERT,add_noise,0,fusion,fusion breaking news,0,0,False
56903,BERT,remove_punctuation,1,the cat that gravity forgot,the cat that gravity forgot,1,1,False
56903,CLIP + MLP,remove_punctuation,1,the cat that gravity forgot,the cat that gravity forgot,0,0,False
56903,ViLT,remove_punctuation,1,the cat that gravity forgot,the cat that gravity forgot,0,0,False
56903,BLIP Caption + BERT,remove_punctuation,1,the cat that gravity forgot,the cat that gravity forgot,0,0,False
56903,BERT,remove_one_word,1,the cat that gravity forgot,the cat gravity forgot,1,0,True
56903,CLIP + MLP,remove_one_word,1,the cat that gravity forgot,the cat gravity forgot,0,0,False
56903,ViLT,remove_one_word,1,the cat that gravity forgot,the cat gravity forgot,0,0,False
56903,BLIP Caption + BERT,remove_one_word,1,the cat that gravity forgot,the cat gravity forgot,0,0,False
56903,BERT,add_noise,1,the cat that gravity forgot,the cat that gravity forgot breaking news,1,0,True
56903,CLIP + MLP,add_noise,1,the cat that gravity forgot,the cat that gravity forgot breaking news,0,0,False
56903,ViLT,add_noise,1,the cat that gravity forgot,the cat that gravity forgot breaking news,0,0,False
56903,BLIP Caption + BERT,add_noise,1,the cat that gravity forgot,the cat that gravity forgot breaking news,0,0,False
60147,BERT,remove_punctuation,0,on the count of three draw,on the count of three draw,0,0,False
60147,CLIP + MLP,remove_punctuation,0,on the count of three draw,on the count of three draw,0,0,False
60147,ViLT,remove_punctuation,0,on the count of three draw,on the count of three draw,0,0,False
60147,BLIP Caption + BERT,remove_punctuation,0,on the count of three draw,on the count of three draw,0,0,False
60147,BERT,remove_one_word,0,on the count of three draw,on the count three draw,0,0,False
60147,CLIP + MLP,remove_one_word,0,on the count of three draw,on the count three draw,0,0,False
60147,ViLT,remove_one_word,0,on the count of three draw,on the count three draw,0,0,False
60147,BLIP Caption + BERT,remove_one_word,0,on the count of three draw,on the count three draw,0,0,False
60147,BERT,add_noise,0,on the count of three draw,on the count of three draw breaking news,0,0,False
60147,CLIP + MLP,add_noise,0,on the count of three draw,on the count of three draw breaking news,0,0,False
60147,ViLT,add_noise,0,on the count of three draw,on the count of three draw breaking news,0,0,False
60147,BLIP Caption + BERT,add_noise,0,on the count of three draw,on the count of three draw breaking news,0,0,False
94376,BERT,remove_punctuation,1,say it aint so social media uproar over discontinued mustard pickles,say it aint so social media uproar over discontinued mustard pickles,1,1,False
94376,CLIP + MLP,remove_punctuation,1,say it aint so social media uproar over discontinued mustard pickles,say it aint so social media uproar over discontinued mustard pickles,0,0,False
94376,ViLT,remove_punctuation,1,say it aint so social media uproar over discontinued mustard pickles,say it aint so social media uproar over discontinued mustard pickles,1,1,False
94376,BLIP Caption + BERT,remove_punctuation,1,say it aint so social media uproar over discontinued mustard pickles,say it aint so social media uproar over discontinued mustard pickles,1,1,False
94376,BERT,remove_one_word,1,say it aint so social media uproar over discontinued mustard pickles,say it aint so social uproar over discontinued mustard pickles,1,1,False
94376,CLIP + MLP,remove_one_word,1,say it aint so social media uproar over discontinued mustard pickles,say it aint so social uproar over discontinued mustard pickles,0,0,False
94376,ViLT,remove_one_word,1,say it aint so social media uproar over discontinued mustard pickles,say it aint so social uproar over discontinued mustard pickles,1,1,False
94376,BLIP Caption + BERT,remove_one_word,1,say it aint so social media uproar over discontinued mustard pickles,say it aint so social uproar over discontinued mustard pickles,1,1,False
94376,BERT,add_noise,1,say it aint so social media uproar over discontinued mustard pickles,say it aint so social media uproar over discontinued mustard pickles breaking news,1,1,False
94376,CLIP + MLP,add_noise,1,say it aint so social media uproar over discontinued mustard pickles,say it aint so social media uproar over discontinued mustard pickles breaking news,0,0,False
94376,ViLT,add_noise,1,say it aint so social media uproar over discontinued mustard pickles,say it aint so social media uproar over discontinued mustard pickles breaking news,1,1,False
94376,BLIP Caption + BERT,add_noise,1,say it aint so social media uproar over discontinued mustard pickles,say it aint so social media uproar over discontinued mustard pickles breaking news,1,1,False
8975,BERT,remove_punctuation,0,fdp berlin poster truck in london,fdp berlin poster truck in london,0,0,False
8975,CLIP + MLP,remove_punctuation,0,fdp berlin poster truck in london,fdp berlin poster truck in london,0,0,False
8975,ViLT,remove_punctuation,0,fdp berlin poster truck in london,fdp berlin poster truck in london,1,1,False
8975,BLIP Caption + BERT,remove_punctuation,0,fdp berlin poster truck in london,fdp berlin poster truck in london,0,0,False
8975,BERT,remove_one_word,0,fdp berlin poster truck in london,fdp berlin poster in london,0,0,False
8975,CLIP + MLP,remove_one_word,0,fdp berlin poster truck in london,fdp berlin poster in london,0,0,False
8975,ViLT,remove_one_word,0,fdp berlin poster truck in london,fdp berlin poster in london,1,0,True
8975,BLIP Caption + BERT,remove_one_word,0,fdp berlin poster truck in london,fdp berlin poster in london,0,0,False
8975,BERT,add_noise,0,fdp berlin poster truck in london,fdp berlin poster truck in london breaking news,0,0,False
8975,CLIP + MLP,add_noise,0,fdp berlin poster truck in london,fdp berlin poster truck in london breaking news,0,0,False
8975,ViLT,add_noise,0,fdp berlin poster truck in london,fdp berlin poster truck in london breaking news,1,1,False
8975,BLIP Caption + BERT,add_noise,0,fdp berlin poster truck in london,fdp berlin poster truck in london breaking news,0,0,False
52290,BERT,remove_punctuation,0,area guard after seeing neckbeards storming the compound,area guard after seeing neckbeards storming the compound,0,0,False
52290,CLIP + MLP,remove_punctuation,0,area guard after seeing neckbeards storming the compound,area guard after seeing neckbeards storming the compound,0,0,False
52290,ViLT,remove_punctuation,0,area guard after seeing neckbeards storming the compound,area guard after seeing neckbeards storming the compound,0,0,False
52290,BLIP Caption + BERT,remove_punctuation,0,area guard after seeing neckbeards storming the compound,area guard after seeing neckbeards storming the compound,0,0,False
52290,BERT,remove_one_word,0,area guard after seeing neckbeards storming the compound,area guard after seeing storming the compound,0,0,False
52290,CLIP + MLP,remove_one_word,0,area guard after seeing neckbeards storming the compound,area guard after seeing storming the compound,0,0,False
52290,ViLT,remove_one_word,0,area guard after seeing neckbeards storming the compound,area guard after seeing storming the compound,0,0,False
52290,BLIP Caption + BERT,remove_one_word,0,area guard after seeing neckbeards storming the compound,area guard after seeing storming the compound,0,0,False
52290,BERT,add_noise,0,area guard after seeing neckbeards storming the compound,area guard after seeing neckbeards storming the compound breaking news,0,0,False
52290,CLIP + MLP,add_noise,0,area guard after seeing neckbeards storming the compound,area guard after seeing neckbeards storming the compound breaking news,0,0,False
52290,ViLT,add_noise,0,area guard after seeing neckbeards storming the compound,area guard after seeing neckbeards storming the compound breaking news,0,0,False
52290,BLIP Caption + BERT,add_noise,0,area guard after seeing neckbeards storming the compound,area guard after seeing neckbeards storming the compound breaking news,0,0,False
90311,BERT,remove_punctuation,1,prisoner rats himself out with facebook selfie of cellgrown cannabis,prisoner rats himself out with facebook selfie of cellgrown cannabis,1,1,False
90311,CLIP + MLP,remove_punctuation,1,prisoner rats himself out with facebook selfie of cellgrown cannabis,prisoner rats himself out with facebook selfie of cellgrown cannabis,0,0,False
90311,ViLT,remove_punctuation,1,prisoner rats himself out with facebook selfie of cellgrown cannabis,prisoner rats himself out with facebook selfie of cellgrown cannabis,1,1,False
90311,BLIP Caption + BERT,remove_punctuation,1,prisoner rats himself out with facebook selfie of cellgrown cannabis,prisoner rats himself out with facebook selfie of cellgrown cannabis,1,1,False
90311,BERT,remove_one_word,1,prisoner rats himself out with facebook selfie of cellgrown cannabis,prisoner rats himself out with selfie of cellgrown cannabis,1,1,False
90311,CLIP + MLP,remove_one_word,1,prisoner rats himself out with facebook selfie of cellgrown cannabis,prisoner rats himself out with selfie of cellgrown cannabis,0,0,False
90311,ViLT,remove_one_word,1,prisoner rats himself out with facebook selfie of cellgrown cannabis,prisoner rats himself out with selfie of cellgrown cannabis,1,1,False
90311,BLIP Caption + BERT,remove_one_word,1,prisoner rats himself out with facebook selfie of cellgrown cannabis,prisoner rats himself out with selfie of cellgrown cannabis,1,0,True
90311,BERT,add_noise,1,prisoner rats himself out with facebook selfie of cellgrown cannabis,prisoner rats himself out with facebook selfie of cellgrown cannabis breaking news,1,1,False
90311,CLIP + MLP,add_noise,1,prisoner rats himself out with facebook selfie of cellgrown cannabis,prisoner rats himself out with facebook selfie of cellgrown cannabis breaking news,0,0,False
90311,ViLT,add_noise,1,prisoner rats himself out with facebook selfie of cellgrown cannabis,prisoner rats himself out with facebook selfie of cellgrown cannabis breaking news,1,1,False
90311,BLIP Caption + BERT,add_noise,1,prisoner rats himself out with facebook selfie of cellgrown cannabis,prisoner rats himself out with facebook selfie of cellgrown cannabis breaking news,1,1,False
67449,BERT,remove_punctuation,1,a photo of david luiz celebrating after scoring a freekick,a photo of david luiz celebrating after scoring a freekick,1,1,False
67449,CLIP + MLP,remove_punctuation,1,a photo of david luiz celebrating after scoring a freekick,a photo of david luiz celebrating after scoring a freekick,0,0,False
67449,ViLT,remove_punctuation,1,a photo of david luiz celebrating after scoring a freekick,a photo of david luiz celebrating after scoring a freekick,0,0,False
67449,BLIP Caption + BERT,remove_punctuation,1,a photo of david luiz celebrating after scoring a freekick,a photo of david luiz celebrating after scoring a freekick,1,1,False
67449,BERT,remove_one_word,1,a photo of david luiz celebrating after scoring a freekick,a photo of david luiz after scoring a freekick,1,1,False
67449,CLIP + MLP,remove_one_word,1,a photo of david luiz celebrating after scoring a freekick,a photo of david luiz after scoring a freekick,0,0,False
67449,ViLT,remove_one_word,1,a photo of david luiz celebrating after scoring a freekick,a photo of david luiz after scoring a freekick,0,0,False
67449,BLIP Caption + BERT,remove_one_word,1,a photo of david luiz celebrating after scoring a freekick,a photo of david luiz after scoring a freekick,1,1,False
67449,BERT,add_noise,1,a photo of david luiz celebrating after scoring a freekick,a photo of david luiz celebrating after scoring a freekick breaking news,1,0,True
67449,CLIP + MLP,add_noise,1,a photo of david luiz celebrating after scoring a freekick,a photo of david luiz celebrating after scoring a freekick breaking news,0,0,False
67449,ViLT,add_noise,1,a photo of david luiz celebrating after scoring a freekick,a photo of david luiz celebrating after scoring a freekick breaking news,0,0,False
67449,BLIP Caption + BERT,add_noise,1,a photo of david luiz celebrating after scoring a freekick,a photo of david luiz celebrating after scoring a freekick breaking news,1,1,False
27195,BERT,remove_punctuation,1,volunteers come together to help wounded veterans surf waves of nsb,volunteers come together to help wounded veterans surf waves of nsb,1,1,False
27195,CLIP + MLP,remove_punctuation,1,volunteers come together to help wounded veterans surf waves of nsb,volunteers come together to help wounded veterans surf waves of nsb,0,0,False
27195,ViLT,remove_punctuation,1,volunteers come together to help wounded veterans surf waves of nsb,volunteers come together to help wounded veterans surf waves of nsb,1,1,False
27195,BLIP Caption + BERT,remove_punctuation,1,volunteers come together to help wounded veterans surf waves of nsb,volunteers come together to help wounded veterans surf waves of nsb,0,0,False
27195,BERT,remove_one_word,1,volunteers come together to help wounded veterans surf waves of nsb,volunteers come together to help veterans surf waves of nsb,1,1,False
27195,CLIP + MLP,remove_one_word,1,volunteers come together to help wounded veterans surf waves of nsb,volunteers come together to help veterans surf waves of nsb,0,0,False
27195,ViLT,remove_one_word,1,volunteers come together to help wounded veterans surf waves of nsb,volunteers come together to help veterans surf waves of nsb,1,1,False
27195,BLIP Caption + BERT,remove_one_word,1,volunteers come together to help wounded veterans surf waves of nsb,volunteers come together to help veterans surf waves of nsb,0,0,False
27195,BERT,add_noise,1,volunteers come together to help wounded veterans surf waves of nsb,volunteers come together to help wounded veterans surf waves of nsb breaking news,1,1,False
27195,CLIP + MLP,add_noise,1,volunteers come together to help wounded veterans surf waves of nsb,volunteers come together to help wounded veterans surf waves of nsb breaking news,0,0,False
27195,ViLT,add_noise,1,volunteers come together to help wounded veterans surf waves of nsb,volunteers come together to help wounded veterans surf waves of nsb breaking news,1,1,False
27195,BLIP Caption + BERT,add_noise,1,volunteers come together to help wounded veterans surf waves of nsb,volunteers come together to help wounded veterans surf waves of nsb breaking news,0,0,False
46044,BERT,remove_punctuation,1,this picture of the sun i took earlier today,this picture of the sun i took earlier today,1,1,False
46044,CLIP + MLP,remove_punctuation,1,this picture of the sun i took earlier today,this picture of the sun i took earlier today,1,1,False
46044,ViLT,remove_punctuation,1,this picture of the sun i took earlier today,this picture of the sun i took earlier today,1,1,False
46044,BLIP Caption + BERT,remove_punctuation,1,this picture of the sun i took earlier today,this picture of the sun i took earlier today,0,0,False
46044,BERT,remove_one_word,1,this picture of the sun i took earlier today,this picture of the i took earlier today,1,1,False
46044,CLIP + MLP,remove_one_word,1,this picture of the sun i took earlier today,this picture of the i took earlier today,1,1,False
46044,ViLT,remove_one_word,1,this picture of the sun i took earlier today,this picture of the i took earlier today,1,1,False
46044,BLIP Caption + BERT,remove_one_word,1,this picture of the sun i took earlier today,this picture of the i took earlier today,0,0,False
46044,BERT,add_noise,1,this picture of the sun i took earlier today,this picture of the sun i took earlier today breaking news,1,1,False
46044,CLIP + MLP,add_noise,1,this picture of the sun i took earlier today,this picture of the sun i took earlier today breaking news,1,1,False
46044,ViLT,add_noise,1,this picture of the sun i took earlier today,this picture of the sun i took earlier today breaking news,1,1,False
46044,BLIP Caption + BERT,add_noise,1,this picture of the sun i took earlier today,this picture of the sun i took earlier today breaking news,0,0,False
38557,BERT,remove_punctuation,1,these iphoneadaptershaped electrical sockets i found here at the stockholm airport,these iphoneadaptershaped electrical sockets i found here at the stockholm airport,1,1,False
38557,CLIP + MLP,remove_punctuation,1,these iphoneadaptershaped electrical sockets i found here at the stockholm airport,these iphoneadaptershaped electrical sockets i found here at the stockholm airport,1,1,False
38557,ViLT,remove_punctuation,1,these iphoneadaptershaped electrical sockets i found here at the stockholm airport,these iphoneadaptershaped electrical sockets i found here at the stockholm airport,1,1,False
38557,BLIP Caption + BERT,remove_punctuation,1,these iphoneadaptershaped electrical sockets i found here at the stockholm airport,these iphoneadaptershaped electrical sockets i found here at the stockholm airport,0,0,False
38557,BERT,remove_one_word,1,these iphoneadaptershaped electrical sockets i found here at the stockholm airport,these iphoneadaptershaped electrical sockets i here at the stockholm airport,1,1,False
38557,CLIP + MLP,remove_one_word,1,these iphoneadaptershaped electrical sockets i found here at the stockholm airport,these iphoneadaptershaped electrical sockets i here at the stockholm airport,1,1,False
38557,ViLT,remove_one_word,1,these iphoneadaptershaped electrical sockets i found here at the stockholm airport,these iphoneadaptershaped electrical sockets i here at the stockholm airport,1,1,False
38557,BLIP Caption + BERT,remove_one_word,1,these iphoneadaptershaped electrical sockets i found here at the stockholm airport,these iphoneadaptershaped electrical sockets i here at the stockholm airport,0,0,False
38557,BERT,add_noise,1,these iphoneadaptershaped electrical sockets i found here at the stockholm airport,these iphoneadaptershaped electrical sockets i found here at the stockholm airport breaking news,1,0,True
38557,CLIP + MLP,add_noise,1,these iphoneadaptershaped electrical sockets i found here at the stockholm airport,these iphoneadaptershaped electrical sockets i found here at the stockholm airport breaking news,1,1,False
38557,ViLT,add_noise,1,these iphoneadaptershaped electrical sockets i found here at the stockholm airport,these iphoneadaptershaped electrical sockets i found here at the stockholm airport breaking news,1,1,False
38557,BLIP Caption + BERT,add_noise,1,these iphoneadaptershaped electrical sockets i found here at the stockholm airport,these iphoneadaptershaped electrical sockets i found here at the stockholm airport breaking news,0,0,False
64511,BERT,remove_punctuation,1,posters for seinfeld movie rochelle rochelle are making a strange erotic journey through new york,posters for seinfeld movie rochelle rochelle are making a strange erotic journey through new york,1,1,False
64511,CLIP + MLP,remove_punctuation,1,posters for seinfeld movie rochelle rochelle are making a strange erotic journey through new york,posters for seinfeld movie rochelle rochelle are making a strange erotic journey through new york,0,0,False
64511,ViLT,remove_punctuation,1,posters for seinfeld movie rochelle rochelle are making a strange erotic journey through new york,posters for seinfeld movie rochelle rochelle are making a strange erotic journey through new york,0,0,False
64511,BLIP Caption + BERT,remove_punctuation,1,posters for seinfeld movie rochelle rochelle are making a strange erotic journey through new york,posters for seinfeld movie rochelle rochelle are making a strange erotic journey through new york,0,0,False
64511,BERT,remove_one_word,1,posters for seinfeld movie rochelle rochelle are making a strange erotic journey through new york,posters for seinfeld movie rochelle rochelle are a strange erotic journey through new york,1,0,True
64511,CLIP + MLP,remove_one_word,1,posters for seinfeld movie rochelle rochelle are making a strange erotic journey through new york,posters for seinfeld movie rochelle rochelle are a strange erotic journey through new york,0,0,False
64511,ViLT,remove_one_word,1,posters for seinfeld movie rochelle rochelle are making a strange erotic journey through new york,posters for seinfeld movie rochelle rochelle are a strange erotic journey through new york,0,0,False
64511,BLIP Caption + BERT,remove_one_word,1,posters for seinfeld movie rochelle rochelle are making a strange erotic journey through new york,posters for seinfeld movie rochelle rochelle are a strange erotic journey through new york,0,0,False
64511,BERT,add_noise,1,posters for seinfeld movie rochelle rochelle are making a strange erotic journey through new york,posters for seinfeld movie rochelle rochelle are making a strange erotic journey through new york breaking news,1,0,True
64511,CLIP + MLP,add_noise,1,posters for seinfeld movie rochelle rochelle are making a strange erotic journey through new york,posters for seinfeld movie rochelle rochelle are making a strange erotic journey through new york breaking news,0,0,False
64511,ViLT,add_noise,1,posters for seinfeld movie rochelle rochelle are making a strange erotic journey through new york,posters for seinfeld movie rochelle rochelle are making a strange erotic journey through new york breaking news,0,0,False
64511,BLIP Caption + BERT,add_noise,1,posters for seinfeld movie rochelle rochelle are making a strange erotic journey through new york,posters for seinfeld movie rochelle rochelle are making a strange erotic journey through new york breaking news,0,0,False
40562,BERT,remove_punctuation,1,gamer waving his hand to the crowd from the stage,gamer waving his hand to the crowd from the stage,1,1,False
40562,CLIP + MLP,remove_punctuation,1,gamer waving his hand to the crowd from the stage,gamer waving his hand to the crowd from the stage,0,0,False
40562,ViLT,remove_punctuation,1,gamer waving his hand to the crowd from the stage,gamer waving his hand to the crowd from the stage,0,0,False
40562,BLIP Caption + BERT,remove_punctuation,1,gamer waving his hand to the crowd from the stage,gamer waving his hand to the crowd from the stage,0,0,False
40562,BERT,remove_one_word,1,gamer waving his hand to the crowd from the stage,gamer waving his hand to crowd from the stage,1,1,False
40562,CLIP + MLP,remove_one_word,1,gamer waving his hand to the crowd from the stage,gamer waving his hand to crowd from the stage,0,0,False
40562,ViLT,remove_one_word,1,gamer waving his hand to the crowd from the stage,gamer waving his hand to crowd from the stage,0,0,False
40562,BLIP Caption + BERT,remove_one_word,1,gamer waving his hand to the crowd from the stage,gamer waving his hand to crowd from the stage,0,0,False
40562,BERT,add_noise,1,gamer waving his hand to the crowd from the stage,gamer waving his hand to the crowd from the stage breaking news,1,1,False
40562,CLIP + MLP,add_noise,1,gamer waving his hand to the crowd from the stage,gamer waving his hand to the crowd from the stage breaking news,0,0,False
40562,ViLT,add_noise,1,gamer waving his hand to the crowd from the stage,gamer waving his hand to the crowd from the stage breaking news,0,0,False
40562,BLIP Caption + BERT,add_noise,1,gamer waving his hand to the crowd from the stage,gamer waving his hand to the crowd from the stage breaking news,0,0,False
62671,BERT,remove_punctuation,1,this old car sorry for the poor quality,this old car sorry for the poor quality,1,1,False
62671,CLIP + MLP,remove_punctuation,1,this old car sorry for the poor quality,this old car sorry for the poor quality,1,1,False
62671,ViLT,remove_punctuation,1,this old car sorry for the poor quality,this old car sorry for the poor quality,1,1,False
62671,BLIP Caption + BERT,remove_punctuation,1,this old car sorry for the poor quality,this old car sorry for the poor quality,0,0,False
62671,BERT,remove_one_word,1,this old car sorry for the poor quality,this old car sorry the poor quality,1,1,False
62671,CLIP + MLP,remove_one_word,1,this old car sorry for the poor quality,this old car sorry the poor quality,1,1,False
62671,ViLT,remove_one_word,1,this old car sorry for the poor quality,this old car sorry the poor quality,1,1,False
62671,BLIP Caption + BERT,remove_one_word,1,this old car sorry for the poor quality,this old car sorry the poor quality,0,0,False
62671,BERT,add_noise,1,this old car sorry for the poor quality,this old car sorry for the poor quality breaking news,1,1,False
62671,CLIP + MLP,add_noise,1,this old car sorry for the poor quality,this old car sorry for the poor quality breaking news,1,1,False
62671,ViLT,add_noise,1,this old car sorry for the poor quality,this old car sorry for the poor quality breaking news,1,1,False
62671,BLIP Caption + BERT,add_noise,1,this old car sorry for the poor quality,this old car sorry for the poor quality breaking news,0,0,False
108776,BERT,remove_punctuation,1,scientist pitches proposal to curb bird deaths with a tax on cats,scientist pitches proposal to curb bird deaths with a tax on cats,1,1,False
108776,CLIP + MLP,remove_punctuation,1,scientist pitches proposal to curb bird deaths with a tax on cats,scientist pitches proposal to curb bird deaths with a tax on cats,0,0,False
108776,ViLT,remove_punctuation,1,scientist pitches proposal to curb bird deaths with a tax on cats,scientist pitches proposal to curb bird deaths with a tax on cats,0,0,False
108776,BLIP Caption + BERT,remove_punctuation,1,scientist pitches proposal to curb bird deaths with a tax on cats,scientist pitches proposal to curb bird deaths with a tax on cats,1,1,False
108776,BERT,remove_one_word,1,scientist pitches proposal to curb bird deaths with a tax on cats,scientist pitches proposal to curb bird with a tax on cats,1,1,False
108776,CLIP + MLP,remove_one_word,1,scientist pitches proposal to curb bird deaths with a tax on cats,scientist pitches proposal to curb bird with a tax on cats,0,0,False
108776,ViLT,remove_one_word,1,scientist pitches proposal to curb bird deaths with a tax on cats,scientist pitches proposal to curb bird with a tax on cats,0,0,False
108776,BLIP Caption + BERT,remove_one_word,1,scientist pitches proposal to curb bird deaths with a tax on cats,scientist pitches proposal to curb bird with a tax on cats,1,1,False
108776,BERT,add_noise,1,scientist pitches proposal to curb bird deaths with a tax on cats,scientist pitches proposal to curb bird deaths with a tax on cats breaking news,1,1,False
108776,CLIP + MLP,add_noise,1,scientist pitches proposal to curb bird deaths with a tax on cats,scientist pitches proposal to curb bird deaths with a tax on cats breaking news,0,0,False
108776,ViLT,add_noise,1,scientist pitches proposal to curb bird deaths with a tax on cats,scientist pitches proposal to curb bird deaths with a tax on cats breaking news,0,0,False
108776,BLIP Caption + BERT,add_noise,1,scientist pitches proposal to curb bird deaths with a tax on cats,scientist pitches proposal to curb bird deaths with a tax on cats breaking news,1,1,False
60653,BERT,remove_punctuation,0,other discussions,other discussions,0,0,False
60653,CLIP + MLP,remove_punctuation,0,other discussions,other discussions,0,0,False
60653,ViLT,remove_punctuation,0,other discussions,other discussions,0,0,False
60653,BLIP Caption + BERT,remove_punctuation,0,other discussions,other discussions,1,1,False
60653,BERT,remove_one_word,0,other discussions,other discussions,0,0,False
60653,CLIP + MLP,remove_one_word,0,other discussions,other discussions,0,0,False
60653,ViLT,remove_one_word,0,other discussions,other discussions,0,0,False
60653,BLIP Caption + BERT,remove_one_word,0,other discussions,other discussions,1,1,False
60653,BERT,add_noise,0,other discussions,other discussions breaking news,0,0,False
60653,CLIP + MLP,add_noise,0,other discussions,other discussions breaking news,0,0,False
60653,ViLT,add_noise,0,other discussions,other discussions breaking news,0,0,False
60653,BLIP Caption + BERT,add_noise,0,other discussions,other discussions breaking news,1,1,False
75143,BERT,remove_punctuation,0,baloney meter are canadians so obsessed with the sudden influx of trump win,baloney meter are canadians so obsessed with the sudden influx of trump win,1,1,False
75143,CLIP + MLP,remove_punctuation,0,baloney meter are canadians so obsessed with the sudden influx of trump win,baloney meter are canadians so obsessed with the sudden influx of trump win,0,0,False
75143,ViLT,remove_punctuation,0,baloney meter are canadians so obsessed with the sudden influx of trump win,baloney meter are canadians so obsessed with the sudden influx of trump win,0,0,False
75143,BLIP Caption + BERT,remove_punctuation,0,baloney meter are canadians so obsessed with the sudden influx of trump win,baloney meter are canadians so obsessed with the sudden influx of trump win,0,0,False
75143,BERT,remove_one_word,0,baloney meter are canadians so obsessed with the sudden influx of trump win,baloney meter are canadians so obsessed the sudden influx of trump win,1,1,False
75143,CLIP + MLP,remove_one_word,0,baloney meter are canadians so obsessed with the sudden influx of trump win,baloney meter are canadians so obsessed the sudden influx of trump win,0,0,False
75143,ViLT,remove_one_word,0,baloney meter are canadians so obsessed with the sudden influx of trump win,baloney meter are canadians so obsessed the sudden influx of trump win,0,0,False
75143,BLIP Caption + BERT,remove_one_word,0,baloney meter are canadians so obsessed with the sudden influx of trump win,baloney meter are canadians so obsessed the sudden influx of trump win,0,0,False
75143,BERT,add_noise,0,baloney meter are canadians so obsessed with the sudden influx of trump win,baloney meter are canadians so obsessed with the sudden influx of trump win breaking news,1,0,True
75143,CLIP + MLP,add_noise,0,baloney meter are canadians so obsessed with the sudden influx of trump win,baloney meter are canadians so obsessed with the sudden influx of trump win breaking news,0,0,False
75143,ViLT,add_noise,0,baloney meter are canadians so obsessed with the sudden influx of trump win,baloney meter are canadians so obsessed with the sudden influx of trump win breaking news,0,0,False
75143,BLIP Caption + BERT,add_noise,0,baloney meter are canadians so obsessed with the sudden influx of trump win,baloney meter are canadians so obsessed with the sudden influx of trump win breaking news,0,0,False
1881,BERT,remove_punctuation,1,this shepards pie that isnt shepards pie as its made with ground beef,this shepards pie that isnt shepards pie as its made with ground beef,1,1,False
1881,CLIP + MLP,remove_punctuation,1,this shepards pie that isnt shepards pie as its made with ground beef,this shepards pie that isnt shepards pie as its made with ground beef,1,1,False
1881,ViLT,remove_punctuation,1,this shepards pie that isnt shepards pie as its made with ground beef,this shepards pie that isnt shepards pie as its made with ground beef,1,1,False
1881,BLIP Caption + BERT,remove_punctuation,1,this shepards pie that isnt shepards pie as its made with ground beef,this shepards pie that isnt shepards pie as its made with ground beef,0,0,False
1881,BERT,remove_one_word,1,this shepards pie that isnt shepards pie as its made with ground beef,this shepards pie that isnt shepards as its made with ground beef,1,1,False
1881,CLIP + MLP,remove_one_word,1,this shepards pie that isnt shepards pie as its made with ground beef,this shepards pie that isnt shepards as its made with ground beef,1,1,False
1881,ViLT,remove_one_word,1,this shepards pie that isnt shepards pie as its made with ground beef,this shepards pie that isnt shepards as its made with ground beef,1,1,False
1881,BLIP Caption + BERT,remove_one_word,1,this shepards pie that isnt shepards pie as its made with ground beef,this shepards pie that isnt shepards as its made with ground beef,0,0,False
1881,BERT,add_noise,1,this shepards pie that isnt shepards pie as its made with ground beef,this shepards pie that isnt shepards pie as its made with ground beef breaking news,1,1,False
1881,CLIP + MLP,add_noise,1,this shepards pie that isnt shepards pie as its made with ground beef,this shepards pie that isnt shepards pie as its made with ground beef breaking news,1,1,False
1881,ViLT,add_noise,1,this shepards pie that isnt shepards pie as its made with ground beef,this shepards pie that isnt shepards pie as its made with ground beef breaking news,1,1,False
1881,BLIP Caption + BERT,add_noise,1,this shepards pie that isnt shepards pie as its made with ground beef,this shepards pie that isnt shepards pie as its made with ground beef breaking news,0,0,False
29690,BERT,remove_punctuation,0,destroying italy,destroying italy,0,0,False
29690,CLIP + MLP,remove_punctuation,0,destroying italy,destroying italy,0,0,False
29690,ViLT,remove_punctuation,0,destroying italy,destroying italy,0,0,False
29690,BLIP Caption + BERT,remove_punctuation,0,destroying italy,destroying italy,1,1,False
29690,BERT,remove_one_word,0,destroying italy,destroying italy,0,0,False
29690,CLIP + MLP,remove_one_word,0,destroying italy,destroying italy,0,0,False
29690,ViLT,remove_one_word,0,destroying italy,destroying italy,0,0,False
29690,BLIP Caption + BERT,remove_one_word,0,destroying italy,destroying italy,1,1,False
29690,BERT,add_noise,0,destroying italy,destroying italy breaking news,0,0,False
29690,CLIP + MLP,add_noise,0,destroying italy,destroying italy breaking news,0,0,False
29690,ViLT,add_noise,0,destroying italy,destroying italy breaking news,0,0,False
29690,BLIP Caption + BERT,add_noise,0,destroying italy,destroying italy breaking news,1,1,False
60696,BERT,remove_punctuation,0,really adidas what does this have to do fortnight dances at their favorite game ad by an escape room company ill give you ingame items depending on your stolen phone relatable,really adidas what does this have to do fortnight dances at their favorite game ad by an escape room company ill give you ingame items depending on your stolen phone relatable,0,0,False
60696,CLIP + MLP,remove_punctuation,0,really adidas what does this have to do fortnight dances at their favorite game ad by an escape room company ill give you ingame items depending on your stolen phone relatable,really adidas what does this have to do fortnight dances at their favorite game ad by an escape room company ill give you ingame items depending on your stolen phone relatable,0,0,False
60696,ViLT,remove_punctuation,0,really adidas what does this have to do fortnight dances at their favorite game ad by an escape room company ill give you ingame items depending on your stolen phone relatable,really adidas what does this have to do fortnight dances at their favorite game ad by an escape room company ill give you ingame items depending on your stolen phone relatable,1,1,False
60696,BLIP Caption + BERT,remove_punctuation,0,really adidas what does this have to do fortnight dances at their favorite game ad by an escape room company ill give you ingame items depending on your stolen phone relatable,really adidas what does this have to do fortnight dances at their favorite game ad by an escape room company ill give you ingame items depending on your stolen phone relatable,0,0,False
60696,BERT,remove_one_word,0,really adidas what does this have to do fortnight dances at their favorite game ad by an escape room company ill give you ingame items depending on your stolen phone relatable,really adidas what does this have to do fortnight dances at their favorite game ad an escape room company ill give you ingame items depending on your stolen phone relatable,0,0,False
60696,CLIP + MLP,remove_one_word,0,really adidas what does this have to do fortnight dances at their favorite game ad by an escape room company ill give you ingame items depending on your stolen phone relatable,really adidas what does this have to do fortnight dances at their favorite game ad an escape room company ill give you ingame items depending on your stolen phone relatable,0,0,False
60696,ViLT,remove_one_word,0,really adidas what does this have to do fortnight dances at their favorite game ad by an escape room company ill give you ingame items depending on your stolen phone relatable,really adidas what does this have to do fortnight dances at their favorite game ad an escape room company ill give you ingame items depending on your stolen phone relatable,1,1,False
60696,BLIP Caption + BERT,remove_one_word,0,really adidas what does this have to do fortnight dances at their favorite game ad by an escape room company ill give you ingame items depending on your stolen phone relatable,really adidas what does this have to do fortnight dances at their favorite game ad an escape room company ill give you ingame items depending on your stolen phone relatable,0,0,False
60696,BERT,add_noise,0,really adidas what does this have to do fortnight dances at their favorite game ad by an escape room company ill give you ingame items depending on your stolen phone relatable,really adidas what does this have to do fortnight dances at their favorite game ad by an escape room company ill give you ingame items depending on your stolen phone relatable breaking news,0,0,False
60696,CLIP + MLP,add_noise,0,really adidas what does this have to do fortnight dances at their favorite game ad by an escape room company ill give you ingame items depending on your stolen phone relatable,really adidas what does this have to do fortnight dances at their favorite game ad by an escape room company ill give you ingame items depending on your stolen phone relatable breaking news,0,0,False
60696,ViLT,add_noise,0,really adidas what does this have to do fortnight dances at their favorite game ad by an escape room company ill give you ingame items depending on your stolen phone relatable,really adidas what does this have to do fortnight dances at their favorite game ad by an escape room company ill give you ingame items depending on your stolen phone relatable breaking news,1,1,False
60696,BLIP Caption + BERT,add_noise,0,really adidas what does this have to do fortnight dances at their favorite game ad by an escape room company ill give you ingame items depending on your stolen phone relatable,really adidas what does this have to do fortnight dances at their favorite game ad by an escape room company ill give you ingame items depending on your stolen phone relatable breaking news,0,0,False
66487,BERT,remove_punctuation,1,washington becomes first us state to legalize human composting as alternative to burialcremation,washington becomes first us state to legalize human composting as alternative to burialcremation,1,1,False
66487,CLIP + MLP,remove_punctuation,1,washington becomes first us state to legalize human composting as alternative to burialcremation,washington becomes first us state to legalize human composting as alternative to burialcremation,1,1,False
66487,ViLT,remove_punctuation,1,washington becomes first us state to legalize human composting as alternative to burialcremation,washington becomes first us state to legalize human composting as alternative to burialcremation,0,0,False
66487,BLIP Caption + BERT,remove_punctuation,1,washington becomes first us state to legalize human composting as alternative to burialcremation,washington becomes first us state to legalize human composting as alternative to burialcremation,1,1,False
66487,BERT,remove_one_word,1,washington becomes first us state to legalize human composting as alternative to burialcremation,washington becomes first us state to human composting as alternative to burialcremation,1,1,False
66487,CLIP + MLP,remove_one_word,1,washington becomes first us state to legalize human composting as alternative to burialcremation,washington becomes first us state to human composting as alternative to burialcremation,1,1,False
66487,ViLT,remove_one_word,1,washington becomes first us state to legalize human composting as alternative to burialcremation,washington becomes first us state to human composting as alternative to burialcremation,0,0,False
66487,BLIP Caption + BERT,remove_one_word,1,washington becomes first us state to legalize human composting as alternative to burialcremation,washington becomes first us state to human composting as alternative to burialcremation,1,1,False
66487,BERT,add_noise,1,washington becomes first us state to legalize human composting as alternative to burialcremation,washington becomes first us state to legalize human composting as alternative to burialcremation breaking news,1,1,False
66487,CLIP + MLP,add_noise,1,washington becomes first us state to legalize human composting as alternative to burialcremation,washington becomes first us state to legalize human composting as alternative to burialcremation breaking news,1,1,False
66487,ViLT,add_noise,1,washington becomes first us state to legalize human composting as alternative to burialcremation,washington becomes first us state to legalize human composting as alternative to burialcremation breaking news,0,0,False
66487,BLIP Caption + BERT,add_noise,1,washington becomes first us state to legalize human composting as alternative to burialcremation,washington becomes first us state to legalize human composting as alternative to burialcremation breaking news,1,0,True
107166,BERT,remove_punctuation,0,beautiful girl takes selfies in a tight green dress,beautiful girl takes selfies in a tight green dress,0,0,False
107166,CLIP + MLP,remove_punctuation,0,beautiful girl takes selfies in a tight green dress,beautiful girl takes selfies in a tight green dress,0,0,False
107166,ViLT,remove_punctuation,0,beautiful girl takes selfies in a tight green dress,beautiful girl takes selfies in a tight green dress,0,0,False
107166,BLIP Caption + BERT,remove_punctuation,0,beautiful girl takes selfies in a tight green dress,beautiful girl takes selfies in a tight green dress,1,1,False
107166,BERT,remove_one_word,0,beautiful girl takes selfies in a tight green dress,beautiful girl takes selfies a tight green dress,0,0,False
107166,CLIP + MLP,remove_one_word,0,beautiful girl takes selfies in a tight green dress,beautiful girl takes selfies a tight green dress,0,0,False
107166,ViLT,remove_one_word,0,beautiful girl takes selfies in a tight green dress,beautiful girl takes selfies a tight green dress,0,0,False
107166,BLIP Caption + BERT,remove_one_word,0,beautiful girl takes selfies in a tight green dress,beautiful girl takes selfies a tight green dress,1,1,False
107166,BERT,add_noise,0,beautiful girl takes selfies in a tight green dress,beautiful girl takes selfies in a tight green dress breaking news,0,0,False
107166,CLIP + MLP,add_noise,0,beautiful girl takes selfies in a tight green dress,beautiful girl takes selfies in a tight green dress breaking news,0,0,False
107166,ViLT,add_noise,0,beautiful girl takes selfies in a tight green dress,beautiful girl takes selfies in a tight green dress breaking news,0,0,False
107166,BLIP Caption + BERT,add_noise,0,beautiful girl takes selfies in a tight green dress,beautiful girl takes selfies in a tight green dress breaking news,1,1,False
93883,BERT,remove_punctuation,1,this guys license plate,this guys license plate,1,1,False
93883,CLIP + MLP,remove_punctuation,1,this guys license plate,this guys license plate,1,1,False
93883,ViLT,remove_punctuation,1,this guys license plate,this guys license plate,1,1,False
93883,BLIP Caption + BERT,remove_punctuation,1,this guys license plate,this guys license plate,0,0,False
93883,BERT,remove_one_word,1,this guys license plate,this guys plate,1,1,False
93883,CLIP + MLP,remove_one_word,1,this guys license plate,this guys plate,1,1,False
93883,ViLT,remove_one_word,1,this guys license plate,this guys plate,1,0,True
93883,BLIP Caption + BERT,remove_one_word,1,this guys license plate,this guys plate,0,0,False
93883,BERT,add_noise,1,this guys license plate,this guys license plate breaking news,1,1,False
93883,CLIP + MLP,add_noise,1,this guys license plate,this guys license plate breaking news,1,1,False
93883,ViLT,add_noise,1,this guys license plate,this guys license plate breaking news,1,1,False
93883,BLIP Caption + BERT,add_noise,1,this guys license plate,this guys license plate breaking news,0,0,False
3201,BERT,remove_punctuation,1,court nixes federal approval for cadiz pipeline to suck water out of the mojave to sell,court nixes federal approval for cadiz pipeline to suck water out of the mojave to sell,1,1,False
3201,CLIP + MLP,remove_punctuation,1,court nixes federal approval for cadiz pipeline to suck water out of the mojave to sell,court nixes federal approval for cadiz pipeline to suck water out of the mojave to sell,1,1,False
3201,ViLT,remove_punctuation,1,court nixes federal approval for cadiz pipeline to suck water out of the mojave to sell,court nixes federal approval for cadiz pipeline to suck water out of the mojave to sell,0,0,False
3201,BLIP Caption + BERT,remove_punctuation,1,court nixes federal approval for cadiz pipeline to suck water out of the mojave to sell,court nixes federal approval for cadiz pipeline to suck water out of the mojave to sell,1,1,False
3201,BERT,remove_one_word,1,court nixes federal approval for cadiz pipeline to suck water out of the mojave to sell,court nixes federal approval for cadiz pipeline to water out of the mojave to sell,1,1,False
3201,CLIP + MLP,remove_one_word,1,court nixes federal approval for cadiz pipeline to suck water out of the mojave to sell,court nixes federal approval for cadiz pipeline to water out of the mojave to sell,1,1,False
3201,ViLT,remove_one_word,1,court nixes federal approval for cadiz pipeline to suck water out of the mojave to sell,court nixes federal approval for cadiz pipeline to water out of the mojave to sell,0,0,False
3201,BLIP Caption + BERT,remove_one_word,1,court nixes federal approval for cadiz pipeline to suck water out of the mojave to sell,court nixes federal approval for cadiz pipeline to water out of the mojave to sell,1,1,False
3201,BERT,add_noise,1,court nixes federal approval for cadiz pipeline to suck water out of the mojave to sell,court nixes federal approval for cadiz pipeline to suck water out of the mojave to sell breaking news,1,1,False
3201,CLIP + MLP,add_noise,1,court nixes federal approval for cadiz pipeline to suck water out of the mojave to sell,court nixes federal approval for cadiz pipeline to suck water out of the mojave to sell breaking news,1,1,False
3201,ViLT,add_noise,1,court nixes federal approval for cadiz pipeline to suck water out of the mojave to sell,court nixes federal approval for cadiz pipeline to suck water out of the mojave to sell breaking news,0,0,False
3201,BLIP Caption + BERT,add_noise,1,court nixes federal approval for cadiz pipeline to suck water out of the mojave to sell,court nixes federal approval for cadiz pipeline to suck water out of the mojave to sell breaking news,1,1,False
76586,BERT,remove_punctuation,0,he did itagain,he did itagain,0,0,False
76586,CLIP + MLP,remove_punctuation,0,he did itagain,he did itagain,0,0,False
76586,ViLT,remove_punctuation,0,he did itagain,he did itagain,0,0,False
76586,BLIP Caption + BERT,remove_punctuation,0,he did itagain,he did itagain,0,0,False
76586,BERT,remove_one_word,0,he did itagain,he did itagain,0,0,False
76586,CLIP + MLP,remove_one_word,0,he did itagain,he did itagain,0,0,False
76586,ViLT,remove_one_word,0,he did itagain,he did itagain,0,0,False
76586,BLIP Caption + BERT,remove_one_word,0,he did itagain,he did itagain,0,0,False
76586,BERT,add_noise,0,he did itagain,he did itagain breaking news,0,0,False
76586,CLIP + MLP,add_noise,0,he did itagain,he did itagain breaking news,0,0,False
76586,ViLT,add_noise,0,he did itagain,he did itagain breaking news,0,0,False
76586,BLIP Caption + BERT,add_noise,0,he did itagain,he did itagain breaking news,0,0,False
97864,BERT,remove_punctuation,1,heres why you shouldnt cremate radioactive dead people,heres why you shouldnt cremate radioactive dead people,0,0,False
97864,CLIP + MLP,remove_punctuation,1,heres why you shouldnt cremate radioactive dead people,heres why you shouldnt cremate radioactive dead people,0,0,False
97864,ViLT,remove_punctuation,1,heres why you shouldnt cremate radioactive dead people,heres why you shouldnt cremate radioactive dead people,0,0,False
97864,BLIP Caption + BERT,remove_punctuation,1,heres why you shouldnt cremate radioactive dead people,heres why you shouldnt cremate radioactive dead people,0,0,False
97864,BERT,remove_one_word,1,heres why you shouldnt cremate radioactive dead people,heres why you shouldnt radioactive dead people,0,0,False
97864,CLIP + MLP,remove_one_word,1,heres why you shouldnt cremate radioactive dead people,heres why you shouldnt radioactive dead people,0,0,False
97864,ViLT,remove_one_word,1,heres why you shouldnt cremate radioactive dead people,heres why you shouldnt radioactive dead people,0,0,False
97864,BLIP Caption + BERT,remove_one_word,1,heres why you shouldnt cremate radioactive dead people,heres why you shouldnt radioactive dead people,0,0,False
97864,BERT,add_noise,1,heres why you shouldnt cremate radioactive dead people,heres why you shouldnt cremate radioactive dead people breaking news,0,0,False
97864,CLIP + MLP,add_noise,1,heres why you shouldnt cremate radioactive dead people,heres why you shouldnt cremate radioactive dead people breaking news,0,0,False
97864,ViLT,add_noise,1,heres why you shouldnt cremate radioactive dead people,heres why you shouldnt cremate radioactive dead people breaking news,0,0,False
97864,BLIP Caption + BERT,add_noise,1,heres why you shouldnt cremate radioactive dead people,heres why you shouldnt cremate radioactive dead people breaking news,0,0,False
104141,BERT,remove_punctuation,0,whitecrowned cuckoo refresh my vision,whitecrowned cuckoo refresh my vision,0,0,False
104141,CLIP + MLP,remove_punctuation,0,whitecrowned cuckoo refresh my vision,whitecrowned cuckoo refresh my vision,0,0,False
104141,ViLT,remove_punctuation,0,whitecrowned cuckoo refresh my vision,whitecrowned cuckoo refresh my vision,0,0,False
104141,BLIP Caption + BERT,remove_punctuation,0,whitecrowned cuckoo refresh my vision,whitecrowned cuckoo refresh my vision,0,0,False
104141,BERT,remove_one_word,0,whitecrowned cuckoo refresh my vision,whitecrowned cuckoo my vision,0,0,False
104141,CLIP + MLP,remove_one_word,0,whitecrowned cuckoo refresh my vision,whitecrowned cuckoo my vision,0,0,False
104141,ViLT,remove_one_word,0,whitecrowned cuckoo refresh my vision,whitecrowned cuckoo my vision,0,0,False
104141,BLIP Caption + BERT,remove_one_word,0,whitecrowned cuckoo refresh my vision,whitecrowned cuckoo my vision,0,0,False
104141,BERT,add_noise,0,whitecrowned cuckoo refresh my vision,whitecrowned cuckoo refresh my vision breaking news,0,0,False
104141,CLIP + MLP,add_noise,0,whitecrowned cuckoo refresh my vision,whitecrowned cuckoo refresh my vision breaking news,0,0,False
104141,ViLT,add_noise,0,whitecrowned cuckoo refresh my vision,whitecrowned cuckoo refresh my vision breaking news,0,0,False
104141,BLIP Caption + BERT,add_noise,0,whitecrowned cuckoo refresh my vision,whitecrowned cuckoo refresh my vision breaking news,0,0,False
46541,BERT,remove_punctuation,1,saw this little rider on my way to lunch,saw this little rider on my way to lunch,1,1,False
46541,CLIP + MLP,remove_punctuation,1,saw this little rider on my way to lunch,saw this little rider on my way to lunch,0,0,False
46541,ViLT,remove_punctuation,1,saw this little rider on my way to lunch,saw this little rider on my way to lunch,1,1,False
46541,BLIP Caption + BERT,remove_punctuation,1,saw this little rider on my way to lunch,saw this little rider on my way to lunch,0,0,False
46541,BERT,remove_one_word,1,saw this little rider on my way to lunch,saw this little rider my way to lunch,1,1,False
46541,CLIP + MLP,remove_one_word,1,saw this little rider on my way to lunch,saw this little rider my way to lunch,0,0,False
46541,ViLT,remove_one_word,1,saw this little rider on my way to lunch,saw this little rider my way to lunch,1,1,False
46541,BLIP Caption + BERT,remove_one_word,1,saw this little rider on my way to lunch,saw this little rider my way to lunch,0,0,False
46541,BERT,add_noise,1,saw this little rider on my way to lunch,saw this little rider on my way to lunch breaking news,1,1,False
46541,CLIP + MLP,add_noise,1,saw this little rider on my way to lunch,saw this little rider on my way to lunch breaking news,0,0,False
46541,ViLT,add_noise,1,saw this little rider on my way to lunch,saw this little rider on my way to lunch breaking news,1,1,False
46541,BLIP Caption + BERT,add_noise,1,saw this little rider on my way to lunch,saw this little rider on my way to lunch breaking news,0,0,False
77481,BERT,remove_punctuation,0,when pigs fly carnival of resistance,when pigs fly carnival of resistance,0,0,False
77481,CLIP + MLP,remove_punctuation,0,when pigs fly carnival of resistance,when pigs fly carnival of resistance,0,0,False
77481,ViLT,remove_punctuation,0,when pigs fly carnival of resistance,when pigs fly carnival of resistance,0,0,False
77481,BLIP Caption + BERT,remove_punctuation,0,when pigs fly carnival of resistance,when pigs fly carnival of resistance,0,0,False
77481,BERT,remove_one_word,0,when pigs fly carnival of resistance,when pigs fly of resistance,0,0,False
77481,CLIP + MLP,remove_one_word,0,when pigs fly carnival of resistance,when pigs fly of resistance,0,0,False
77481,ViLT,remove_one_word,0,when pigs fly carnival of resistance,when pigs fly of resistance,0,0,False
77481,BLIP Caption + BERT,remove_one_word,0,when pigs fly carnival of resistance,when pigs fly of resistance,0,0,False
77481,BERT,add_noise,0,when pigs fly carnival of resistance,when pigs fly carnival of resistance breaking news,0,0,False
77481,CLIP + MLP,add_noise,0,when pigs fly carnival of resistance,when pigs fly carnival of resistance breaking news,0,0,False
77481,ViLT,add_noise,0,when pigs fly carnival of resistance,when pigs fly carnival of resistance breaking news,0,0,False
77481,BLIP Caption + BERT,add_noise,0,when pigs fly carnival of resistance,when pigs fly carnival of resistance breaking news,0,0,False
10097,BERT,remove_punctuation,0,balls,balls,0,0,False
10097,CLIP + MLP,remove_punctuation,0,balls,balls,0,0,False
10097,ViLT,remove_punctuation,0,balls,balls,1,1,False
10097,BLIP Caption + BERT,remove_punctuation,0,balls,balls,0,0,False
10097,BERT,remove_one_word,0,balls,balls,0,0,False
10097,CLIP + MLP,remove_one_word,0,balls,balls,0,0,False
10097,ViLT,remove_one_word,0,balls,balls,1,1,False
10097,BLIP Caption + BERT,remove_one_word,0,balls,balls,0,0,False
10097,BERT,add_noise,0,balls,balls breaking news,0,0,False
10097,CLIP + MLP,add_noise,0,balls,balls breaking news,0,0,False
10097,ViLT,add_noise,0,balls,balls breaking news,1,1,False
10097,BLIP Caption + BERT,add_noise,0,balls,balls breaking news,0,0,False
53112,BERT,remove_punctuation,1,my goofy fritos bag upside there were more fritos in it than a regular bag,my goofy fritos bag upside there were more fritos in it than a regular bag,1,1,False
53112,CLIP + MLP,remove_punctuation,1,my goofy fritos bag upside there were more fritos in it than a regular bag,my goofy fritos bag upside there were more fritos in it than a regular bag,1,1,False
53112,ViLT,remove_punctuation,1,my goofy fritos bag upside there were more fritos in it than a regular bag,my goofy fritos bag upside there were more fritos in it than a regular bag,1,1,False
53112,BLIP Caption + BERT,remove_punctuation,1,my goofy fritos bag upside there were more fritos in it than a regular bag,my goofy fritos bag upside there were more fritos in it than a regular bag,0,0,False
53112,BERT,remove_one_word,1,my goofy fritos bag upside there were more fritos in it than a regular bag,my goofy fritos bag upside there were fritos in it than a regular bag,1,1,False
53112,CLIP + MLP,remove_one_word,1,my goofy fritos bag upside there were more fritos in it than a regular bag,my goofy fritos bag upside there were fritos in it than a regular bag,1,1,False
53112,ViLT,remove_one_word,1,my goofy fritos bag upside there were more fritos in it than a regular bag,my goofy fritos bag upside there were fritos in it than a regular bag,1,1,False
53112,BLIP Caption + BERT,remove_one_word,1,my goofy fritos bag upside there were more fritos in it than a regular bag,my goofy fritos bag upside there were fritos in it than a regular bag,0,0,False
53112,BERT,add_noise,1,my goofy fritos bag upside there were more fritos in it than a regular bag,my goofy fritos bag upside there were more fritos in it than a regular bag breaking news,1,1,False
53112,CLIP + MLP,add_noise,1,my goofy fritos bag upside there were more fritos in it than a regular bag,my goofy fritos bag upside there were more fritos in it than a regular bag breaking news,1,1,False
53112,ViLT,add_noise,1,my goofy fritos bag upside there were more fritos in it than a regular bag,my goofy fritos bag upside there were more fritos in it than a regular bag breaking news,1,1,False
53112,BLIP Caption + BERT,add_noise,1,my goofy fritos bag upside there were more fritos in it than a regular bag,my goofy fritos bag upside there were more fritos in it than a regular bag breaking news,0,0,False
80814,BERT,remove_punctuation,1,rob ford looking for answers to torontos raccoon problem,rob ford looking for answers to torontos raccoon problem,0,0,False
80814,CLIP + MLP,remove_punctuation,1,rob ford looking for answers to torontos raccoon problem,rob ford looking for answers to torontos raccoon problem,0,0,False
80814,ViLT,remove_punctuation,1,rob ford looking for answers to torontos raccoon problem,rob ford looking for answers to torontos raccoon problem,1,1,False
80814,BLIP Caption + BERT,remove_punctuation,1,rob ford looking for answers to torontos raccoon problem,rob ford looking for answers to torontos raccoon problem,0,0,False
80814,BERT,remove_one_word,1,rob ford looking for answers to torontos raccoon problem,rob ford looking for to torontos raccoon problem,0,0,False
80814,CLIP + MLP,remove_one_word,1,rob ford looking for answers to torontos raccoon problem,rob ford looking for to torontos raccoon problem,0,0,False
80814,ViLT,remove_one_word,1,rob ford looking for answers to torontos raccoon problem,rob ford looking for to torontos raccoon problem,1,1,False
80814,BLIP Caption + BERT,remove_one_word,1,rob ford looking for answers to torontos raccoon problem,rob ford looking for to torontos raccoon problem,0,0,False
80814,BERT,add_noise,1,rob ford looking for answers to torontos raccoon problem,rob ford looking for answers to torontos raccoon problem breaking news,0,0,False
80814,CLIP + MLP,add_noise,1,rob ford looking for answers to torontos raccoon problem,rob ford looking for answers to torontos raccoon problem breaking news,0,0,False
80814,ViLT,add_noise,1,rob ford looking for answers to torontos raccoon problem,rob ford looking for answers to torontos raccoon problem breaking news,1,1,False
80814,BLIP Caption + BERT,add_noise,1,rob ford looking for answers to torontos raccoon problem,rob ford looking for answers to torontos raccoon problem breaking news,0,0,False
43085,BERT,remove_punctuation,0,blythe end cause thats how it feels when you lose the love of your life,blythe end cause thats how it feels when you lose the love of your life,0,0,False
43085,CLIP + MLP,remove_punctuation,0,blythe end cause thats how it feels when you lose the love of your life,blythe end cause thats how it feels when you lose the love of your life,0,0,False
43085,ViLT,remove_punctuation,0,blythe end cause thats how it feels when you lose the love of your life,blythe end cause thats how it feels when you lose the love of your life,0,0,False
43085,BLIP Caption + BERT,remove_punctuation,0,blythe end cause thats how it feels when you lose the love of your life,blythe end cause thats how it feels when you lose the love of your life,0,0,False
43085,BERT,remove_one_word,0,blythe end cause thats how it feels when you lose the love of your life,blythe end cause thats how it feels you lose the love of your life,0,0,False
43085,CLIP + MLP,remove_one_word,0,blythe end cause thats how it feels when you lose the love of your life,blythe end cause thats how it feels you lose the love of your life,0,0,False
43085,ViLT,remove_one_word,0,blythe end cause thats how it feels when you lose the love of your life,blythe end cause thats how it feels you lose the love of your life,0,0,False
43085,BLIP Caption + BERT,remove_one_word,0,blythe end cause thats how it feels when you lose the love of your life,blythe end cause thats how it feels you lose the love of your life,0,0,False
43085,BERT,add_noise,0,blythe end cause thats how it feels when you lose the love of your life,blythe end cause thats how it feels when you lose the love of your life breaking news,0,0,False
43085,CLIP + MLP,add_noise,0,blythe end cause thats how it feels when you lose the love of your life,blythe end cause thats how it feels when you lose the love of your life breaking news,0,0,False
43085,ViLT,add_noise,0,blythe end cause thats how it feels when you lose the love of your life,blythe end cause thats how it feels when you lose the love of your life breaking news,0,0,False
43085,BLIP Caption + BERT,add_noise,0,blythe end cause thats how it feels when you lose the love of your life,blythe end cause thats how it feels when you lose the love of your life breaking news,0,0,False
6694,BERT,remove_punctuation,1,this orange has a shaded segment,this orange has a shaded segment,1,1,False
6694,CLIP + MLP,remove_punctuation,1,this orange has a shaded segment,this orange has a shaded segment,1,1,False
6694,ViLT,remove_punctuation,1,this orange has a shaded segment,this orange has a shaded segment,1,1,False
6694,BLIP Caption + BERT,remove_punctuation,1,this orange has a shaded segment,this orange has a shaded segment,0,0,False
6694,BERT,remove_one_word,1,this orange has a shaded segment,this orange has shaded segment,1,1,False
6694,CLIP + MLP,remove_one_word,1,this orange has a shaded segment,this orange has shaded segment,1,1,False
6694,ViLT,remove_one_word,1,this orange has a shaded segment,this orange has shaded segment,1,1,False
6694,BLIP Caption + BERT,remove_one_word,1,this orange has a shaded segment,this orange has shaded segment,0,0,False
6694,BERT,add_noise,1,this orange has a shaded segment,this orange has a shaded segment breaking news,1,1,False
6694,CLIP + MLP,add_noise,1,this orange has a shaded segment,this orange has a shaded segment breaking news,1,1,False
6694,ViLT,add_noise,1,this orange has a shaded segment,this orange has a shaded segment breaking news,1,1,False
6694,BLIP Caption + BERT,add_noise,1,this orange has a shaded segment,this orange has a shaded segment breaking news,0,0,False
56777,BERT,remove_punctuation,1,this pop ice froze slow enough to separate the water from the flavor,this pop ice froze slow enough to separate the water from the flavor,1,1,False
56777,CLIP + MLP,remove_punctuation,1,this pop ice froze slow enough to separate the water from the flavor,this pop ice froze slow enough to separate the water from the flavor,1,1,False
56777,ViLT,remove_punctuation,1,this pop ice froze slow enough to separate the water from the flavor,this pop ice froze slow enough to separate the water from the flavor,1,1,False
56777,BLIP Caption + BERT,remove_punctuation,1,this pop ice froze slow enough to separate the water from the flavor,this pop ice froze slow enough to separate the water from the flavor,0,0,False
56777,BERT,remove_one_word,1,this pop ice froze slow enough to separate the water from the flavor,this pop ice froze slow enough separate the water from the flavor,1,1,False
56777,CLIP + MLP,remove_one_word,1,this pop ice froze slow enough to separate the water from the flavor,this pop ice froze slow enough separate the water from the flavor,1,1,False
56777,ViLT,remove_one_word,1,this pop ice froze slow enough to separate the water from the flavor,this pop ice froze slow enough separate the water from the flavor,1,1,False
56777,BLIP Caption + BERT,remove_one_word,1,this pop ice froze slow enough to separate the water from the flavor,this pop ice froze slow enough separate the water from the flavor,0,0,False
56777,BERT,add_noise,1,this pop ice froze slow enough to separate the water from the flavor,this pop ice froze slow enough to separate the water from the flavor breaking news,1,1,False
56777,CLIP + MLP,add_noise,1,this pop ice froze slow enough to separate the water from the flavor,this pop ice froze slow enough to separate the water from the flavor breaking news,1,1,False
56777,ViLT,add_noise,1,this pop ice froze slow enough to separate the water from the flavor,this pop ice froze slow enough to separate the water from the flavor breaking news,1,1,False
56777,BLIP Caption + BERT,add_noise,1,this pop ice froze slow enough to separate the water from the flavor,this pop ice froze slow enough to separate the water from the flavor breaking news,0,0,False
107214,BERT,remove_punctuation,0,my cat found a portal,my cat found a portal,1,1,False
107214,CLIP + MLP,remove_punctuation,0,my cat found a portal,my cat found a portal,1,1,False
107214,ViLT,remove_punctuation,0,my cat found a portal,my cat found a portal,1,1,False
107214,BLIP Caption + BERT,remove_punctuation,0,my cat found a portal,my cat found a portal,0,0,False
107214,BERT,remove_one_word,0,my cat found a portal,my cat a portal,1,1,False
107214,CLIP + MLP,remove_one_word,0,my cat found a portal,my cat a portal,1,0,True
107214,ViLT,remove_one_word,0,my cat found a portal,my cat a portal,1,0,True
107214,BLIP Caption + BERT,remove_one_word,0,my cat found a portal,my cat a portal,0,0,False
107214,BERT,add_noise,0,my cat found a portal,my cat found a portal breaking news,1,0,True
107214,CLIP + MLP,add_noise,0,my cat found a portal,my cat found a portal breaking news,1,1,False
107214,ViLT,add_noise,0,my cat found a portal,my cat found a portal breaking news,1,1,False
107214,BLIP Caption + BERT,add_noise,0,my cat found a portal,my cat found a portal breaking news,0,0,False
67144,BERT,remove_punctuation,0,another d building,another d building,0,0,False
67144,CLIP + MLP,remove_punctuation,0,another d building,another d building,0,0,False
67144,ViLT,remove_punctuation,0,another d building,another d building,1,1,False
67144,BLIP Caption + BERT,remove_punctuation,0,another d building,another d building,0,0,False
67144,BERT,remove_one_word,0,another d building,another d building,0,0,False
67144,CLIP + MLP,remove_one_word,0,another d building,another d building,0,0,False
67144,ViLT,remove_one_word,0,another d building,another d building,1,1,False
67144,BLIP Caption + BERT,remove_one_word,0,another d building,another d building,0,0,False
67144,BERT,add_noise,0,another d building,another d building breaking news,0,0,False
67144,CLIP + MLP,add_noise,0,another d building,another d building breaking news,0,0,False
67144,ViLT,add_noise,0,another d building,another d building breaking news,1,1,False
67144,BLIP Caption + BERT,add_noise,0,another d building,another d building breaking news,0,0,False
62022,BERT,remove_punctuation,0,crowdfunding for kanyes debt raises a meager,crowdfunding for kanyes debt raises a meager,1,1,False
62022,CLIP + MLP,remove_punctuation,0,crowdfunding for kanyes debt raises a meager,crowdfunding for kanyes debt raises a meager,0,0,False
62022,ViLT,remove_punctuation,0,crowdfunding for kanyes debt raises a meager,crowdfunding for kanyes debt raises a meager,0,0,False
62022,BLIP Caption + BERT,remove_punctuation,0,crowdfunding for kanyes debt raises a meager,crowdfunding for kanyes debt raises a meager,1,1,False
62022,BERT,remove_one_word,0,crowdfunding for kanyes debt raises a meager,crowdfunding for kanyes raises a meager,1,1,False
62022,CLIP + MLP,remove_one_word,0,crowdfunding for kanyes debt raises a meager,crowdfunding for kanyes raises a meager,0,0,False
62022,ViLT,remove_one_word,0,crowdfunding for kanyes debt raises a meager,crowdfunding for kanyes raises a meager,0,0,False
62022,BLIP Caption + BERT,remove_one_word,0,crowdfunding for kanyes debt raises a meager,crowdfunding for kanyes raises a meager,1,1,False
62022,BERT,add_noise,0,crowdfunding for kanyes debt raises a meager,crowdfunding for kanyes debt raises a meager breaking news,1,1,False
62022,CLIP + MLP,add_noise,0,crowdfunding for kanyes debt raises a meager,crowdfunding for kanyes debt raises a meager breaking news,0,0,False
62022,ViLT,add_noise,0,crowdfunding for kanyes debt raises a meager,crowdfunding for kanyes debt raises a meager breaking news,0,0,False
62022,BLIP Caption + BERT,add_noise,0,crowdfunding for kanyes debt raises a meager,crowdfunding for kanyes debt raises a meager breaking news,1,1,False
70530,BERT,remove_punctuation,0,silver falls state park georgia usa x oc,silver falls state park georgia usa x oc,0,0,False
70530,CLIP + MLP,remove_punctuation,0,silver falls state park georgia usa x oc,silver falls state park georgia usa x oc,1,1,False
70530,ViLT,remove_punctuation,0,silver falls state park georgia usa x oc,silver falls state park georgia usa x oc,0,0,False
70530,BLIP Caption + BERT,remove_punctuation,0,silver falls state park georgia usa x oc,silver falls state park georgia usa x oc,0,0,False
70530,BERT,remove_one_word,0,silver falls state park georgia usa x oc,silver falls state park usa x oc,0,0,False
70530,CLIP + MLP,remove_one_word,0,silver falls state park georgia usa x oc,silver falls state park usa x oc,1,1,False
70530,ViLT,remove_one_word,0,silver falls state park georgia usa x oc,silver falls state park usa x oc,0,1,True
70530,BLIP Caption + BERT,remove_one_word,0,silver falls state park georgia usa x oc,silver falls state park usa x oc,0,0,False
70530,BERT,add_noise,0,silver falls state park georgia usa x oc,silver falls state park georgia usa x oc breaking news,0,0,False
70530,CLIP + MLP,add_noise,0,silver falls state park georgia usa x oc,silver falls state park georgia usa x oc breaking news,1,1,False
70530,ViLT,add_noise,0,silver falls state park georgia usa x oc,silver falls state park georgia usa x oc breaking news,0,1,True
70530,BLIP Caption + BERT,add_noise,0,silver falls state park georgia usa x oc,silver falls state park georgia usa x oc breaking news,0,0,False
39436,BERT,remove_punctuation,0,this is so dumb,this is so dumb,0,0,False
39436,CLIP + MLP,remove_punctuation,0,this is so dumb,this is so dumb,0,0,False
39436,ViLT,remove_punctuation,0,this is so dumb,this is so dumb,0,0,False
39436,BLIP Caption + BERT,remove_punctuation,0,this is so dumb,this is so dumb,0,0,False
39436,BERT,remove_one_word,0,this is so dumb,this is dumb,0,0,False
39436,CLIP + MLP,remove_one_word,0,this is so dumb,this is dumb,0,0,False
39436,ViLT,remove_one_word,0,this is so dumb,this is dumb,0,0,False
39436,BLIP Caption + BERT,remove_one_word,0,this is so dumb,this is dumb,0,0,False
39436,BERT,add_noise,0,this is so dumb,this is so dumb breaking news,0,0,False
39436,CLIP + MLP,add_noise,0,this is so dumb,this is so dumb breaking news,0,0,False
39436,ViLT,add_noise,0,this is so dumb,this is so dumb breaking news,0,0,False
39436,BLIP Caption + BERT,add_noise,0,this is so dumb,this is so dumb breaking news,0,0,False
10414,BERT,remove_punctuation,0,hurts so good,hurts so good,0,0,False
10414,CLIP + MLP,remove_punctuation,0,hurts so good,hurts so good,0,0,False
10414,ViLT,remove_punctuation,0,hurts so good,hurts so good,0,0,False
10414,BLIP Caption + BERT,remove_punctuation,0,hurts so good,hurts so good,0,0,False
10414,BERT,remove_one_word,0,hurts so good,hurts so good,0,0,False
10414,CLIP + MLP,remove_one_word,0,hurts so good,hurts so good,0,0,False
10414,ViLT,remove_one_word,0,hurts so good,hurts so good,0,0,False
10414,BLIP Caption + BERT,remove_one_word,0,hurts so good,hurts so good,0,0,False
10414,BERT,add_noise,0,hurts so good,hurts so good breaking news,0,0,False
10414,CLIP + MLP,add_noise,0,hurts so good,hurts so good breaking news,0,0,False
10414,ViLT,add_noise,0,hurts so good,hurts so good breaking news,0,0,False
10414,BLIP Caption + BERT,add_noise,0,hurts so good,hurts so good breaking news,0,0,False
80905,BERT,remove_punctuation,1,idaho dad admits he took pregnant yearold daughter to marry her yearold rapist,idaho dad admits he took pregnant yearold daughter to marry her yearold rapist,1,1,False
80905,CLIP + MLP,remove_punctuation,1,idaho dad admits he took pregnant yearold daughter to marry her yearold rapist,idaho dad admits he took pregnant yearold daughter to marry her yearold rapist,0,0,False
80905,ViLT,remove_punctuation,1,idaho dad admits he took pregnant yearold daughter to marry her yearold rapist,idaho dad admits he took pregnant yearold daughter to marry her yearold rapist,1,1,False
80905,BLIP Caption + BERT,remove_punctuation,1,idaho dad admits he took pregnant yearold daughter to marry her yearold rapist,idaho dad admits he took pregnant yearold daughter to marry her yearold rapist,0,0,False
80905,BERT,remove_one_word,1,idaho dad admits he took pregnant yearold daughter to marry her yearold rapist,idaho dad admits he took pregnant daughter to marry her yearold rapist,1,1,False
80905,CLIP + MLP,remove_one_word,1,idaho dad admits he took pregnant yearold daughter to marry her yearold rapist,idaho dad admits he took pregnant daughter to marry her yearold rapist,0,0,False
80905,ViLT,remove_one_word,1,idaho dad admits he took pregnant yearold daughter to marry her yearold rapist,idaho dad admits he took pregnant daughter to marry her yearold rapist,1,1,False
80905,BLIP Caption + BERT,remove_one_word,1,idaho dad admits he took pregnant yearold daughter to marry her yearold rapist,idaho dad admits he took pregnant daughter to marry her yearold rapist,0,0,False
80905,BERT,add_noise,1,idaho dad admits he took pregnant yearold daughter to marry her yearold rapist,idaho dad admits he took pregnant yearold daughter to marry her yearold rapist breaking news,1,0,True
80905,CLIP + MLP,add_noise,1,idaho dad admits he took pregnant yearold daughter to marry her yearold rapist,idaho dad admits he took pregnant yearold daughter to marry her yearold rapist breaking news,0,0,False
80905,ViLT,add_noise,1,idaho dad admits he took pregnant yearold daughter to marry her yearold rapist,idaho dad admits he took pregnant yearold daughter to marry her yearold rapist breaking news,1,1,False
80905,BLIP Caption + BERT,add_noise,1,idaho dad admits he took pregnant yearold daughter to marry her yearold rapist,idaho dad admits he took pregnant yearold daughter to marry her yearold rapist breaking news,0,0,False
96085,BERT,remove_punctuation,0,sisters living the dream,sisters living the dream,1,1,False
96085,CLIP + MLP,remove_punctuation,0,sisters living the dream,sisters living the dream,0,0,False
96085,ViLT,remove_punctuation,0,sisters living the dream,sisters living the dream,0,0,False
96085,BLIP Caption + BERT,remove_punctuation,0,sisters living the dream,sisters living the dream,0,0,False
96085,BERT,remove_one_word,0,sisters living the dream,sisters living dream,1,0,True
96085,CLIP + MLP,remove_one_word,0,sisters living the dream,sisters living dream,0,0,False
96085,ViLT,remove_one_word,0,sisters living the dream,sisters living dream,0,0,False
96085,BLIP Caption + BERT,remove_one_word,0,sisters living the dream,sisters living dream,0,0,False
96085,BERT,add_noise,0,sisters living the dream,sisters living the dream breaking news,1,1,False
96085,CLIP + MLP,add_noise,0,sisters living the dream,sisters living the dream breaking news,0,0,False
96085,ViLT,add_noise,0,sisters living the dream,sisters living the dream breaking news,0,0,False
96085,BLIP Caption + BERT,add_noise,0,sisters living the dream,sisters living the dream breaking news,0,0,False
38628,BERT,remove_punctuation,1,trumps new china tariffs costing us families a year new york fed says,trumps new china tariffs costing us families a year new york fed says,1,1,False
38628,CLIP + MLP,remove_punctuation,1,trumps new china tariffs costing us families a year new york fed says,trumps new china tariffs costing us families a year new york fed says,0,0,False
38628,ViLT,remove_punctuation,1,trumps new china tariffs costing us families a year new york fed says,trumps new china tariffs costing us families a year new york fed says,0,0,False
38628,BLIP Caption + BERT,remove_punctuation,1,trumps new china tariffs costing us families a year new york fed says,trumps new china tariffs costing us families a year new york fed says,0,0,False
38628,BERT,remove_one_word,1,trumps new china tariffs costing us families a year new york fed says,trumps new china tariffs costing us a year new york fed says,1,1,False
38628,CLIP + MLP,remove_one_word,1,trumps new china tariffs costing us families a year new york fed says,trumps new china tariffs costing us a year new york fed says,0,0,False
38628,ViLT,remove_one_word,1,trumps new china tariffs costing us families a year new york fed says,trumps new china tariffs costing us a year new york fed says,0,0,False
38628,BLIP Caption + BERT,remove_one_word,1,trumps new china tariffs costing us families a year new york fed says,trumps new china tariffs costing us a year new york fed says,0,0,False
38628,BERT,add_noise,1,trumps new china tariffs costing us families a year new york fed says,trumps new china tariffs costing us families a year new york fed says breaking news,1,1,False
38628,CLIP + MLP,add_noise,1,trumps new china tariffs costing us families a year new york fed says,trumps new china tariffs costing us families a year new york fed says breaking news,0,0,False
38628,ViLT,add_noise,1,trumps new china tariffs costing us families a year new york fed says,trumps new china tariffs costing us families a year new york fed says breaking news,0,0,False
38628,BLIP Caption + BERT,add_noise,1,trumps new china tariffs costing us families a year new york fed says,trumps new china tariffs costing us families a year new york fed says breaking news,0,0,False
96452,BERT,remove_punctuation,0,do you even lift,do you even lift,0,0,False
96452,CLIP + MLP,remove_punctuation,0,do you even lift,do you even lift,0,0,False
96452,ViLT,remove_punctuation,0,do you even lift,do you even lift,0,0,False
96452,BLIP Caption + BERT,remove_punctuation,0,do you even lift,do you even lift,0,0,False
96452,BERT,remove_one_word,0,do you even lift,do you lift,0,0,False
96452,CLIP + MLP,remove_one_word,0,do you even lift,do you lift,0,0,False
96452,ViLT,remove_one_word,0,do you even lift,do you lift,0,0,False
96452,BLIP Caption + BERT,remove_one_word,0,do you even lift,do you lift,0,0,False
96452,BERT,add_noise,0,do you even lift,do you even lift breaking news,0,0,False
96452,CLIP + MLP,add_noise,0,do you even lift,do you even lift breaking news,0,0,False
96452,ViLT,add_noise,0,do you even lift,do you even lift breaking news,0,0,False
96452,BLIP Caption + BERT,add_noise,0,do you even lift,do you even lift breaking news,0,0,False
92227,BERT,remove_punctuation,1,budget deficit for coming year hits million as economic woes worsen,budget deficit for coming year hits million as economic woes worsen,1,1,False
92227,CLIP + MLP,remove_punctuation,1,budget deficit for coming year hits million as economic woes worsen,budget deficit for coming year hits million as economic woes worsen,0,0,False
92227,ViLT,remove_punctuation,1,budget deficit for coming year hits million as economic woes worsen,budget deficit for coming year hits million as economic woes worsen,0,0,False
92227,BLIP Caption + BERT,remove_punctuation,1,budget deficit for coming year hits million as economic woes worsen,budget deficit for coming year hits million as economic woes worsen,0,0,False
92227,BERT,remove_one_word,1,budget deficit for coming year hits million as economic woes worsen,budget deficit for coming year million as economic woes worsen,1,1,False
92227,CLIP + MLP,remove_one_word,1,budget deficit for coming year hits million as economic woes worsen,budget deficit for coming year million as economic woes worsen,0,0,False
92227,ViLT,remove_one_word,1,budget deficit for coming year hits million as economic woes worsen,budget deficit for coming year million as economic woes worsen,0,0,False
92227,BLIP Caption + BERT,remove_one_word,1,budget deficit for coming year hits million as economic woes worsen,budget deficit for coming year million as economic woes worsen,0,0,False
92227,BERT,add_noise,1,budget deficit for coming year hits million as economic woes worsen,budget deficit for coming year hits million as economic woes worsen breaking news,1,1,False
92227,CLIP + MLP,add_noise,1,budget deficit for coming year hits million as economic woes worsen,budget deficit for coming year hits million as economic woes worsen breaking news,0,0,False
92227,ViLT,add_noise,1,budget deficit for coming year hits million as economic woes worsen,budget deficit for coming year hits million as economic woes worsen breaking news,0,0,False
92227,BLIP Caption + BERT,add_noise,1,budget deficit for coming year hits million as economic woes worsen,budget deficit for coming year hits million as economic woes worsen breaking news,0,0,False
13971,BERT,remove_punctuation,0,happy door stop or lock,happy door stop or lock,0,0,False
13971,CLIP + MLP,remove_punctuation,0,happy door stop or lock,happy door stop or lock,0,0,False
13971,ViLT,remove_punctuation,0,happy door stop or lock,happy door stop or lock,0,0,False
13971,BLIP Caption + BERT,remove_punctuation,0,happy door stop or lock,happy door stop or lock,0,0,False
13971,BERT,remove_one_word,0,happy door stop or lock,happy door or lock,0,0,False
13971,CLIP + MLP,remove_one_word,0,happy door stop or lock,happy door or lock,0,0,False
13971,ViLT,remove_one_word,0,happy door stop or lock,happy door or lock,0,0,False
13971,BLIP Caption + BERT,remove_one_word,0,happy door stop or lock,happy door or lock,0,0,False
13971,BERT,add_noise,0,happy door stop or lock,happy door stop or lock breaking news,0,0,False
13971,CLIP + MLP,add_noise,0,happy door stop or lock,happy door stop or lock breaking news,0,0,False
13971,ViLT,add_noise,0,happy door stop or lock,happy door stop or lock breaking news,0,0,False
13971,BLIP Caption + BERT,add_noise,0,happy door stop or lock,happy door stop or lock breaking news,0,0,False
41180,BERT,remove_punctuation,1,akon performed in a bubble in africa to avoid contracting ebola,akon performed in a bubble in africa to avoid contracting ebola,1,1,False
41180,CLIP + MLP,remove_punctuation,1,akon performed in a bubble in africa to avoid contracting ebola,akon performed in a bubble in africa to avoid contracting ebola,0,0,False
41180,ViLT,remove_punctuation,1,akon performed in a bubble in africa to avoid contracting ebola,akon performed in a bubble in africa to avoid contracting ebola,0,0,False
41180,BLIP Caption + BERT,remove_punctuation,1,akon performed in a bubble in africa to avoid contracting ebola,akon performed in a bubble in africa to avoid contracting ebola,0,0,False
41180,BERT,remove_one_word,1,akon performed in a bubble in africa to avoid contracting ebola,akon performed in a bubble africa to avoid contracting ebola,1,1,False
41180,CLIP + MLP,remove_one_word,1,akon performed in a bubble in africa to avoid contracting ebola,akon performed in a bubble africa to avoid contracting ebola,0,0,False
41180,ViLT,remove_one_word,1,akon performed in a bubble in africa to avoid contracting ebola,akon performed in a bubble africa to avoid contracting ebola,0,0,False
41180,BLIP Caption + BERT,remove_one_word,1,akon performed in a bubble in africa to avoid contracting ebola,akon performed in a bubble africa to avoid contracting ebola,0,0,False
41180,BERT,add_noise,1,akon performed in a bubble in africa to avoid contracting ebola,akon performed in a bubble in africa to avoid contracting ebola breaking news,1,1,False
41180,CLIP + MLP,add_noise,1,akon performed in a bubble in africa to avoid contracting ebola,akon performed in a bubble in africa to avoid contracting ebola breaking news,0,0,False
41180,ViLT,add_noise,1,akon performed in a bubble in africa to avoid contracting ebola,akon performed in a bubble in africa to avoid contracting ebola breaking news,0,1,True
41180,BLIP Caption + BERT,add_noise,1,akon performed in a bubble in africa to avoid contracting ebola,akon performed in a bubble in africa to avoid contracting ebola breaking news,0,0,False
72658,BERT,remove_punctuation,1,in honor of the moon landing astroneer put the apollo spacecraft on one of the moons,in honor of the moon landing astroneer put the apollo spacecraft on one of the moons,1,1,False
72658,CLIP + MLP,remove_punctuation,1,in honor of the moon landing astroneer put the apollo spacecraft on one of the moons,in honor of the moon landing astroneer put the apollo spacecraft on one of the moons,0,0,False
72658,ViLT,remove_punctuation,1,in honor of the moon landing astroneer put the apollo spacecraft on one of the moons,in honor of the moon landing astroneer put the apollo spacecraft on one of the moons,0,0,False
72658,BLIP Caption + BERT,remove_punctuation,1,in honor of the moon landing astroneer put the apollo spacecraft on one of the moons,in honor of the moon landing astroneer put the apollo spacecraft on one of the moons,0,0,False
72658,BERT,remove_one_word,1,in honor of the moon landing astroneer put the apollo spacecraft on one of the moons,in honor of the moon landing astroneer put apollo spacecraft on one of the moons,1,1,False
72658,CLIP + MLP,remove_one_word,1,in honor of the moon landing astroneer put the apollo spacecraft on one of the moons,in honor of the moon landing astroneer put apollo spacecraft on one of the moons,0,0,False
72658,ViLT,remove_one_word,1,in honor of the moon landing astroneer put the apollo spacecraft on one of the moons,in honor of the moon landing astroneer put apollo spacecraft on one of the moons,0,0,False
72658,BLIP Caption + BERT,remove_one_word,1,in honor of the moon landing astroneer put the apollo spacecraft on one of the moons,in honor of the moon landing astroneer put apollo spacecraft on one of the moons,0,0,False
72658,BERT,add_noise,1,in honor of the moon landing astroneer put the apollo spacecraft on one of the moons,in honor of the moon landing astroneer put the apollo spacecraft on one of the moons breaking news,1,0,True
72658,CLIP + MLP,add_noise,1,in honor of the moon landing astroneer put the apollo spacecraft on one of the moons,in honor of the moon landing astroneer put the apollo spacecraft on one of the moons breaking news,0,0,False
72658,ViLT,add_noise,1,in honor of the moon landing astroneer put the apollo spacecraft on one of the moons,in honor of the moon landing astroneer put the apollo spacecraft on one of the moons breaking news,0,0,False
72658,BLIP Caption + BERT,add_noise,1,in honor of the moon landing astroneer put the apollo spacecraft on one of the moons,in honor of the moon landing astroneer put the apollo spacecraft on one of the moons breaking news,0,0,False
4360,BERT,remove_punctuation,0,even angryjoe has his urges,even angryjoe has his urges,0,0,False
4360,CLIP + MLP,remove_punctuation,0,even angryjoe has his urges,even angryjoe has his urges,0,0,False
4360,ViLT,remove_punctuation,0,even angryjoe has his urges,even angryjoe has his urges,0,0,False
4360,BLIP Caption + BERT,remove_punctuation,0,even angryjoe has his urges,even angryjoe has his urges,1,1,False
4360,BERT,remove_one_word,0,even angryjoe has his urges,even angryjoe his urges,0,0,False
4360,CLIP + MLP,remove_one_word,0,even angryjoe has his urges,even angryjoe his urges,0,0,False
4360,ViLT,remove_one_word,0,even angryjoe has his urges,even angryjoe his urges,0,0,False
4360,BLIP Caption + BERT,remove_one_word,0,even angryjoe has his urges,even angryjoe his urges,1,0,True
4360,BERT,add_noise,0,even angryjoe has his urges,even angryjoe has his urges breaking news,0,0,False
4360,CLIP + MLP,add_noise,0,even angryjoe has his urges,even angryjoe has his urges breaking news,0,0,False
4360,ViLT,add_noise,0,even angryjoe has his urges,even angryjoe has his urges breaking news,0,0,False
4360,BLIP Caption + BERT,add_noise,0,even angryjoe has his urges,even angryjoe has his urges breaking news,1,0,True
91290,BERT,remove_punctuation,0,belligerent goat trying to escape from a burning building,belligerent goat trying to escape from a burning building,1,1,False
91290,CLIP + MLP,remove_punctuation,0,belligerent goat trying to escape from a burning building,belligerent goat trying to escape from a burning building,0,0,False
91290,ViLT,remove_punctuation,0,belligerent goat trying to escape from a burning building,belligerent goat trying to escape from a burning building,0,0,False
91290,BLIP Caption + BERT,remove_punctuation,0,belligerent goat trying to escape from a burning building,belligerent goat trying to escape from a burning building,0,0,False
91290,BERT,remove_one_word,0,belligerent goat trying to escape from a burning building,belligerent goat trying to from a burning building,1,1,False
91290,CLIP + MLP,remove_one_word,0,belligerent goat trying to escape from a burning building,belligerent goat trying to from a burning building,0,0,False
91290,ViLT,remove_one_word,0,belligerent goat trying to escape from a burning building,belligerent goat trying to from a burning building,0,0,False
91290,BLIP Caption + BERT,remove_one_word,0,belligerent goat trying to escape from a burning building,belligerent goat trying to from a burning building,0,0,False
91290,BERT,add_noise,0,belligerent goat trying to escape from a burning building,belligerent goat trying to escape from a burning building breaking news,1,0,True
91290,CLIP + MLP,add_noise,0,belligerent goat trying to escape from a burning building,belligerent goat trying to escape from a burning building breaking news,0,0,False
91290,ViLT,add_noise,0,belligerent goat trying to escape from a burning building,belligerent goat trying to escape from a burning building breaking news,0,0,False
91290,BLIP Caption + BERT,add_noise,0,belligerent goat trying to escape from a burning building,belligerent goat trying to escape from a burning building breaking news,0,0,False
5155,BERT,remove_punctuation,0,a kid tying president obamas tie,a kid tying president obamas tie,1,1,False
5155,CLIP + MLP,remove_punctuation,0,a kid tying president obamas tie,a kid tying president obamas tie,0,0,False
5155,ViLT,remove_punctuation,0,a kid tying president obamas tie,a kid tying president obamas tie,0,0,False
5155,BLIP Caption + BERT,remove_punctuation,0,a kid tying president obamas tie,a kid tying president obamas tie,0,0,False
5155,BERT,remove_one_word,0,a kid tying president obamas tie,a kid tying obamas tie,1,1,False
5155,CLIP + MLP,remove_one_word,0,a kid tying president obamas tie,a kid tying obamas tie,0,0,False
5155,ViLT,remove_one_word,0,a kid tying president obamas tie,a kid tying obamas tie,0,0,False
5155,BLIP Caption + BERT,remove_one_word,0,a kid tying president obamas tie,a kid tying obamas tie,0,0,False
5155,BERT,add_noise,0,a kid tying president obamas tie,a kid tying president obamas tie breaking news,1,0,True
5155,CLIP + MLP,add_noise,0,a kid tying president obamas tie,a kid tying president obamas tie breaking news,0,0,False
5155,ViLT,add_noise,0,a kid tying president obamas tie,a kid tying president obamas tie breaking news,0,0,False
5155,BLIP Caption + BERT,add_noise,0,a kid tying president obamas tie,a kid tying president obamas tie breaking news,0,0,False
32284,BERT,remove_punctuation,0,internal medicine i spent a quiet evening,internal medicine i spent a quiet evening,0,0,False
32284,CLIP + MLP,remove_punctuation,0,internal medicine i spent a quiet evening,internal medicine i spent a quiet evening,0,0,False
32284,ViLT,remove_punctuation,0,internal medicine i spent a quiet evening,internal medicine i spent a quiet evening,0,0,False
32284,BLIP Caption + BERT,remove_punctuation,0,internal medicine i spent a quiet evening,internal medicine i spent a quiet evening,0,0,False
32284,BERT,remove_one_word,0,internal medicine i spent a quiet evening,internal medicine i a quiet evening,0,0,False
32284,CLIP + MLP,remove_one_word,0,internal medicine i spent a quiet evening,internal medicine i a quiet evening,0,0,False
32284,ViLT,remove_one_word,0,internal medicine i spent a quiet evening,internal medicine i a quiet evening,0,0,False
32284,BLIP Caption + BERT,remove_one_word,0,internal medicine i spent a quiet evening,internal medicine i a quiet evening,0,0,False
32284,BERT,add_noise,0,internal medicine i spent a quiet evening,internal medicine i spent a quiet evening breaking news,0,0,False
32284,CLIP + MLP,add_noise,0,internal medicine i spent a quiet evening,internal medicine i spent a quiet evening breaking news,0,0,False
32284,ViLT,add_noise,0,internal medicine i spent a quiet evening,internal medicine i spent a quiet evening breaking news,0,0,False
32284,BLIP Caption + BERT,add_noise,0,internal medicine i spent a quiet evening,internal medicine i spent a quiet evening breaking news,0,0,False
80706,BERT,remove_punctuation,1,not about bathrooms critics decry north carolina laws lesserknown elements,not about bathrooms critics decry north carolina laws lesserknown elements,1,1,False
80706,CLIP + MLP,remove_punctuation,1,not about bathrooms critics decry north carolina laws lesserknown elements,not about bathrooms critics decry north carolina laws lesserknown elements,0,0,False
80706,ViLT,remove_punctuation,1,not about bathrooms critics decry north carolina laws lesserknown elements,not about bathrooms critics decry north carolina laws lesserknown elements,0,0,False
80706,BLIP Caption + BERT,remove_punctuation,1,not about bathrooms critics decry north carolina laws lesserknown elements,not about bathrooms critics decry north carolina laws lesserknown elements,0,0,False
80706,BERT,remove_one_word,1,not about bathrooms critics decry north carolina laws lesserknown elements,not about bathrooms critics decry carolina laws lesserknown elements,1,1,False
80706,CLIP + MLP,remove_one_word,1,not about bathrooms critics decry north carolina laws lesserknown elements,not about bathrooms critics decry carolina laws lesserknown elements,0,0,False
80706,ViLT,remove_one_word,1,not about bathrooms critics decry north carolina laws lesserknown elements,not about bathrooms critics decry carolina laws lesserknown elements,0,0,False
80706,BLIP Caption + BERT,remove_one_word,1,not about bathrooms critics decry north carolina laws lesserknown elements,not about bathrooms critics decry carolina laws lesserknown elements,0,1,True
80706,BERT,add_noise,1,not about bathrooms critics decry north carolina laws lesserknown elements,not about bathrooms critics decry north carolina laws lesserknown elements breaking news,1,1,False
80706,CLIP + MLP,add_noise,1,not about bathrooms critics decry north carolina laws lesserknown elements,not about bathrooms critics decry north carolina laws lesserknown elements breaking news,0,0,False
80706,ViLT,add_noise,1,not about bathrooms critics decry north carolina laws lesserknown elements,not about bathrooms critics decry north carolina laws lesserknown elements breaking news,0,0,False
80706,BLIP Caption + BERT,add_noise,1,not about bathrooms critics decry north carolina laws lesserknown elements,not about bathrooms critics decry north carolina laws lesserknown elements breaking news,0,0,False
9317,BERT,remove_punctuation,0,i think my moss ball is from easter island,i think my moss ball is from easter island,1,1,False
9317,CLIP + MLP,remove_punctuation,0,i think my moss ball is from easter island,i think my moss ball is from easter island,1,1,False
9317,ViLT,remove_punctuation,0,i think my moss ball is from easter island,i think my moss ball is from easter island,1,1,False
9317,BLIP Caption + BERT,remove_punctuation,0,i think my moss ball is from easter island,i think my moss ball is from easter island,0,0,False
9317,BERT,remove_one_word,0,i think my moss ball is from easter island,i think my moss is from easter island,1,1,False
9317,CLIP + MLP,remove_one_word,0,i think my moss ball is from easter island,i think my moss is from easter island,1,1,False
9317,ViLT,remove_one_word,0,i think my moss ball is from easter island,i think my moss is from easter island,1,1,False
9317,BLIP Caption + BERT,remove_one_word,0,i think my moss ball is from easter island,i think my moss is from easter island,0,0,False
9317,BERT,add_noise,0,i think my moss ball is from easter island,i think my moss ball is from easter island breaking news,1,1,False
9317,CLIP + MLP,add_noise,0,i think my moss ball is from easter island,i think my moss ball is from easter island breaking news,1,1,False
9317,ViLT,add_noise,0,i think my moss ball is from easter island,i think my moss ball is from easter island breaking news,1,1,False
9317,BLIP Caption + BERT,add_noise,0,i think my moss ball is from easter island,i think my moss ball is from easter island breaking news,0,0,False
87745,BERT,remove_punctuation,0,am i doing this right,am i doing this right,0,0,False
87745,CLIP + MLP,remove_punctuation,0,am i doing this right,am i doing this right,0,0,False
87745,ViLT,remove_punctuation,0,am i doing this right,am i doing this right,0,0,False
87745,BLIP Caption + BERT,remove_punctuation,0,am i doing this right,am i doing this right,0,0,False
87745,BERT,remove_one_word,0,am i doing this right,am i this right,0,0,False
87745,CLIP + MLP,remove_one_word,0,am i doing this right,am i this right,0,0,False
87745,ViLT,remove_one_word,0,am i doing this right,am i this right,0,0,False
87745,BLIP Caption + BERT,remove_one_word,0,am i doing this right,am i this right,0,0,False
87745,BERT,add_noise,0,am i doing this right,am i doing this right breaking news,0,0,False
87745,CLIP + MLP,add_noise,0,am i doing this right,am i doing this right breaking news,0,0,False
87745,ViLT,add_noise,0,am i doing this right,am i doing this right breaking news,0,0,False
87745,BLIP Caption + BERT,add_noise,0,am i doing this right,am i doing this right breaking news,0,0,False
97901,BERT,remove_punctuation,1,a heartshaped potato,a heartshaped potato,1,1,False
97901,CLIP + MLP,remove_punctuation,1,a heartshaped potato,a heartshaped potato,1,1,False
97901,ViLT,remove_punctuation,1,a heartshaped potato,a heartshaped potato,0,0,False
97901,BLIP Caption + BERT,remove_punctuation,1,a heartshaped potato,a heartshaped potato,0,0,False
97901,BERT,remove_one_word,1,a heartshaped potato,a heartshaped potato,1,1,False
97901,CLIP + MLP,remove_one_word,1,a heartshaped potato,a heartshaped potato,1,1,False
97901,ViLT,remove_one_word,1,a heartshaped potato,a heartshaped potato,0,0,False
97901,BLIP Caption + BERT,remove_one_word,1,a heartshaped potato,a heartshaped potato,0,0,False
97901,BERT,add_noise,1,a heartshaped potato,a heartshaped potato breaking news,1,1,False
97901,CLIP + MLP,add_noise,1,a heartshaped potato,a heartshaped potato breaking news,1,0,True
97901,ViLT,add_noise,1,a heartshaped potato,a heartshaped potato breaking news,0,1,True
97901,BLIP Caption + BERT,add_noise,1,a heartshaped potato,a heartshaped potato breaking news,0,0,False
102109,BERT,remove_punctuation,0,subtle but then very much not subtle,subtle but then very much not subtle,0,0,False
102109,CLIP + MLP,remove_punctuation,0,subtle but then very much not subtle,subtle but then very much not subtle,0,0,False
102109,ViLT,remove_punctuation,0,subtle but then very much not subtle,subtle but then very much not subtle,0,0,False
102109,BLIP Caption + BERT,remove_punctuation,0,subtle but then very much not subtle,subtle but then very much not subtle,0,0,False
102109,BERT,remove_one_word,0,subtle but then very much not subtle,subtle but then much not subtle,0,0,False
102109,CLIP + MLP,remove_one_word,0,subtle but then very much not subtle,subtle but then much not subtle,0,0,False
102109,ViLT,remove_one_word,0,subtle but then very much not subtle,subtle but then much not subtle,0,0,False
102109,BLIP Caption + BERT,remove_one_word,0,subtle but then very much not subtle,subtle but then much not subtle,0,0,False
102109,BERT,add_noise,0,subtle but then very much not subtle,subtle but then very much not subtle breaking news,0,0,False
102109,CLIP + MLP,add_noise,0,subtle but then very much not subtle,subtle but then very much not subtle breaking news,0,0,False
102109,ViLT,add_noise,0,subtle but then very much not subtle,subtle but then very much not subtle breaking news,0,0,False
102109,BLIP Caption + BERT,add_noise,0,subtle but then very much not subtle,subtle but then very much not subtle breaking news,0,0,False
107439,BERT,remove_punctuation,1,georgia state abortion law fuels hollywood boycott call,georgia state abortion law fuels hollywood boycott call,1,1,False
107439,CLIP + MLP,remove_punctuation,1,georgia state abortion law fuels hollywood boycott call,georgia state abortion law fuels hollywood boycott call,0,0,False
107439,ViLT,remove_punctuation,1,georgia state abortion law fuels hollywood boycott call,georgia state abortion law fuels hollywood boycott call,0,0,False
107439,BLIP Caption + BERT,remove_punctuation,1,georgia state abortion law fuels hollywood boycott call,georgia state abortion law fuels hollywood boycott call,0,0,False
107439,BERT,remove_one_word,1,georgia state abortion law fuels hollywood boycott call,georgia state abortion law hollywood boycott call,1,1,False
107439,CLIP + MLP,remove_one_word,1,georgia state abortion law fuels hollywood boycott call,georgia state abortion law hollywood boycott call,0,0,False
107439,ViLT,remove_one_word,1,georgia state abortion law fuels hollywood boycott call,georgia state abortion law hollywood boycott call,0,0,False
107439,BLIP Caption + BERT,remove_one_word,1,georgia state abortion law fuels hollywood boycott call,georgia state abortion law hollywood boycott call,0,0,False
107439,BERT,add_noise,1,georgia state abortion law fuels hollywood boycott call,georgia state abortion law fuels hollywood boycott call breaking news,1,1,False
107439,CLIP + MLP,add_noise,1,georgia state abortion law fuels hollywood boycott call,georgia state abortion law fuels hollywood boycott call breaking news,0,0,False
107439,ViLT,add_noise,1,georgia state abortion law fuels hollywood boycott call,georgia state abortion law fuels hollywood boycott call breaking news,0,0,False
107439,BLIP Caption + BERT,add_noise,1,georgia state abortion law fuels hollywood boycott call,georgia state abortion law fuels hollywood boycott call breaking news,0,0,False
303,BERT,remove_punctuation,1,this seed looked as if it were floating in midair,this seed looked as if it were floating in midair,1,1,False
303,CLIP + MLP,remove_punctuation,1,this seed looked as if it were floating in midair,this seed looked as if it were floating in midair,1,1,False
303,ViLT,remove_punctuation,1,this seed looked as if it were floating in midair,this seed looked as if it were floating in midair,1,1,False
303,BLIP Caption + BERT,remove_punctuation,1,this seed looked as if it were floating in midair,this seed looked as if it were floating in midair,0,0,False
303,BERT,remove_one_word,1,this seed looked as if it were floating in midair,this seed looked as if were floating in midair,1,1,False
303,CLIP + MLP,remove_one_word,1,this seed looked as if it were floating in midair,this seed looked as if were floating in midair,1,1,False
303,ViLT,remove_one_word,1,this seed looked as if it were floating in midair,this seed looked as if were floating in midair,1,1,False
303,BLIP Caption + BERT,remove_one_word,1,this seed looked as if it were floating in midair,this seed looked as if were floating in midair,0,0,False
303,BERT,add_noise,1,this seed looked as if it were floating in midair,this seed looked as if it were floating in midair breaking news,1,1,False
303,CLIP + MLP,add_noise,1,this seed looked as if it were floating in midair,this seed looked as if it were floating in midair breaking news,1,1,False
303,ViLT,add_noise,1,this seed looked as if it were floating in midair,this seed looked as if it were floating in midair breaking news,1,1,False
303,BLIP Caption + BERT,add_noise,1,this seed looked as if it were floating in midair,this seed looked as if it were floating in midair breaking news,0,0,False
71799,BERT,remove_punctuation,0,shitty but kind of funny,shitty but kind of funny,0,0,False
71799,CLIP + MLP,remove_punctuation,0,shitty but kind of funny,shitty but kind of funny,0,0,False
71799,ViLT,remove_punctuation,0,shitty but kind of funny,shitty but kind of funny,0,0,False
71799,BLIP Caption + BERT,remove_punctuation,0,shitty but kind of funny,shitty but kind of funny,0,0,False
71799,BERT,remove_one_word,0,shitty but kind of funny,shitty but of funny,0,0,False
71799,CLIP + MLP,remove_one_word,0,shitty but kind of funny,shitty but of funny,0,0,False
71799,ViLT,remove_one_word,0,shitty but kind of funny,shitty but of funny,0,0,False
71799,BLIP Caption + BERT,remove_one_word,0,shitty but kind of funny,shitty but of funny,0,0,False
71799,BERT,add_noise,0,shitty but kind of funny,shitty but kind of funny breaking news,0,0,False
71799,CLIP + MLP,add_noise,0,shitty but kind of funny,shitty but kind of funny breaking news,0,0,False
71799,ViLT,add_noise,0,shitty but kind of funny,shitty but kind of funny breaking news,0,0,False
71799,BLIP Caption + BERT,add_noise,0,shitty but kind of funny,shitty but kind of funny breaking news,0,0,False
73133,BERT,remove_punctuation,0,llama park,llama park,0,0,False
73133,CLIP + MLP,remove_punctuation,0,llama park,llama park,0,0,False
73133,ViLT,remove_punctuation,0,llama park,llama park,0,0,False
73133,BLIP Caption + BERT,remove_punctuation,0,llama park,llama park,1,1,False
73133,BERT,remove_one_word,0,llama park,llama park,0,0,False
73133,CLIP + MLP,remove_one_word,0,llama park,llama park,0,0,False
73133,ViLT,remove_one_word,0,llama park,llama park,0,0,False
73133,BLIP Caption + BERT,remove_one_word,0,llama park,llama park,1,1,False
73133,BERT,add_noise,0,llama park,llama park breaking news,0,0,False
73133,CLIP + MLP,add_noise,0,llama park,llama park breaking news,0,0,False
73133,ViLT,add_noise,0,llama park,llama park breaking news,0,0,False
73133,BLIP Caption + BERT,add_noise,0,llama park,llama park breaking news,1,1,False
63163,BERT,remove_punctuation,1,mary berry winning an award,mary berry winning an award,1,1,False
63163,CLIP + MLP,remove_punctuation,1,mary berry winning an award,mary berry winning an award,0,0,False
63163,ViLT,remove_punctuation,1,mary berry winning an award,mary berry winning an award,1,1,False
63163,BLIP Caption + BERT,remove_punctuation,1,mary berry winning an award,mary berry winning an award,0,0,False
63163,BERT,remove_one_word,1,mary berry winning an award,mary berry an award,1,0,True
63163,CLIP + MLP,remove_one_word,1,mary berry winning an award,mary berry an award,0,0,False
63163,ViLT,remove_one_word,1,mary berry winning an award,mary berry an award,1,0,True
63163,BLIP Caption + BERT,remove_one_word,1,mary berry winning an award,mary berry an award,0,0,False
63163,BERT,add_noise,1,mary berry winning an award,mary berry winning an award breaking news,1,0,True
63163,CLIP + MLP,add_noise,1,mary berry winning an award,mary berry winning an award breaking news,0,0,False
63163,ViLT,add_noise,1,mary berry winning an award,mary berry winning an award breaking news,1,1,False
63163,BLIP Caption + BERT,add_noise,1,mary berry winning an award,mary berry winning an award breaking news,0,0,False
57535,BERT,remove_punctuation,1,update rescued bait dog gets k for medical bills,update rescued bait dog gets k for medical bills,1,1,False
57535,CLIP + MLP,remove_punctuation,1,update rescued bait dog gets k for medical bills,update rescued bait dog gets k for medical bills,0,0,False
57535,ViLT,remove_punctuation,1,update rescued bait dog gets k for medical bills,update rescued bait dog gets k for medical bills,1,1,False
57535,BLIP Caption + BERT,remove_punctuation,1,update rescued bait dog gets k for medical bills,update rescued bait dog gets k for medical bills,0,0,False
57535,BERT,remove_one_word,1,update rescued bait dog gets k for medical bills,update rescued bait dog k for medical bills,1,1,False
57535,CLIP + MLP,remove_one_word,1,update rescued bait dog gets k for medical bills,update rescued bait dog k for medical bills,0,0,False
57535,ViLT,remove_one_word,1,update rescued bait dog gets k for medical bills,update rescued bait dog k for medical bills,1,1,False
57535,BLIP Caption + BERT,remove_one_word,1,update rescued bait dog gets k for medical bills,update rescued bait dog k for medical bills,0,0,False
57535,BERT,add_noise,1,update rescued bait dog gets k for medical bills,update rescued bait dog gets k for medical bills breaking news,1,1,False
57535,CLIP + MLP,add_noise,1,update rescued bait dog gets k for medical bills,update rescued bait dog gets k for medical bills breaking news,0,0,False
57535,ViLT,add_noise,1,update rescued bait dog gets k for medical bills,update rescued bait dog gets k for medical bills breaking news,1,1,False
57535,BLIP Caption + BERT,add_noise,1,update rescued bait dog gets k for medical bills,update rescued bait dog gets k for medical bills breaking news,0,0,False
80963,BERT,remove_punctuation,0,when i die you stay away from my funeral,when i die you stay away from my funeral,0,0,False
80963,CLIP + MLP,remove_punctuation,0,when i die you stay away from my funeral,when i die you stay away from my funeral,0,0,False
80963,ViLT,remove_punctuation,0,when i die you stay away from my funeral,when i die you stay away from my funeral,0,0,False
80963,BLIP Caption + BERT,remove_punctuation,0,when i die you stay away from my funeral,when i die you stay away from my funeral,0,0,False
80963,BERT,remove_one_word,0,when i die you stay away from my funeral,when i die you away from my funeral,0,0,False
80963,CLIP + MLP,remove_one_word,0,when i die you stay away from my funeral,when i die you away from my funeral,0,0,False
80963,ViLT,remove_one_word,0,when i die you stay away from my funeral,when i die you away from my funeral,0,0,False
80963,BLIP Caption + BERT,remove_one_word,0,when i die you stay away from my funeral,when i die you away from my funeral,0,0,False
80963,BERT,add_noise,0,when i die you stay away from my funeral,when i die you stay away from my funeral breaking news,0,0,False
80963,CLIP + MLP,add_noise,0,when i die you stay away from my funeral,when i die you stay away from my funeral breaking news,0,0,False
80963,ViLT,add_noise,0,when i die you stay away from my funeral,when i die you stay away from my funeral breaking news,0,0,False
80963,BLIP Caption + BERT,add_noise,0,when i die you stay away from my funeral,when i die you stay away from my funeral breaking news,0,0,False
14921,BERT,remove_punctuation,0,cutouts,cutouts,0,0,False
14921,CLIP + MLP,remove_punctuation,0,cutouts,cutouts,0,0,False
14921,ViLT,remove_punctuation,0,cutouts,cutouts,0,0,False
14921,BLIP Caption + BERT,remove_punctuation,0,cutouts,cutouts,1,1,False
14921,BERT,remove_one_word,0,cutouts,cutouts,0,0,False
14921,CLIP + MLP,remove_one_word,0,cutouts,cutouts,0,0,False
14921,ViLT,remove_one_word,0,cutouts,cutouts,0,0,False
14921,BLIP Caption + BERT,remove_one_word,0,cutouts,cutouts,1,1,False
14921,BERT,add_noise,0,cutouts,cutouts breaking news,0,0,False
14921,CLIP + MLP,add_noise,0,cutouts,cutouts breaking news,0,0,False
14921,ViLT,add_noise,0,cutouts,cutouts breaking news,0,0,False
14921,BLIP Caption + BERT,add_noise,0,cutouts,cutouts breaking news,1,1,False
86888,BERT,remove_punctuation,0,i have the weirdest boner right now,i have the weirdest boner right now,0,0,False
86888,CLIP + MLP,remove_punctuation,0,i have the weirdest boner right now,i have the weirdest boner right now,0,0,False
86888,ViLT,remove_punctuation,0,i have the weirdest boner right now,i have the weirdest boner right now,0,0,False
86888,BLIP Caption + BERT,remove_punctuation,0,i have the weirdest boner right now,i have the weirdest boner right now,0,0,False
86888,BERT,remove_one_word,0,i have the weirdest boner right now,i have the boner right now,0,0,False
86888,CLIP + MLP,remove_one_word,0,i have the weirdest boner right now,i have the boner right now,0,0,False
86888,ViLT,remove_one_word,0,i have the weirdest boner right now,i have the boner right now,0,0,False
86888,BLIP Caption + BERT,remove_one_word,0,i have the weirdest boner right now,i have the boner right now,0,0,False
86888,BERT,add_noise,0,i have the weirdest boner right now,i have the weirdest boner right now breaking news,0,0,False
86888,CLIP + MLP,add_noise,0,i have the weirdest boner right now,i have the weirdest boner right now breaking news,0,0,False
86888,ViLT,add_noise,0,i have the weirdest boner right now,i have the weirdest boner right now breaking news,0,0,False
86888,BLIP Caption + BERT,add_noise,0,i have the weirdest boner right now,i have the weirdest boner right now breaking news,0,0,False
95385,BERT,remove_punctuation,0,fight for your freedom,fight for your freedom,0,0,False
95385,CLIP + MLP,remove_punctuation,0,fight for your freedom,fight for your freedom,0,0,False
95385,ViLT,remove_punctuation,0,fight for your freedom,fight for your freedom,0,0,False
95385,BLIP Caption + BERT,remove_punctuation,0,fight for your freedom,fight for your freedom,0,0,False
95385,BERT,remove_one_word,0,fight for your freedom,fight for freedom,0,0,False
95385,CLIP + MLP,remove_one_word,0,fight for your freedom,fight for freedom,0,0,False
95385,ViLT,remove_one_word,0,fight for your freedom,fight for freedom,0,0,False
95385,BLIP Caption + BERT,remove_one_word,0,fight for your freedom,fight for freedom,0,0,False
95385,BERT,add_noise,0,fight for your freedom,fight for your freedom breaking news,0,0,False
95385,CLIP + MLP,add_noise,0,fight for your freedom,fight for your freedom breaking news,0,0,False
95385,ViLT,add_noise,0,fight for your freedom,fight for your freedom breaking news,0,0,False
95385,BLIP Caption + BERT,add_noise,0,fight for your freedom,fight for your freedom breaking news,0,0,False
50374,BERT,remove_punctuation,1,is your food safe baidus new smart chopsticks can tell,is your food safe baidus new smart chopsticks can tell,0,0,False
50374,CLIP + MLP,remove_punctuation,1,is your food safe baidus new smart chopsticks can tell,is your food safe baidus new smart chopsticks can tell,0,0,False
50374,ViLT,remove_punctuation,1,is your food safe baidus new smart chopsticks can tell,is your food safe baidus new smart chopsticks can tell,1,1,False
50374,BLIP Caption + BERT,remove_punctuation,1,is your food safe baidus new smart chopsticks can tell,is your food safe baidus new smart chopsticks can tell,0,0,False
50374,BERT,remove_one_word,1,is your food safe baidus new smart chopsticks can tell,is your food safe baidus smart chopsticks can tell,0,0,False
50374,CLIP + MLP,remove_one_word,1,is your food safe baidus new smart chopsticks can tell,is your food safe baidus smart chopsticks can tell,0,0,False
50374,ViLT,remove_one_word,1,is your food safe baidus new smart chopsticks can tell,is your food safe baidus smart chopsticks can tell,1,1,False
50374,BLIP Caption + BERT,remove_one_word,1,is your food safe baidus new smart chopsticks can tell,is your food safe baidus smart chopsticks can tell,0,0,False
50374,BERT,add_noise,1,is your food safe baidus new smart chopsticks can tell,is your food safe baidus new smart chopsticks can tell breaking news,0,0,False
50374,CLIP + MLP,add_noise,1,is your food safe baidus new smart chopsticks can tell,is your food safe baidus new smart chopsticks can tell breaking news,0,0,False
50374,ViLT,add_noise,1,is your food safe baidus new smart chopsticks can tell,is your food safe baidus new smart chopsticks can tell breaking news,1,1,False
50374,BLIP Caption + BERT,add_noise,1,is your food safe baidus new smart chopsticks can tell,is your food safe baidus new smart chopsticks can tell breaking news,0,0,False
104436,BERT,remove_punctuation,1,former calgary medical examiners accused of being body snatchers in texas lawsuit,former calgary medical examiners accused of being body snatchers in texas lawsuit,1,1,False
104436,CLIP + MLP,remove_punctuation,1,former calgary medical examiners accused of being body snatchers in texas lawsuit,former calgary medical examiners accused of being body snatchers in texas lawsuit,1,1,False
104436,ViLT,remove_punctuation,1,former calgary medical examiners accused of being body snatchers in texas lawsuit,former calgary medical examiners accused of being body snatchers in texas lawsuit,1,1,False
104436,BLIP Caption + BERT,remove_punctuation,1,former calgary medical examiners accused of being body snatchers in texas lawsuit,former calgary medical examiners accused of being body snatchers in texas lawsuit,0,0,False
104436,BERT,remove_one_word,1,former calgary medical examiners accused of being body snatchers in texas lawsuit,former calgary medical examiners accused of body snatchers in texas lawsuit,1,1,False
104436,CLIP + MLP,remove_one_word,1,former calgary medical examiners accused of being body snatchers in texas lawsuit,former calgary medical examiners accused of body snatchers in texas lawsuit,1,1,False
104436,ViLT,remove_one_word,1,former calgary medical examiners accused of being body snatchers in texas lawsuit,former calgary medical examiners accused of body snatchers in texas lawsuit,1,1,False
104436,BLIP Caption + BERT,remove_one_word,1,former calgary medical examiners accused of being body snatchers in texas lawsuit,former calgary medical examiners accused of body snatchers in texas lawsuit,0,0,False
104436,BERT,add_noise,1,former calgary medical examiners accused of being body snatchers in texas lawsuit,former calgary medical examiners accused of being body snatchers in texas lawsuit breaking news,1,1,False
104436,CLIP + MLP,add_noise,1,former calgary medical examiners accused of being body snatchers in texas lawsuit,former calgary medical examiners accused of being body snatchers in texas lawsuit breaking news,1,1,False
104436,ViLT,add_noise,1,former calgary medical examiners accused of being body snatchers in texas lawsuit,former calgary medical examiners accused of being body snatchers in texas lawsuit breaking news,1,0,True
104436,BLIP Caption + BERT,add_noise,1,former calgary medical examiners accused of being body snatchers in texas lawsuit,former calgary medical examiners accused of being body snatchers in texas lawsuit breaking news,0,0,False
23866,BERT,remove_punctuation,0,tail gunner cat,tail gunner cat,1,1,False
23866,CLIP + MLP,remove_punctuation,0,tail gunner cat,tail gunner cat,0,0,False
23866,ViLT,remove_punctuation,0,tail gunner cat,tail gunner cat,0,0,False
23866,BLIP Caption + BERT,remove_punctuation,0,tail gunner cat,tail gunner cat,0,0,False
23866,BERT,remove_one_word,0,tail gunner cat,tail gunner cat,1,1,False
23866,CLIP + MLP,remove_one_word,0,tail gunner cat,tail gunner cat,0,0,False
23866,ViLT,remove_one_word,0,tail gunner cat,tail gunner cat,0,0,False
23866,BLIP Caption + BERT,remove_one_word,0,tail gunner cat,tail gunner cat,0,0,False
23866,BERT,add_noise,0,tail gunner cat,tail gunner cat breaking news,1,0,True
23866,CLIP + MLP,add_noise,0,tail gunner cat,tail gunner cat breaking news,0,0,False
23866,ViLT,add_noise,0,tail gunner cat,tail gunner cat breaking news,0,0,False
23866,BLIP Caption + BERT,add_noise,0,tail gunner cat,tail gunner cat breaking news,0,0,False
76181,BERT,remove_punctuation,0,i raise you a heart shaped puddle,i raise you a heart shaped puddle,0,0,False
76181,CLIP + MLP,remove_punctuation,0,i raise you a heart shaped puddle,i raise you a heart shaped puddle,0,0,False
76181,ViLT,remove_punctuation,0,i raise you a heart shaped puddle,i raise you a heart shaped puddle,1,1,False
76181,BLIP Caption + BERT,remove_punctuation,0,i raise you a heart shaped puddle,i raise you a heart shaped puddle,0,0,False
76181,BERT,remove_one_word,0,i raise you a heart shaped puddle,i raise you heart shaped puddle,0,0,False
76181,CLIP + MLP,remove_one_word,0,i raise you a heart shaped puddle,i raise you heart shaped puddle,0,0,False
76181,ViLT,remove_one_word,0,i raise you a heart shaped puddle,i raise you heart shaped puddle,1,1,False
76181,BLIP Caption + BERT,remove_one_word,0,i raise you a heart shaped puddle,i raise you heart shaped puddle,0,0,False
76181,BERT,add_noise,0,i raise you a heart shaped puddle,i raise you a heart shaped puddle breaking news,0,0,False
76181,CLIP + MLP,add_noise,0,i raise you a heart shaped puddle,i raise you a heart shaped puddle breaking news,0,0,False
76181,ViLT,add_noise,0,i raise you a heart shaped puddle,i raise you a heart shaped puddle breaking news,1,1,False
76181,BLIP Caption + BERT,add_noise,0,i raise you a heart shaped puddle,i raise you a heart shaped puddle breaking news,0,0,False
14158,BERT,remove_punctuation,1,this transparent partially decomposed leaf,this transparent partially decomposed leaf,1,1,False
14158,CLIP + MLP,remove_punctuation,1,this transparent partially decomposed leaf,this transparent partially decomposed leaf,1,1,False
14158,ViLT,remove_punctuation,1,this transparent partially decomposed leaf,this transparent partially decomposed leaf,0,0,False
14158,BLIP Caption + BERT,remove_punctuation,1,this transparent partially decomposed leaf,this transparent partially decomposed leaf,0,0,False
14158,BERT,remove_one_word,1,this transparent partially decomposed leaf,this transparent decomposed leaf,1,1,False
14158,CLIP + MLP,remove_one_word,1,this transparent partially decomposed leaf,this transparent decomposed leaf,1,1,False
14158,ViLT,remove_one_word,1,this transparent partially decomposed leaf,this transparent decomposed leaf,0,0,False
14158,BLIP Caption + BERT,remove_one_word,1,this transparent partially decomposed leaf,this transparent decomposed leaf,0,0,False
14158,BERT,add_noise,1,this transparent partially decomposed leaf,this transparent partially decomposed leaf breaking news,1,1,False
14158,CLIP + MLP,add_noise,1,this transparent partially decomposed leaf,this transparent partially decomposed leaf breaking news,1,1,False
14158,ViLT,add_noise,1,this transparent partially decomposed leaf,this transparent partially decomposed leaf breaking news,0,1,True
14158,BLIP Caption + BERT,add_noise,1,this transparent partially decomposed leaf,this transparent partially decomposed leaf breaking news,0,0,False
101622,BERT,remove_punctuation,0,a little something called victory jaason simons,a little something called victory jaason simons,0,0,False
101622,CLIP + MLP,remove_punctuation,0,a little something called victory jaason simons,a little something called victory jaason simons,0,0,False
101622,ViLT,remove_punctuation,0,a little something called victory jaason simons,a little something called victory jaason simons,0,0,False
101622,BLIP Caption + BERT,remove_punctuation,0,a little something called victory jaason simons,a little something called victory jaason simons,1,1,False
101622,BERT,remove_one_word,0,a little something called victory jaason simons,a little something victory jaason simons,0,0,False
101622,CLIP + MLP,remove_one_word,0,a little something called victory jaason simons,a little something victory jaason simons,0,0,False
101622,ViLT,remove_one_word,0,a little something called victory jaason simons,a little something victory jaason simons,0,0,False
101622,BLIP Caption + BERT,remove_one_word,0,a little something called victory jaason simons,a little something victory jaason simons,1,1,False
101622,BERT,add_noise,0,a little something called victory jaason simons,a little something called victory jaason simons breaking news,0,0,False
101622,CLIP + MLP,add_noise,0,a little something called victory jaason simons,a little something called victory jaason simons breaking news,0,0,False
101622,ViLT,add_noise,0,a little something called victory jaason simons,a little something called victory jaason simons breaking news,0,0,False
101622,BLIP Caption + BERT,add_noise,0,a little something called victory jaason simons,a little something called victory jaason simons breaking news,1,1,False
74144,BERT,remove_punctuation,0,other discussions,other discussions,0,0,False
74144,CLIP + MLP,remove_punctuation,0,other discussions,other discussions,0,0,False
74144,ViLT,remove_punctuation,0,other discussions,other discussions,0,0,False
74144,BLIP Caption + BERT,remove_punctuation,0,other discussions,other discussions,0,0,False
74144,BERT,remove_one_word,0,other discussions,other discussions,0,0,False
74144,CLIP + MLP,remove_one_word,0,other discussions,other discussions,0,0,False
74144,ViLT,remove_one_word,0,other discussions,other discussions,0,0,False
74144,BLIP Caption + BERT,remove_one_word,0,other discussions,other discussions,0,0,False
74144,BERT,add_noise,0,other discussions,other discussions breaking news,0,0,False
74144,CLIP + MLP,add_noise,0,other discussions,other discussions breaking news,0,0,False
74144,ViLT,add_noise,0,other discussions,other discussions breaking news,0,0,False
74144,BLIP Caption + BERT,add_noise,0,other discussions,other discussions breaking news,0,0,False
105508,BERT,remove_punctuation,1,nevada brothel offers to host sen harry reids retirement party,nevada brothel offers to host sen harry reids retirement party,1,1,False
105508,CLIP + MLP,remove_punctuation,1,nevada brothel offers to host sen harry reids retirement party,nevada brothel offers to host sen harry reids retirement party,0,0,False
105508,ViLT,remove_punctuation,1,nevada brothel offers to host sen harry reids retirement party,nevada brothel offers to host sen harry reids retirement party,0,0,False
105508,BLIP Caption + BERT,remove_punctuation,1,nevada brothel offers to host sen harry reids retirement party,nevada brothel offers to host sen harry reids retirement party,0,0,False
105508,BERT,remove_one_word,1,nevada brothel offers to host sen harry reids retirement party,nevada brothel offers to host harry reids retirement party,1,1,False
105508,CLIP + MLP,remove_one_word,1,nevada brothel offers to host sen harry reids retirement party,nevada brothel offers to host harry reids retirement party,0,0,False
105508,ViLT,remove_one_word,1,nevada brothel offers to host sen harry reids retirement party,nevada brothel offers to host harry reids retirement party,0,0,False
105508,BLIP Caption + BERT,remove_one_word,1,nevada brothel offers to host sen harry reids retirement party,nevada brothel offers to host harry reids retirement party,0,0,False
105508,BERT,add_noise,1,nevada brothel offers to host sen harry reids retirement party,nevada brothel offers to host sen harry reids retirement party breaking news,1,1,False
105508,CLIP + MLP,add_noise,1,nevada brothel offers to host sen harry reids retirement party,nevada brothel offers to host sen harry reids retirement party breaking news,0,0,False
105508,ViLT,add_noise,1,nevada brothel offers to host sen harry reids retirement party,nevada brothel offers to host sen harry reids retirement party breaking news,0,0,False
105508,BLIP Caption + BERT,add_noise,1,nevada brothel offers to host sen harry reids retirement party,nevada brothel offers to host sen harry reids retirement party breaking news,0,0,False
80754,BERT,remove_punctuation,1,two cats walking towards the camera looking fairly badass,two cats walking towards the camera looking fairly badass,1,1,False
80754,CLIP + MLP,remove_punctuation,1,two cats walking towards the camera looking fairly badass,two cats walking towards the camera looking fairly badass,0,0,False
80754,ViLT,remove_punctuation,1,two cats walking towards the camera looking fairly badass,two cats walking towards the camera looking fairly badass,1,1,False
80754,BLIP Caption + BERT,remove_punctuation,1,two cats walking towards the camera looking fairly badass,two cats walking towards the camera looking fairly badass,0,0,False
80754,BERT,remove_one_word,1,two cats walking towards the camera looking fairly badass,two cats walking towards camera looking fairly badass,1,1,False
80754,CLIP + MLP,remove_one_word,1,two cats walking towards the camera looking fairly badass,two cats walking towards camera looking fairly badass,0,0,False
80754,ViLT,remove_one_word,1,two cats walking towards the camera looking fairly badass,two cats walking towards camera looking fairly badass,1,1,False
80754,BLIP Caption + BERT,remove_one_word,1,two cats walking towards the camera looking fairly badass,two cats walking towards camera looking fairly badass,0,0,False
80754,BERT,add_noise,1,two cats walking towards the camera looking fairly badass,two cats walking towards the camera looking fairly badass breaking news,1,1,False
80754,CLIP + MLP,add_noise,1,two cats walking towards the camera looking fairly badass,two cats walking towards the camera looking fairly badass breaking news,0,0,False
80754,ViLT,add_noise,1,two cats walking towards the camera looking fairly badass,two cats walking towards the camera looking fairly badass breaking news,1,1,False
80754,BLIP Caption + BERT,add_noise,1,two cats walking towards the camera looking fairly badass,two cats walking towards the camera looking fairly badass breaking news,0,0,False
75462,BERT,remove_punctuation,0,filthy fine wine,filthy fine wine,0,0,False
75462,CLIP + MLP,remove_punctuation,0,filthy fine wine,filthy fine wine,0,0,False
75462,ViLT,remove_punctuation,0,filthy fine wine,filthy fine wine,0,0,False
75462,BLIP Caption + BERT,remove_punctuation,0,filthy fine wine,filthy fine wine,0,0,False
75462,BERT,remove_one_word,0,filthy fine wine,filthy fine wine,0,0,False
75462,CLIP + MLP,remove_one_word,0,filthy fine wine,filthy fine wine,0,0,False
75462,ViLT,remove_one_word,0,filthy fine wine,filthy fine wine,0,0,False
75462,BLIP Caption + BERT,remove_one_word,0,filthy fine wine,filthy fine wine,0,0,False
75462,BERT,add_noise,0,filthy fine wine,filthy fine wine breaking news,0,0,False
75462,CLIP + MLP,add_noise,0,filthy fine wine,filthy fine wine breaking news,0,0,False
75462,ViLT,add_noise,0,filthy fine wine,filthy fine wine breaking news,0,1,True
75462,BLIP Caption + BERT,add_noise,0,filthy fine wine,filthy fine wine breaking news,0,0,False
104922,BERT,remove_punctuation,1,my friends family has a house robot named pepper,my friends family has a house robot named pepper,1,1,False
104922,CLIP + MLP,remove_punctuation,1,my friends family has a house robot named pepper,my friends family has a house robot named pepper,1,1,False
104922,ViLT,remove_punctuation,1,my friends family has a house robot named pepper,my friends family has a house robot named pepper,1,1,False
104922,BLIP Caption + BERT,remove_punctuation,1,my friends family has a house robot named pepper,my friends family has a house robot named pepper,0,0,False
104922,BERT,remove_one_word,1,my friends family has a house robot named pepper,my friends family has house robot named pepper,1,1,False
104922,CLIP + MLP,remove_one_word,1,my friends family has a house robot named pepper,my friends family has house robot named pepper,1,1,False
104922,ViLT,remove_one_word,1,my friends family has a house robot named pepper,my friends family has house robot named pepper,1,1,False
104922,BLIP Caption + BERT,remove_one_word,1,my friends family has a house robot named pepper,my friends family has house robot named pepper,0,0,False
104922,BERT,add_noise,1,my friends family has a house robot named pepper,my friends family has a house robot named pepper breaking news,1,1,False
104922,CLIP + MLP,add_noise,1,my friends family has a house robot named pepper,my friends family has a house robot named pepper breaking news,1,1,False
104922,ViLT,add_noise,1,my friends family has a house robot named pepper,my friends family has a house robot named pepper breaking news,1,1,False
104922,BLIP Caption + BERT,add_noise,1,my friends family has a house robot named pepper,my friends family has a house robot named pepper breaking news,0,0,False
36523,BERT,remove_punctuation,1,pokot skeptically holding a flash,pokot skeptically holding a flash,0,0,False
36523,CLIP + MLP,remove_punctuation,1,pokot skeptically holding a flash,pokot skeptically holding a flash,0,0,False
36523,ViLT,remove_punctuation,1,pokot skeptically holding a flash,pokot skeptically holding a flash,0,0,False
36523,BLIP Caption + BERT,remove_punctuation,1,pokot skeptically holding a flash,pokot skeptically holding a flash,0,0,False
36523,BERT,remove_one_word,1,pokot skeptically holding a flash,pokot skeptically a flash,0,0,False
36523,CLIP + MLP,remove_one_word,1,pokot skeptically holding a flash,pokot skeptically a flash,0,0,False
36523,ViLT,remove_one_word,1,pokot skeptically holding a flash,pokot skeptically a flash,0,0,False
36523,BLIP Caption + BERT,remove_one_word,1,pokot skeptically holding a flash,pokot skeptically a flash,0,0,False
36523,BERT,add_noise,1,pokot skeptically holding a flash,pokot skeptically holding a flash breaking news,0,0,False
36523,CLIP + MLP,add_noise,1,pokot skeptically holding a flash,pokot skeptically holding a flash breaking news,0,0,False
36523,ViLT,add_noise,1,pokot skeptically holding a flash,pokot skeptically holding a flash breaking news,0,0,False
36523,BLIP Caption + BERT,add_noise,1,pokot skeptically holding a flash,pokot skeptically holding a flash breaking news,0,0,False
9874,BERT,remove_punctuation,0,my correction,my correction,0,0,False
9874,CLIP + MLP,remove_punctuation,0,my correction,my correction,0,0,False
9874,ViLT,remove_punctuation,0,my correction,my correction,0,0,False
9874,BLIP Caption + BERT,remove_punctuation,0,my correction,my correction,0,0,False
9874,BERT,remove_one_word,0,my correction,my correction,0,0,False
9874,CLIP + MLP,remove_one_word,0,my correction,my correction,0,0,False
9874,ViLT,remove_one_word,0,my correction,my correction,0,0,False
9874,BLIP Caption + BERT,remove_one_word,0,my correction,my correction,0,0,False
9874,BERT,add_noise,0,my correction,my correction breaking news,0,0,False
9874,CLIP + MLP,add_noise,0,my correction,my correction breaking news,0,0,False
9874,ViLT,add_noise,0,my correction,my correction breaking news,0,0,False
9874,BLIP Caption + BERT,add_noise,0,my correction,my correction breaking news,0,0,False
30268,BERT,remove_punctuation,0,my work is never done,my work is never done,0,0,False
30268,CLIP + MLP,remove_punctuation,0,my work is never done,my work is never done,0,0,False
30268,ViLT,remove_punctuation,0,my work is never done,my work is never done,0,0,False
30268,BLIP Caption + BERT,remove_punctuation,0,my work is never done,my work is never done,0,0,False
30268,BERT,remove_one_word,0,my work is never done,my work never done,0,0,False
30268,CLIP + MLP,remove_one_word,0,my work is never done,my work never done,0,0,False
30268,ViLT,remove_one_word,0,my work is never done,my work never done,0,0,False
30268,BLIP Caption + BERT,remove_one_word,0,my work is never done,my work never done,0,0,False
30268,BERT,add_noise,0,my work is never done,my work is never done breaking news,0,1,True
30268,CLIP + MLP,add_noise,0,my work is never done,my work is never done breaking news,0,0,False
30268,ViLT,add_noise,0,my work is never done,my work is never done breaking news,0,0,False
30268,BLIP Caption + BERT,add_noise,0,my work is never done,my work is never done breaking news,0,0,False
64057,BERT,remove_punctuation,1,a piece of cereal clamped in the seal,a piece of cereal clamped in the seal,1,1,False
64057,CLIP + MLP,remove_punctuation,1,a piece of cereal clamped in the seal,a piece of cereal clamped in the seal,0,0,False
64057,ViLT,remove_punctuation,1,a piece of cereal clamped in the seal,a piece of cereal clamped in the seal,0,0,False
64057,BLIP Caption + BERT,remove_punctuation,1,a piece of cereal clamped in the seal,a piece of cereal clamped in the seal,0,0,False
64057,BERT,remove_one_word,1,a piece of cereal clamped in the seal,a piece of cereal in the seal,1,1,False
64057,CLIP + MLP,remove_one_word,1,a piece of cereal clamped in the seal,a piece of cereal in the seal,0,0,False
64057,ViLT,remove_one_word,1,a piece of cereal clamped in the seal,a piece of cereal in the seal,0,0,False
64057,BLIP Caption + BERT,remove_one_word,1,a piece of cereal clamped in the seal,a piece of cereal in the seal,0,0,False
64057,BERT,add_noise,1,a piece of cereal clamped in the seal,a piece of cereal clamped in the seal breaking news,1,1,False
64057,CLIP + MLP,add_noise,1,a piece of cereal clamped in the seal,a piece of cereal clamped in the seal breaking news,0,0,False
64057,ViLT,add_noise,1,a piece of cereal clamped in the seal,a piece of cereal clamped in the seal breaking news,0,0,False
64057,BLIP Caption + BERT,add_noise,1,a piece of cereal clamped in the seal,a piece of cereal clamped in the seal breaking news,0,0,False
20687,BERT,remove_punctuation,0,wait up,wait up,0,0,False
20687,CLIP + MLP,remove_punctuation,0,wait up,wait up,0,0,False
20687,ViLT,remove_punctuation,0,wait up,wait up,0,0,False
20687,BLIP Caption + BERT,remove_punctuation,0,wait up,wait up,0,0,False
20687,BERT,remove_one_word,0,wait up,wait up,0,0,False
20687,CLIP + MLP,remove_one_word,0,wait up,wait up,0,0,False
20687,ViLT,remove_one_word,0,wait up,wait up,0,0,False
20687,BLIP Caption + BERT,remove_one_word,0,wait up,wait up,0,0,False
20687,BERT,add_noise,0,wait up,wait up breaking news,0,0,False
20687,CLIP + MLP,add_noise,0,wait up,wait up breaking news,0,0,False
20687,ViLT,add_noise,0,wait up,wait up breaking news,0,0,False
20687,BLIP Caption + BERT,add_noise,0,wait up,wait up breaking news,0,0,False
46152,BERT,remove_punctuation,0,caught my dog playing in the mud,caught my dog playing in the mud,1,1,False
46152,CLIP + MLP,remove_punctuation,0,caught my dog playing in the mud,caught my dog playing in the mud,0,0,False
46152,ViLT,remove_punctuation,0,caught my dog playing in the mud,caught my dog playing in the mud,0,0,False
46152,BLIP Caption + BERT,remove_punctuation,0,caught my dog playing in the mud,caught my dog playing in the mud,0,0,False
46152,BERT,remove_one_word,0,caught my dog playing in the mud,caught my dog in the mud,1,0,True
46152,CLIP + MLP,remove_one_word,0,caught my dog playing in the mud,caught my dog in the mud,0,0,False
46152,ViLT,remove_one_word,0,caught my dog playing in the mud,caught my dog in the mud,0,0,False
46152,BLIP Caption + BERT,remove_one_word,0,caught my dog playing in the mud,caught my dog in the mud,0,0,False
46152,BERT,add_noise,0,caught my dog playing in the mud,caught my dog playing in the mud breaking news,1,0,True
46152,CLIP + MLP,add_noise,0,caught my dog playing in the mud,caught my dog playing in the mud breaking news,0,0,False
46152,ViLT,add_noise,0,caught my dog playing in the mud,caught my dog playing in the mud breaking news,0,0,False
46152,BLIP Caption + BERT,add_noise,0,caught my dog playing in the mud,caught my dog playing in the mud breaking news,0,0,False
14367,BERT,remove_punctuation,0,hes just doing his job,hes just doing his job,0,0,False
14367,CLIP + MLP,remove_punctuation,0,hes just doing his job,hes just doing his job,0,0,False
14367,ViLT,remove_punctuation,0,hes just doing his job,hes just doing his job,0,0,False
14367,BLIP Caption + BERT,remove_punctuation,0,hes just doing his job,hes just doing his job,0,0,False
14367,BERT,remove_one_word,0,hes just doing his job,hes just his job,0,0,False
14367,CLIP + MLP,remove_one_word,0,hes just doing his job,hes just his job,0,0,False
14367,ViLT,remove_one_word,0,hes just doing his job,hes just his job,0,0,False
14367,BLIP Caption + BERT,remove_one_word,0,hes just doing his job,hes just his job,0,0,False
14367,BERT,add_noise,0,hes just doing his job,hes just doing his job breaking news,0,0,False
14367,CLIP + MLP,add_noise,0,hes just doing his job,hes just doing his job breaking news,0,0,False
14367,ViLT,add_noise,0,hes just doing his job,hes just doing his job breaking news,0,0,False
14367,BLIP Caption + BERT,add_noise,0,hes just doing his job,hes just doing his job breaking news,0,0,False
86128,BERT,remove_punctuation,1,boston mayor thomas menino hops red sox win cup,boston mayor thomas menino hops red sox win cup,1,1,False
86128,CLIP + MLP,remove_punctuation,1,boston mayor thomas menino hops red sox win cup,boston mayor thomas menino hops red sox win cup,0,0,False
86128,ViLT,remove_punctuation,1,boston mayor thomas menino hops red sox win cup,boston mayor thomas menino hops red sox win cup,0,0,False
86128,BLIP Caption + BERT,remove_punctuation,1,boston mayor thomas menino hops red sox win cup,boston mayor thomas menino hops red sox win cup,1,1,False
86128,BERT,remove_one_word,1,boston mayor thomas menino hops red sox win cup,boston mayor thomas menino red sox win cup,1,1,False
86128,CLIP + MLP,remove_one_word,1,boston mayor thomas menino hops red sox win cup,boston mayor thomas menino red sox win cup,0,0,False
86128,ViLT,remove_one_word,1,boston mayor thomas menino hops red sox win cup,boston mayor thomas menino red sox win cup,0,0,False
86128,BLIP Caption + BERT,remove_one_word,1,boston mayor thomas menino hops red sox win cup,boston mayor thomas menino red sox win cup,1,0,True
86128,BERT,add_noise,1,boston mayor thomas menino hops red sox win cup,boston mayor thomas menino hops red sox win cup breaking news,1,1,False
86128,CLIP + MLP,add_noise,1,boston mayor thomas menino hops red sox win cup,boston mayor thomas menino hops red sox win cup breaking news,0,0,False
86128,ViLT,add_noise,1,boston mayor thomas menino hops red sox win cup,boston mayor thomas menino hops red sox win cup breaking news,0,0,False
86128,BLIP Caption + BERT,add_noise,1,boston mayor thomas menino hops red sox win cup,boston mayor thomas menino hops red sox win cup breaking news,1,1,False
92359,BERT,remove_punctuation,0,life reignite the falklands war and other plans for a perfect day in buenos aires,life reignite the falklands war and other plans for a perfect day in buenos aires,0,0,False
92359,CLIP + MLP,remove_punctuation,0,life reignite the falklands war and other plans for a perfect day in buenos aires,life reignite the falklands war and other plans for a perfect day in buenos aires,0,0,False
92359,ViLT,remove_punctuation,0,life reignite the falklands war and other plans for a perfect day in buenos aires,life reignite the falklands war and other plans for a perfect day in buenos aires,0,0,False
92359,BLIP Caption + BERT,remove_punctuation,0,life reignite the falklands war and other plans for a perfect day in buenos aires,life reignite the falklands war and other plans for a perfect day in buenos aires,0,0,False
92359,BERT,remove_one_word,0,life reignite the falklands war and other plans for a perfect day in buenos aires,life reignite the falklands war and other for a perfect day in buenos aires,0,0,False
92359,CLIP + MLP,remove_one_word,0,life reignite the falklands war and other plans for a perfect day in buenos aires,life reignite the falklands war and other for a perfect day in buenos aires,0,0,False
92359,ViLT,remove_one_word,0,life reignite the falklands war and other plans for a perfect day in buenos aires,life reignite the falklands war and other for a perfect day in buenos aires,0,0,False
92359,BLIP Caption + BERT,remove_one_word,0,life reignite the falklands war and other plans for a perfect day in buenos aires,life reignite the falklands war and other for a perfect day in buenos aires,0,0,False
92359,BERT,add_noise,0,life reignite the falklands war and other plans for a perfect day in buenos aires,life reignite the falklands war and other plans for a perfect day in buenos aires breaking news,0,0,False
92359,CLIP + MLP,add_noise,0,life reignite the falklands war and other plans for a perfect day in buenos aires,life reignite the falklands war and other plans for a perfect day in buenos aires breaking news,0,0,False
92359,ViLT,add_noise,0,life reignite the falklands war and other plans for a perfect day in buenos aires,life reignite the falklands war and other plans for a perfect day in buenos aires breaking news,0,0,False
92359,BLIP Caption + BERT,add_noise,0,life reignite the falklands war and other plans for a perfect day in buenos aires,life reignite the falklands war and other plans for a perfect day in buenos aires breaking news,0,0,False
77659,BERT,remove_punctuation,0,adolf hitler being informed about the success lf the invasion of poland circa,adolf hitler being informed about the success lf the invasion of poland circa,0,0,False
77659,CLIP + MLP,remove_punctuation,0,adolf hitler being informed about the success lf the invasion of poland circa,adolf hitler being informed about the success lf the invasion of poland circa,0,0,False
77659,ViLT,remove_punctuation,0,adolf hitler being informed about the success lf the invasion of poland circa,adolf hitler being informed about the success lf the invasion of poland circa,0,0,False
77659,BLIP Caption + BERT,remove_punctuation,0,adolf hitler being informed about the success lf the invasion of poland circa,adolf hitler being informed about the success lf the invasion of poland circa,0,0,False
77659,BERT,remove_one_word,0,adolf hitler being informed about the success lf the invasion of poland circa,adolf hitler being informed about the lf the invasion of poland circa,0,0,False
77659,CLIP + MLP,remove_one_word,0,adolf hitler being informed about the success lf the invasion of poland circa,adolf hitler being informed about the lf the invasion of poland circa,0,0,False
77659,ViLT,remove_one_word,0,adolf hitler being informed about the success lf the invasion of poland circa,adolf hitler being informed about the lf the invasion of poland circa,0,0,False
77659,BLIP Caption + BERT,remove_one_word,0,adolf hitler being informed about the success lf the invasion of poland circa,adolf hitler being informed about the lf the invasion of poland circa,0,0,False
77659,BERT,add_noise,0,adolf hitler being informed about the success lf the invasion of poland circa,adolf hitler being informed about the success lf the invasion of poland circa breaking news,0,0,False
77659,CLIP + MLP,add_noise,0,adolf hitler being informed about the success lf the invasion of poland circa,adolf hitler being informed about the success lf the invasion of poland circa breaking news,0,0,False
77659,ViLT,add_noise,0,adolf hitler being informed about the success lf the invasion of poland circa,adolf hitler being informed about the success lf the invasion of poland circa breaking news,0,0,False
77659,BLIP Caption + BERT,add_noise,0,adolf hitler being informed about the success lf the invasion of poland circa,adolf hitler being informed about the success lf the invasion of poland circa breaking news,0,0,False
81926,BERT,remove_punctuation,0,my many legged salamander newt scamander,my many legged salamander newt scamander,1,1,False
81926,CLIP + MLP,remove_punctuation,0,my many legged salamander newt scamander,my many legged salamander newt scamander,0,0,False
81926,ViLT,remove_punctuation,0,my many legged salamander newt scamander,my many legged salamander newt scamander,0,0,False
81926,BLIP Caption + BERT,remove_punctuation,0,my many legged salamander newt scamander,my many legged salamander newt scamander,0,0,False
81926,BERT,remove_one_word,0,my many legged salamander newt scamander,my many legged newt scamander,1,1,False
81926,CLIP + MLP,remove_one_word,0,my many legged salamander newt scamander,my many legged newt scamander,0,0,False
81926,ViLT,remove_one_word,0,my many legged salamander newt scamander,my many legged newt scamander,0,0,False
81926,BLIP Caption + BERT,remove_one_word,0,my many legged salamander newt scamander,my many legged newt scamander,0,0,False
81926,BERT,add_noise,0,my many legged salamander newt scamander,my many legged salamander newt scamander breaking news,1,1,False
81926,CLIP + MLP,add_noise,0,my many legged salamander newt scamander,my many legged salamander newt scamander breaking news,0,0,False
81926,ViLT,add_noise,0,my many legged salamander newt scamander,my many legged salamander newt scamander breaking news,0,0,False
81926,BLIP Caption + BERT,add_noise,0,my many legged salamander newt scamander,my many legged salamander newt scamander breaking news,0,0,False
26949,BERT,remove_punctuation,1,army of cats,army of cats,1,1,False
26949,CLIP + MLP,remove_punctuation,1,army of cats,army of cats,0,0,False
26949,ViLT,remove_punctuation,1,army of cats,army of cats,1,1,False
26949,BLIP Caption + BERT,remove_punctuation,1,army of cats,army of cats,0,0,False
26949,BERT,remove_one_word,1,army of cats,army of cats,1,1,False
26949,CLIP + MLP,remove_one_word,1,army of cats,army of cats,0,0,False
26949,ViLT,remove_one_word,1,army of cats,army of cats,1,1,False
26949,BLIP Caption + BERT,remove_one_word,1,army of cats,army of cats,0,0,False
26949,BERT,add_noise,1,army of cats,army of cats breaking news,1,0,True
26949,CLIP + MLP,add_noise,1,army of cats,army of cats breaking news,0,0,False
26949,ViLT,add_noise,1,army of cats,army of cats breaking news,1,1,False
26949,BLIP Caption + BERT,add_noise,1,army of cats,army of cats breaking news,0,0,False
42830,BERT,remove_punctuation,0,what did i just see,what did i just see,0,0,False
42830,CLIP + MLP,remove_punctuation,0,what did i just see,what did i just see,0,0,False
42830,ViLT,remove_punctuation,0,what did i just see,what did i just see,0,0,False
42830,BLIP Caption + BERT,remove_punctuation,0,what did i just see,what did i just see,0,0,False
42830,BERT,remove_one_word,0,what did i just see,what did just see,0,0,False
42830,CLIP + MLP,remove_one_word,0,what did i just see,what did just see,0,0,False
42830,ViLT,remove_one_word,0,what did i just see,what did just see,0,0,False
42830,BLIP Caption + BERT,remove_one_word,0,what did i just see,what did just see,0,0,False
42830,BERT,add_noise,0,what did i just see,what did i just see breaking news,0,0,False
42830,CLIP + MLP,add_noise,0,what did i just see,what did i just see breaking news,0,0,False
42830,ViLT,add_noise,0,what did i just see,what did i just see breaking news,0,0,False
42830,BLIP Caption + BERT,add_noise,0,what did i just see,what did i just see breaking news,0,0,False
72600,BERT,remove_punctuation,0,freddie gibbs madlib pinata,freddie gibbs madlib pinata,0,0,False
72600,CLIP + MLP,remove_punctuation,0,freddie gibbs madlib pinata,freddie gibbs madlib pinata,0,0,False
72600,ViLT,remove_punctuation,0,freddie gibbs madlib pinata,freddie gibbs madlib pinata,0,0,False
72600,BLIP Caption + BERT,remove_punctuation,0,freddie gibbs madlib pinata,freddie gibbs madlib pinata,0,0,False
72600,BERT,remove_one_word,0,freddie gibbs madlib pinata,freddie gibbs pinata,0,0,False
72600,CLIP + MLP,remove_one_word,0,freddie gibbs madlib pinata,freddie gibbs pinata,0,0,False
72600,ViLT,remove_one_word,0,freddie gibbs madlib pinata,freddie gibbs pinata,0,0,False
72600,BLIP Caption + BERT,remove_one_word,0,freddie gibbs madlib pinata,freddie gibbs pinata,0,0,False
72600,BERT,add_noise,0,freddie gibbs madlib pinata,freddie gibbs madlib pinata breaking news,0,0,False
72600,CLIP + MLP,add_noise,0,freddie gibbs madlib pinata,freddie gibbs madlib pinata breaking news,0,0,False
72600,ViLT,add_noise,0,freddie gibbs madlib pinata,freddie gibbs madlib pinata breaking news,0,0,False
72600,BLIP Caption + BERT,add_noise,0,freddie gibbs madlib pinata,freddie gibbs madlib pinata breaking news,0,0,False
110740,BERT,remove_punctuation,1,we found you staggering in the road police officers leave comical note for drunk man they escorted home,we found you staggering in the road police officers leave comical note for drunk man they escorted home,1,1,False
110740,CLIP + MLP,remove_punctuation,1,we found you staggering in the road police officers leave comical note for drunk man they escorted home,we found you staggering in the road police officers leave comical note for drunk man they escorted home,0,0,False
110740,ViLT,remove_punctuation,1,we found you staggering in the road police officers leave comical note for drunk man they escorted home,we found you staggering in the road police officers leave comical note for drunk man they escorted home,1,1,False
110740,BLIP Caption + BERT,remove_punctuation,1,we found you staggering in the road police officers leave comical note for drunk man they escorted home,we found you staggering in the road police officers leave comical note for drunk man they escorted home,0,0,False
110740,BERT,remove_one_word,1,we found you staggering in the road police officers leave comical note for drunk man they escorted home,we found you staggering in the road police officers comical note for drunk man they escorted home,1,1,False
110740,CLIP + MLP,remove_one_word,1,we found you staggering in the road police officers leave comical note for drunk man they escorted home,we found you staggering in the road police officers comical note for drunk man they escorted home,0,0,False
110740,ViLT,remove_one_word,1,we found you staggering in the road police officers leave comical note for drunk man they escorted home,we found you staggering in the road police officers comical note for drunk man they escorted home,1,1,False
110740,BLIP Caption + BERT,remove_one_word,1,we found you staggering in the road police officers leave comical note for drunk man they escorted home,we found you staggering in the road police officers comical note for drunk man they escorted home,0,0,False
110740,BERT,add_noise,1,we found you staggering in the road police officers leave comical note for drunk man they escorted home,we found you staggering in the road police officers leave comical note for drunk man they escorted home breaking news,1,0,True
110740,CLIP + MLP,add_noise,1,we found you staggering in the road police officers leave comical note for drunk man they escorted home,we found you staggering in the road police officers leave comical note for drunk man they escorted home breaking news,0,0,False
110740,ViLT,add_noise,1,we found you staggering in the road police officers leave comical note for drunk man they escorted home,we found you staggering in the road police officers leave comical note for drunk man they escorted home breaking news,1,1,False
110740,BLIP Caption + BERT,add_noise,1,we found you staggering in the road police officers leave comical note for drunk man they escorted home,we found you staggering in the road police officers leave comical note for drunk man they escorted home breaking news,0,0,False
66860,BERT,remove_punctuation,0,a wild spider monkey,a wild spider monkey,1,1,False
66860,CLIP + MLP,remove_punctuation,0,a wild spider monkey,a wild spider monkey,0,0,False
66860,ViLT,remove_punctuation,0,a wild spider monkey,a wild spider monkey,0,0,False
66860,BLIP Caption + BERT,remove_punctuation,0,a wild spider monkey,a wild spider monkey,0,0,False
66860,BERT,remove_one_word,0,a wild spider monkey,a wild monkey,1,0,True
66860,CLIP + MLP,remove_one_word,0,a wild spider monkey,a wild monkey,0,0,False
66860,ViLT,remove_one_word,0,a wild spider monkey,a wild monkey,0,0,False
66860,BLIP Caption + BERT,remove_one_word,0,a wild spider monkey,a wild monkey,0,1,True
66860,BERT,add_noise,0,a wild spider monkey,a wild spider monkey breaking news,1,0,True
66860,CLIP + MLP,add_noise,0,a wild spider monkey,a wild spider monkey breaking news,0,0,False
66860,ViLT,add_noise,0,a wild spider monkey,a wild spider monkey breaking news,0,0,False
66860,BLIP Caption + BERT,add_noise,0,a wild spider monkey,a wild spider monkey breaking news,0,0,False
52450,BERT,remove_punctuation,1,how these icicles formed over this bush,how these icicles formed over this bush,1,1,False
52450,CLIP + MLP,remove_punctuation,1,how these icicles formed over this bush,how these icicles formed over this bush,1,1,False
52450,ViLT,remove_punctuation,1,how these icicles formed over this bush,how these icicles formed over this bush,1,1,False
52450,BLIP Caption + BERT,remove_punctuation,1,how these icicles formed over this bush,how these icicles formed over this bush,0,0,False
52450,BERT,remove_one_word,1,how these icicles formed over this bush,how these icicles over this bush,1,1,False
52450,CLIP + MLP,remove_one_word,1,how these icicles formed over this bush,how these icicles over this bush,1,0,True
52450,ViLT,remove_one_word,1,how these icicles formed over this bush,how these icicles over this bush,1,1,False
52450,BLIP Caption + BERT,remove_one_word,1,how these icicles formed over this bush,how these icicles over this bush,0,0,False
52450,BERT,add_noise,1,how these icicles formed over this bush,how these icicles formed over this bush breaking news,1,1,False
52450,CLIP + MLP,add_noise,1,how these icicles formed over this bush,how these icicles formed over this bush breaking news,1,1,False
52450,ViLT,add_noise,1,how these icicles formed over this bush,how these icicles formed over this bush breaking news,1,1,False
52450,BLIP Caption + BERT,add_noise,1,how these icicles formed over this bush,how these icicles formed over this bush breaking news,0,0,False
108328,BERT,remove_punctuation,1,a green pepper,a green pepper,0,0,False
108328,CLIP + MLP,remove_punctuation,1,a green pepper,a green pepper,0,0,False
108328,ViLT,remove_punctuation,1,a green pepper,a green pepper,0,0,False
108328,BLIP Caption + BERT,remove_punctuation,1,a green pepper,a green pepper,0,0,False
108328,BERT,remove_one_word,1,a green pepper,a green pepper,0,0,False
108328,CLIP + MLP,remove_one_word,1,a green pepper,a green pepper,0,0,False
108328,ViLT,remove_one_word,1,a green pepper,a green pepper,0,0,False
108328,BLIP Caption + BERT,remove_one_word,1,a green pepper,a green pepper,0,0,False
108328,BERT,add_noise,1,a green pepper,a green pepper breaking news,0,0,False
108328,CLIP + MLP,add_noise,1,a green pepper,a green pepper breaking news,0,0,False
108328,ViLT,add_noise,1,a green pepper,a green pepper breaking news,0,0,False
108328,BLIP Caption + BERT,add_noise,1,a green pepper,a green pepper breaking news,0,0,False
104114,BERT,remove_punctuation,1,theres a kodama from princess mononoke in my beer,theres a kodama from princess mononoke in my beer,1,1,False
104114,CLIP + MLP,remove_punctuation,1,theres a kodama from princess mononoke in my beer,theres a kodama from princess mononoke in my beer,0,0,False
104114,ViLT,remove_punctuation,1,theres a kodama from princess mononoke in my beer,theres a kodama from princess mononoke in my beer,1,1,False
104114,BLIP Caption + BERT,remove_punctuation,1,theres a kodama from princess mononoke in my beer,theres a kodama from princess mononoke in my beer,0,0,False
104114,BERT,remove_one_word,1,theres a kodama from princess mononoke in my beer,theres a kodama from mononoke in my beer,1,1,False
104114,CLIP + MLP,remove_one_word,1,theres a kodama from princess mononoke in my beer,theres a kodama from mononoke in my beer,0,0,False
104114,ViLT,remove_one_word,1,theres a kodama from princess mononoke in my beer,theres a kodama from mononoke in my beer,1,1,False
104114,BLIP Caption + BERT,remove_one_word,1,theres a kodama from princess mononoke in my beer,theres a kodama from mononoke in my beer,0,0,False
104114,BERT,add_noise,1,theres a kodama from princess mononoke in my beer,theres a kodama from princess mononoke in my beer breaking news,1,1,False
104114,CLIP + MLP,add_noise,1,theres a kodama from princess mononoke in my beer,theres a kodama from princess mononoke in my beer breaking news,0,0,False
104114,ViLT,add_noise,1,theres a kodama from princess mononoke in my beer,theres a kodama from princess mononoke in my beer breaking news,1,1,False
104114,BLIP Caption + BERT,add_noise,1,theres a kodama from princess mononoke in my beer,theres a kodama from princess mononoke in my beer breaking news,0,0,False
33296,BERT,remove_punctuation,0,bill clinton sexually assualts intern,bill clinton sexually assualts intern,0,0,False
33296,CLIP + MLP,remove_punctuation,0,bill clinton sexually assualts intern,bill clinton sexually assualts intern,0,0,False
33296,ViLT,remove_punctuation,0,bill clinton sexually assualts intern,bill clinton sexually assualts intern,0,0,False
33296,BLIP Caption + BERT,remove_punctuation,0,bill clinton sexually assualts intern,bill clinton sexually assualts intern,1,1,False
33296,BERT,remove_one_word,0,bill clinton sexually assualts intern,bill clinton assualts intern,0,1,True
33296,CLIP + MLP,remove_one_word,0,bill clinton sexually assualts intern,bill clinton assualts intern,0,0,False
33296,ViLT,remove_one_word,0,bill clinton sexually assualts intern,bill clinton assualts intern,0,0,False
33296,BLIP Caption + BERT,remove_one_word,0,bill clinton sexually assualts intern,bill clinton assualts intern,1,1,False
33296,BERT,add_noise,0,bill clinton sexually assualts intern,bill clinton sexually assualts intern breaking news,0,0,False
33296,CLIP + MLP,add_noise,0,bill clinton sexually assualts intern,bill clinton sexually assualts intern breaking news,0,0,False
33296,ViLT,add_noise,0,bill clinton sexually assualts intern,bill clinton sexually assualts intern breaking news,0,0,False
33296,BLIP Caption + BERT,add_noise,0,bill clinton sexually assualts intern,bill clinton sexually assualts intern breaking news,1,1,False
920,BERT,remove_punctuation,1,west indian cricketer dwayne bravo diving to take a catch midair,west indian cricketer dwayne bravo diving to take a catch midair,1,1,False
920,CLIP + MLP,remove_punctuation,1,west indian cricketer dwayne bravo diving to take a catch midair,west indian cricketer dwayne bravo diving to take a catch midair,0,0,False
920,ViLT,remove_punctuation,1,west indian cricketer dwayne bravo diving to take a catch midair,west indian cricketer dwayne bravo diving to take a catch midair,0,0,False
920,BLIP Caption + BERT,remove_punctuation,1,west indian cricketer dwayne bravo diving to take a catch midair,west indian cricketer dwayne bravo diving to take a catch midair,0,0,False
920,BERT,remove_one_word,1,west indian cricketer dwayne bravo diving to take a catch midair,west indian cricketer dwayne bravo to take a catch midair,1,1,False
920,CLIP + MLP,remove_one_word,1,west indian cricketer dwayne bravo diving to take a catch midair,west indian cricketer dwayne bravo to take a catch midair,0,0,False
920,ViLT,remove_one_word,1,west indian cricketer dwayne bravo diving to take a catch midair,west indian cricketer dwayne bravo to take a catch midair,0,0,False
920,BLIP Caption + BERT,remove_one_word,1,west indian cricketer dwayne bravo diving to take a catch midair,west indian cricketer dwayne bravo to take a catch midair,0,0,False
920,BERT,add_noise,1,west indian cricketer dwayne bravo diving to take a catch midair,west indian cricketer dwayne bravo diving to take a catch midair breaking news,1,1,False
920,CLIP + MLP,add_noise,1,west indian cricketer dwayne bravo diving to take a catch midair,west indian cricketer dwayne bravo diving to take a catch midair breaking news,0,0,False
920,ViLT,add_noise,1,west indian cricketer dwayne bravo diving to take a catch midair,west indian cricketer dwayne bravo diving to take a catch midair breaking news,0,0,False
920,BLIP Caption + BERT,add_noise,1,west indian cricketer dwayne bravo diving to take a catch midair,west indian cricketer dwayne bravo diving to take a catch midair breaking news,0,0,False
58701,BERT,remove_punctuation,0,its over,its over,0,0,False
58701,CLIP + MLP,remove_punctuation,0,its over,its over,0,0,False
58701,ViLT,remove_punctuation,0,its over,its over,0,0,False
58701,BLIP Caption + BERT,remove_punctuation,0,its over,its over,0,0,False
58701,BERT,remove_one_word,0,its over,its over,0,0,False
58701,CLIP + MLP,remove_one_word,0,its over,its over,0,0,False
58701,ViLT,remove_one_word,0,its over,its over,0,0,False
58701,BLIP Caption + BERT,remove_one_word,0,its over,its over,0,0,False
58701,BERT,add_noise,0,its over,its over breaking news,0,0,False
58701,CLIP + MLP,add_noise,0,its over,its over breaking news,0,0,False
58701,ViLT,add_noise,0,its over,its over breaking news,0,0,False
58701,BLIP Caption + BERT,add_noise,0,its over,its over breaking news,0,0,False
75536,BERT,remove_punctuation,0,gotcha magikarp was caught,gotcha magikarp was caught,0,0,False
75536,CLIP + MLP,remove_punctuation,0,gotcha magikarp was caught,gotcha magikarp was caught,0,0,False
75536,ViLT,remove_punctuation,0,gotcha magikarp was caught,gotcha magikarp was caught,0,0,False
75536,BLIP Caption + BERT,remove_punctuation,0,gotcha magikarp was caught,gotcha magikarp was caught,0,0,False
75536,BERT,remove_one_word,0,gotcha magikarp was caught,gotcha magikarp caught,0,0,False
75536,CLIP + MLP,remove_one_word,0,gotcha magikarp was caught,gotcha magikarp caught,0,0,False
75536,ViLT,remove_one_word,0,gotcha magikarp was caught,gotcha magikarp caught,0,0,False
75536,BLIP Caption + BERT,remove_one_word,0,gotcha magikarp was caught,gotcha magikarp caught,0,0,False
75536,BERT,add_noise,0,gotcha magikarp was caught,gotcha magikarp was caught breaking news,0,0,False
75536,CLIP + MLP,add_noise,0,gotcha magikarp was caught,gotcha magikarp was caught breaking news,0,0,False
75536,ViLT,add_noise,0,gotcha magikarp was caught,gotcha magikarp was caught breaking news,0,0,False
75536,BLIP Caption + BERT,add_noise,0,gotcha magikarp was caught,gotcha magikarp was caught breaking news,0,0,False
54010,BERT,remove_punctuation,0,he just loves scraping things,he just loves scraping things,0,0,False
54010,CLIP + MLP,remove_punctuation,0,he just loves scraping things,he just loves scraping things,0,0,False
54010,ViLT,remove_punctuation,0,he just loves scraping things,he just loves scraping things,0,0,False
54010,BLIP Caption + BERT,remove_punctuation,0,he just loves scraping things,he just loves scraping things,0,0,False
54010,BERT,remove_one_word,0,he just loves scraping things,he just scraping things,0,0,False
54010,CLIP + MLP,remove_one_word,0,he just loves scraping things,he just scraping things,0,0,False
54010,ViLT,remove_one_word,0,he just loves scraping things,he just scraping things,0,0,False
54010,BLIP Caption + BERT,remove_one_word,0,he just loves scraping things,he just scraping things,0,0,False
54010,BERT,add_noise,0,he just loves scraping things,he just loves scraping things breaking news,0,0,False
54010,CLIP + MLP,add_noise,0,he just loves scraping things,he just loves scraping things breaking news,0,0,False
54010,ViLT,add_noise,0,he just loves scraping things,he just loves scraping things breaking news,0,0,False
54010,BLIP Caption + BERT,add_noise,0,he just loves scraping things,he just loves scraping things breaking news,0,0,False
23464,BERT,remove_punctuation,1,how trump is using palantir to aid ice data aggregation and analysis,how trump is using palantir to aid ice data aggregation and analysis,1,1,False
23464,CLIP + MLP,remove_punctuation,1,how trump is using palantir to aid ice data aggregation and analysis,how trump is using palantir to aid ice data aggregation and analysis,0,0,False
23464,ViLT,remove_punctuation,1,how trump is using palantir to aid ice data aggregation and analysis,how trump is using palantir to aid ice data aggregation and analysis,0,0,False
23464,BLIP Caption + BERT,remove_punctuation,1,how trump is using palantir to aid ice data aggregation and analysis,how trump is using palantir to aid ice data aggregation and analysis,0,0,False
23464,BERT,remove_one_word,1,how trump is using palantir to aid ice data aggregation and analysis,how trump is using palantir to ice data aggregation and analysis,1,1,False
23464,CLIP + MLP,remove_one_word,1,how trump is using palantir to aid ice data aggregation and analysis,how trump is using palantir to ice data aggregation and analysis,0,0,False
23464,ViLT,remove_one_word,1,how trump is using palantir to aid ice data aggregation and analysis,how trump is using palantir to ice data aggregation and analysis,0,0,False
23464,BLIP Caption + BERT,remove_one_word,1,how trump is using palantir to aid ice data aggregation and analysis,how trump is using palantir to ice data aggregation and analysis,0,0,False
23464,BERT,add_noise,1,how trump is using palantir to aid ice data aggregation and analysis,how trump is using palantir to aid ice data aggregation and analysis breaking news,1,1,False
23464,CLIP + MLP,add_noise,1,how trump is using palantir to aid ice data aggregation and analysis,how trump is using palantir to aid ice data aggregation and analysis breaking news,0,0,False
23464,ViLT,add_noise,1,how trump is using palantir to aid ice data aggregation and analysis,how trump is using palantir to aid ice data aggregation and analysis breaking news,0,0,False
23464,BLIP Caption + BERT,add_noise,1,how trump is using palantir to aid ice data aggregation and analysis,how trump is using palantir to aid ice data aggregation and analysis breaking news,0,0,False
880,BERT,remove_punctuation,1,this halfsize but perfectly cut and sealed mini mayonnaise sachet,this halfsize but perfectly cut and sealed mini mayonnaise sachet,1,1,False
880,CLIP + MLP,remove_punctuation,1,this halfsize but perfectly cut and sealed mini mayonnaise sachet,this halfsize but perfectly cut and sealed mini mayonnaise sachet,1,1,False
880,ViLT,remove_punctuation,1,this halfsize but perfectly cut and sealed mini mayonnaise sachet,this halfsize but perfectly cut and sealed mini mayonnaise sachet,0,0,False
880,BLIP Caption + BERT,remove_punctuation,1,this halfsize but perfectly cut and sealed mini mayonnaise sachet,this halfsize but perfectly cut and sealed mini mayonnaise sachet,0,0,False
880,BERT,remove_one_word,1,this halfsize but perfectly cut and sealed mini mayonnaise sachet,this halfsize but perfectly cut sealed mini mayonnaise sachet,1,1,False
880,CLIP + MLP,remove_one_word,1,this halfsize but perfectly cut and sealed mini mayonnaise sachet,this halfsize but perfectly cut sealed mini mayonnaise sachet,1,1,False
880,ViLT,remove_one_word,1,this halfsize but perfectly cut and sealed mini mayonnaise sachet,this halfsize but perfectly cut sealed mini mayonnaise sachet,0,1,True
880,BLIP Caption + BERT,remove_one_word,1,this halfsize but perfectly cut and sealed mini mayonnaise sachet,this halfsize but perfectly cut sealed mini mayonnaise sachet,0,0,False
880,BERT,add_noise,1,this halfsize but perfectly cut and sealed mini mayonnaise sachet,this halfsize but perfectly cut and sealed mini mayonnaise sachet breaking news,1,0,True
880,CLIP + MLP,add_noise,1,this halfsize but perfectly cut and sealed mini mayonnaise sachet,this halfsize but perfectly cut and sealed mini mayonnaise sachet breaking news,1,1,False
880,ViLT,add_noise,1,this halfsize but perfectly cut and sealed mini mayonnaise sachet,this halfsize but perfectly cut and sealed mini mayonnaise sachet breaking news,0,1,True
880,BLIP Caption + BERT,add_noise,1,this halfsize but perfectly cut and sealed mini mayonnaise sachet,this halfsize but perfectly cut and sealed mini mayonnaise sachet breaking news,0,0,False
49530,BERT,remove_punctuation,1,carrier to relocate indianapolis manufacturing operations to mexico,carrier to relocate indianapolis manufacturing operations to mexico,1,1,False
49530,CLIP + MLP,remove_punctuation,1,carrier to relocate indianapolis manufacturing operations to mexico,carrier to relocate indianapolis manufacturing operations to mexico,0,0,False
49530,ViLT,remove_punctuation,1,carrier to relocate indianapolis manufacturing operations to mexico,carrier to relocate indianapolis manufacturing operations to mexico,0,0,False
49530,BLIP Caption + BERT,remove_punctuation,1,carrier to relocate indianapolis manufacturing operations to mexico,carrier to relocate indianapolis manufacturing operations to mexico,0,0,False
49530,BERT,remove_one_word,1,carrier to relocate indianapolis manufacturing operations to mexico,carrier to relocate indianapolis operations to mexico,1,1,False
49530,CLIP + MLP,remove_one_word,1,carrier to relocate indianapolis manufacturing operations to mexico,carrier to relocate indianapolis operations to mexico,0,0,False
49530,ViLT,remove_one_word,1,carrier to relocate indianapolis manufacturing operations to mexico,carrier to relocate indianapolis operations to mexico,0,0,False
49530,BLIP Caption + BERT,remove_one_word,1,carrier to relocate indianapolis manufacturing operations to mexico,carrier to relocate indianapolis operations to mexico,0,0,False
49530,BERT,add_noise,1,carrier to relocate indianapolis manufacturing operations to mexico,carrier to relocate indianapolis manufacturing operations to mexico breaking news,1,0,True
49530,CLIP + MLP,add_noise,1,carrier to relocate indianapolis manufacturing operations to mexico,carrier to relocate indianapolis manufacturing operations to mexico breaking news,0,0,False
49530,ViLT,add_noise,1,carrier to relocate indianapolis manufacturing operations to mexico,carrier to relocate indianapolis manufacturing operations to mexico breaking news,0,0,False
49530,BLIP Caption + BERT,add_noise,1,carrier to relocate indianapolis manufacturing operations to mexico,carrier to relocate indianapolis manufacturing operations to mexico breaking news,0,0,False
82723,BERT,remove_punctuation,1,this guy edited wikipedia articles to fix a grammar error thats not even an error,this guy edited wikipedia articles to fix a grammar error thats not even an error,1,1,False
82723,CLIP + MLP,remove_punctuation,1,this guy edited wikipedia articles to fix a grammar error thats not even an error,this guy edited wikipedia articles to fix a grammar error thats not even an error,1,1,False
82723,ViLT,remove_punctuation,1,this guy edited wikipedia articles to fix a grammar error thats not even an error,this guy edited wikipedia articles to fix a grammar error thats not even an error,1,1,False
82723,BLIP Caption + BERT,remove_punctuation,1,this guy edited wikipedia articles to fix a grammar error thats not even an error,this guy edited wikipedia articles to fix a grammar error thats not even an error,0,0,False
82723,BERT,remove_one_word,1,this guy edited wikipedia articles to fix a grammar error thats not even an error,this guy edited wikipedia articles to fix grammar error thats not even an error,1,1,False
82723,CLIP + MLP,remove_one_word,1,this guy edited wikipedia articles to fix a grammar error thats not even an error,this guy edited wikipedia articles to fix grammar error thats not even an error,1,1,False
82723,ViLT,remove_one_word,1,this guy edited wikipedia articles to fix a grammar error thats not even an error,this guy edited wikipedia articles to fix grammar error thats not even an error,1,1,False
82723,BLIP Caption + BERT,remove_one_word,1,this guy edited wikipedia articles to fix a grammar error thats not even an error,this guy edited wikipedia articles to fix grammar error thats not even an error,0,0,False
82723,BERT,add_noise,1,this guy edited wikipedia articles to fix a grammar error thats not even an error,this guy edited wikipedia articles to fix a grammar error thats not even an error breaking news,1,1,False
82723,CLIP + MLP,add_noise,1,this guy edited wikipedia articles to fix a grammar error thats not even an error,this guy edited wikipedia articles to fix a grammar error thats not even an error breaking news,1,1,False
82723,ViLT,add_noise,1,this guy edited wikipedia articles to fix a grammar error thats not even an error,this guy edited wikipedia articles to fix a grammar error thats not even an error breaking news,1,1,False
82723,BLIP Caption + BERT,add_noise,1,this guy edited wikipedia articles to fix a grammar error thats not even an error,this guy edited wikipedia articles to fix a grammar error thats not even an error breaking news,0,0,False
111697,BERT,remove_punctuation,0,forbidden pepperoni pizza,forbidden pepperoni pizza,0,0,False
111697,CLIP + MLP,remove_punctuation,0,forbidden pepperoni pizza,forbidden pepperoni pizza,0,0,False
111697,ViLT,remove_punctuation,0,forbidden pepperoni pizza,forbidden pepperoni pizza,0,0,False
111697,BLIP Caption + BERT,remove_punctuation,0,forbidden pepperoni pizza,forbidden pepperoni pizza,0,0,False
111697,BERT,remove_one_word,0,forbidden pepperoni pizza,forbidden pepperoni pizza,0,0,False
111697,CLIP + MLP,remove_one_word,0,forbidden pepperoni pizza,forbidden pepperoni pizza,0,0,False
111697,ViLT,remove_one_word,0,forbidden pepperoni pizza,forbidden pepperoni pizza,0,0,False
111697,BLIP Caption + BERT,remove_one_word,0,forbidden pepperoni pizza,forbidden pepperoni pizza,0,0,False
111697,BERT,add_noise,0,forbidden pepperoni pizza,forbidden pepperoni pizza breaking news,0,0,False
111697,CLIP + MLP,add_noise,0,forbidden pepperoni pizza,forbidden pepperoni pizza breaking news,0,0,False
111697,ViLT,add_noise,0,forbidden pepperoni pizza,forbidden pepperoni pizza breaking news,0,1,True
111697,BLIP Caption + BERT,add_noise,0,forbidden pepperoni pizza,forbidden pepperoni pizza breaking news,0,0,False
71060,BERT,remove_punctuation,0,done,done,0,0,False
71060,CLIP + MLP,remove_punctuation,0,done,done,0,0,False
71060,ViLT,remove_punctuation,0,done,done,0,0,False
71060,BLIP Caption + BERT,remove_punctuation,0,done,done,0,0,False
71060,BERT,remove_one_word,0,done,done,0,0,False
71060,CLIP + MLP,remove_one_word,0,done,done,0,0,False
71060,ViLT,remove_one_word,0,done,done,0,0,False
71060,BLIP Caption + BERT,remove_one_word,0,done,done,0,0,False
71060,BERT,add_noise,0,done,done breaking news,0,0,False
71060,CLIP + MLP,add_noise,0,done,done breaking news,0,0,False
71060,ViLT,add_noise,0,done,done breaking news,0,0,False
71060,BLIP Caption + BERT,add_noise,0,done,done breaking news,0,0,False
65425,BERT,remove_punctuation,0,my package is quite happy,my package is quite happy,0,0,False
65425,CLIP + MLP,remove_punctuation,0,my package is quite happy,my package is quite happy,0,0,False
65425,ViLT,remove_punctuation,0,my package is quite happy,my package is quite happy,1,1,False
65425,BLIP Caption + BERT,remove_punctuation,0,my package is quite happy,my package is quite happy,0,0,False
65425,BERT,remove_one_word,0,my package is quite happy,my package quite happy,0,0,False
65425,CLIP + MLP,remove_one_word,0,my package is quite happy,my package quite happy,0,0,False
65425,ViLT,remove_one_word,0,my package is quite happy,my package quite happy,1,0,True
65425,BLIP Caption + BERT,remove_one_word,0,my package is quite happy,my package quite happy,0,0,False
65425,BERT,add_noise,0,my package is quite happy,my package is quite happy breaking news,0,0,False
65425,CLIP + MLP,add_noise,0,my package is quite happy,my package is quite happy breaking news,0,0,False
65425,ViLT,add_noise,0,my package is quite happy,my package is quite happy breaking news,1,1,False
65425,BLIP Caption + BERT,add_noise,0,my package is quite happy,my package is quite happy breaking news,0,0,False
28604,BERT,remove_punctuation,0,this paint chipping looks like a goblin,this paint chipping looks like a goblin,0,0,False
28604,CLIP + MLP,remove_punctuation,0,this paint chipping looks like a goblin,this paint chipping looks like a goblin,1,1,False
28604,ViLT,remove_punctuation,0,this paint chipping looks like a goblin,this paint chipping looks like a goblin,0,0,False
28604,BLIP Caption + BERT,remove_punctuation,0,this paint chipping looks like a goblin,this paint chipping looks like a goblin,0,0,False
28604,BERT,remove_one_word,0,this paint chipping looks like a goblin,this paint chipping like a goblin,0,0,False
28604,CLIP + MLP,remove_one_word,0,this paint chipping looks like a goblin,this paint chipping like a goblin,1,1,False
28604,ViLT,remove_one_word,0,this paint chipping looks like a goblin,this paint chipping like a goblin,0,0,False
28604,BLIP Caption + BERT,remove_one_word,0,this paint chipping looks like a goblin,this paint chipping like a goblin,0,0,False
28604,BERT,add_noise,0,this paint chipping looks like a goblin,this paint chipping looks like a goblin breaking news,0,0,False
28604,CLIP + MLP,add_noise,0,this paint chipping looks like a goblin,this paint chipping looks like a goblin breaking news,1,1,False
28604,ViLT,add_noise,0,this paint chipping looks like a goblin,this paint chipping looks like a goblin breaking news,0,0,False
28604,BLIP Caption + BERT,add_noise,0,this paint chipping looks like a goblin,this paint chipping looks like a goblin breaking news,0,0,False
44322,BERT,remove_punctuation,0,happy monacled monkey,happy monacled monkey,1,1,False
44322,CLIP + MLP,remove_punctuation,0,happy monacled monkey,happy monacled monkey,0,0,False
44322,ViLT,remove_punctuation,0,happy monacled monkey,happy monacled monkey,0,0,False
44322,BLIP Caption + BERT,remove_punctuation,0,happy monacled monkey,happy monacled monkey,0,0,False
44322,BERT,remove_one_word,0,happy monacled monkey,happy monacled monkey,1,1,False
44322,CLIP + MLP,remove_one_word,0,happy monacled monkey,happy monacled monkey,0,0,False
44322,ViLT,remove_one_word,0,happy monacled monkey,happy monacled monkey,0,0,False
44322,BLIP Caption + BERT,remove_one_word,0,happy monacled monkey,happy monacled monkey,0,0,False
44322,BERT,add_noise,0,happy monacled monkey,happy monacled monkey breaking news,1,0,True
44322,CLIP + MLP,add_noise,0,happy monacled monkey,happy monacled monkey breaking news,0,0,False
44322,ViLT,add_noise,0,happy monacled monkey,happy monacled monkey breaking news,0,0,False
44322,BLIP Caption + BERT,add_noise,0,happy monacled monkey,happy monacled monkey breaking news,0,0,False
15834,BERT,remove_punctuation,1,in this bathroom in a film studio combination of tiles and mirrors are shaped like a film,in this bathroom in a film studio combination of tiles and mirrors are shaped like a film,1,1,False
15834,CLIP + MLP,remove_punctuation,1,in this bathroom in a film studio combination of tiles and mirrors are shaped like a film,in this bathroom in a film studio combination of tiles and mirrors are shaped like a film,1,1,False
15834,ViLT,remove_punctuation,1,in this bathroom in a film studio combination of tiles and mirrors are shaped like a film,in this bathroom in a film studio combination of tiles and mirrors are shaped like a film,1,1,False
15834,BLIP Caption + BERT,remove_punctuation,1,in this bathroom in a film studio combination of tiles and mirrors are shaped like a film,in this bathroom in a film studio combination of tiles and mirrors are shaped like a film,0,0,False
15834,BERT,remove_one_word,1,in this bathroom in a film studio combination of tiles and mirrors are shaped like a film,in this bathroom in a film studio combination tiles and mirrors are shaped like a film,1,1,False
15834,CLIP + MLP,remove_one_word,1,in this bathroom in a film studio combination of tiles and mirrors are shaped like a film,in this bathroom in a film studio combination tiles and mirrors are shaped like a film,1,1,False
15834,ViLT,remove_one_word,1,in this bathroom in a film studio combination of tiles and mirrors are shaped like a film,in this bathroom in a film studio combination tiles and mirrors are shaped like a film,1,1,False
15834,BLIP Caption + BERT,remove_one_word,1,in this bathroom in a film studio combination of tiles and mirrors are shaped like a film,in this bathroom in a film studio combination tiles and mirrors are shaped like a film,0,0,False
15834,BERT,add_noise,1,in this bathroom in a film studio combination of tiles and mirrors are shaped like a film,in this bathroom in a film studio combination of tiles and mirrors are shaped like a film breaking news,1,1,False
15834,CLIP + MLP,add_noise,1,in this bathroom in a film studio combination of tiles and mirrors are shaped like a film,in this bathroom in a film studio combination of tiles and mirrors are shaped like a film breaking news,1,1,False
15834,ViLT,add_noise,1,in this bathroom in a film studio combination of tiles and mirrors are shaped like a film,in this bathroom in a film studio combination of tiles and mirrors are shaped like a film breaking news,1,1,False
15834,BLIP Caption + BERT,add_noise,1,in this bathroom in a film studio combination of tiles and mirrors are shaped like a film,in this bathroom in a film studio combination of tiles and mirrors are shaped like a film breaking news,0,0,False
74103,BERT,remove_punctuation,1,wolves to be educated not to kill sheep,wolves to be educated not to kill sheep,1,1,False
74103,CLIP + MLP,remove_punctuation,1,wolves to be educated not to kill sheep,wolves to be educated not to kill sheep,0,0,False
74103,ViLT,remove_punctuation,1,wolves to be educated not to kill sheep,wolves to be educated not to kill sheep,1,1,False
74103,BLIP Caption + BERT,remove_punctuation,1,wolves to be educated not to kill sheep,wolves to be educated not to kill sheep,0,0,False
74103,BERT,remove_one_word,1,wolves to be educated not to kill sheep,wolves to be educated to kill sheep,1,1,False
74103,CLIP + MLP,remove_one_word,1,wolves to be educated not to kill sheep,wolves to be educated to kill sheep,0,0,False
74103,ViLT,remove_one_word,1,wolves to be educated not to kill sheep,wolves to be educated to kill sheep,1,1,False
74103,BLIP Caption + BERT,remove_one_word,1,wolves to be educated not to kill sheep,wolves to be educated to kill sheep,0,0,False
74103,BERT,add_noise,1,wolves to be educated not to kill sheep,wolves to be educated not to kill sheep breaking news,1,1,False
74103,CLIP + MLP,add_noise,1,wolves to be educated not to kill sheep,wolves to be educated not to kill sheep breaking news,0,0,False
74103,ViLT,add_noise,1,wolves to be educated not to kill sheep,wolves to be educated not to kill sheep breaking news,1,1,False
74103,BLIP Caption + BERT,add_noise,1,wolves to be educated not to kill sheep,wolves to be educated not to kill sheep breaking news,0,0,False
89806,BERT,remove_punctuation,0,nirvanas original idea for a cover,nirvanas original idea for a cover,0,0,False
89806,CLIP + MLP,remove_punctuation,0,nirvanas original idea for a cover,nirvanas original idea for a cover,0,0,False
89806,ViLT,remove_punctuation,0,nirvanas original idea for a cover,nirvanas original idea for a cover,0,0,False
89806,BLIP Caption + BERT,remove_punctuation,0,nirvanas original idea for a cover,nirvanas original idea for a cover,0,0,False
89806,BERT,remove_one_word,0,nirvanas original idea for a cover,nirvanas original idea a cover,0,0,False
89806,CLIP + MLP,remove_one_word,0,nirvanas original idea for a cover,nirvanas original idea a cover,0,0,False
89806,ViLT,remove_one_word,0,nirvanas original idea for a cover,nirvanas original idea a cover,0,0,False
89806,BLIP Caption + BERT,remove_one_word,0,nirvanas original idea for a cover,nirvanas original idea a cover,0,0,False
89806,BERT,add_noise,0,nirvanas original idea for a cover,nirvanas original idea for a cover breaking news,0,0,False
89806,CLIP + MLP,add_noise,0,nirvanas original idea for a cover,nirvanas original idea for a cover breaking news,0,0,False
89806,ViLT,add_noise,0,nirvanas original idea for a cover,nirvanas original idea for a cover breaking news,0,0,False
89806,BLIP Caption + BERT,add_noise,0,nirvanas original idea for a cover,nirvanas original idea for a cover breaking news,0,0,False
78029,BERT,remove_punctuation,0,what happens after we die keanu reeves profound answer goes viral,what happens after we die keanu reeves profound answer goes viral,0,0,False
78029,CLIP + MLP,remove_punctuation,0,what happens after we die keanu reeves profound answer goes viral,what happens after we die keanu reeves profound answer goes viral,0,0,False
78029,ViLT,remove_punctuation,0,what happens after we die keanu reeves profound answer goes viral,what happens after we die keanu reeves profound answer goes viral,0,0,False
78029,BLIP Caption + BERT,remove_punctuation,0,what happens after we die keanu reeves profound answer goes viral,what happens after we die keanu reeves profound answer goes viral,1,1,False
78029,BERT,remove_one_word,0,what happens after we die keanu reeves profound answer goes viral,what happens after we die reeves profound answer goes viral,0,0,False
78029,CLIP + MLP,remove_one_word,0,what happens after we die keanu reeves profound answer goes viral,what happens after we die reeves profound answer goes viral,0,0,False
78029,ViLT,remove_one_word,0,what happens after we die keanu reeves profound answer goes viral,what happens after we die reeves profound answer goes viral,0,0,False
78029,BLIP Caption + BERT,remove_one_word,0,what happens after we die keanu reeves profound answer goes viral,what happens after we die reeves profound answer goes viral,1,0,True
78029,BERT,add_noise,0,what happens after we die keanu reeves profound answer goes viral,what happens after we die keanu reeves profound answer goes viral breaking news,0,0,False
78029,CLIP + MLP,add_noise,0,what happens after we die keanu reeves profound answer goes viral,what happens after we die keanu reeves profound answer goes viral breaking news,0,0,False
78029,ViLT,add_noise,0,what happens after we die keanu reeves profound answer goes viral,what happens after we die keanu reeves profound answer goes viral breaking news,0,0,False
78029,BLIP Caption + BERT,add_noise,0,what happens after we die keanu reeves profound answer goes viral,what happens after we die keanu reeves profound answer goes viral breaking news,1,0,True
107371,BERT,remove_punctuation,0,hands self titled,hands self titled,0,0,False
107371,CLIP + MLP,remove_punctuation,0,hands self titled,hands self titled,0,0,False
107371,ViLT,remove_punctuation,0,hands self titled,hands self titled,1,1,False
107371,BLIP Caption + BERT,remove_punctuation,0,hands self titled,hands self titled,1,1,False
107371,BERT,remove_one_word,0,hands self titled,hands self titled,0,0,False
107371,CLIP + MLP,remove_one_word,0,hands self titled,hands self titled,0,0,False
107371,ViLT,remove_one_word,0,hands self titled,hands self titled,1,1,False
107371,BLIP Caption + BERT,remove_one_word,0,hands self titled,hands self titled,1,1,False
107371,BERT,add_noise,0,hands self titled,hands self titled breaking news,0,0,False
107371,CLIP + MLP,add_noise,0,hands self titled,hands self titled breaking news,0,0,False
107371,ViLT,add_noise,0,hands self titled,hands self titled breaking news,1,0,True
107371,BLIP Caption + BERT,add_noise,0,hands self titled,hands self titled breaking news,1,1,False
58376,BERT,remove_punctuation,0,catzilla,catzilla,0,0,False
58376,CLIP + MLP,remove_punctuation,0,catzilla,catzilla,0,0,False
58376,ViLT,remove_punctuation,0,catzilla,catzilla,0,0,False
58376,BLIP Caption + BERT,remove_punctuation,0,catzilla,catzilla,0,0,False
58376,BERT,remove_one_word,0,catzilla,catzilla,0,0,False
58376,CLIP + MLP,remove_one_word,0,catzilla,catzilla,0,0,False
58376,ViLT,remove_one_word,0,catzilla,catzilla,0,0,False
58376,BLIP Caption + BERT,remove_one_word,0,catzilla,catzilla,0,0,False
58376,BERT,add_noise,0,catzilla,catzilla breaking news,0,0,False
58376,CLIP + MLP,add_noise,0,catzilla,catzilla breaking news,0,0,False
58376,ViLT,add_noise,0,catzilla,catzilla breaking news,0,0,False
58376,BLIP Caption + BERT,add_noise,0,catzilla,catzilla breaking news,0,0,False
69806,BERT,remove_punctuation,0,a wild gyarados appeared,a wild gyarados appeared,0,0,False
69806,CLIP + MLP,remove_punctuation,0,a wild gyarados appeared,a wild gyarados appeared,0,0,False
69806,ViLT,remove_punctuation,0,a wild gyarados appeared,a wild gyarados appeared,0,0,False
69806,BLIP Caption + BERT,remove_punctuation,0,a wild gyarados appeared,a wild gyarados appeared,0,0,False
69806,BERT,remove_one_word,0,a wild gyarados appeared,a wild appeared,0,0,False
69806,CLIP + MLP,remove_one_word,0,a wild gyarados appeared,a wild appeared,0,0,False
69806,ViLT,remove_one_word,0,a wild gyarados appeared,a wild appeared,0,0,False
69806,BLIP Caption + BERT,remove_one_word,0,a wild gyarados appeared,a wild appeared,0,0,False
69806,BERT,add_noise,0,a wild gyarados appeared,a wild gyarados appeared breaking news,0,0,False
69806,CLIP + MLP,add_noise,0,a wild gyarados appeared,a wild gyarados appeared breaking news,0,0,False
69806,ViLT,add_noise,0,a wild gyarados appeared,a wild gyarados appeared breaking news,0,0,False
69806,BLIP Caption + BERT,add_noise,0,a wild gyarados appeared,a wild gyarados appeared breaking news,0,0,False
16314,BERT,remove_punctuation,0,leading by lengths at least,leading by lengths at least,0,0,False
16314,CLIP + MLP,remove_punctuation,0,leading by lengths at least,leading by lengths at least,0,0,False
16314,ViLT,remove_punctuation,0,leading by lengths at least,leading by lengths at least,0,0,False
16314,BLIP Caption + BERT,remove_punctuation,0,leading by lengths at least,leading by lengths at least,0,0,False
16314,BERT,remove_one_word,0,leading by lengths at least,leading by at least,0,0,False
16314,CLIP + MLP,remove_one_word,0,leading by lengths at least,leading by at least,0,0,False
16314,ViLT,remove_one_word,0,leading by lengths at least,leading by at least,0,0,False
16314,BLIP Caption + BERT,remove_one_word,0,leading by lengths at least,leading by at least,0,0,False
16314,BERT,add_noise,0,leading by lengths at least,leading by lengths at least breaking news,0,0,False
16314,CLIP + MLP,add_noise,0,leading by lengths at least,leading by lengths at least breaking news,0,0,False
16314,ViLT,add_noise,0,leading by lengths at least,leading by lengths at least breaking news,0,0,False
16314,BLIP Caption + BERT,add_noise,0,leading by lengths at least,leading by lengths at least breaking news,0,0,False
85237,BERT,remove_punctuation,0,uh were out of peanut butter,uh were out of peanut butter,0,0,False
85237,CLIP + MLP,remove_punctuation,0,uh were out of peanut butter,uh were out of peanut butter,0,0,False
85237,ViLT,remove_punctuation,0,uh were out of peanut butter,uh were out of peanut butter,0,0,False
85237,BLIP Caption + BERT,remove_punctuation,0,uh were out of peanut butter,uh were out of peanut butter,0,0,False
85237,BERT,remove_one_word,0,uh were out of peanut butter,uh were out peanut butter,0,0,False
85237,CLIP + MLP,remove_one_word,0,uh were out of peanut butter,uh were out peanut butter,0,0,False
85237,ViLT,remove_one_word,0,uh were out of peanut butter,uh were out peanut butter,0,0,False
85237,BLIP Caption + BERT,remove_one_word,0,uh were out of peanut butter,uh were out peanut butter,0,0,False
85237,BERT,add_noise,0,uh were out of peanut butter,uh were out of peanut butter breaking news,0,0,False
85237,CLIP + MLP,add_noise,0,uh were out of peanut butter,uh were out of peanut butter breaking news,0,0,False
85237,ViLT,add_noise,0,uh were out of peanut butter,uh were out of peanut butter breaking news,0,0,False
85237,BLIP Caption + BERT,add_noise,0,uh were out of peanut butter,uh were out of peanut butter breaking news,0,0,False
23396,BERT,remove_punctuation,1,the driver of this heating and cooling company van uses a fan to stay cool,the driver of this heating and cooling company van uses a fan to stay cool,1,1,False
23396,CLIP + MLP,remove_punctuation,1,the driver of this heating and cooling company van uses a fan to stay cool,the driver of this heating and cooling company van uses a fan to stay cool,1,1,False
23396,ViLT,remove_punctuation,1,the driver of this heating and cooling company van uses a fan to stay cool,the driver of this heating and cooling company van uses a fan to stay cool,1,1,False
23396,BLIP Caption + BERT,remove_punctuation,1,the driver of this heating and cooling company van uses a fan to stay cool,the driver of this heating and cooling company van uses a fan to stay cool,0,0,False
23396,BERT,remove_one_word,1,the driver of this heating and cooling company van uses a fan to stay cool,the driver of this heating and cooling van uses a fan to stay cool,1,1,False
23396,CLIP + MLP,remove_one_word,1,the driver of this heating and cooling company van uses a fan to stay cool,the driver of this heating and cooling van uses a fan to stay cool,1,1,False
23396,ViLT,remove_one_word,1,the driver of this heating and cooling company van uses a fan to stay cool,the driver of this heating and cooling van uses a fan to stay cool,1,1,False
23396,BLIP Caption + BERT,remove_one_word,1,the driver of this heating and cooling company van uses a fan to stay cool,the driver of this heating and cooling van uses a fan to stay cool,0,0,False
23396,BERT,add_noise,1,the driver of this heating and cooling company van uses a fan to stay cool,the driver of this heating and cooling company van uses a fan to stay cool breaking news,1,0,True
23396,CLIP + MLP,add_noise,1,the driver of this heating and cooling company van uses a fan to stay cool,the driver of this heating and cooling company van uses a fan to stay cool breaking news,1,1,False
23396,ViLT,add_noise,1,the driver of this heating and cooling company van uses a fan to stay cool,the driver of this heating and cooling company van uses a fan to stay cool breaking news,1,1,False
23396,BLIP Caption + BERT,add_noise,1,the driver of this heating and cooling company van uses a fan to stay cool,the driver of this heating and cooling company van uses a fan to stay cool breaking news,0,0,False
99725,BERT,remove_punctuation,1,this pile of crumbs looks like a dog,this pile of crumbs looks like a dog,1,1,False
99725,CLIP + MLP,remove_punctuation,1,this pile of crumbs looks like a dog,this pile of crumbs looks like a dog,1,1,False
99725,ViLT,remove_punctuation,1,this pile of crumbs looks like a dog,this pile of crumbs looks like a dog,0,0,False
99725,BLIP Caption + BERT,remove_punctuation,1,this pile of crumbs looks like a dog,this pile of crumbs looks like a dog,0,0,False
99725,BERT,remove_one_word,1,this pile of crumbs looks like a dog,this pile of crumbs like a dog,1,0,True
99725,CLIP + MLP,remove_one_word,1,this pile of crumbs looks like a dog,this pile of crumbs like a dog,1,1,False
99725,ViLT,remove_one_word,1,this pile of crumbs looks like a dog,this pile of crumbs like a dog,0,1,True
99725,BLIP Caption + BERT,remove_one_word,1,this pile of crumbs looks like a dog,this pile of crumbs like a dog,0,0,False
99725,BERT,add_noise,1,this pile of crumbs looks like a dog,this pile of crumbs looks like a dog breaking news,1,1,False
99725,CLIP + MLP,add_noise,1,this pile of crumbs looks like a dog,this pile of crumbs looks like a dog breaking news,1,1,False
99725,ViLT,add_noise,1,this pile of crumbs looks like a dog,this pile of crumbs looks like a dog breaking news,0,1,True
99725,BLIP Caption + BERT,add_noise,1,this pile of crumbs looks like a dog,this pile of crumbs looks like a dog breaking news,0,0,False
103989,BERT,remove_punctuation,1,republicans criticize obamas state of the union as partisan,republicans criticize obamas state of the union as partisan,1,1,False
103989,CLIP + MLP,remove_punctuation,1,republicans criticize obamas state of the union as partisan,republicans criticize obamas state of the union as partisan,0,0,False
103989,ViLT,remove_punctuation,1,republicans criticize obamas state of the union as partisan,republicans criticize obamas state of the union as partisan,1,1,False
103989,BLIP Caption + BERT,remove_punctuation,1,republicans criticize obamas state of the union as partisan,republicans criticize obamas state of the union as partisan,0,0,False
103989,BERT,remove_one_word,1,republicans criticize obamas state of the union as partisan,republicans criticize obamas state the union as partisan,1,1,False
103989,CLIP + MLP,remove_one_word,1,republicans criticize obamas state of the union as partisan,republicans criticize obamas state the union as partisan,0,0,False
103989,ViLT,remove_one_word,1,republicans criticize obamas state of the union as partisan,republicans criticize obamas state the union as partisan,1,1,False
103989,BLIP Caption + BERT,remove_one_word,1,republicans criticize obamas state of the union as partisan,republicans criticize obamas state the union as partisan,0,1,True
103989,BERT,add_noise,1,republicans criticize obamas state of the union as partisan,republicans criticize obamas state of the union as partisan breaking news,1,1,False
103989,CLIP + MLP,add_noise,1,republicans criticize obamas state of the union as partisan,republicans criticize obamas state of the union as partisan breaking news,0,0,False
103989,ViLT,add_noise,1,republicans criticize obamas state of the union as partisan,republicans criticize obamas state of the union as partisan breaking news,1,1,False
103989,BLIP Caption + BERT,add_noise,1,republicans criticize obamas state of the union as partisan,republicans criticize obamas state of the union as partisan breaking news,0,0,False
1791,BERT,remove_punctuation,0,tradesman will gladly do few other jobs for free while hes there,tradesman will gladly do few other jobs for free while hes there,0,0,False
1791,CLIP + MLP,remove_punctuation,0,tradesman will gladly do few other jobs for free while hes there,tradesman will gladly do few other jobs for free while hes there,0,0,False
1791,ViLT,remove_punctuation,0,tradesman will gladly do few other jobs for free while hes there,tradesman will gladly do few other jobs for free while hes there,1,1,False
1791,BLIP Caption + BERT,remove_punctuation,0,tradesman will gladly do few other jobs for free while hes there,tradesman will gladly do few other jobs for free while hes there,0,0,False
1791,BERT,remove_one_word,0,tradesman will gladly do few other jobs for free while hes there,tradesman will gladly do few other for free while hes there,0,0,False
1791,CLIP + MLP,remove_one_word,0,tradesman will gladly do few other jobs for free while hes there,tradesman will gladly do few other for free while hes there,0,0,False
1791,ViLT,remove_one_word,0,tradesman will gladly do few other jobs for free while hes there,tradesman will gladly do few other for free while hes there,1,1,False
1791,BLIP Caption + BERT,remove_one_word,0,tradesman will gladly do few other jobs for free while hes there,tradesman will gladly do few other for free while hes there,0,0,False
1791,BERT,add_noise,0,tradesman will gladly do few other jobs for free while hes there,tradesman will gladly do few other jobs for free while hes there breaking news,0,0,False
1791,CLIP + MLP,add_noise,0,tradesman will gladly do few other jobs for free while hes there,tradesman will gladly do few other jobs for free while hes there breaking news,0,0,False
1791,ViLT,add_noise,0,tradesman will gladly do few other jobs for free while hes there,tradesman will gladly do few other jobs for free while hes there breaking news,1,1,False
1791,BLIP Caption + BERT,add_noise,0,tradesman will gladly do few other jobs for free while hes there,tradesman will gladly do few other jobs for free while hes there breaking news,0,0,False
25801,BERT,remove_punctuation,1,open redbox machine,open redbox machine,1,1,False
25801,CLIP + MLP,remove_punctuation,1,open redbox machine,open redbox machine,0,0,False
25801,ViLT,remove_punctuation,1,open redbox machine,open redbox machine,1,1,False
25801,BLIP Caption + BERT,remove_punctuation,1,open redbox machine,open redbox machine,0,0,False
25801,BERT,remove_one_word,1,open redbox machine,open redbox machine,1,1,False
25801,CLIP + MLP,remove_one_word,1,open redbox machine,open redbox machine,0,0,False
25801,ViLT,remove_one_word,1,open redbox machine,open redbox machine,1,1,False
25801,BLIP Caption + BERT,remove_one_word,1,open redbox machine,open redbox machine,0,0,False
25801,BERT,add_noise,1,open redbox machine,open redbox machine breaking news,1,0,True
25801,CLIP + MLP,add_noise,1,open redbox machine,open redbox machine breaking news,0,0,False
25801,ViLT,add_noise,1,open redbox machine,open redbox machine breaking news,1,1,False
25801,BLIP Caption + BERT,add_noise,1,open redbox machine,open redbox machine breaking news,0,0,False
41284,BERT,remove_punctuation,1,cristiano ronaldo having a good time,cristiano ronaldo having a good time,1,1,False
41284,CLIP + MLP,remove_punctuation,1,cristiano ronaldo having a good time,cristiano ronaldo having a good time,0,0,False
41284,ViLT,remove_punctuation,1,cristiano ronaldo having a good time,cristiano ronaldo having a good time,0,0,False
41284,BLIP Caption + BERT,remove_punctuation,1,cristiano ronaldo having a good time,cristiano ronaldo having a good time,1,1,False
41284,BERT,remove_one_word,1,cristiano ronaldo having a good time,cristiano ronaldo having good time,1,1,False
41284,CLIP + MLP,remove_one_word,1,cristiano ronaldo having a good time,cristiano ronaldo having good time,0,0,False
41284,ViLT,remove_one_word,1,cristiano ronaldo having a good time,cristiano ronaldo having good time,0,0,False
41284,BLIP Caption + BERT,remove_one_word,1,cristiano ronaldo having a good time,cristiano ronaldo having good time,1,1,False
41284,BERT,add_noise,1,cristiano ronaldo having a good time,cristiano ronaldo having a good time breaking news,1,0,True
41284,CLIP + MLP,add_noise,1,cristiano ronaldo having a good time,cristiano ronaldo having a good time breaking news,0,0,False
41284,ViLT,add_noise,1,cristiano ronaldo having a good time,cristiano ronaldo having a good time breaking news,0,0,False
41284,BLIP Caption + BERT,add_noise,1,cristiano ronaldo having a good time,cristiano ronaldo having a good time breaking news,1,1,False
69216,BERT,remove_punctuation,1,a man found human hands in the snow russia says theyre probably just trash,a man found human hands in the snow russia says theyre probably just trash,1,1,False
69216,CLIP + MLP,remove_punctuation,1,a man found human hands in the snow russia says theyre probably just trash,a man found human hands in the snow russia says theyre probably just trash,0,0,False
69216,ViLT,remove_punctuation,1,a man found human hands in the snow russia says theyre probably just trash,a man found human hands in the snow russia says theyre probably just trash,1,1,False
69216,BLIP Caption + BERT,remove_punctuation,1,a man found human hands in the snow russia says theyre probably just trash,a man found human hands in the snow russia says theyre probably just trash,1,1,False
69216,BERT,remove_one_word,1,a man found human hands in the snow russia says theyre probably just trash,a man found human hands in the russia says theyre probably just trash,1,1,False
69216,CLIP + MLP,remove_one_word,1,a man found human hands in the snow russia says theyre probably just trash,a man found human hands in the russia says theyre probably just trash,0,0,False
69216,ViLT,remove_one_word,1,a man found human hands in the snow russia says theyre probably just trash,a man found human hands in the russia says theyre probably just trash,1,1,False
69216,BLIP Caption + BERT,remove_one_word,1,a man found human hands in the snow russia says theyre probably just trash,a man found human hands in the russia says theyre probably just trash,1,1,False
69216,BERT,add_noise,1,a man found human hands in the snow russia says theyre probably just trash,a man found human hands in the snow russia says theyre probably just trash breaking news,1,1,False
69216,CLIP + MLP,add_noise,1,a man found human hands in the snow russia says theyre probably just trash,a man found human hands in the snow russia says theyre probably just trash breaking news,0,0,False
69216,ViLT,add_noise,1,a man found human hands in the snow russia says theyre probably just trash,a man found human hands in the snow russia says theyre probably just trash breaking news,1,1,False
69216,BLIP Caption + BERT,add_noise,1,a man found human hands in the snow russia says theyre probably just trash,a man found human hands in the snow russia says theyre probably just trash breaking news,1,1,False
75552,BERT,remove_punctuation,1,overwhelmed fema called on bottom of the barrel staff for disasters gao says,overwhelmed fema called on bottom of the barrel staff for disasters gao says,1,1,False
75552,CLIP + MLP,remove_punctuation,1,overwhelmed fema called on bottom of the barrel staff for disasters gao says,overwhelmed fema called on bottom of the barrel staff for disasters gao says,0,0,False
75552,ViLT,remove_punctuation,1,overwhelmed fema called on bottom of the barrel staff for disasters gao says,overwhelmed fema called on bottom of the barrel staff for disasters gao says,0,0,False
75552,BLIP Caption + BERT,remove_punctuation,1,overwhelmed fema called on bottom of the barrel staff for disasters gao says,overwhelmed fema called on bottom of the barrel staff for disasters gao says,0,0,False
75552,BERT,remove_one_word,1,overwhelmed fema called on bottom of the barrel staff for disasters gao says,overwhelmed fema called on bottom of barrel staff for disasters gao says,1,1,False
75552,CLIP + MLP,remove_one_word,1,overwhelmed fema called on bottom of the barrel staff for disasters gao says,overwhelmed fema called on bottom of barrel staff for disasters gao says,0,0,False
75552,ViLT,remove_one_word,1,overwhelmed fema called on bottom of the barrel staff for disasters gao says,overwhelmed fema called on bottom of barrel staff for disasters gao says,0,0,False
75552,BLIP Caption + BERT,remove_one_word,1,overwhelmed fema called on bottom of the barrel staff for disasters gao says,overwhelmed fema called on bottom of barrel staff for disasters gao says,0,0,False
75552,BERT,add_noise,1,overwhelmed fema called on bottom of the barrel staff for disasters gao says,overwhelmed fema called on bottom of the barrel staff for disasters gao says breaking news,1,1,False
75552,CLIP + MLP,add_noise,1,overwhelmed fema called on bottom of the barrel staff for disasters gao says,overwhelmed fema called on bottom of the barrel staff for disasters gao says breaking news,0,0,False
75552,ViLT,add_noise,1,overwhelmed fema called on bottom of the barrel staff for disasters gao says,overwhelmed fema called on bottom of the barrel staff for disasters gao says breaking news,0,0,False
75552,BLIP Caption + BERT,add_noise,1,overwhelmed fema called on bottom of the barrel staff for disasters gao says,overwhelmed fema called on bottom of the barrel staff for disasters gao says breaking news,0,0,False
90459,BERT,remove_punctuation,0,let me ruin this one for you,let me ruin this one for you,0,0,False
90459,CLIP + MLP,remove_punctuation,0,let me ruin this one for you,let me ruin this one for you,0,0,False
90459,ViLT,remove_punctuation,0,let me ruin this one for you,let me ruin this one for you,0,0,False
90459,BLIP Caption + BERT,remove_punctuation,0,let me ruin this one for you,let me ruin this one for you,0,0,False
90459,BERT,remove_one_word,0,let me ruin this one for you,let me ruin one for you,0,0,False
90459,CLIP + MLP,remove_one_word,0,let me ruin this one for you,let me ruin one for you,0,0,False
90459,ViLT,remove_one_word,0,let me ruin this one for you,let me ruin one for you,0,0,False
90459,BLIP Caption + BERT,remove_one_word,0,let me ruin this one for you,let me ruin one for you,0,0,False
90459,BERT,add_noise,0,let me ruin this one for you,let me ruin this one for you breaking news,0,0,False
90459,CLIP + MLP,add_noise,0,let me ruin this one for you,let me ruin this one for you breaking news,0,0,False
90459,ViLT,add_noise,0,let me ruin this one for you,let me ruin this one for you breaking news,0,0,False
90459,BLIP Caption + BERT,add_noise,0,let me ruin this one for you,let me ruin this one for you breaking news,0,0,False
61293,BERT,remove_punctuation,1,face cream squeezed out into a heart shape,face cream squeezed out into a heart shape,1,1,False
61293,CLIP + MLP,remove_punctuation,1,face cream squeezed out into a heart shape,face cream squeezed out into a heart shape,0,0,False
61293,ViLT,remove_punctuation,1,face cream squeezed out into a heart shape,face cream squeezed out into a heart shape,0,0,False
61293,BLIP Caption + BERT,remove_punctuation,1,face cream squeezed out into a heart shape,face cream squeezed out into a heart shape,0,0,False
61293,BERT,remove_one_word,1,face cream squeezed out into a heart shape,face cream squeezed out a heart shape,1,1,False
61293,CLIP + MLP,remove_one_word,1,face cream squeezed out into a heart shape,face cream squeezed out a heart shape,0,0,False
61293,ViLT,remove_one_word,1,face cream squeezed out into a heart shape,face cream squeezed out a heart shape,0,0,False
61293,BLIP Caption + BERT,remove_one_word,1,face cream squeezed out into a heart shape,face cream squeezed out a heart shape,0,0,False
61293,BERT,add_noise,1,face cream squeezed out into a heart shape,face cream squeezed out into a heart shape breaking news,1,1,False
61293,CLIP + MLP,add_noise,1,face cream squeezed out into a heart shape,face cream squeezed out into a heart shape breaking news,0,0,False
61293,ViLT,add_noise,1,face cream squeezed out into a heart shape,face cream squeezed out into a heart shape breaking news,0,0,False
61293,BLIP Caption + BERT,add_noise,1,face cream squeezed out into a heart shape,face cream squeezed out into a heart shape breaking news,0,0,False
99720,BERT,remove_punctuation,0,or possibly a jackdaw,or possibly a jackdaw,0,0,False
99720,CLIP + MLP,remove_punctuation,0,or possibly a jackdaw,or possibly a jackdaw,0,0,False
99720,ViLT,remove_punctuation,0,or possibly a jackdaw,or possibly a jackdaw,0,0,False
99720,BLIP Caption + BERT,remove_punctuation,0,or possibly a jackdaw,or possibly a jackdaw,0,0,False
99720,BERT,remove_one_word,0,or possibly a jackdaw,or possibly jackdaw,0,0,False
99720,CLIP + MLP,remove_one_word,0,or possibly a jackdaw,or possibly jackdaw,0,0,False
99720,ViLT,remove_one_word,0,or possibly a jackdaw,or possibly jackdaw,0,0,False
99720,BLIP Caption + BERT,remove_one_word,0,or possibly a jackdaw,or possibly jackdaw,0,0,False
99720,BERT,add_noise,0,or possibly a jackdaw,or possibly a jackdaw breaking news,0,0,False
99720,CLIP + MLP,add_noise,0,or possibly a jackdaw,or possibly a jackdaw breaking news,0,0,False
99720,ViLT,add_noise,0,or possibly a jackdaw,or possibly a jackdaw breaking news,0,0,False
99720,BLIP Caption + BERT,add_noise,0,or possibly a jackdaw,or possibly a jackdaw breaking news,0,0,False
46740,BERT,remove_punctuation,1,my grocery receipt is printed on both sides the debit card approval on the back,my grocery receipt is printed on both sides the debit card approval on the back,1,1,False
46740,CLIP + MLP,remove_punctuation,1,my grocery receipt is printed on both sides the debit card approval on the back,my grocery receipt is printed on both sides the debit card approval on the back,1,1,False
46740,ViLT,remove_punctuation,1,my grocery receipt is printed on both sides the debit card approval on the back,my grocery receipt is printed on both sides the debit card approval on the back,1,1,False
46740,BLIP Caption + BERT,remove_punctuation,1,my grocery receipt is printed on both sides the debit card approval on the back,my grocery receipt is printed on both sides the debit card approval on the back,0,0,False
46740,BERT,remove_one_word,1,my grocery receipt is printed on both sides the debit card approval on the back,my grocery receipt is printed on both the debit card approval on the back,1,1,False
46740,CLIP + MLP,remove_one_word,1,my grocery receipt is printed on both sides the debit card approval on the back,my grocery receipt is printed on both the debit card approval on the back,1,1,False
46740,ViLT,remove_one_word,1,my grocery receipt is printed on both sides the debit card approval on the back,my grocery receipt is printed on both the debit card approval on the back,1,1,False
46740,BLIP Caption + BERT,remove_one_word,1,my grocery receipt is printed on both sides the debit card approval on the back,my grocery receipt is printed on both the debit card approval on the back,0,0,False
46740,BERT,add_noise,1,my grocery receipt is printed on both sides the debit card approval on the back,my grocery receipt is printed on both sides the debit card approval on the back breaking news,1,1,False
46740,CLIP + MLP,add_noise,1,my grocery receipt is printed on both sides the debit card approval on the back,my grocery receipt is printed on both sides the debit card approval on the back breaking news,1,1,False
46740,ViLT,add_noise,1,my grocery receipt is printed on both sides the debit card approval on the back,my grocery receipt is printed on both sides the debit card approval on the back breaking news,1,1,False
46740,BLIP Caption + BERT,add_noise,1,my grocery receipt is printed on both sides the debit card approval on the back,my grocery receipt is printed on both sides the debit card approval on the back breaking news,0,0,False
102044,BERT,remove_punctuation,1,cat wearing a napkin,cat wearing a napkin,1,1,False
102044,CLIP + MLP,remove_punctuation,1,cat wearing a napkin,cat wearing a napkin,0,0,False
102044,ViLT,remove_punctuation,1,cat wearing a napkin,cat wearing a napkin,0,0,False
102044,BLIP Caption + BERT,remove_punctuation,1,cat wearing a napkin,cat wearing a napkin,0,0,False
102044,BERT,remove_one_word,1,cat wearing a napkin,cat wearing napkin,1,1,False
102044,CLIP + MLP,remove_one_word,1,cat wearing a napkin,cat wearing napkin,0,0,False
102044,ViLT,remove_one_word,1,cat wearing a napkin,cat wearing napkin,0,0,False
102044,BLIP Caption + BERT,remove_one_word,1,cat wearing a napkin,cat wearing napkin,0,0,False
102044,BERT,add_noise,1,cat wearing a napkin,cat wearing a napkin breaking news,1,0,True
102044,CLIP + MLP,add_noise,1,cat wearing a napkin,cat wearing a napkin breaking news,0,0,False
102044,ViLT,add_noise,1,cat wearing a napkin,cat wearing a napkin breaking news,0,1,True
102044,BLIP Caption + BERT,add_noise,1,cat wearing a napkin,cat wearing a napkin breaking news,0,0,False
47196,BERT,remove_punctuation,0,never forget,never forget,0,0,False
47196,CLIP + MLP,remove_punctuation,0,never forget,never forget,0,0,False
47196,ViLT,remove_punctuation,0,never forget,never forget,0,0,False
47196,BLIP Caption + BERT,remove_punctuation,0,never forget,never forget,0,0,False
47196,BERT,remove_one_word,0,never forget,never forget,0,0,False
47196,CLIP + MLP,remove_one_word,0,never forget,never forget,0,0,False
47196,ViLT,remove_one_word,0,never forget,never forget,0,0,False
47196,BLIP Caption + BERT,remove_one_word,0,never forget,never forget,0,0,False
47196,BERT,add_noise,0,never forget,never forget breaking news,0,0,False
47196,CLIP + MLP,add_noise,0,never forget,never forget breaking news,0,0,False
47196,ViLT,add_noise,0,never forget,never forget breaking news,0,0,False
47196,BLIP Caption + BERT,add_noise,0,never forget,never forget breaking news,0,0,False
69489,BERT,remove_punctuation,0,dont let goor do i dont really care,dont let goor do i dont really care,0,0,False
69489,CLIP + MLP,remove_punctuation,0,dont let goor do i dont really care,dont let goor do i dont really care,0,0,False
69489,ViLT,remove_punctuation,0,dont let goor do i dont really care,dont let goor do i dont really care,0,0,False
69489,BLIP Caption + BERT,remove_punctuation,0,dont let goor do i dont really care,dont let goor do i dont really care,0,0,False
69489,BERT,remove_one_word,0,dont let goor do i dont really care,dont let goor do dont really care,0,0,False
69489,CLIP + MLP,remove_one_word,0,dont let goor do i dont really care,dont let goor do dont really care,0,0,False
69489,ViLT,remove_one_word,0,dont let goor do i dont really care,dont let goor do dont really care,0,0,False
69489,BLIP Caption + BERT,remove_one_word,0,dont let goor do i dont really care,dont let goor do dont really care,0,0,False
69489,BERT,add_noise,0,dont let goor do i dont really care,dont let goor do i dont really care breaking news,0,0,False
69489,CLIP + MLP,add_noise,0,dont let goor do i dont really care,dont let goor do i dont really care breaking news,0,0,False
69489,ViLT,add_noise,0,dont let goor do i dont really care,dont let goor do i dont really care breaking news,0,0,False
69489,BLIP Caption + BERT,add_noise,0,dont let goor do i dont really care,dont let goor do i dont really care breaking news,0,0,False
25190,BERT,remove_punctuation,0,nazi poster warning germans to turn out house lights in allied bombings,nazi poster warning germans to turn out house lights in allied bombings,0,0,False
25190,CLIP + MLP,remove_punctuation,0,nazi poster warning germans to turn out house lights in allied bombings,nazi poster warning germans to turn out house lights in allied bombings,0,0,False
25190,ViLT,remove_punctuation,0,nazi poster warning germans to turn out house lights in allied bombings,nazi poster warning germans to turn out house lights in allied bombings,0,0,False
25190,BLIP Caption + BERT,remove_punctuation,0,nazi poster warning germans to turn out house lights in allied bombings,nazi poster warning germans to turn out house lights in allied bombings,1,1,False
25190,BERT,remove_one_word,0,nazi poster warning germans to turn out house lights in allied bombings,nazi poster warning germans to turn house lights in allied bombings,0,0,False
25190,CLIP + MLP,remove_one_word,0,nazi poster warning germans to turn out house lights in allied bombings,nazi poster warning germans to turn house lights in allied bombings,0,0,False
25190,ViLT,remove_one_word,0,nazi poster warning germans to turn out house lights in allied bombings,nazi poster warning germans to turn house lights in allied bombings,0,0,False
25190,BLIP Caption + BERT,remove_one_word,0,nazi poster warning germans to turn out house lights in allied bombings,nazi poster warning germans to turn house lights in allied bombings,1,1,False
25190,BERT,add_noise,0,nazi poster warning germans to turn out house lights in allied bombings,nazi poster warning germans to turn out house lights in allied bombings breaking news,0,0,False
25190,CLIP + MLP,add_noise,0,nazi poster warning germans to turn out house lights in allied bombings,nazi poster warning germans to turn out house lights in allied bombings breaking news,0,0,False
25190,ViLT,add_noise,0,nazi poster warning germans to turn out house lights in allied bombings,nazi poster warning germans to turn out house lights in allied bombings breaking news,0,0,False
25190,BLIP Caption + BERT,add_noise,0,nazi poster warning germans to turn out house lights in allied bombings,nazi poster warning germans to turn out house lights in allied bombings breaking news,1,1,False
104746,BERT,remove_punctuation,1,this smiling tree trunk,this smiling tree trunk,1,1,False
104746,CLIP + MLP,remove_punctuation,1,this smiling tree trunk,this smiling tree trunk,1,1,False
104746,ViLT,remove_punctuation,1,this smiling tree trunk,this smiling tree trunk,0,0,False
104746,BLIP Caption + BERT,remove_punctuation,1,this smiling tree trunk,this smiling tree trunk,0,0,False
104746,BERT,remove_one_word,1,this smiling tree trunk,this smiling trunk,1,1,False
104746,CLIP + MLP,remove_one_word,1,this smiling tree trunk,this smiling trunk,1,1,False
104746,ViLT,remove_one_word,1,this smiling tree trunk,this smiling trunk,0,0,False
104746,BLIP Caption + BERT,remove_one_word,1,this smiling tree trunk,this smiling trunk,0,0,False
104746,BERT,add_noise,1,this smiling tree trunk,this smiling tree trunk breaking news,1,1,False
104746,CLIP + MLP,add_noise,1,this smiling tree trunk,this smiling tree trunk breaking news,1,1,False
104746,ViLT,add_noise,1,this smiling tree trunk,this smiling tree trunk breaking news,0,1,True
104746,BLIP Caption + BERT,add_noise,1,this smiling tree trunk,this smiling tree trunk breaking news,0,0,False
97226,BERT,remove_punctuation,0,cersei and kingslayer leaked pics from the icloud,cersei and kingslayer leaked pics from the icloud,0,0,False
97226,CLIP + MLP,remove_punctuation,0,cersei and kingslayer leaked pics from the icloud,cersei and kingslayer leaked pics from the icloud,0,0,False
97226,ViLT,remove_punctuation,0,cersei and kingslayer leaked pics from the icloud,cersei and kingslayer leaked pics from the icloud,0,0,False
97226,BLIP Caption + BERT,remove_punctuation,0,cersei and kingslayer leaked pics from the icloud,cersei and kingslayer leaked pics from the icloud,0,0,False
97226,BERT,remove_one_word,0,cersei and kingslayer leaked pics from the icloud,cersei and kingslayer leaked from the icloud,0,0,False
97226,CLIP + MLP,remove_one_word,0,cersei and kingslayer leaked pics from the icloud,cersei and kingslayer leaked from the icloud,0,0,False
97226,ViLT,remove_one_word,0,cersei and kingslayer leaked pics from the icloud,cersei and kingslayer leaked from the icloud,0,0,False
97226,BLIP Caption + BERT,remove_one_word,0,cersei and kingslayer leaked pics from the icloud,cersei and kingslayer leaked from the icloud,0,0,False
97226,BERT,add_noise,0,cersei and kingslayer leaked pics from the icloud,cersei and kingslayer leaked pics from the icloud breaking news,0,0,False
97226,CLIP + MLP,add_noise,0,cersei and kingslayer leaked pics from the icloud,cersei and kingslayer leaked pics from the icloud breaking news,0,0,False
97226,ViLT,add_noise,0,cersei and kingslayer leaked pics from the icloud,cersei and kingslayer leaked pics from the icloud breaking news,0,0,False
97226,BLIP Caption + BERT,add_noise,0,cersei and kingslayer leaked pics from the icloud,cersei and kingslayer leaked pics from the icloud breaking news,0,0,False
60497,BERT,remove_punctuation,1,two stabbed suspect arrested during fight over cookies in altadena,two stabbed suspect arrested during fight over cookies in altadena,1,1,False
60497,CLIP + MLP,remove_punctuation,1,two stabbed suspect arrested during fight over cookies in altadena,two stabbed suspect arrested during fight over cookies in altadena,0,0,False
60497,ViLT,remove_punctuation,1,two stabbed suspect arrested during fight over cookies in altadena,two stabbed suspect arrested during fight over cookies in altadena,0,0,False
60497,BLIP Caption + BERT,remove_punctuation,1,two stabbed suspect arrested during fight over cookies in altadena,two stabbed suspect arrested during fight over cookies in altadena,0,0,False
60497,BERT,remove_one_word,1,two stabbed suspect arrested during fight over cookies in altadena,two stabbed suspect arrested during over cookies in altadena,1,1,False
60497,CLIP + MLP,remove_one_word,1,two stabbed suspect arrested during fight over cookies in altadena,two stabbed suspect arrested during over cookies in altadena,0,0,False
60497,ViLT,remove_one_word,1,two stabbed suspect arrested during fight over cookies in altadena,two stabbed suspect arrested during over cookies in altadena,0,0,False
60497,BLIP Caption + BERT,remove_one_word,1,two stabbed suspect arrested during fight over cookies in altadena,two stabbed suspect arrested during over cookies in altadena,0,1,True
60497,BERT,add_noise,1,two stabbed suspect arrested during fight over cookies in altadena,two stabbed suspect arrested during fight over cookies in altadena breaking news,1,1,False
60497,CLIP + MLP,add_noise,1,two stabbed suspect arrested during fight over cookies in altadena,two stabbed suspect arrested during fight over cookies in altadena breaking news,0,0,False
60497,ViLT,add_noise,1,two stabbed suspect arrested during fight over cookies in altadena,two stabbed suspect arrested during fight over cookies in altadena breaking news,0,0,False
60497,BLIP Caption + BERT,add_noise,1,two stabbed suspect arrested during fight over cookies in altadena,two stabbed suspect arrested during fight over cookies in altadena breaking news,0,0,False
34456,BERT,remove_punctuation,1,man teaches homeless woman to read during his lunch breaks,man teaches homeless woman to read during his lunch breaks,1,1,False
34456,CLIP + MLP,remove_punctuation,1,man teaches homeless woman to read during his lunch breaks,man teaches homeless woman to read during his lunch breaks,0,0,False
34456,ViLT,remove_punctuation,1,man teaches homeless woman to read during his lunch breaks,man teaches homeless woman to read during his lunch breaks,0,0,False
34456,BLIP Caption + BERT,remove_punctuation,1,man teaches homeless woman to read during his lunch breaks,man teaches homeless woman to read during his lunch breaks,1,1,False
34456,BERT,remove_one_word,1,man teaches homeless woman to read during his lunch breaks,man teaches homeless woman to during his lunch breaks,1,1,False
34456,CLIP + MLP,remove_one_word,1,man teaches homeless woman to read during his lunch breaks,man teaches homeless woman to during his lunch breaks,0,0,False
34456,ViLT,remove_one_word,1,man teaches homeless woman to read during his lunch breaks,man teaches homeless woman to during his lunch breaks,0,0,False
34456,BLIP Caption + BERT,remove_one_word,1,man teaches homeless woman to read during his lunch breaks,man teaches homeless woman to during his lunch breaks,1,1,False
34456,BERT,add_noise,1,man teaches homeless woman to read during his lunch breaks,man teaches homeless woman to read during his lunch breaks breaking news,1,1,False
34456,CLIP + MLP,add_noise,1,man teaches homeless woman to read during his lunch breaks,man teaches homeless woman to read during his lunch breaks breaking news,0,0,False
34456,ViLT,add_noise,1,man teaches homeless woman to read during his lunch breaks,man teaches homeless woman to read during his lunch breaks breaking news,0,0,False
34456,BLIP Caption + BERT,add_noise,1,man teaches homeless woman to read during his lunch breaks,man teaches homeless woman to read during his lunch breaks breaking news,1,0,True
49548,BERT,remove_punctuation,0,its called a blinker,its called a blinker,0,0,False
49548,CLIP + MLP,remove_punctuation,0,its called a blinker,its called a blinker,0,0,False
49548,ViLT,remove_punctuation,0,its called a blinker,its called a blinker,0,0,False
49548,BLIP Caption + BERT,remove_punctuation,0,its called a blinker,its called a blinker,0,0,False
49548,BERT,remove_one_word,0,its called a blinker,its called blinker,0,0,False
49548,CLIP + MLP,remove_one_word,0,its called a blinker,its called blinker,0,0,False
49548,ViLT,remove_one_word,0,its called a blinker,its called blinker,0,0,False
49548,BLIP Caption + BERT,remove_one_word,0,its called a blinker,its called blinker,0,0,False
49548,BERT,add_noise,0,its called a blinker,its called a blinker breaking news,0,0,False
49548,CLIP + MLP,add_noise,0,its called a blinker,its called a blinker breaking news,0,0,False
49548,ViLT,add_noise,0,its called a blinker,its called a blinker breaking news,0,0,False
49548,BLIP Caption + BERT,add_noise,0,its called a blinker,its called a blinker breaking news,0,0,False
99126,BERT,remove_punctuation,0,they seem a bit scared,they seem a bit scared,0,0,False
99126,CLIP + MLP,remove_punctuation,0,they seem a bit scared,they seem a bit scared,0,0,False
99126,ViLT,remove_punctuation,0,they seem a bit scared,they seem a bit scared,0,0,False
99126,BLIP Caption + BERT,remove_punctuation,0,they seem a bit scared,they seem a bit scared,0,0,False
99126,BERT,remove_one_word,0,they seem a bit scared,they seem bit scared,0,0,False
99126,CLIP + MLP,remove_one_word,0,they seem a bit scared,they seem bit scared,0,0,False
99126,ViLT,remove_one_word,0,they seem a bit scared,they seem bit scared,0,0,False
99126,BLIP Caption + BERT,remove_one_word,0,they seem a bit scared,they seem bit scared,0,0,False
99126,BERT,add_noise,0,they seem a bit scared,they seem a bit scared breaking news,0,0,False
99126,CLIP + MLP,add_noise,0,they seem a bit scared,they seem a bit scared breaking news,0,0,False
99126,ViLT,add_noise,0,they seem a bit scared,they seem a bit scared breaking news,0,0,False
99126,BLIP Caption + BERT,add_noise,0,they seem a bit scared,they seem a bit scared breaking news,0,0,False
26841,BERT,remove_punctuation,0,imgur,imgur,0,0,False
26841,CLIP + MLP,remove_punctuation,0,imgur,imgur,0,0,False
26841,ViLT,remove_punctuation,0,imgur,imgur,0,0,False
26841,BLIP Caption + BERT,remove_punctuation,0,imgur,imgur,1,1,False
26841,BERT,remove_one_word,0,imgur,imgur,0,0,False
26841,CLIP + MLP,remove_one_word,0,imgur,imgur,0,0,False
26841,ViLT,remove_one_word,0,imgur,imgur,0,0,False
26841,BLIP Caption + BERT,remove_one_word,0,imgur,imgur,1,1,False
26841,BERT,add_noise,0,imgur,imgur breaking news,0,0,False
26841,CLIP + MLP,add_noise,0,imgur,imgur breaking news,0,0,False
26841,ViLT,add_noise,0,imgur,imgur breaking news,0,0,False
26841,BLIP Caption + BERT,add_noise,0,imgur,imgur breaking news,1,1,False
101580,BERT,remove_punctuation,1,world sword swallowers day is anything but pointless,world sword swallowers day is anything but pointless,0,0,False
101580,CLIP + MLP,remove_punctuation,1,world sword swallowers day is anything but pointless,world sword swallowers day is anything but pointless,0,0,False
101580,ViLT,remove_punctuation,1,world sword swallowers day is anything but pointless,world sword swallowers day is anything but pointless,0,0,False
101580,BLIP Caption + BERT,remove_punctuation,1,world sword swallowers day is anything but pointless,world sword swallowers day is anything but pointless,0,0,False
101580,BERT,remove_one_word,1,world sword swallowers day is anything but pointless,world sword swallowers day anything but pointless,0,0,False
101580,CLIP + MLP,remove_one_word,1,world sword swallowers day is anything but pointless,world sword swallowers day anything but pointless,0,0,False
101580,ViLT,remove_one_word,1,world sword swallowers day is anything but pointless,world sword swallowers day anything but pointless,0,0,False
101580,BLIP Caption + BERT,remove_one_word,1,world sword swallowers day is anything but pointless,world sword swallowers day anything but pointless,0,0,False
101580,BERT,add_noise,1,world sword swallowers day is anything but pointless,world sword swallowers day is anything but pointless breaking news,0,1,True
101580,CLIP + MLP,add_noise,1,world sword swallowers day is anything but pointless,world sword swallowers day is anything but pointless breaking news,0,0,False
101580,ViLT,add_noise,1,world sword swallowers day is anything but pointless,world sword swallowers day is anything but pointless breaking news,0,1,True
101580,BLIP Caption + BERT,add_noise,1,world sword swallowers day is anything but pointless,world sword swallowers day is anything but pointless breaking news,0,0,False
52100,BERT,remove_punctuation,0,when one of your awkward friends sees you in public and you just want to get away,when one of your awkward friends sees you in public and you just want to get away,0,0,False
52100,CLIP + MLP,remove_punctuation,0,when one of your awkward friends sees you in public and you just want to get away,when one of your awkward friends sees you in public and you just want to get away,0,0,False
52100,ViLT,remove_punctuation,0,when one of your awkward friends sees you in public and you just want to get away,when one of your awkward friends sees you in public and you just want to get away,0,0,False
52100,BLIP Caption + BERT,remove_punctuation,0,when one of your awkward friends sees you in public and you just want to get away,when one of your awkward friends sees you in public and you just want to get away,0,0,False
52100,BERT,remove_one_word,0,when one of your awkward friends sees you in public and you just want to get away,when one of your awkward friends sees you public and you just want to get away,0,0,False
52100,CLIP + MLP,remove_one_word,0,when one of your awkward friends sees you in public and you just want to get away,when one of your awkward friends sees you public and you just want to get away,0,0,False
52100,ViLT,remove_one_word,0,when one of your awkward friends sees you in public and you just want to get away,when one of your awkward friends sees you public and you just want to get away,0,0,False
52100,BLIP Caption + BERT,remove_one_word,0,when one of your awkward friends sees you in public and you just want to get away,when one of your awkward friends sees you public and you just want to get away,0,0,False
52100,BERT,add_noise,0,when one of your awkward friends sees you in public and you just want to get away,when one of your awkward friends sees you in public and you just want to get away breaking news,0,0,False
52100,CLIP + MLP,add_noise,0,when one of your awkward friends sees you in public and you just want to get away,when one of your awkward friends sees you in public and you just want to get away breaking news,0,0,False
52100,ViLT,add_noise,0,when one of your awkward friends sees you in public and you just want to get away,when one of your awkward friends sees you in public and you just want to get away breaking news,0,0,False
52100,BLIP Caption + BERT,add_noise,0,when one of your awkward friends sees you in public and you just want to get away,when one of your awkward friends sees you in public and you just want to get away breaking news,0,0,False
86340,BERT,remove_punctuation,1,back of our currency has hands that look like two butts,back of our currency has hands that look like two butts,1,1,False
86340,CLIP + MLP,remove_punctuation,1,back of our currency has hands that look like two butts,back of our currency has hands that look like two butts,0,0,False
86340,ViLT,remove_punctuation,1,back of our currency has hands that look like two butts,back of our currency has hands that look like two butts,1,1,False
86340,BLIP Caption + BERT,remove_punctuation,1,back of our currency has hands that look like two butts,back of our currency has hands that look like two butts,0,0,False
86340,BERT,remove_one_word,1,back of our currency has hands that look like two butts,back of our currency has that look like two butts,1,1,False
86340,CLIP + MLP,remove_one_word,1,back of our currency has hands that look like two butts,back of our currency has that look like two butts,0,0,False
86340,ViLT,remove_one_word,1,back of our currency has hands that look like two butts,back of our currency has that look like two butts,1,1,False
86340,BLIP Caption + BERT,remove_one_word,1,back of our currency has hands that look like two butts,back of our currency has that look like two butts,0,0,False
86340,BERT,add_noise,1,back of our currency has hands that look like two butts,back of our currency has hands that look like two butts breaking news,1,1,False
86340,CLIP + MLP,add_noise,1,back of our currency has hands that look like two butts,back of our currency has hands that look like two butts breaking news,0,0,False
86340,ViLT,add_noise,1,back of our currency has hands that look like two butts,back of our currency has hands that look like two butts breaking news,1,1,False
86340,BLIP Caption + BERT,add_noise,1,back of our currency has hands that look like two butts,back of our currency has hands that look like two butts breaking news,0,0,False
5476,BERT,remove_punctuation,1,was wearing a bandaid while repairing my bike but removed it afterwards,was wearing a bandaid while repairing my bike but removed it afterwards,1,1,False
5476,CLIP + MLP,remove_punctuation,1,was wearing a bandaid while repairing my bike but removed it afterwards,was wearing a bandaid while repairing my bike but removed it afterwards,1,1,False
5476,ViLT,remove_punctuation,1,was wearing a bandaid while repairing my bike but removed it afterwards,was wearing a bandaid while repairing my bike but removed it afterwards,1,1,False
5476,BLIP Caption + BERT,remove_punctuation,1,was wearing a bandaid while repairing my bike but removed it afterwards,was wearing a bandaid while repairing my bike but removed it afterwards,0,0,False
5476,BERT,remove_one_word,1,was wearing a bandaid while repairing my bike but removed it afterwards,was wearing a bandaid while repairing bike but removed it afterwards,1,1,False
5476,CLIP + MLP,remove_one_word,1,was wearing a bandaid while repairing my bike but removed it afterwards,was wearing a bandaid while repairing bike but removed it afterwards,1,1,False
5476,ViLT,remove_one_word,1,was wearing a bandaid while repairing my bike but removed it afterwards,was wearing a bandaid while repairing bike but removed it afterwards,1,1,False
5476,BLIP Caption + BERT,remove_one_word,1,was wearing a bandaid while repairing my bike but removed it afterwards,was wearing a bandaid while repairing bike but removed it afterwards,0,0,False
5476,BERT,add_noise,1,was wearing a bandaid while repairing my bike but removed it afterwards,was wearing a bandaid while repairing my bike but removed it afterwards breaking news,1,0,True
5476,CLIP + MLP,add_noise,1,was wearing a bandaid while repairing my bike but removed it afterwards,was wearing a bandaid while repairing my bike but removed it afterwards breaking news,1,1,False
5476,ViLT,add_noise,1,was wearing a bandaid while repairing my bike but removed it afterwards,was wearing a bandaid while repairing my bike but removed it afterwards breaking news,1,1,False
5476,BLIP Caption + BERT,add_noise,1,was wearing a bandaid while repairing my bike but removed it afterwards,was wearing a bandaid while repairing my bike but removed it afterwards breaking news,0,0,False
70091,BERT,remove_punctuation,1,this bavarian themed gummy candy packaging features pretzel shaped candies,this bavarian themed gummy candy packaging features pretzel shaped candies,1,1,False
70091,CLIP + MLP,remove_punctuation,1,this bavarian themed gummy candy packaging features pretzel shaped candies,this bavarian themed gummy candy packaging features pretzel shaped candies,1,1,False
70091,ViLT,remove_punctuation,1,this bavarian themed gummy candy packaging features pretzel shaped candies,this bavarian themed gummy candy packaging features pretzel shaped candies,0,0,False
70091,BLIP Caption + BERT,remove_punctuation,1,this bavarian themed gummy candy packaging features pretzel shaped candies,this bavarian themed gummy candy packaging features pretzel shaped candies,1,1,False
70091,BERT,remove_one_word,1,this bavarian themed gummy candy packaging features pretzel shaped candies,this bavarian themed gummy candy features pretzel shaped candies,1,1,False
70091,CLIP + MLP,remove_one_word,1,this bavarian themed gummy candy packaging features pretzel shaped candies,this bavarian themed gummy candy features pretzel shaped candies,1,1,False
70091,ViLT,remove_one_word,1,this bavarian themed gummy candy packaging features pretzel shaped candies,this bavarian themed gummy candy features pretzel shaped candies,0,0,False
70091,BLIP Caption + BERT,remove_one_word,1,this bavarian themed gummy candy packaging features pretzel shaped candies,this bavarian themed gummy candy features pretzel shaped candies,1,0,True
70091,BERT,add_noise,1,this bavarian themed gummy candy packaging features pretzel shaped candies,this bavarian themed gummy candy packaging features pretzel shaped candies breaking news,1,1,False
70091,CLIP + MLP,add_noise,1,this bavarian themed gummy candy packaging features pretzel shaped candies,this bavarian themed gummy candy packaging features pretzel shaped candies breaking news,1,1,False
70091,ViLT,add_noise,1,this bavarian themed gummy candy packaging features pretzel shaped candies,this bavarian themed gummy candy packaging features pretzel shaped candies breaking news,0,1,True
70091,BLIP Caption + BERT,add_noise,1,this bavarian themed gummy candy packaging features pretzel shaped candies,this bavarian themed gummy candy packaging features pretzel shaped candies breaking news,1,0,True
57221,BERT,remove_punctuation,0,catscats,catscats,0,0,False
57221,CLIP + MLP,remove_punctuation,0,catscats,catscats,0,0,False
57221,ViLT,remove_punctuation,0,catscats,catscats,0,0,False
57221,BLIP Caption + BERT,remove_punctuation,0,catscats,catscats,1,1,False
57221,BERT,remove_one_word,0,catscats,catscats,0,0,False
57221,CLIP + MLP,remove_one_word,0,catscats,catscats,0,0,False
57221,ViLT,remove_one_word,0,catscats,catscats,0,0,False
57221,BLIP Caption + BERT,remove_one_word,0,catscats,catscats,1,1,False
57221,BERT,add_noise,0,catscats,catscats breaking news,0,0,False
57221,CLIP + MLP,add_noise,0,catscats,catscats breaking news,0,0,False
57221,ViLT,add_noise,0,catscats,catscats breaking news,0,0,False
57221,BLIP Caption + BERT,add_noise,0,catscats,catscats breaking news,1,1,False
85373,BERT,remove_punctuation,0,how to baseball,how to baseball,0,0,False
85373,CLIP + MLP,remove_punctuation,0,how to baseball,how to baseball,0,0,False
85373,ViLT,remove_punctuation,0,how to baseball,how to baseball,0,0,False
85373,BLIP Caption + BERT,remove_punctuation,0,how to baseball,how to baseball,0,0,False
85373,BERT,remove_one_word,0,how to baseball,how to baseball,0,0,False
85373,CLIP + MLP,remove_one_word,0,how to baseball,how to baseball,0,0,False
85373,ViLT,remove_one_word,0,how to baseball,how to baseball,0,0,False
85373,BLIP Caption + BERT,remove_one_word,0,how to baseball,how to baseball,0,0,False
85373,BERT,add_noise,0,how to baseball,how to baseball breaking news,0,0,False
85373,CLIP + MLP,add_noise,0,how to baseball,how to baseball breaking news,0,0,False
85373,ViLT,add_noise,0,how to baseball,how to baseball breaking news,0,0,False
85373,BLIP Caption + BERT,add_noise,0,how to baseball,how to baseball breaking news,0,0,False
10284,BERT,remove_punctuation,0,michael bayed,michael bayed,0,0,False
10284,CLIP + MLP,remove_punctuation,0,michael bayed,michael bayed,0,0,False
10284,ViLT,remove_punctuation,0,michael bayed,michael bayed,0,0,False
10284,BLIP Caption + BERT,remove_punctuation,0,michael bayed,michael bayed,0,0,False
10284,BERT,remove_one_word,0,michael bayed,michael bayed,0,0,False
10284,CLIP + MLP,remove_one_word,0,michael bayed,michael bayed,0,0,False
10284,ViLT,remove_one_word,0,michael bayed,michael bayed,0,0,False
10284,BLIP Caption + BERT,remove_one_word,0,michael bayed,michael bayed,0,0,False
10284,BERT,add_noise,0,michael bayed,michael bayed breaking news,0,0,False
10284,CLIP + MLP,add_noise,0,michael bayed,michael bayed breaking news,0,0,False
10284,ViLT,add_noise,0,michael bayed,michael bayed breaking news,0,0,False
10284,BLIP Caption + BERT,add_noise,0,michael bayed,michael bayed breaking news,0,0,False
101558,BERT,remove_punctuation,1,this liquor store has two floors,this liquor store has two floors,1,1,False
101558,CLIP + MLP,remove_punctuation,1,this liquor store has two floors,this liquor store has two floors,1,1,False
101558,ViLT,remove_punctuation,1,this liquor store has two floors,this liquor store has two floors,0,0,False
101558,BLIP Caption + BERT,remove_punctuation,1,this liquor store has two floors,this liquor store has two floors,0,0,False
101558,BERT,remove_one_word,1,this liquor store has two floors,this liquor store two floors,1,1,False
101558,CLIP + MLP,remove_one_word,1,this liquor store has two floors,this liquor store two floors,1,1,False
101558,ViLT,remove_one_word,1,this liquor store has two floors,this liquor store two floors,0,1,True
101558,BLIP Caption + BERT,remove_one_word,1,this liquor store has two floors,this liquor store two floors,0,0,False
101558,BERT,add_noise,1,this liquor store has two floors,this liquor store has two floors breaking news,1,0,True
101558,CLIP + MLP,add_noise,1,this liquor store has two floors,this liquor store has two floors breaking news,1,1,False
101558,ViLT,add_noise,1,this liquor store has two floors,this liquor store has two floors breaking news,0,1,True
101558,BLIP Caption + BERT,add_noise,1,this liquor store has two floors,this liquor store has two floors breaking news,0,0,False
52263,BERT,remove_punctuation,0,change table was looking at me,change table was looking at me,0,0,False
52263,CLIP + MLP,remove_punctuation,0,change table was looking at me,change table was looking at me,0,0,False
52263,ViLT,remove_punctuation,0,change table was looking at me,change table was looking at me,0,0,False
52263,BLIP Caption + BERT,remove_punctuation,0,change table was looking at me,change table was looking at me,0,0,False
52263,BERT,remove_one_word,0,change table was looking at me,change table was at me,0,0,False
52263,CLIP + MLP,remove_one_word,0,change table was looking at me,change table was at me,0,0,False
52263,ViLT,remove_one_word,0,change table was looking at me,change table was at me,0,0,False
52263,BLIP Caption + BERT,remove_one_word,0,change table was looking at me,change table was at me,0,0,False
52263,BERT,add_noise,0,change table was looking at me,change table was looking at me breaking news,0,0,False
52263,CLIP + MLP,add_noise,0,change table was looking at me,change table was looking at me breaking news,0,0,False
52263,ViLT,add_noise,0,change table was looking at me,change table was looking at me breaking news,0,0,False
52263,BLIP Caption + BERT,add_noise,0,change table was looking at me,change table was looking at me breaking news,0,0,False
46848,BERT,remove_punctuation,1,overly happy model with selena gomez,overly happy model with selena gomez,1,1,False
46848,CLIP + MLP,remove_punctuation,1,overly happy model with selena gomez,overly happy model with selena gomez,0,0,False
46848,ViLT,remove_punctuation,1,overly happy model with selena gomez,overly happy model with selena gomez,1,1,False
46848,BLIP Caption + BERT,remove_punctuation,1,overly happy model with selena gomez,overly happy model with selena gomez,0,0,False
46848,BERT,remove_one_word,1,overly happy model with selena gomez,overly happy model selena gomez,1,1,False
46848,CLIP + MLP,remove_one_word,1,overly happy model with selena gomez,overly happy model selena gomez,0,0,False
46848,ViLT,remove_one_word,1,overly happy model with selena gomez,overly happy model selena gomez,1,0,True
46848,BLIP Caption + BERT,remove_one_word,1,overly happy model with selena gomez,overly happy model selena gomez,0,0,False
46848,BERT,add_noise,1,overly happy model with selena gomez,overly happy model with selena gomez breaking news,1,0,True
46848,CLIP + MLP,add_noise,1,overly happy model with selena gomez,overly happy model with selena gomez breaking news,0,0,False
46848,ViLT,add_noise,1,overly happy model with selena gomez,overly happy model with selena gomez breaking news,1,0,True
46848,BLIP Caption + BERT,add_noise,1,overly happy model with selena gomez,overly happy model with selena gomez breaking news,0,0,False
76453,BERT,remove_punctuation,0,osama bin laden is killed,osama bin laden is killed,0,0,False
76453,CLIP + MLP,remove_punctuation,0,osama bin laden is killed,osama bin laden is killed,0,0,False
76453,ViLT,remove_punctuation,0,osama bin laden is killed,osama bin laden is killed,0,0,False
76453,BLIP Caption + BERT,remove_punctuation,0,osama bin laden is killed,osama bin laden is killed,0,0,False
76453,BERT,remove_one_word,0,osama bin laden is killed,osama bin is killed,0,0,False
76453,CLIP + MLP,remove_one_word,0,osama bin laden is killed,osama bin is killed,0,0,False
76453,ViLT,remove_one_word,0,osama bin laden is killed,osama bin is killed,0,0,False
76453,BLIP Caption + BERT,remove_one_word,0,osama bin laden is killed,osama bin is killed,0,0,False
76453,BERT,add_noise,0,osama bin laden is killed,osama bin laden is killed breaking news,0,0,False
76453,CLIP + MLP,add_noise,0,osama bin laden is killed,osama bin laden is killed breaking news,0,0,False
76453,ViLT,add_noise,0,osama bin laden is killed,osama bin laden is killed breaking news,0,0,False
76453,BLIP Caption + BERT,add_noise,0,osama bin laden is killed,osama bin laden is killed breaking news,0,0,False
55248,BERT,remove_punctuation,0,bob leads will into the lair of the demogorgon,bob leads will into the lair of the demogorgon,0,0,False
55248,CLIP + MLP,remove_punctuation,0,bob leads will into the lair of the demogorgon,bob leads will into the lair of the demogorgon,0,0,False
55248,ViLT,remove_punctuation,0,bob leads will into the lair of the demogorgon,bob leads will into the lair of the demogorgon,0,0,False
55248,BLIP Caption + BERT,remove_punctuation,0,bob leads will into the lair of the demogorgon,bob leads will into the lair of the demogorgon,0,0,False
55248,BERT,remove_one_word,0,bob leads will into the lair of the demogorgon,bob leads will into lair of the demogorgon,0,0,False
55248,CLIP + MLP,remove_one_word,0,bob leads will into the lair of the demogorgon,bob leads will into lair of the demogorgon,0,0,False
55248,ViLT,remove_one_word,0,bob leads will into the lair of the demogorgon,bob leads will into lair of the demogorgon,0,0,False
55248,BLIP Caption + BERT,remove_one_word,0,bob leads will into the lair of the demogorgon,bob leads will into lair of the demogorgon,0,0,False
55248,BERT,add_noise,0,bob leads will into the lair of the demogorgon,bob leads will into the lair of the demogorgon breaking news,0,0,False
55248,CLIP + MLP,add_noise,0,bob leads will into the lair of the demogorgon,bob leads will into the lair of the demogorgon breaking news,0,0,False
55248,ViLT,add_noise,0,bob leads will into the lair of the demogorgon,bob leads will into the lair of the demogorgon breaking news,0,0,False
55248,BLIP Caption + BERT,add_noise,0,bob leads will into the lair of the demogorgon,bob leads will into the lair of the demogorgon breaking news,0,0,False
74869,BERT,remove_punctuation,0,a beautiful brides whale,a beautiful brides whale,0,0,False
74869,CLIP + MLP,remove_punctuation,0,a beautiful brides whale,a beautiful brides whale,0,0,False
74869,ViLT,remove_punctuation,0,a beautiful brides whale,a beautiful brides whale,1,1,False
74869,BLIP Caption + BERT,remove_punctuation,0,a beautiful brides whale,a beautiful brides whale,0,0,False
74869,BERT,remove_one_word,0,a beautiful brides whale,a beautiful whale,0,0,False
74869,CLIP + MLP,remove_one_word,0,a beautiful brides whale,a beautiful whale,0,0,False
74869,ViLT,remove_one_word,0,a beautiful brides whale,a beautiful whale,1,0,True
74869,BLIP Caption + BERT,remove_one_word,0,a beautiful brides whale,a beautiful whale,0,0,False
74869,BERT,add_noise,0,a beautiful brides whale,a beautiful brides whale breaking news,0,1,True
74869,CLIP + MLP,add_noise,0,a beautiful brides whale,a beautiful brides whale breaking news,0,0,False
74869,ViLT,add_noise,0,a beautiful brides whale,a beautiful brides whale breaking news,1,1,False
74869,BLIP Caption + BERT,add_noise,0,a beautiful brides whale,a beautiful brides whale breaking news,0,0,False
96274,BERT,remove_punctuation,0,michael cohen after mueller comes knocking,michael cohen after mueller comes knocking,0,0,False
96274,CLIP + MLP,remove_punctuation,0,michael cohen after mueller comes knocking,michael cohen after mueller comes knocking,0,0,False
96274,ViLT,remove_punctuation,0,michael cohen after mueller comes knocking,michael cohen after mueller comes knocking,0,0,False
96274,BLIP Caption + BERT,remove_punctuation,0,michael cohen after mueller comes knocking,michael cohen after mueller comes knocking,0,0,False
96274,BERT,remove_one_word,0,michael cohen after mueller comes knocking,michael cohen after comes knocking,0,1,True
96274,CLIP + MLP,remove_one_word,0,michael cohen after mueller comes knocking,michael cohen after comes knocking,0,0,False
96274,ViLT,remove_one_word,0,michael cohen after mueller comes knocking,michael cohen after comes knocking,0,0,False
96274,BLIP Caption + BERT,remove_one_word,0,michael cohen after mueller comes knocking,michael cohen after comes knocking,0,0,False
96274,BERT,add_noise,0,michael cohen after mueller comes knocking,michael cohen after mueller comes knocking breaking news,0,0,False
96274,CLIP + MLP,add_noise,0,michael cohen after mueller comes knocking,michael cohen after mueller comes knocking breaking news,0,0,False
96274,ViLT,add_noise,0,michael cohen after mueller comes knocking,michael cohen after mueller comes knocking breaking news,0,0,False
96274,BLIP Caption + BERT,add_noise,0,michael cohen after mueller comes knocking,michael cohen after mueller comes knocking breaking news,0,0,False
2956,BERT,remove_punctuation,1,ap across us police officers abuse confidential databases,ap across us police officers abuse confidential databases,1,1,False
2956,CLIP + MLP,remove_punctuation,1,ap across us police officers abuse confidential databases,ap across us police officers abuse confidential databases,0,0,False
2956,ViLT,remove_punctuation,1,ap across us police officers abuse confidential databases,ap across us police officers abuse confidential databases,0,0,False
2956,BLIP Caption + BERT,remove_punctuation,1,ap across us police officers abuse confidential databases,ap across us police officers abuse confidential databases,1,1,False
2956,BERT,remove_one_word,1,ap across us police officers abuse confidential databases,ap across us police abuse confidential databases,1,1,False
2956,CLIP + MLP,remove_one_word,1,ap across us police officers abuse confidential databases,ap across us police abuse confidential databases,0,0,False
2956,ViLT,remove_one_word,1,ap across us police officers abuse confidential databases,ap across us police abuse confidential databases,0,0,False
2956,BLIP Caption + BERT,remove_one_word,1,ap across us police officers abuse confidential databases,ap across us police abuse confidential databases,1,1,False
2956,BERT,add_noise,1,ap across us police officers abuse confidential databases,ap across us police officers abuse confidential databases breaking news,1,1,False
2956,CLIP + MLP,add_noise,1,ap across us police officers abuse confidential databases,ap across us police officers abuse confidential databases breaking news,0,0,False
2956,ViLT,add_noise,1,ap across us police officers abuse confidential databases,ap across us police officers abuse confidential databases breaking news,0,0,False
2956,BLIP Caption + BERT,add_noise,1,ap across us police officers abuse confidential databases,ap across us police officers abuse confidential databases breaking news,1,1,False
103582,BERT,remove_punctuation,0,other discussions,other discussions,0,0,False
103582,CLIP + MLP,remove_punctuation,0,other discussions,other discussions,0,0,False
103582,ViLT,remove_punctuation,0,other discussions,other discussions,0,0,False
103582,BLIP Caption + BERT,remove_punctuation,0,other discussions,other discussions,1,1,False
103582,BERT,remove_one_word,0,other discussions,other discussions,0,0,False
103582,CLIP + MLP,remove_one_word,0,other discussions,other discussions,0,0,False
103582,ViLT,remove_one_word,0,other discussions,other discussions,0,0,False
103582,BLIP Caption + BERT,remove_one_word,0,other discussions,other discussions,1,1,False
103582,BERT,add_noise,0,other discussions,other discussions breaking news,0,0,False
103582,CLIP + MLP,add_noise,0,other discussions,other discussions breaking news,0,0,False
103582,ViLT,add_noise,0,other discussions,other discussions breaking news,0,0,False
103582,BLIP Caption + BERT,add_noise,0,other discussions,other discussions breaking news,1,1,False
66040,BERT,remove_punctuation,1,parents just hung this in our guest room copy of the letter to my great great grandfather from king george v,parents just hung this in our guest room copy of the letter to my great great grandfather from king george v,1,1,False
66040,CLIP + MLP,remove_punctuation,1,parents just hung this in our guest room copy of the letter to my great great grandfather from king george v,parents just hung this in our guest room copy of the letter to my great great grandfather from king george v,1,1,False
66040,ViLT,remove_punctuation,1,parents just hung this in our guest room copy of the letter to my great great grandfather from king george v,parents just hung this in our guest room copy of the letter to my great great grandfather from king george v,1,1,False
66040,BLIP Caption + BERT,remove_punctuation,1,parents just hung this in our guest room copy of the letter to my great great grandfather from king george v,parents just hung this in our guest room copy of the letter to my great great grandfather from king george v,0,0,False
66040,BERT,remove_one_word,1,parents just hung this in our guest room copy of the letter to my great great grandfather from king george v,parents just hung this in our guest room copy of letter to my great great grandfather from king george v,1,1,False
66040,CLIP + MLP,remove_one_word,1,parents just hung this in our guest room copy of the letter to my great great grandfather from king george v,parents just hung this in our guest room copy of letter to my great great grandfather from king george v,1,1,False
66040,ViLT,remove_one_word,1,parents just hung this in our guest room copy of the letter to my great great grandfather from king george v,parents just hung this in our guest room copy of letter to my great great grandfather from king george v,1,1,False
66040,BLIP Caption + BERT,remove_one_word,1,parents just hung this in our guest room copy of the letter to my great great grandfather from king george v,parents just hung this in our guest room copy of letter to my great great grandfather from king george v,0,0,False
66040,BERT,add_noise,1,parents just hung this in our guest room copy of the letter to my great great grandfather from king george v,parents just hung this in our guest room copy of the letter to my great great grandfather from king george v breaking news,1,1,False
66040,CLIP + MLP,add_noise,1,parents just hung this in our guest room copy of the letter to my great great grandfather from king george v,parents just hung this in our guest room copy of the letter to my great great grandfather from king george v breaking news,1,1,False
66040,ViLT,add_noise,1,parents just hung this in our guest room copy of the letter to my great great grandfather from king george v,parents just hung this in our guest room copy of the letter to my great great grandfather from king george v breaking news,1,1,False
66040,BLIP Caption + BERT,add_noise,1,parents just hung this in our guest room copy of the letter to my great great grandfather from king george v,parents just hung this in our guest room copy of the letter to my great great grandfather from king george v breaking news,0,0,False
53213,BERT,remove_punctuation,1,a kind of cosmic flower,a kind of cosmic flower,0,0,False
53213,CLIP + MLP,remove_punctuation,1,a kind of cosmic flower,a kind of cosmic flower,0,0,False
53213,ViLT,remove_punctuation,1,a kind of cosmic flower,a kind of cosmic flower,1,1,False
53213,BLIP Caption + BERT,remove_punctuation,1,a kind of cosmic flower,a kind of cosmic flower,0,0,False
53213,BERT,remove_one_word,1,a kind of cosmic flower,a kind cosmic flower,0,1,True
53213,CLIP + MLP,remove_one_word,1,a kind of cosmic flower,a kind cosmic flower,0,0,False
53213,ViLT,remove_one_word,1,a kind of cosmic flower,a kind cosmic flower,1,0,True
53213,BLIP Caption + BERT,remove_one_word,1,a kind of cosmic flower,a kind cosmic flower,0,0,False
53213,BERT,add_noise,1,a kind of cosmic flower,a kind of cosmic flower breaking news,0,0,False
53213,CLIP + MLP,add_noise,1,a kind of cosmic flower,a kind of cosmic flower breaking news,0,0,False
53213,ViLT,add_noise,1,a kind of cosmic flower,a kind of cosmic flower breaking news,1,1,False
53213,BLIP Caption + BERT,add_noise,1,a kind of cosmic flower,a kind of cosmic flower breaking news,0,0,False
60531,BERT,remove_punctuation,0,trying to eat dinner with this guy looking at me,trying to eat dinner with this guy looking at me,0,0,False
60531,CLIP + MLP,remove_punctuation,0,trying to eat dinner with this guy looking at me,trying to eat dinner with this guy looking at me,0,0,False
60531,ViLT,remove_punctuation,0,trying to eat dinner with this guy looking at me,trying to eat dinner with this guy looking at me,1,1,False
60531,BLIP Caption + BERT,remove_punctuation,0,trying to eat dinner with this guy looking at me,trying to eat dinner with this guy looking at me,0,0,False
60531,BERT,remove_one_word,0,trying to eat dinner with this guy looking at me,trying to eat dinner with guy looking at me,0,0,False
60531,CLIP + MLP,remove_one_word,0,trying to eat dinner with this guy looking at me,trying to eat dinner with guy looking at me,0,0,False
60531,ViLT,remove_one_word,0,trying to eat dinner with this guy looking at me,trying to eat dinner with guy looking at me,1,0,True
60531,BLIP Caption + BERT,remove_one_word,0,trying to eat dinner with this guy looking at me,trying to eat dinner with guy looking at me,0,0,False
60531,BERT,add_noise,0,trying to eat dinner with this guy looking at me,trying to eat dinner with this guy looking at me breaking news,0,0,False
60531,CLIP + MLP,add_noise,0,trying to eat dinner with this guy looking at me,trying to eat dinner with this guy looking at me breaking news,0,0,False
60531,ViLT,add_noise,0,trying to eat dinner with this guy looking at me,trying to eat dinner with this guy looking at me breaking news,1,1,False
60531,BLIP Caption + BERT,add_noise,0,trying to eat dinner with this guy looking at me,trying to eat dinner with this guy looking at me breaking news,0,0,False
45520,BERT,remove_punctuation,1,my pup has a paw print on her nose,my pup has a paw print on her nose,1,1,False
45520,CLIP + MLP,remove_punctuation,1,my pup has a paw print on her nose,my pup has a paw print on her nose,1,1,False
45520,ViLT,remove_punctuation,1,my pup has a paw print on her nose,my pup has a paw print on her nose,1,1,False
45520,BLIP Caption + BERT,remove_punctuation,1,my pup has a paw print on her nose,my pup has a paw print on her nose,0,0,False
45520,BERT,remove_one_word,1,my pup has a paw print on her nose,my pup has a print on her nose,1,1,False
45520,CLIP + MLP,remove_one_word,1,my pup has a paw print on her nose,my pup has a print on her nose,1,1,False
45520,ViLT,remove_one_word,1,my pup has a paw print on her nose,my pup has a print on her nose,1,1,False
45520,BLIP Caption + BERT,remove_one_word,1,my pup has a paw print on her nose,my pup has a print on her nose,0,0,False
45520,BERT,add_noise,1,my pup has a paw print on her nose,my pup has a paw print on her nose breaking news,1,1,False
45520,CLIP + MLP,add_noise,1,my pup has a paw print on her nose,my pup has a paw print on her nose breaking news,1,1,False
45520,ViLT,add_noise,1,my pup has a paw print on her nose,my pup has a paw print on her nose breaking news,1,1,False
45520,BLIP Caption + BERT,add_noise,1,my pup has a paw print on her nose,my pup has a paw print on her nose breaking news,0,0,False
3024,BERT,remove_punctuation,1,eating noodles,eating noodles,0,0,False
3024,CLIP + MLP,remove_punctuation,1,eating noodles,eating noodles,0,0,False
3024,ViLT,remove_punctuation,1,eating noodles,eating noodles,0,0,False
3024,BLIP Caption + BERT,remove_punctuation,1,eating noodles,eating noodles,1,1,False
3024,BERT,remove_one_word,1,eating noodles,eating noodles,0,0,False
3024,CLIP + MLP,remove_one_word,1,eating noodles,eating noodles,0,0,False
3024,ViLT,remove_one_word,1,eating noodles,eating noodles,0,0,False
3024,BLIP Caption + BERT,remove_one_word,1,eating noodles,eating noodles,1,1,False
3024,BERT,add_noise,1,eating noodles,eating noodles breaking news,0,0,False
3024,CLIP + MLP,add_noise,1,eating noodles,eating noodles breaking news,0,0,False
3024,ViLT,add_noise,1,eating noodles,eating noodles breaking news,0,0,False
3024,BLIP Caption + BERT,add_noise,1,eating noodles,eating noodles breaking news,1,0,True
98211,BERT,remove_punctuation,0,umbrellas make a cartoon pirate,umbrellas make a cartoon pirate,0,0,False
98211,CLIP + MLP,remove_punctuation,0,umbrellas make a cartoon pirate,umbrellas make a cartoon pirate,0,0,False
98211,ViLT,remove_punctuation,0,umbrellas make a cartoon pirate,umbrellas make a cartoon pirate,0,0,False
98211,BLIP Caption + BERT,remove_punctuation,0,umbrellas make a cartoon pirate,umbrellas make a cartoon pirate,0,0,False
98211,BERT,remove_one_word,0,umbrellas make a cartoon pirate,umbrellas make cartoon pirate,0,1,True
98211,CLIP + MLP,remove_one_word,0,umbrellas make a cartoon pirate,umbrellas make cartoon pirate,0,0,False
98211,ViLT,remove_one_word,0,umbrellas make a cartoon pirate,umbrellas make cartoon pirate,0,0,False
98211,BLIP Caption + BERT,remove_one_word,0,umbrellas make a cartoon pirate,umbrellas make cartoon pirate,0,0,False
98211,BERT,add_noise,0,umbrellas make a cartoon pirate,umbrellas make a cartoon pirate breaking news,0,1,True
98211,CLIP + MLP,add_noise,0,umbrellas make a cartoon pirate,umbrellas make a cartoon pirate breaking news,0,0,False
98211,ViLT,add_noise,0,umbrellas make a cartoon pirate,umbrellas make a cartoon pirate breaking news,0,0,False
98211,BLIP Caption + BERT,add_noise,0,umbrellas make a cartoon pirate,umbrellas make a cartoon pirate breaking news,0,0,False
30140,BERT,remove_punctuation,1,crazy rocket launch this morning looks like it exploded but its just an illusion,crazy rocket launch this morning looks like it exploded but its just an illusion,1,1,False
30140,CLIP + MLP,remove_punctuation,1,crazy rocket launch this morning looks like it exploded but its just an illusion,crazy rocket launch this morning looks like it exploded but its just an illusion,1,1,False
30140,ViLT,remove_punctuation,1,crazy rocket launch this morning looks like it exploded but its just an illusion,crazy rocket launch this morning looks like it exploded but its just an illusion,1,1,False
30140,BLIP Caption + BERT,remove_punctuation,1,crazy rocket launch this morning looks like it exploded but its just an illusion,crazy rocket launch this morning looks like it exploded but its just an illusion,0,0,False
30140,BERT,remove_one_word,1,crazy rocket launch this morning looks like it exploded but its just an illusion,crazy rocket launch this morning looks like exploded but its just an illusion,1,1,False
30140,CLIP + MLP,remove_one_word,1,crazy rocket launch this morning looks like it exploded but its just an illusion,crazy rocket launch this morning looks like exploded but its just an illusion,1,1,False
30140,ViLT,remove_one_word,1,crazy rocket launch this morning looks like it exploded but its just an illusion,crazy rocket launch this morning looks like exploded but its just an illusion,1,1,False
30140,BLIP Caption + BERT,remove_one_word,1,crazy rocket launch this morning looks like it exploded but its just an illusion,crazy rocket launch this morning looks like exploded but its just an illusion,0,0,False
30140,BERT,add_noise,1,crazy rocket launch this morning looks like it exploded but its just an illusion,crazy rocket launch this morning looks like it exploded but its just an illusion breaking news,1,0,True
30140,CLIP + MLP,add_noise,1,crazy rocket launch this morning looks like it exploded but its just an illusion,crazy rocket launch this morning looks like it exploded but its just an illusion breaking news,1,1,False
30140,ViLT,add_noise,1,crazy rocket launch this morning looks like it exploded but its just an illusion,crazy rocket launch this morning looks like it exploded but its just an illusion breaking news,1,1,False
30140,BLIP Caption + BERT,add_noise,1,crazy rocket launch this morning looks like it exploded but its just an illusion,crazy rocket launch this morning looks like it exploded but its just an illusion breaking news,0,0,False
110990,BERT,remove_punctuation,0,just completed my model of boba fetts ship slave,just completed my model of boba fetts ship slave,0,0,False
110990,CLIP + MLP,remove_punctuation,0,just completed my model of boba fetts ship slave,just completed my model of boba fetts ship slave,0,0,False
110990,ViLT,remove_punctuation,0,just completed my model of boba fetts ship slave,just completed my model of boba fetts ship slave,0,0,False
110990,BLIP Caption + BERT,remove_punctuation,0,just completed my model of boba fetts ship slave,just completed my model of boba fetts ship slave,0,0,False
110990,BERT,remove_one_word,0,just completed my model of boba fetts ship slave,just completed my model boba fetts ship slave,0,0,False
110990,CLIP + MLP,remove_one_word,0,just completed my model of boba fetts ship slave,just completed my model boba fetts ship slave,0,0,False
110990,ViLT,remove_one_word,0,just completed my model of boba fetts ship slave,just completed my model boba fetts ship slave,0,0,False
110990,BLIP Caption + BERT,remove_one_word,0,just completed my model of boba fetts ship slave,just completed my model boba fetts ship slave,0,0,False
110990,BERT,add_noise,0,just completed my model of boba fetts ship slave,just completed my model of boba fetts ship slave breaking news,0,0,False
110990,CLIP + MLP,add_noise,0,just completed my model of boba fetts ship slave,just completed my model of boba fetts ship slave breaking news,0,0,False
110990,ViLT,add_noise,0,just completed my model of boba fetts ship slave,just completed my model of boba fetts ship slave breaking news,0,0,False
110990,BLIP Caption + BERT,add_noise,0,just completed my model of boba fetts ship slave,just completed my model of boba fetts ship slave breaking news,0,0,False
78915,BERT,remove_punctuation,1,chalkboard paint car hood bmw ic from rdiy,chalkboard paint car hood bmw ic from rdiy,1,1,False
78915,CLIP + MLP,remove_punctuation,1,chalkboard paint car hood bmw ic from rdiy,chalkboard paint car hood bmw ic from rdiy,0,0,False
78915,ViLT,remove_punctuation,1,chalkboard paint car hood bmw ic from rdiy,chalkboard paint car hood bmw ic from rdiy,0,0,False
78915,BLIP Caption + BERT,remove_punctuation,1,chalkboard paint car hood bmw ic from rdiy,chalkboard paint car hood bmw ic from rdiy,0,0,False
78915,BERT,remove_one_word,1,chalkboard paint car hood bmw ic from rdiy,chalkboard paint car hood ic from rdiy,1,1,False
78915,CLIP + MLP,remove_one_word,1,chalkboard paint car hood bmw ic from rdiy,chalkboard paint car hood ic from rdiy,0,0,False
78915,ViLT,remove_one_word,1,chalkboard paint car hood bmw ic from rdiy,chalkboard paint car hood ic from rdiy,0,0,False
78915,BLIP Caption + BERT,remove_one_word,1,chalkboard paint car hood bmw ic from rdiy,chalkboard paint car hood ic from rdiy,0,0,False
78915,BERT,add_noise,1,chalkboard paint car hood bmw ic from rdiy,chalkboard paint car hood bmw ic from rdiy breaking news,1,0,True
78915,CLIP + MLP,add_noise,1,chalkboard paint car hood bmw ic from rdiy,chalkboard paint car hood bmw ic from rdiy breaking news,0,0,False
78915,ViLT,add_noise,1,chalkboard paint car hood bmw ic from rdiy,chalkboard paint car hood bmw ic from rdiy breaking news,0,0,False
78915,BLIP Caption + BERT,add_noise,1,chalkboard paint car hood bmw ic from rdiy,chalkboard paint car hood bmw ic from rdiy breaking news,0,0,False
16193,BERT,remove_punctuation,0,boris vasilyev middle name period,boris vasilyev middle name period,0,0,False
16193,CLIP + MLP,remove_punctuation,0,boris vasilyev middle name period,boris vasilyev middle name period,0,0,False
16193,ViLT,remove_punctuation,0,boris vasilyev middle name period,boris vasilyev middle name period,0,0,False
16193,BLIP Caption + BERT,remove_punctuation,0,boris vasilyev middle name period,boris vasilyev middle name period,0,0,False
16193,BERT,remove_one_word,0,boris vasilyev middle name period,boris vasilyev name period,0,0,False
16193,CLIP + MLP,remove_one_word,0,boris vasilyev middle name period,boris vasilyev name period,0,0,False
16193,ViLT,remove_one_word,0,boris vasilyev middle name period,boris vasilyev name period,0,0,False
16193,BLIP Caption + BERT,remove_one_word,0,boris vasilyev middle name period,boris vasilyev name period,0,0,False
16193,BERT,add_noise,0,boris vasilyev middle name period,boris vasilyev middle name period breaking news,0,0,False
16193,CLIP + MLP,add_noise,0,boris vasilyev middle name period,boris vasilyev middle name period breaking news,0,0,False
16193,ViLT,add_noise,0,boris vasilyev middle name period,boris vasilyev middle name period breaking news,0,0,False
16193,BLIP Caption + BERT,add_noise,0,boris vasilyev middle name period,boris vasilyev middle name period breaking news,0,0,False
53010,BERT,remove_punctuation,1,this twoheaded snake,this twoheaded snake,1,1,False
53010,CLIP + MLP,remove_punctuation,1,this twoheaded snake,this twoheaded snake,1,1,False
53010,ViLT,remove_punctuation,1,this twoheaded snake,this twoheaded snake,1,1,False
53010,BLIP Caption + BERT,remove_punctuation,1,this twoheaded snake,this twoheaded snake,0,0,False
53010,BERT,remove_one_word,1,this twoheaded snake,this twoheaded snake,1,1,False
53010,CLIP + MLP,remove_one_word,1,this twoheaded snake,this twoheaded snake,1,1,False
53010,ViLT,remove_one_word,1,this twoheaded snake,this twoheaded snake,1,1,False
53010,BLIP Caption + BERT,remove_one_word,1,this twoheaded snake,this twoheaded snake,0,0,False
53010,BERT,add_noise,1,this twoheaded snake,this twoheaded snake breaking news,1,0,True
53010,CLIP + MLP,add_noise,1,this twoheaded snake,this twoheaded snake breaking news,1,1,False
53010,ViLT,add_noise,1,this twoheaded snake,this twoheaded snake breaking news,1,1,False
53010,BLIP Caption + BERT,add_noise,1,this twoheaded snake,this twoheaded snake breaking news,0,0,False
2090,BERT,remove_punctuation,0,mount hope child of nature,mount hope child of nature,0,0,False
2090,CLIP + MLP,remove_punctuation,0,mount hope child of nature,mount hope child of nature,0,0,False
2090,ViLT,remove_punctuation,0,mount hope child of nature,mount hope child of nature,0,0,False
2090,BLIP Caption + BERT,remove_punctuation,0,mount hope child of nature,mount hope child of nature,0,0,False
2090,BERT,remove_one_word,0,mount hope child of nature,mount hope of nature,0,0,False
2090,CLIP + MLP,remove_one_word,0,mount hope child of nature,mount hope of nature,0,0,False
2090,ViLT,remove_one_word,0,mount hope child of nature,mount hope of nature,0,0,False
2090,BLIP Caption + BERT,remove_one_word,0,mount hope child of nature,mount hope of nature,0,0,False
2090,BERT,add_noise,0,mount hope child of nature,mount hope child of nature breaking news,0,0,False
2090,CLIP + MLP,add_noise,0,mount hope child of nature,mount hope child of nature breaking news,0,0,False
2090,ViLT,add_noise,0,mount hope child of nature,mount hope child of nature breaking news,0,0,False
2090,BLIP Caption + BERT,add_noise,0,mount hope child of nature,mount hope child of nature breaking news,0,0,False
42955,BERT,remove_punctuation,0,still just a cat,still just a cat,0,0,False
42955,CLIP + MLP,remove_punctuation,0,still just a cat,still just a cat,0,0,False
42955,ViLT,remove_punctuation,0,still just a cat,still just a cat,0,0,False
42955,BLIP Caption + BERT,remove_punctuation,0,still just a cat,still just a cat,0,0,False
42955,BERT,remove_one_word,0,still just a cat,still just cat,0,0,False
42955,CLIP + MLP,remove_one_word,0,still just a cat,still just cat,0,0,False
42955,ViLT,remove_one_word,0,still just a cat,still just cat,0,0,False
42955,BLIP Caption + BERT,remove_one_word,0,still just a cat,still just cat,0,0,False
42955,BERT,add_noise,0,still just a cat,still just a cat breaking news,0,0,False
42955,CLIP + MLP,add_noise,0,still just a cat,still just a cat breaking news,0,0,False
42955,ViLT,add_noise,0,still just a cat,still just a cat breaking news,0,1,True
42955,BLIP Caption + BERT,add_noise,0,still just a cat,still just a cat breaking news,0,0,False
83684,BERT,remove_punctuation,0,aap rocky praise the lord da shine,aap rocky praise the lord da shine,0,0,False
83684,CLIP + MLP,remove_punctuation,0,aap rocky praise the lord da shine,aap rocky praise the lord da shine,0,0,False
83684,ViLT,remove_punctuation,0,aap rocky praise the lord da shine,aap rocky praise the lord da shine,0,0,False
83684,BLIP Caption + BERT,remove_punctuation,0,aap rocky praise the lord da shine,aap rocky praise the lord da shine,0,0,False
83684,BERT,remove_one_word,0,aap rocky praise the lord da shine,aap rocky praise lord da shine,0,0,False
83684,CLIP + MLP,remove_one_word,0,aap rocky praise the lord da shine,aap rocky praise lord da shine,0,0,False
83684,ViLT,remove_one_word,0,aap rocky praise the lord da shine,aap rocky praise lord da shine,0,0,False
83684,BLIP Caption + BERT,remove_one_word,0,aap rocky praise the lord da shine,aap rocky praise lord da shine,0,0,False
83684,BERT,add_noise,0,aap rocky praise the lord da shine,aap rocky praise the lord da shine breaking news,0,0,False
83684,CLIP + MLP,add_noise,0,aap rocky praise the lord da shine,aap rocky praise the lord da shine breaking news,0,0,False
83684,ViLT,add_noise,0,aap rocky praise the lord da shine,aap rocky praise the lord da shine breaking news,0,0,False
83684,BLIP Caption + BERT,add_noise,0,aap rocky praise the lord da shine,aap rocky praise the lord da shine breaking news,0,0,False
28734,BERT,remove_punctuation,1,blurry photo but a royal canadian mounted policeman gave me an honorary pin at my hotel in kansas,blurry photo but a royal canadian mounted policeman gave me an honorary pin at my hotel in kansas,1,1,False
28734,CLIP + MLP,remove_punctuation,1,blurry photo but a royal canadian mounted policeman gave me an honorary pin at my hotel in kansas,blurry photo but a royal canadian mounted policeman gave me an honorary pin at my hotel in kansas,1,1,False
28734,ViLT,remove_punctuation,1,blurry photo but a royal canadian mounted policeman gave me an honorary pin at my hotel in kansas,blurry photo but a royal canadian mounted policeman gave me an honorary pin at my hotel in kansas,0,0,False
28734,BLIP Caption + BERT,remove_punctuation,1,blurry photo but a royal canadian mounted policeman gave me an honorary pin at my hotel in kansas,blurry photo but a royal canadian mounted policeman gave me an honorary pin at my hotel in kansas,0,0,False
28734,BERT,remove_one_word,1,blurry photo but a royal canadian mounted policeman gave me an honorary pin at my hotel in kansas,blurry photo but a royal canadian mounted policeman gave an honorary pin at my hotel in kansas,1,1,False
28734,CLIP + MLP,remove_one_word,1,blurry photo but a royal canadian mounted policeman gave me an honorary pin at my hotel in kansas,blurry photo but a royal canadian mounted policeman gave an honorary pin at my hotel in kansas,1,1,False
28734,ViLT,remove_one_word,1,blurry photo but a royal canadian mounted policeman gave me an honorary pin at my hotel in kansas,blurry photo but a royal canadian mounted policeman gave an honorary pin at my hotel in kansas,0,0,False
28734,BLIP Caption + BERT,remove_one_word,1,blurry photo but a royal canadian mounted policeman gave me an honorary pin at my hotel in kansas,blurry photo but a royal canadian mounted policeman gave an honorary pin at my hotel in kansas,0,0,False
28734,BERT,add_noise,1,blurry photo but a royal canadian mounted policeman gave me an honorary pin at my hotel in kansas,blurry photo but a royal canadian mounted policeman gave me an honorary pin at my hotel in kansas breaking news,1,1,False
28734,CLIP + MLP,add_noise,1,blurry photo but a royal canadian mounted policeman gave me an honorary pin at my hotel in kansas,blurry photo but a royal canadian mounted policeman gave me an honorary pin at my hotel in kansas breaking news,1,1,False
28734,ViLT,add_noise,1,blurry photo but a royal canadian mounted policeman gave me an honorary pin at my hotel in kansas,blurry photo but a royal canadian mounted policeman gave me an honorary pin at my hotel in kansas breaking news,0,0,False
28734,BLIP Caption + BERT,add_noise,1,blurry photo but a royal canadian mounted policeman gave me an honorary pin at my hotel in kansas,blurry photo but a royal canadian mounted policeman gave me an honorary pin at my hotel in kansas breaking news,0,0,False
73867,BERT,remove_punctuation,0,ryan beatty boy in jeans,ryan beatty boy in jeans,1,1,False
73867,CLIP + MLP,remove_punctuation,0,ryan beatty boy in jeans,ryan beatty boy in jeans,0,0,False
73867,ViLT,remove_punctuation,0,ryan beatty boy in jeans,ryan beatty boy in jeans,0,0,False
73867,BLIP Caption + BERT,remove_punctuation,0,ryan beatty boy in jeans,ryan beatty boy in jeans,0,0,False
73867,BERT,remove_one_word,0,ryan beatty boy in jeans,ryan beatty in jeans,1,1,False
73867,CLIP + MLP,remove_one_word,0,ryan beatty boy in jeans,ryan beatty in jeans,0,0,False
73867,ViLT,remove_one_word,0,ryan beatty boy in jeans,ryan beatty in jeans,0,0,False
73867,BLIP Caption + BERT,remove_one_word,0,ryan beatty boy in jeans,ryan beatty in jeans,0,0,False
73867,BERT,add_noise,0,ryan beatty boy in jeans,ryan beatty boy in jeans breaking news,1,0,True
73867,CLIP + MLP,add_noise,0,ryan beatty boy in jeans,ryan beatty boy in jeans breaking news,0,0,False
73867,ViLT,add_noise,0,ryan beatty boy in jeans,ryan beatty boy in jeans breaking news,0,0,False
73867,BLIP Caption + BERT,add_noise,0,ryan beatty boy in jeans,ryan beatty boy in jeans breaking news,0,0,False
98519,BERT,remove_punctuation,1,jim carrey hitchhiking,jim carrey hitchhiking,1,1,False
98519,CLIP + MLP,remove_punctuation,1,jim carrey hitchhiking,jim carrey hitchhiking,0,0,False
98519,ViLT,remove_punctuation,1,jim carrey hitchhiking,jim carrey hitchhiking,0,0,False
98519,BLIP Caption + BERT,remove_punctuation,1,jim carrey hitchhiking,jim carrey hitchhiking,0,0,False
98519,BERT,remove_one_word,1,jim carrey hitchhiking,jim carrey hitchhiking,1,1,False
98519,CLIP + MLP,remove_one_word,1,jim carrey hitchhiking,jim carrey hitchhiking,0,0,False
98519,ViLT,remove_one_word,1,jim carrey hitchhiking,jim carrey hitchhiking,0,0,False
98519,BLIP Caption + BERT,remove_one_word,1,jim carrey hitchhiking,jim carrey hitchhiking,0,0,False
98519,BERT,add_noise,1,jim carrey hitchhiking,jim carrey hitchhiking breaking news,1,0,True
98519,CLIP + MLP,add_noise,1,jim carrey hitchhiking,jim carrey hitchhiking breaking news,0,0,False
98519,ViLT,add_noise,1,jim carrey hitchhiking,jim carrey hitchhiking breaking news,0,0,False
98519,BLIP Caption + BERT,add_noise,1,jim carrey hitchhiking,jim carrey hitchhiking breaking news,0,0,False
42540,BERT,remove_punctuation,0,one down,one down,0,0,False
42540,CLIP + MLP,remove_punctuation,0,one down,one down,0,0,False
42540,ViLT,remove_punctuation,0,one down,one down,0,0,False
42540,BLIP Caption + BERT,remove_punctuation,0,one down,one down,0,0,False
42540,BERT,remove_one_word,0,one down,one down,0,0,False
42540,CLIP + MLP,remove_one_word,0,one down,one down,0,0,False
42540,ViLT,remove_one_word,0,one down,one down,0,0,False
42540,BLIP Caption + BERT,remove_one_word,0,one down,one down,0,0,False
42540,BERT,add_noise,0,one down,one down breaking news,0,0,False
42540,CLIP + MLP,add_noise,0,one down,one down breaking news,0,0,False
42540,ViLT,add_noise,0,one down,one down breaking news,0,0,False
42540,BLIP Caption + BERT,add_noise,0,one down,one down breaking news,0,0,False
48382,BERT,remove_punctuation,0,mrs butterworth is having a bad morning,mrs butterworth is having a bad morning,0,0,False
48382,CLIP + MLP,remove_punctuation,0,mrs butterworth is having a bad morning,mrs butterworth is having a bad morning,0,0,False
48382,ViLT,remove_punctuation,0,mrs butterworth is having a bad morning,mrs butterworth is having a bad morning,0,0,False
48382,BLIP Caption + BERT,remove_punctuation,0,mrs butterworth is having a bad morning,mrs butterworth is having a bad morning,0,0,False
48382,BERT,remove_one_word,0,mrs butterworth is having a bad morning,mrs butterworth is a bad morning,0,0,False
48382,CLIP + MLP,remove_one_word,0,mrs butterworth is having a bad morning,mrs butterworth is a bad morning,0,0,False
48382,ViLT,remove_one_word,0,mrs butterworth is having a bad morning,mrs butterworth is a bad morning,0,0,False
48382,BLIP Caption + BERT,remove_one_word,0,mrs butterworth is having a bad morning,mrs butterworth is a bad morning,0,0,False
48382,BERT,add_noise,0,mrs butterworth is having a bad morning,mrs butterworth is having a bad morning breaking news,0,0,False
48382,CLIP + MLP,add_noise,0,mrs butterworth is having a bad morning,mrs butterworth is having a bad morning breaking news,0,0,False
48382,ViLT,add_noise,0,mrs butterworth is having a bad morning,mrs butterworth is having a bad morning breaking news,0,0,False
48382,BLIP Caption + BERT,add_noise,0,mrs butterworth is having a bad morning,mrs butterworth is having a bad morning breaking news,0,0,False
25963,BERT,remove_punctuation,0,jeffrey epstein received unknown visitor prior to his alleged suicide,jeffrey epstein received unknown visitor prior to his alleged suicide,0,0,False
25963,CLIP + MLP,remove_punctuation,0,jeffrey epstein received unknown visitor prior to his alleged suicide,jeffrey epstein received unknown visitor prior to his alleged suicide,0,0,False
25963,ViLT,remove_punctuation,0,jeffrey epstein received unknown visitor prior to his alleged suicide,jeffrey epstein received unknown visitor prior to his alleged suicide,0,0,False
25963,BLIP Caption + BERT,remove_punctuation,0,jeffrey epstein received unknown visitor prior to his alleged suicide,jeffrey epstein received unknown visitor prior to his alleged suicide,0,0,False
25963,BERT,remove_one_word,0,jeffrey epstein received unknown visitor prior to his alleged suicide,jeffrey epstein received unknown visitor to his alleged suicide,0,0,False
25963,CLIP + MLP,remove_one_word,0,jeffrey epstein received unknown visitor prior to his alleged suicide,jeffrey epstein received unknown visitor to his alleged suicide,0,0,False
25963,ViLT,remove_one_word,0,jeffrey epstein received unknown visitor prior to his alleged suicide,jeffrey epstein received unknown visitor to his alleged suicide,0,0,False
25963,BLIP Caption + BERT,remove_one_word,0,jeffrey epstein received unknown visitor prior to his alleged suicide,jeffrey epstein received unknown visitor to his alleged suicide,0,0,False
25963,BERT,add_noise,0,jeffrey epstein received unknown visitor prior to his alleged suicide,jeffrey epstein received unknown visitor prior to his alleged suicide breaking news,0,0,False
25963,CLIP + MLP,add_noise,0,jeffrey epstein received unknown visitor prior to his alleged suicide,jeffrey epstein received unknown visitor prior to his alleged suicide breaking news,0,0,False
25963,ViLT,add_noise,0,jeffrey epstein received unknown visitor prior to his alleged suicide,jeffrey epstein received unknown visitor prior to his alleged suicide breaking news,0,0,False
25963,BLIP Caption + BERT,add_noise,0,jeffrey epstein received unknown visitor prior to his alleged suicide,jeffrey epstein received unknown visitor prior to his alleged suicide breaking news,0,0,False
52983,BERT,remove_punctuation,0,these cherries that are down my phone to take her first steps,these cherries that are down my phone to take her first steps,1,1,False
52983,CLIP + MLP,remove_punctuation,0,these cherries that are down my phone to take her first steps,these cherries that are down my phone to take her first steps,1,1,False
52983,ViLT,remove_punctuation,0,these cherries that are down my phone to take her first steps,these cherries that are down my phone to take her first steps,0,0,False
52983,BLIP Caption + BERT,remove_punctuation,0,these cherries that are down my phone to take her first steps,these cherries that are down my phone to take her first steps,0,0,False
52983,BERT,remove_one_word,0,these cherries that are down my phone to take her first steps,these cherries that are down my to take her first steps,1,1,False
52983,CLIP + MLP,remove_one_word,0,these cherries that are down my phone to take her first steps,these cherries that are down my to take her first steps,1,1,False
52983,ViLT,remove_one_word,0,these cherries that are down my phone to take her first steps,these cherries that are down my to take her first steps,0,0,False
52983,BLIP Caption + BERT,remove_one_word,0,these cherries that are down my phone to take her first steps,these cherries that are down my to take her first steps,0,0,False
52983,BERT,add_noise,0,these cherries that are down my phone to take her first steps,these cherries that are down my phone to take her first steps breaking news,1,0,True
52983,CLIP + MLP,add_noise,0,these cherries that are down my phone to take her first steps,these cherries that are down my phone to take her first steps breaking news,1,1,False
52983,ViLT,add_noise,0,these cherries that are down my phone to take her first steps,these cherries that are down my phone to take her first steps breaking news,0,0,False
52983,BLIP Caption + BERT,add_noise,0,these cherries that are down my phone to take her first steps,these cherries that are down my phone to take her first steps breaking news,0,0,False
83364,BERT,remove_punctuation,1,this tree growing out of a stop sign,this tree growing out of a stop sign,1,1,False
83364,CLIP + MLP,remove_punctuation,1,this tree growing out of a stop sign,this tree growing out of a stop sign,1,1,False
83364,ViLT,remove_punctuation,1,this tree growing out of a stop sign,this tree growing out of a stop sign,1,1,False
83364,BLIP Caption + BERT,remove_punctuation,1,this tree growing out of a stop sign,this tree growing out of a stop sign,0,0,False
83364,BERT,remove_one_word,1,this tree growing out of a stop sign,this tree growing out a stop sign,1,1,False
83364,CLIP + MLP,remove_one_word,1,this tree growing out of a stop sign,this tree growing out a stop sign,1,1,False
83364,ViLT,remove_one_word,1,this tree growing out of a stop sign,this tree growing out a stop sign,1,1,False
83364,BLIP Caption + BERT,remove_one_word,1,this tree growing out of a stop sign,this tree growing out a stop sign,0,0,False
83364,BERT,add_noise,1,this tree growing out of a stop sign,this tree growing out of a stop sign breaking news,1,1,False
83364,CLIP + MLP,add_noise,1,this tree growing out of a stop sign,this tree growing out of a stop sign breaking news,1,1,False
83364,ViLT,add_noise,1,this tree growing out of a stop sign,this tree growing out of a stop sign breaking news,1,1,False
83364,BLIP Caption + BERT,add_noise,1,this tree growing out of a stop sign,this tree growing out of a stop sign breaking news,0,0,False
85106,BERT,remove_punctuation,1,ont fire station emergency vehicles lost to fire,ont fire station emergency vehicles lost to fire,1,1,False
85106,CLIP + MLP,remove_punctuation,1,ont fire station emergency vehicles lost to fire,ont fire station emergency vehicles lost to fire,1,1,False
85106,ViLT,remove_punctuation,1,ont fire station emergency vehicles lost to fire,ont fire station emergency vehicles lost to fire,1,1,False
85106,BLIP Caption + BERT,remove_punctuation,1,ont fire station emergency vehicles lost to fire,ont fire station emergency vehicles lost to fire,1,1,False
85106,BERT,remove_one_word,1,ont fire station emergency vehicles lost to fire,ont fire station emergency lost to fire,1,1,False
85106,CLIP + MLP,remove_one_word,1,ont fire station emergency vehicles lost to fire,ont fire station emergency lost to fire,1,1,False
85106,ViLT,remove_one_word,1,ont fire station emergency vehicles lost to fire,ont fire station emergency lost to fire,1,1,False
85106,BLIP Caption + BERT,remove_one_word,1,ont fire station emergency vehicles lost to fire,ont fire station emergency lost to fire,1,1,False
85106,BERT,add_noise,1,ont fire station emergency vehicles lost to fire,ont fire station emergency vehicles lost to fire breaking news,1,1,False
85106,CLIP + MLP,add_noise,1,ont fire station emergency vehicles lost to fire,ont fire station emergency vehicles lost to fire breaking news,1,1,False
85106,ViLT,add_noise,1,ont fire station emergency vehicles lost to fire,ont fire station emergency vehicles lost to fire breaking news,1,1,False
85106,BLIP Caption + BERT,add_noise,1,ont fire station emergency vehicles lost to fire,ont fire station emergency vehicles lost to fire breaking news,1,1,False
27712,BERT,remove_punctuation,1,swedish chef,swedish chef,1,1,False
27712,CLIP + MLP,remove_punctuation,1,swedish chef,swedish chef,0,0,False
27712,ViLT,remove_punctuation,1,swedish chef,swedish chef,0,0,False
27712,BLIP Caption + BERT,remove_punctuation,1,swedish chef,swedish chef,1,1,False
27712,BERT,remove_one_word,1,swedish chef,swedish chef,1,1,False
27712,CLIP + MLP,remove_one_word,1,swedish chef,swedish chef,0,0,False
27712,ViLT,remove_one_word,1,swedish chef,swedish chef,0,0,False
27712,BLIP Caption + BERT,remove_one_word,1,swedish chef,swedish chef,1,1,False
27712,BERT,add_noise,1,swedish chef,swedish chef breaking news,1,0,True
27712,CLIP + MLP,add_noise,1,swedish chef,swedish chef breaking news,0,0,False
27712,ViLT,add_noise,1,swedish chef,swedish chef breaking news,0,0,False
27712,BLIP Caption + BERT,add_noise,1,swedish chef,swedish chef breaking news,1,0,True
96563,BERT,remove_punctuation,1,attorney asks for leniency in a federal lawsuit because the utah jazz lost,attorney asks for leniency in a federal lawsuit because the utah jazz lost,1,1,False
96563,CLIP + MLP,remove_punctuation,1,attorney asks for leniency in a federal lawsuit because the utah jazz lost,attorney asks for leniency in a federal lawsuit because the utah jazz lost,0,0,False
96563,ViLT,remove_punctuation,1,attorney asks for leniency in a federal lawsuit because the utah jazz lost,attorney asks for leniency in a federal lawsuit because the utah jazz lost,1,1,False
96563,BLIP Caption + BERT,remove_punctuation,1,attorney asks for leniency in a federal lawsuit because the utah jazz lost,attorney asks for leniency in a federal lawsuit because the utah jazz lost,0,0,False
96563,BERT,remove_one_word,1,attorney asks for leniency in a federal lawsuit because the utah jazz lost,attorney asks for leniency in a lawsuit because the utah jazz lost,1,1,False
96563,CLIP + MLP,remove_one_word,1,attorney asks for leniency in a federal lawsuit because the utah jazz lost,attorney asks for leniency in a lawsuit because the utah jazz lost,0,0,False
96563,ViLT,remove_one_word,1,attorney asks for leniency in a federal lawsuit because the utah jazz lost,attorney asks for leniency in a lawsuit because the utah jazz lost,1,1,False
96563,BLIP Caption + BERT,remove_one_word,1,attorney asks for leniency in a federal lawsuit because the utah jazz lost,attorney asks for leniency in a lawsuit because the utah jazz lost,0,0,False
96563,BERT,add_noise,1,attorney asks for leniency in a federal lawsuit because the utah jazz lost,attorney asks for leniency in a federal lawsuit because the utah jazz lost breaking news,1,0,True
96563,CLIP + MLP,add_noise,1,attorney asks for leniency in a federal lawsuit because the utah jazz lost,attorney asks for leniency in a federal lawsuit because the utah jazz lost breaking news,0,0,False
96563,ViLT,add_noise,1,attorney asks for leniency in a federal lawsuit because the utah jazz lost,attorney asks for leniency in a federal lawsuit because the utah jazz lost breaking news,1,1,False
96563,BLIP Caption + BERT,add_noise,1,attorney asks for leniency in a federal lawsuit because the utah jazz lost,attorney asks for leniency in a federal lawsuit because the utah jazz lost breaking news,0,0,False
66415,BERT,remove_punctuation,1,turkeys circling a dead cat are probably wary not working dark magic,turkeys circling a dead cat are probably wary not working dark magic,1,1,False
66415,CLIP + MLP,remove_punctuation,1,turkeys circling a dead cat are probably wary not working dark magic,turkeys circling a dead cat are probably wary not working dark magic,0,0,False
66415,ViLT,remove_punctuation,1,turkeys circling a dead cat are probably wary not working dark magic,turkeys circling a dead cat are probably wary not working dark magic,1,1,False
66415,BLIP Caption + BERT,remove_punctuation,1,turkeys circling a dead cat are probably wary not working dark magic,turkeys circling a dead cat are probably wary not working dark magic,0,0,False
66415,BERT,remove_one_word,1,turkeys circling a dead cat are probably wary not working dark magic,turkeys circling a dead cat are wary not working dark magic,1,1,False
66415,CLIP + MLP,remove_one_word,1,turkeys circling a dead cat are probably wary not working dark magic,turkeys circling a dead cat are wary not working dark magic,0,0,False
66415,ViLT,remove_one_word,1,turkeys circling a dead cat are probably wary not working dark magic,turkeys circling a dead cat are wary not working dark magic,1,1,False
66415,BLIP Caption + BERT,remove_one_word,1,turkeys circling a dead cat are probably wary not working dark magic,turkeys circling a dead cat are wary not working dark magic,0,1,True
66415,BERT,add_noise,1,turkeys circling a dead cat are probably wary not working dark magic,turkeys circling a dead cat are probably wary not working dark magic breaking news,1,1,False
66415,CLIP + MLP,add_noise,1,turkeys circling a dead cat are probably wary not working dark magic,turkeys circling a dead cat are probably wary not working dark magic breaking news,0,0,False
66415,ViLT,add_noise,1,turkeys circling a dead cat are probably wary not working dark magic,turkeys circling a dead cat are probably wary not working dark magic breaking news,1,1,False
66415,BLIP Caption + BERT,add_noise,1,turkeys circling a dead cat are probably wary not working dark magic,turkeys circling a dead cat are probably wary not working dark magic breaking news,0,0,False
37711,BERT,remove_punctuation,1,this pineapple shaped porch light,this pineapple shaped porch light,1,1,False
37711,CLIP + MLP,remove_punctuation,1,this pineapple shaped porch light,this pineapple shaped porch light,1,1,False
37711,ViLT,remove_punctuation,1,this pineapple shaped porch light,this pineapple shaped porch light,1,1,False
37711,BLIP Caption + BERT,remove_punctuation,1,this pineapple shaped porch light,this pineapple shaped porch light,0,0,False
37711,BERT,remove_one_word,1,this pineapple shaped porch light,this pineapple porch light,1,1,False
37711,CLIP + MLP,remove_one_word,1,this pineapple shaped porch light,this pineapple porch light,1,1,False
37711,ViLT,remove_one_word,1,this pineapple shaped porch light,this pineapple porch light,1,1,False
37711,BLIP Caption + BERT,remove_one_word,1,this pineapple shaped porch light,this pineapple porch light,0,0,False
37711,BERT,add_noise,1,this pineapple shaped porch light,this pineapple shaped porch light breaking news,1,1,False
37711,CLIP + MLP,add_noise,1,this pineapple shaped porch light,this pineapple shaped porch light breaking news,1,1,False
37711,ViLT,add_noise,1,this pineapple shaped porch light,this pineapple shaped porch light breaking news,1,1,False
37711,BLIP Caption + BERT,add_noise,1,this pineapple shaped porch light,this pineapple shaped porch light breaking news,0,0,False
50835,BERT,remove_punctuation,0,sparta,sparta,0,0,False
50835,CLIP + MLP,remove_punctuation,0,sparta,sparta,0,0,False
50835,ViLT,remove_punctuation,0,sparta,sparta,0,0,False
50835,BLIP Caption + BERT,remove_punctuation,0,sparta,sparta,0,0,False
50835,BERT,remove_one_word,0,sparta,sparta,0,0,False
50835,CLIP + MLP,remove_one_word,0,sparta,sparta,0,0,False
50835,ViLT,remove_one_word,0,sparta,sparta,0,0,False
50835,BLIP Caption + BERT,remove_one_word,0,sparta,sparta,0,0,False
50835,BERT,add_noise,0,sparta,sparta breaking news,0,0,False
50835,CLIP + MLP,add_noise,0,sparta,sparta breaking news,0,0,False
50835,ViLT,add_noise,0,sparta,sparta breaking news,0,0,False
50835,BLIP Caption + BERT,add_noise,0,sparta,sparta breaking news,0,0,False
23133,BERT,remove_punctuation,1,found a slightly misprinted yugioh card i thought i had lost today while looking for some stuff in my collection,found a slightly misprinted yugioh card i thought i had lost today while looking for some stuff in my collection,1,1,False
23133,CLIP + MLP,remove_punctuation,1,found a slightly misprinted yugioh card i thought i had lost today while looking for some stuff in my collection,found a slightly misprinted yugioh card i thought i had lost today while looking for some stuff in my collection,1,1,False
23133,ViLT,remove_punctuation,1,found a slightly misprinted yugioh card i thought i had lost today while looking for some stuff in my collection,found a slightly misprinted yugioh card i thought i had lost today while looking for some stuff in my collection,1,1,False
23133,BLIP Caption + BERT,remove_punctuation,1,found a slightly misprinted yugioh card i thought i had lost today while looking for some stuff in my collection,found a slightly misprinted yugioh card i thought i had lost today while looking for some stuff in my collection,0,0,False
23133,BERT,remove_one_word,1,found a slightly misprinted yugioh card i thought i had lost today while looking for some stuff in my collection,found a slightly misprinted yugioh card i thought i had today while looking for some stuff in my collection,1,1,False
23133,CLIP + MLP,remove_one_word,1,found a slightly misprinted yugioh card i thought i had lost today while looking for some stuff in my collection,found a slightly misprinted yugioh card i thought i had today while looking for some stuff in my collection,1,1,False
23133,ViLT,remove_one_word,1,found a slightly misprinted yugioh card i thought i had lost today while looking for some stuff in my collection,found a slightly misprinted yugioh card i thought i had today while looking for some stuff in my collection,1,1,False
23133,BLIP Caption + BERT,remove_one_word,1,found a slightly misprinted yugioh card i thought i had lost today while looking for some stuff in my collection,found a slightly misprinted yugioh card i thought i had today while looking for some stuff in my collection,0,0,False
23133,BERT,add_noise,1,found a slightly misprinted yugioh card i thought i had lost today while looking for some stuff in my collection,found a slightly misprinted yugioh card i thought i had lost today while looking for some stuff in my collection breaking news,1,1,False
23133,CLIP + MLP,add_noise,1,found a slightly misprinted yugioh card i thought i had lost today while looking for some stuff in my collection,found a slightly misprinted yugioh card i thought i had lost today while looking for some stuff in my collection breaking news,1,1,False
23133,ViLT,add_noise,1,found a slightly misprinted yugioh card i thought i had lost today while looking for some stuff in my collection,found a slightly misprinted yugioh card i thought i had lost today while looking for some stuff in my collection breaking news,1,1,False
23133,BLIP Caption + BERT,add_noise,1,found a slightly misprinted yugioh card i thought i had lost today while looking for some stuff in my collection,found a slightly misprinted yugioh card i thought i had lost today while looking for some stuff in my collection breaking news,0,0,False
103033,BERT,remove_punctuation,0,sing zenith royal,sing zenith royal,0,0,False
103033,CLIP + MLP,remove_punctuation,0,sing zenith royal,sing zenith royal,0,0,False
103033,ViLT,remove_punctuation,0,sing zenith royal,sing zenith royal,0,0,False
103033,BLIP Caption + BERT,remove_punctuation,0,sing zenith royal,sing zenith royal,1,1,False
103033,BERT,remove_one_word,0,sing zenith royal,sing zenith royal,0,0,False
103033,CLIP + MLP,remove_one_word,0,sing zenith royal,sing zenith royal,0,0,False
103033,ViLT,remove_one_word,0,sing zenith royal,sing zenith royal,0,0,False
103033,BLIP Caption + BERT,remove_one_word,0,sing zenith royal,sing zenith royal,1,1,False
103033,BERT,add_noise,0,sing zenith royal,sing zenith royal breaking news,0,0,False
103033,CLIP + MLP,add_noise,0,sing zenith royal,sing zenith royal breaking news,0,0,False
103033,ViLT,add_noise,0,sing zenith royal,sing zenith royal breaking news,0,0,False
103033,BLIP Caption + BERT,add_noise,0,sing zenith royal,sing zenith royal breaking news,1,1,False
88682,BERT,remove_punctuation,1,fixed giant concrete teepee acting as a lightning rod at a s dakota rest stop,fixed giant concrete teepee acting as a lightning rod at a s dakota rest stop,1,1,False
88682,CLIP + MLP,remove_punctuation,1,fixed giant concrete teepee acting as a lightning rod at a s dakota rest stop,fixed giant concrete teepee acting as a lightning rod at a s dakota rest stop,0,0,False
88682,ViLT,remove_punctuation,1,fixed giant concrete teepee acting as a lightning rod at a s dakota rest stop,fixed giant concrete teepee acting as a lightning rod at a s dakota rest stop,1,1,False
88682,BLIP Caption + BERT,remove_punctuation,1,fixed giant concrete teepee acting as a lightning rod at a s dakota rest stop,fixed giant concrete teepee acting as a lightning rod at a s dakota rest stop,0,0,False
88682,BERT,remove_one_word,1,fixed giant concrete teepee acting as a lightning rod at a s dakota rest stop,fixed giant concrete teepee acting as a rod at a s dakota rest stop,1,1,False
88682,CLIP + MLP,remove_one_word,1,fixed giant concrete teepee acting as a lightning rod at a s dakota rest stop,fixed giant concrete teepee acting as a rod at a s dakota rest stop,0,0,False
88682,ViLT,remove_one_word,1,fixed giant concrete teepee acting as a lightning rod at a s dakota rest stop,fixed giant concrete teepee acting as a rod at a s dakota rest stop,1,1,False
88682,BLIP Caption + BERT,remove_one_word,1,fixed giant concrete teepee acting as a lightning rod at a s dakota rest stop,fixed giant concrete teepee acting as a rod at a s dakota rest stop,0,0,False
88682,BERT,add_noise,1,fixed giant concrete teepee acting as a lightning rod at a s dakota rest stop,fixed giant concrete teepee acting as a lightning rod at a s dakota rest stop breaking news,1,1,False
88682,CLIP + MLP,add_noise,1,fixed giant concrete teepee acting as a lightning rod at a s dakota rest stop,fixed giant concrete teepee acting as a lightning rod at a s dakota rest stop breaking news,0,0,False
88682,ViLT,add_noise,1,fixed giant concrete teepee acting as a lightning rod at a s dakota rest stop,fixed giant concrete teepee acting as a lightning rod at a s dakota rest stop breaking news,1,1,False
88682,BLIP Caption + BERT,add_noise,1,fixed giant concrete teepee acting as a lightning rod at a s dakota rest stop,fixed giant concrete teepee acting as a lightning rod at a s dakota rest stop breaking news,0,0,False
37397,BERT,remove_punctuation,0,ww,ww,0,0,False
37397,CLIP + MLP,remove_punctuation,0,ww,ww,0,0,False
37397,ViLT,remove_punctuation,0,ww,ww,0,0,False
37397,BLIP Caption + BERT,remove_punctuation,0,ww,ww,0,0,False
37397,BERT,remove_one_word,0,ww,ww,0,0,False
37397,CLIP + MLP,remove_one_word,0,ww,ww,0,0,False
37397,ViLT,remove_one_word,0,ww,ww,0,0,False
37397,BLIP Caption + BERT,remove_one_word,0,ww,ww,0,0,False
37397,BERT,add_noise,0,ww,ww breaking news,0,0,False
37397,CLIP + MLP,add_noise,0,ww,ww breaking news,0,0,False
37397,ViLT,add_noise,0,ww,ww breaking news,0,0,False
37397,BLIP Caption + BERT,add_noise,0,ww,ww breaking news,0,0,False
20104,BERT,remove_punctuation,0,i apologize in advance,i apologize in advance,0,0,False
20104,CLIP + MLP,remove_punctuation,0,i apologize in advance,i apologize in advance,0,0,False
20104,ViLT,remove_punctuation,0,i apologize in advance,i apologize in advance,0,0,False
20104,BLIP Caption + BERT,remove_punctuation,0,i apologize in advance,i apologize in advance,0,0,False
20104,BERT,remove_one_word,0,i apologize in advance,i apologize advance,0,0,False
20104,CLIP + MLP,remove_one_word,0,i apologize in advance,i apologize advance,0,0,False
20104,ViLT,remove_one_word,0,i apologize in advance,i apologize advance,0,0,False
20104,BLIP Caption + BERT,remove_one_word,0,i apologize in advance,i apologize advance,0,0,False
20104,BERT,add_noise,0,i apologize in advance,i apologize in advance breaking news,0,0,False
20104,CLIP + MLP,add_noise,0,i apologize in advance,i apologize in advance breaking news,0,0,False
20104,ViLT,add_noise,0,i apologize in advance,i apologize in advance breaking news,0,0,False
20104,BLIP Caption + BERT,add_noise,0,i apologize in advance,i apologize in advance breaking news,0,0,False
22838,BERT,remove_punctuation,1,a cat examining his reflection,a cat examining his reflection,1,1,False
22838,CLIP + MLP,remove_punctuation,1,a cat examining his reflection,a cat examining his reflection,0,0,False
22838,ViLT,remove_punctuation,1,a cat examining his reflection,a cat examining his reflection,0,0,False
22838,BLIP Caption + BERT,remove_punctuation,1,a cat examining his reflection,a cat examining his reflection,1,1,False
22838,BERT,remove_one_word,1,a cat examining his reflection,a cat his reflection,1,1,False
22838,CLIP + MLP,remove_one_word,1,a cat examining his reflection,a cat his reflection,0,0,False
22838,ViLT,remove_one_word,1,a cat examining his reflection,a cat his reflection,0,0,False
22838,BLIP Caption + BERT,remove_one_word,1,a cat examining his reflection,a cat his reflection,1,0,True
22838,BERT,add_noise,1,a cat examining his reflection,a cat examining his reflection breaking news,1,1,False
22838,CLIP + MLP,add_noise,1,a cat examining his reflection,a cat examining his reflection breaking news,0,0,False
22838,ViLT,add_noise,1,a cat examining his reflection,a cat examining his reflection breaking news,0,0,False
22838,BLIP Caption + BERT,add_noise,1,a cat examining his reflection,a cat examining his reflection breaking news,1,0,True
55518,BERT,remove_punctuation,1,jumping on balance beam,jumping on balance beam,1,1,False
55518,CLIP + MLP,remove_punctuation,1,jumping on balance beam,jumping on balance beam,0,0,False
55518,ViLT,remove_punctuation,1,jumping on balance beam,jumping on balance beam,0,0,False
55518,BLIP Caption + BERT,remove_punctuation,1,jumping on balance beam,jumping on balance beam,1,1,False
55518,BERT,remove_one_word,1,jumping on balance beam,jumping on beam,1,1,False
55518,CLIP + MLP,remove_one_word,1,jumping on balance beam,jumping on beam,0,0,False
55518,ViLT,remove_one_word,1,jumping on balance beam,jumping on beam,0,0,False
55518,BLIP Caption + BERT,remove_one_word,1,jumping on balance beam,jumping on beam,1,0,True
55518,BERT,add_noise,1,jumping on balance beam,jumping on balance beam breaking news,1,0,True
55518,CLIP + MLP,add_noise,1,jumping on balance beam,jumping on balance beam breaking news,0,0,False
55518,ViLT,add_noise,1,jumping on balance beam,jumping on balance beam breaking news,0,0,False
55518,BLIP Caption + BERT,add_noise,1,jumping on balance beam,jumping on balance beam breaking news,1,1,False
105110,BERT,remove_punctuation,1,hairless bear,hairless bear,1,1,False
105110,CLIP + MLP,remove_punctuation,1,hairless bear,hairless bear,0,0,False
105110,ViLT,remove_punctuation,1,hairless bear,hairless bear,0,0,False
105110,BLIP Caption + BERT,remove_punctuation,1,hairless bear,hairless bear,0,0,False
105110,BERT,remove_one_word,1,hairless bear,hairless bear,1,1,False
105110,CLIP + MLP,remove_one_word,1,hairless bear,hairless bear,0,0,False
105110,ViLT,remove_one_word,1,hairless bear,hairless bear,0,0,False
105110,BLIP Caption + BERT,remove_one_word,1,hairless bear,hairless bear,0,0,False
105110,BERT,add_noise,1,hairless bear,hairless bear breaking news,1,0,True
105110,CLIP + MLP,add_noise,1,hairless bear,hairless bear breaking news,0,0,False
105110,ViLT,add_noise,1,hairless bear,hairless bear breaking news,0,0,False
105110,BLIP Caption + BERT,add_noise,1,hairless bear,hairless bear breaking news,0,0,False
67730,BERT,remove_punctuation,1,the orioles gave derek jeter crabs,the orioles gave derek jeter crabs,1,1,False
67730,CLIP + MLP,remove_punctuation,1,the orioles gave derek jeter crabs,the orioles gave derek jeter crabs,0,0,False
67730,ViLT,remove_punctuation,1,the orioles gave derek jeter crabs,the orioles gave derek jeter crabs,1,1,False
67730,BLIP Caption + BERT,remove_punctuation,1,the orioles gave derek jeter crabs,the orioles gave derek jeter crabs,0,0,False
67730,BERT,remove_one_word,1,the orioles gave derek jeter crabs,the orioles gave jeter crabs,1,1,False
67730,CLIP + MLP,remove_one_word,1,the orioles gave derek jeter crabs,the orioles gave jeter crabs,0,0,False
67730,ViLT,remove_one_word,1,the orioles gave derek jeter crabs,the orioles gave jeter crabs,1,0,True
67730,BLIP Caption + BERT,remove_one_word,1,the orioles gave derek jeter crabs,the orioles gave jeter crabs,0,0,False
67730,BERT,add_noise,1,the orioles gave derek jeter crabs,the orioles gave derek jeter crabs breaking news,1,0,True
67730,CLIP + MLP,add_noise,1,the orioles gave derek jeter crabs,the orioles gave derek jeter crabs breaking news,0,0,False
67730,ViLT,add_noise,1,the orioles gave derek jeter crabs,the orioles gave derek jeter crabs breaking news,1,1,False
67730,BLIP Caption + BERT,add_noise,1,the orioles gave derek jeter crabs,the orioles gave derek jeter crabs breaking news,0,0,False
100455,BERT,remove_punctuation,1,the way these icicles dripped onto the tree branches,the way these icicles dripped onto the tree branches,1,1,False
100455,CLIP + MLP,remove_punctuation,1,the way these icicles dripped onto the tree branches,the way these icicles dripped onto the tree branches,1,1,False
100455,ViLT,remove_punctuation,1,the way these icicles dripped onto the tree branches,the way these icicles dripped onto the tree branches,1,1,False
100455,BLIP Caption + BERT,remove_punctuation,1,the way these icicles dripped onto the tree branches,the way these icicles dripped onto the tree branches,0,0,False
100455,BERT,remove_one_word,1,the way these icicles dripped onto the tree branches,the way these icicles onto the tree branches,1,1,False
100455,CLIP + MLP,remove_one_word,1,the way these icicles dripped onto the tree branches,the way these icicles onto the tree branches,1,1,False
100455,ViLT,remove_one_word,1,the way these icicles dripped onto the tree branches,the way these icicles onto the tree branches,1,1,False
100455,BLIP Caption + BERT,remove_one_word,1,the way these icicles dripped onto the tree branches,the way these icicles onto the tree branches,0,0,False
100455,BERT,add_noise,1,the way these icicles dripped onto the tree branches,the way these icicles dripped onto the tree branches breaking news,1,1,False
100455,CLIP + MLP,add_noise,1,the way these icicles dripped onto the tree branches,the way these icicles dripped onto the tree branches breaking news,1,1,False
100455,ViLT,add_noise,1,the way these icicles dripped onto the tree branches,the way these icicles dripped onto the tree branches breaking news,1,1,False
100455,BLIP Caption + BERT,add_noise,1,the way these icicles dripped onto the tree branches,the way these icicles dripped onto the tree branches breaking news,0,0,False
18472,BERT,remove_punctuation,1,doctors and nurses suspended after orgy,doctors and nurses suspended after orgy,1,1,False
18472,CLIP + MLP,remove_punctuation,1,doctors and nurses suspended after orgy,doctors and nurses suspended after orgy,0,0,False
18472,ViLT,remove_punctuation,1,doctors and nurses suspended after orgy,doctors and nurses suspended after orgy,0,0,False
18472,BLIP Caption + BERT,remove_punctuation,1,doctors and nurses suspended after orgy,doctors and nurses suspended after orgy,0,0,False
18472,BERT,remove_one_word,1,doctors and nurses suspended after orgy,doctors and nurses after orgy,1,1,False
18472,CLIP + MLP,remove_one_word,1,doctors and nurses suspended after orgy,doctors and nurses after orgy,0,0,False
18472,ViLT,remove_one_word,1,doctors and nurses suspended after orgy,doctors and nurses after orgy,0,1,True
18472,BLIP Caption + BERT,remove_one_word,1,doctors and nurses suspended after orgy,doctors and nurses after orgy,0,0,False
18472,BERT,add_noise,1,doctors and nurses suspended after orgy,doctors and nurses suspended after orgy breaking news,1,1,False
18472,CLIP + MLP,add_noise,1,doctors and nurses suspended after orgy,doctors and nurses suspended after orgy breaking news,0,0,False
18472,ViLT,add_noise,1,doctors and nurses suspended after orgy,doctors and nurses suspended after orgy breaking news,0,1,True
18472,BLIP Caption + BERT,add_noise,1,doctors and nurses suspended after orgy,doctors and nurses suspended after orgy breaking news,0,0,False
77158,BERT,remove_punctuation,1,connor mcdavid in an awkward fan photo,connor mcdavid in an awkward fan photo,1,1,False
77158,CLIP + MLP,remove_punctuation,1,connor mcdavid in an awkward fan photo,connor mcdavid in an awkward fan photo,0,0,False
77158,ViLT,remove_punctuation,1,connor mcdavid in an awkward fan photo,connor mcdavid in an awkward fan photo,0,0,False
77158,BLIP Caption + BERT,remove_punctuation,1,connor mcdavid in an awkward fan photo,connor mcdavid in an awkward fan photo,0,0,False
77158,BERT,remove_one_word,1,connor mcdavid in an awkward fan photo,connor mcdavid in awkward fan photo,1,1,False
77158,CLIP + MLP,remove_one_word,1,connor mcdavid in an awkward fan photo,connor mcdavid in awkward fan photo,0,0,False
77158,ViLT,remove_one_word,1,connor mcdavid in an awkward fan photo,connor mcdavid in awkward fan photo,0,0,False
77158,BLIP Caption + BERT,remove_one_word,1,connor mcdavid in an awkward fan photo,connor mcdavid in awkward fan photo,0,0,False
77158,BERT,add_noise,1,connor mcdavid in an awkward fan photo,connor mcdavid in an awkward fan photo breaking news,1,0,True
77158,CLIP + MLP,add_noise,1,connor mcdavid in an awkward fan photo,connor mcdavid in an awkward fan photo breaking news,0,0,False
77158,ViLT,add_noise,1,connor mcdavid in an awkward fan photo,connor mcdavid in an awkward fan photo breaking news,0,0,False
77158,BLIP Caption + BERT,add_noise,1,connor mcdavid in an awkward fan photo,connor mcdavid in an awkward fan photo breaking news,0,0,False
32394,BERT,remove_punctuation,1,magestic aztec dancer,magestic aztec dancer,0,0,False
32394,CLIP + MLP,remove_punctuation,1,magestic aztec dancer,magestic aztec dancer,0,0,False
32394,ViLT,remove_punctuation,1,magestic aztec dancer,magestic aztec dancer,0,0,False
32394,BLIP Caption + BERT,remove_punctuation,1,magestic aztec dancer,magestic aztec dancer,0,0,False
32394,BERT,remove_one_word,1,magestic aztec dancer,magestic aztec dancer,0,0,False
32394,CLIP + MLP,remove_one_word,1,magestic aztec dancer,magestic aztec dancer,0,0,False
32394,ViLT,remove_one_word,1,magestic aztec dancer,magestic aztec dancer,0,0,False
32394,BLIP Caption + BERT,remove_one_word,1,magestic aztec dancer,magestic aztec dancer,0,0,False
32394,BERT,add_noise,1,magestic aztec dancer,magestic aztec dancer breaking news,0,0,False
32394,CLIP + MLP,add_noise,1,magestic aztec dancer,magestic aztec dancer breaking news,0,0,False
32394,ViLT,add_noise,1,magestic aztec dancer,magestic aztec dancer breaking news,0,0,False
32394,BLIP Caption + BERT,add_noise,1,magestic aztec dancer,magestic aztec dancer breaking news,0,0,False
52794,BERT,remove_punctuation,1,the moon is so bright tonight it shows up as a white dot,the moon is so bright tonight it shows up as a white dot,1,1,False
52794,CLIP + MLP,remove_punctuation,1,the moon is so bright tonight it shows up as a white dot,the moon is so bright tonight it shows up as a white dot,0,0,False
52794,ViLT,remove_punctuation,1,the moon is so bright tonight it shows up as a white dot,the moon is so bright tonight it shows up as a white dot,1,1,False
52794,BLIP Caption + BERT,remove_punctuation,1,the moon is so bright tonight it shows up as a white dot,the moon is so bright tonight it shows up as a white dot,0,0,False
52794,BERT,remove_one_word,1,the moon is so bright tonight it shows up as a white dot,the moon is so bright tonight shows up as a white dot,1,1,False
52794,CLIP + MLP,remove_one_word,1,the moon is so bright tonight it shows up as a white dot,the moon is so bright tonight shows up as a white dot,0,0,False
52794,ViLT,remove_one_word,1,the moon is so bright tonight it shows up as a white dot,the moon is so bright tonight shows up as a white dot,1,1,False
52794,BLIP Caption + BERT,remove_one_word,1,the moon is so bright tonight it shows up as a white dot,the moon is so bright tonight shows up as a white dot,0,0,False
52794,BERT,add_noise,1,the moon is so bright tonight it shows up as a white dot,the moon is so bright tonight it shows up as a white dot breaking news,1,1,False
52794,CLIP + MLP,add_noise,1,the moon is so bright tonight it shows up as a white dot,the moon is so bright tonight it shows up as a white dot breaking news,0,0,False
52794,ViLT,add_noise,1,the moon is so bright tonight it shows up as a white dot,the moon is so bright tonight it shows up as a white dot breaking news,1,1,False
52794,BLIP Caption + BERT,add_noise,1,the moon is so bright tonight it shows up as a white dot,the moon is so bright tonight it shows up as a white dot breaking news,0,0,False
1978,BERT,remove_punctuation,0,untitled,untitled,0,0,False
1978,CLIP + MLP,remove_punctuation,0,untitled,untitled,0,0,False
1978,ViLT,remove_punctuation,0,untitled,untitled,0,0,False
1978,BLIP Caption + BERT,remove_punctuation,0,untitled,untitled,1,1,False
1978,BERT,remove_one_word,0,untitled,untitled,0,0,False
1978,CLIP + MLP,remove_one_word,0,untitled,untitled,0,0,False
1978,ViLT,remove_one_word,0,untitled,untitled,0,0,False
1978,BLIP Caption + BERT,remove_one_word,0,untitled,untitled,1,1,False
1978,BERT,add_noise,0,untitled,untitled breaking news,0,0,False
1978,CLIP + MLP,add_noise,0,untitled,untitled breaking news,0,0,False
1978,ViLT,add_noise,0,untitled,untitled breaking news,0,0,False
1978,BLIP Caption + BERT,add_noise,0,untitled,untitled breaking news,1,1,False
26331,BERT,remove_punctuation,0,the real purpose of the end part of chopstick will blow your mind,the real purpose of the end part of chopstick will blow your mind,0,0,False
26331,CLIP + MLP,remove_punctuation,0,the real purpose of the end part of chopstick will blow your mind,the real purpose of the end part of chopstick will blow your mind,0,0,False
26331,ViLT,remove_punctuation,0,the real purpose of the end part of chopstick will blow your mind,the real purpose of the end part of chopstick will blow your mind,1,1,False
26331,BLIP Caption + BERT,remove_punctuation,0,the real purpose of the end part of chopstick will blow your mind,the real purpose of the end part of chopstick will blow your mind,0,0,False
26331,BERT,remove_one_word,0,the real purpose of the end part of chopstick will blow your mind,the real purpose of the end of chopstick will blow your mind,0,0,False
26331,CLIP + MLP,remove_one_word,0,the real purpose of the end part of chopstick will blow your mind,the real purpose of the end of chopstick will blow your mind,0,0,False
26331,ViLT,remove_one_word,0,the real purpose of the end part of chopstick will blow your mind,the real purpose of the end of chopstick will blow your mind,1,1,False
26331,BLIP Caption + BERT,remove_one_word,0,the real purpose of the end part of chopstick will blow your mind,the real purpose of the end of chopstick will blow your mind,0,0,False
26331,BERT,add_noise,0,the real purpose of the end part of chopstick will blow your mind,the real purpose of the end part of chopstick will blow your mind breaking news,0,0,False
26331,CLIP + MLP,add_noise,0,the real purpose of the end part of chopstick will blow your mind,the real purpose of the end part of chopstick will blow your mind breaking news,0,0,False
26331,ViLT,add_noise,0,the real purpose of the end part of chopstick will blow your mind,the real purpose of the end part of chopstick will blow your mind breaking news,1,1,False
26331,BLIP Caption + BERT,add_noise,0,the real purpose of the end part of chopstick will blow your mind,the real purpose of the end part of chopstick will blow your mind breaking news,0,0,False
19644,BERT,remove_punctuation,1,got high on the force help me improve it for my okc profile,got high on the force help me improve it for my okc profile,1,1,False
19644,CLIP + MLP,remove_punctuation,1,got high on the force help me improve it for my okc profile,got high on the force help me improve it for my okc profile,0,0,False
19644,ViLT,remove_punctuation,1,got high on the force help me improve it for my okc profile,got high on the force help me improve it for my okc profile,1,1,False
19644,BLIP Caption + BERT,remove_punctuation,1,got high on the force help me improve it for my okc profile,got high on the force help me improve it for my okc profile,0,0,False
19644,BERT,remove_one_word,1,got high on the force help me improve it for my okc profile,got high on the force help improve it for my okc profile,1,1,False
19644,CLIP + MLP,remove_one_word,1,got high on the force help me improve it for my okc profile,got high on the force help improve it for my okc profile,0,0,False
19644,ViLT,remove_one_word,1,got high on the force help me improve it for my okc profile,got high on the force help improve it for my okc profile,1,1,False
19644,BLIP Caption + BERT,remove_one_word,1,got high on the force help me improve it for my okc profile,got high on the force help improve it for my okc profile,0,0,False
19644,BERT,add_noise,1,got high on the force help me improve it for my okc profile,got high on the force help me improve it for my okc profile breaking news,1,1,False
19644,CLIP + MLP,add_noise,1,got high on the force help me improve it for my okc profile,got high on the force help me improve it for my okc profile breaking news,0,0,False
19644,ViLT,add_noise,1,got high on the force help me improve it for my okc profile,got high on the force help me improve it for my okc profile breaking news,1,1,False
19644,BLIP Caption + BERT,add_noise,1,got high on the force help me improve it for my okc profile,got high on the force help me improve it for my okc profile breaking news,0,0,False
101086,BERT,remove_punctuation,1,bowe bergdahl will plead guilty avoiding trial years after his return to us,bowe bergdahl will plead guilty avoiding trial years after his return to us,1,1,False
101086,CLIP + MLP,remove_punctuation,1,bowe bergdahl will plead guilty avoiding trial years after his return to us,bowe bergdahl will plead guilty avoiding trial years after his return to us,0,0,False
101086,ViLT,remove_punctuation,1,bowe bergdahl will plead guilty avoiding trial years after his return to us,bowe bergdahl will plead guilty avoiding trial years after his return to us,0,0,False
101086,BLIP Caption + BERT,remove_punctuation,1,bowe bergdahl will plead guilty avoiding trial years after his return to us,bowe bergdahl will plead guilty avoiding trial years after his return to us,0,0,False
101086,BERT,remove_one_word,1,bowe bergdahl will plead guilty avoiding trial years after his return to us,bowe bergdahl will plead guilty avoiding years after his return to us,1,1,False
101086,CLIP + MLP,remove_one_word,1,bowe bergdahl will plead guilty avoiding trial years after his return to us,bowe bergdahl will plead guilty avoiding years after his return to us,0,0,False
101086,ViLT,remove_one_word,1,bowe bergdahl will plead guilty avoiding trial years after his return to us,bowe bergdahl will plead guilty avoiding years after his return to us,0,0,False
101086,BLIP Caption + BERT,remove_one_word,1,bowe bergdahl will plead guilty avoiding trial years after his return to us,bowe bergdahl will plead guilty avoiding years after his return to us,0,0,False
101086,BERT,add_noise,1,bowe bergdahl will plead guilty avoiding trial years after his return to us,bowe bergdahl will plead guilty avoiding trial years after his return to us breaking news,1,1,False
101086,CLIP + MLP,add_noise,1,bowe bergdahl will plead guilty avoiding trial years after his return to us,bowe bergdahl will plead guilty avoiding trial years after his return to us breaking news,0,0,False
101086,ViLT,add_noise,1,bowe bergdahl will plead guilty avoiding trial years after his return to us,bowe bergdahl will plead guilty avoiding trial years after his return to us breaking news,0,1,True
101086,BLIP Caption + BERT,add_noise,1,bowe bergdahl will plead guilty avoiding trial years after his return to us,bowe bergdahl will plead guilty avoiding trial years after his return to us breaking news,0,0,False
98644,BERT,remove_punctuation,1,this acrostic for overtested school kids,this acrostic for overtested school kids,1,1,False
98644,CLIP + MLP,remove_punctuation,1,this acrostic for overtested school kids,this acrostic for overtested school kids,1,1,False
98644,ViLT,remove_punctuation,1,this acrostic for overtested school kids,this acrostic for overtested school kids,0,0,False
98644,BLIP Caption + BERT,remove_punctuation,1,this acrostic for overtested school kids,this acrostic for overtested school kids,0,0,False
98644,BERT,remove_one_word,1,this acrostic for overtested school kids,this acrostic for school kids,1,1,False
98644,CLIP + MLP,remove_one_word,1,this acrostic for overtested school kids,this acrostic for school kids,1,1,False
98644,ViLT,remove_one_word,1,this acrostic for overtested school kids,this acrostic for school kids,0,0,False
98644,BLIP Caption + BERT,remove_one_word,1,this acrostic for overtested school kids,this acrostic for school kids,0,0,False
98644,BERT,add_noise,1,this acrostic for overtested school kids,this acrostic for overtested school kids breaking news,1,1,False
98644,CLIP + MLP,add_noise,1,this acrostic for overtested school kids,this acrostic for overtested school kids breaking news,1,1,False
98644,ViLT,add_noise,1,this acrostic for overtested school kids,this acrostic for overtested school kids breaking news,0,0,False
98644,BLIP Caption + BERT,add_noise,1,this acrostic for overtested school kids,this acrostic for overtested school kids breaking news,0,0,False
2310,BERT,remove_punctuation,1,a moth the size of my fist,a moth the size of my fist,1,1,False
2310,CLIP + MLP,remove_punctuation,1,a moth the size of my fist,a moth the size of my fist,0,0,False
2310,ViLT,remove_punctuation,1,a moth the size of my fist,a moth the size of my fist,1,1,False
2310,BLIP Caption + BERT,remove_punctuation,1,a moth the size of my fist,a moth the size of my fist,1,1,False
2310,BERT,remove_one_word,1,a moth the size of my fist,a moth the of my fist,1,1,False
2310,CLIP + MLP,remove_one_word,1,a moth the size of my fist,a moth the of my fist,0,0,False
2310,ViLT,remove_one_word,1,a moth the size of my fist,a moth the of my fist,1,1,False
2310,BLIP Caption + BERT,remove_one_word,1,a moth the size of my fist,a moth the of my fist,1,0,True
2310,BERT,add_noise,1,a moth the size of my fist,a moth the size of my fist breaking news,1,1,False
2310,CLIP + MLP,add_noise,1,a moth the size of my fist,a moth the size of my fist breaking news,0,0,False
2310,ViLT,add_noise,1,a moth the size of my fist,a moth the size of my fist breaking news,1,1,False
2310,BLIP Caption + BERT,add_noise,1,a moth the size of my fist,a moth the size of my fist breaking news,1,0,True
98151,BERT,remove_punctuation,1,pouting angela merkel,pouting angela merkel,1,1,False
98151,CLIP + MLP,remove_punctuation,1,pouting angela merkel,pouting angela merkel,0,0,False
98151,ViLT,remove_punctuation,1,pouting angela merkel,pouting angela merkel,0,0,False
98151,BLIP Caption + BERT,remove_punctuation,1,pouting angela merkel,pouting angela merkel,1,1,False
98151,BERT,remove_one_word,1,pouting angela merkel,pouting angela merkel,1,1,False
98151,CLIP + MLP,remove_one_word,1,pouting angela merkel,pouting angela merkel,0,0,False
98151,ViLT,remove_one_word,1,pouting angela merkel,pouting angela merkel,0,0,False
98151,BLIP Caption + BERT,remove_one_word,1,pouting angela merkel,pouting angela merkel,1,1,False
98151,BERT,add_noise,1,pouting angela merkel,pouting angela merkel breaking news,1,1,False
98151,CLIP + MLP,add_noise,1,pouting angela merkel,pouting angela merkel breaking news,0,0,False
98151,ViLT,add_noise,1,pouting angela merkel,pouting angela merkel breaking news,0,0,False
98151,BLIP Caption + BERT,add_noise,1,pouting angela merkel,pouting angela merkel breaking news,1,0,True
7467,BERT,remove_punctuation,0,a soldier observes prisoners at manzanar internment camp,a soldier observes prisoners at manzanar internment camp,0,0,False
7467,CLIP + MLP,remove_punctuation,0,a soldier observes prisoners at manzanar internment camp,a soldier observes prisoners at manzanar internment camp,0,0,False
7467,ViLT,remove_punctuation,0,a soldier observes prisoners at manzanar internment camp,a soldier observes prisoners at manzanar internment camp,0,0,False
7467,BLIP Caption + BERT,remove_punctuation,0,a soldier observes prisoners at manzanar internment camp,a soldier observes prisoners at manzanar internment camp,1,1,False
7467,BERT,remove_one_word,0,a soldier observes prisoners at manzanar internment camp,a soldier observes prisoners manzanar internment camp,0,0,False
7467,CLIP + MLP,remove_one_word,0,a soldier observes prisoners at manzanar internment camp,a soldier observes prisoners manzanar internment camp,0,0,False
7467,ViLT,remove_one_word,0,a soldier observes prisoners at manzanar internment camp,a soldier observes prisoners manzanar internment camp,0,0,False
7467,BLIP Caption + BERT,remove_one_word,0,a soldier observes prisoners at manzanar internment camp,a soldier observes prisoners manzanar internment camp,1,1,False
7467,BERT,add_noise,0,a soldier observes prisoners at manzanar internment camp,a soldier observes prisoners at manzanar internment camp breaking news,0,0,False
7467,CLIP + MLP,add_noise,0,a soldier observes prisoners at manzanar internment camp,a soldier observes prisoners at manzanar internment camp breaking news,0,0,False
7467,ViLT,add_noise,0,a soldier observes prisoners at manzanar internment camp,a soldier observes prisoners at manzanar internment camp breaking news,0,0,False
7467,BLIP Caption + BERT,add_noise,0,a soldier observes prisoners at manzanar internment camp,a soldier observes prisoners at manzanar internment camp breaking news,1,1,False
54319,BERT,remove_punctuation,1,mayor candidate vows to arrest homosexuals,mayor candidate vows to arrest homosexuals,1,1,False
54319,CLIP + MLP,remove_punctuation,1,mayor candidate vows to arrest homosexuals,mayor candidate vows to arrest homosexuals,0,0,False
54319,ViLT,remove_punctuation,1,mayor candidate vows to arrest homosexuals,mayor candidate vows to arrest homosexuals,0,0,False
54319,BLIP Caption + BERT,remove_punctuation,1,mayor candidate vows to arrest homosexuals,mayor candidate vows to arrest homosexuals,0,0,False
54319,BERT,remove_one_word,1,mayor candidate vows to arrest homosexuals,mayor candidate vows arrest homosexuals,1,1,False
54319,CLIP + MLP,remove_one_word,1,mayor candidate vows to arrest homosexuals,mayor candidate vows arrest homosexuals,0,0,False
54319,ViLT,remove_one_word,1,mayor candidate vows to arrest homosexuals,mayor candidate vows arrest homosexuals,0,0,False
54319,BLIP Caption + BERT,remove_one_word,1,mayor candidate vows to arrest homosexuals,mayor candidate vows arrest homosexuals,0,0,False
54319,BERT,add_noise,1,mayor candidate vows to arrest homosexuals,mayor candidate vows to arrest homosexuals breaking news,1,1,False
54319,CLIP + MLP,add_noise,1,mayor candidate vows to arrest homosexuals,mayor candidate vows to arrest homosexuals breaking news,0,0,False
54319,ViLT,add_noise,1,mayor candidate vows to arrest homosexuals,mayor candidate vows to arrest homosexuals breaking news,0,0,False
54319,BLIP Caption + BERT,add_noise,1,mayor candidate vows to arrest homosexuals,mayor candidate vows to arrest homosexuals breaking news,0,0,False
44106,BERT,remove_punctuation,0,will ferrell,will ferrell,0,0,False
44106,CLIP + MLP,remove_punctuation,0,will ferrell,will ferrell,0,0,False
44106,ViLT,remove_punctuation,0,will ferrell,will ferrell,0,0,False
44106,BLIP Caption + BERT,remove_punctuation,0,will ferrell,will ferrell,0,0,False
44106,BERT,remove_one_word,0,will ferrell,will ferrell,0,0,False
44106,CLIP + MLP,remove_one_word,0,will ferrell,will ferrell,0,0,False
44106,ViLT,remove_one_word,0,will ferrell,will ferrell,0,0,False
44106,BLIP Caption + BERT,remove_one_word,0,will ferrell,will ferrell,0,0,False
44106,BERT,add_noise,0,will ferrell,will ferrell breaking news,0,0,False
44106,CLIP + MLP,add_noise,0,will ferrell,will ferrell breaking news,0,0,False
44106,ViLT,add_noise,0,will ferrell,will ferrell breaking news,0,0,False
44106,BLIP Caption + BERT,add_noise,0,will ferrell,will ferrell breaking news,0,0,False
25166,BERT,remove_punctuation,0,theyve come a long way since their selfmade car racing days,theyve come a long way since their selfmade car racing days,0,0,False
25166,CLIP + MLP,remove_punctuation,0,theyve come a long way since their selfmade car racing days,theyve come a long way since their selfmade car racing days,0,0,False
25166,ViLT,remove_punctuation,0,theyve come a long way since their selfmade car racing days,theyve come a long way since their selfmade car racing days,0,0,False
25166,BLIP Caption + BERT,remove_punctuation,0,theyve come a long way since their selfmade car racing days,theyve come a long way since their selfmade car racing days,0,0,False
25166,BERT,remove_one_word,0,theyve come a long way since their selfmade car racing days,theyve come a long way their selfmade car racing days,0,0,False
25166,CLIP + MLP,remove_one_word,0,theyve come a long way since their selfmade car racing days,theyve come a long way their selfmade car racing days,0,0,False
25166,ViLT,remove_one_word,0,theyve come a long way since their selfmade car racing days,theyve come a long way their selfmade car racing days,0,0,False
25166,BLIP Caption + BERT,remove_one_word,0,theyve come a long way since their selfmade car racing days,theyve come a long way their selfmade car racing days,0,0,False
25166,BERT,add_noise,0,theyve come a long way since their selfmade car racing days,theyve come a long way since their selfmade car racing days breaking news,0,0,False
25166,CLIP + MLP,add_noise,0,theyve come a long way since their selfmade car racing days,theyve come a long way since their selfmade car racing days breaking news,0,0,False
25166,ViLT,add_noise,0,theyve come a long way since their selfmade car racing days,theyve come a long way since their selfmade car racing days breaking news,0,0,False
25166,BLIP Caption + BERT,add_noise,0,theyve come a long way since their selfmade car racing days,theyve come a long way since their selfmade car racing days breaking news,0,0,False
16599,BERT,remove_punctuation,0,brickwall home town,brickwall home town,0,0,False
16599,CLIP + MLP,remove_punctuation,0,brickwall home town,brickwall home town,0,0,False
16599,ViLT,remove_punctuation,0,brickwall home town,brickwall home town,0,0,False
16599,BLIP Caption + BERT,remove_punctuation,0,brickwall home town,brickwall home town,1,1,False
16599,BERT,remove_one_word,0,brickwall home town,brickwall home town,0,0,False
16599,CLIP + MLP,remove_one_word,0,brickwall home town,brickwall home town,0,0,False
16599,ViLT,remove_one_word,0,brickwall home town,brickwall home town,0,0,False
16599,BLIP Caption + BERT,remove_one_word,0,brickwall home town,brickwall home town,1,1,False
16599,BERT,add_noise,0,brickwall home town,brickwall home town breaking news,0,0,False
16599,CLIP + MLP,add_noise,0,brickwall home town,brickwall home town breaking news,0,0,False
16599,ViLT,add_noise,0,brickwall home town,brickwall home town breaking news,0,0,False
16599,BLIP Caption + BERT,add_noise,0,brickwall home town,brickwall home town breaking news,1,1,False
81585,BERT,remove_punctuation,1,turns out pepsi crystal still exist,turns out pepsi crystal still exist,1,1,False
81585,CLIP + MLP,remove_punctuation,1,turns out pepsi crystal still exist,turns out pepsi crystal still exist,0,0,False
81585,ViLT,remove_punctuation,1,turns out pepsi crystal still exist,turns out pepsi crystal still exist,1,1,False
81585,BLIP Caption + BERT,remove_punctuation,1,turns out pepsi crystal still exist,turns out pepsi crystal still exist,0,0,False
81585,BERT,remove_one_word,1,turns out pepsi crystal still exist,turns out pepsi still exist,1,1,False
81585,CLIP + MLP,remove_one_word,1,turns out pepsi crystal still exist,turns out pepsi still exist,0,0,False
81585,ViLT,remove_one_word,1,turns out pepsi crystal still exist,turns out pepsi still exist,1,1,False
81585,BLIP Caption + BERT,remove_one_word,1,turns out pepsi crystal still exist,turns out pepsi still exist,0,0,False
81585,BERT,add_noise,1,turns out pepsi crystal still exist,turns out pepsi crystal still exist breaking news,1,1,False
81585,CLIP + MLP,add_noise,1,turns out pepsi crystal still exist,turns out pepsi crystal still exist breaking news,0,0,False
81585,ViLT,add_noise,1,turns out pepsi crystal still exist,turns out pepsi crystal still exist breaking news,1,1,False
81585,BLIP Caption + BERT,add_noise,1,turns out pepsi crystal still exist,turns out pepsi crystal still exist breaking news,0,0,False
16493,BERT,remove_punctuation,0,never let me go,never let me go,0,0,False
16493,CLIP + MLP,remove_punctuation,0,never let me go,never let me go,0,0,False
16493,ViLT,remove_punctuation,0,never let me go,never let me go,0,0,False
16493,BLIP Caption + BERT,remove_punctuation,0,never let me go,never let me go,0,0,False
16493,BERT,remove_one_word,0,never let me go,never let go,0,0,False
16493,CLIP + MLP,remove_one_word,0,never let me go,never let go,0,0,False
16493,ViLT,remove_one_word,0,never let me go,never let go,0,0,False
16493,BLIP Caption + BERT,remove_one_word,0,never let me go,never let go,0,0,False
16493,BERT,add_noise,0,never let me go,never let me go breaking news,0,0,False
16493,CLIP + MLP,add_noise,0,never let me go,never let me go breaking news,0,0,False
16493,ViLT,add_noise,0,never let me go,never let me go breaking news,0,0,False
16493,BLIP Caption + BERT,add_noise,0,never let me go,never let me go breaking news,0,0,False
80019,BERT,remove_punctuation,0,knowing my luck with usual in flight displays,knowing my luck with usual in flight displays,0,0,False
80019,CLIP + MLP,remove_punctuation,0,knowing my luck with usual in flight displays,knowing my luck with usual in flight displays,0,0,False
80019,ViLT,remove_punctuation,0,knowing my luck with usual in flight displays,knowing my luck with usual in flight displays,1,1,False
80019,BLIP Caption + BERT,remove_punctuation,0,knowing my luck with usual in flight displays,knowing my luck with usual in flight displays,0,0,False
80019,BERT,remove_one_word,0,knowing my luck with usual in flight displays,knowing my luck with in flight displays,0,1,True
80019,CLIP + MLP,remove_one_word,0,knowing my luck with usual in flight displays,knowing my luck with in flight displays,0,0,False
80019,ViLT,remove_one_word,0,knowing my luck with usual in flight displays,knowing my luck with in flight displays,1,1,False
80019,BLIP Caption + BERT,remove_one_word,0,knowing my luck with usual in flight displays,knowing my luck with in flight displays,0,0,False
80019,BERT,add_noise,0,knowing my luck with usual in flight displays,knowing my luck with usual in flight displays breaking news,0,1,True
80019,CLIP + MLP,add_noise,0,knowing my luck with usual in flight displays,knowing my luck with usual in flight displays breaking news,0,0,False
80019,ViLT,add_noise,0,knowing my luck with usual in flight displays,knowing my luck with usual in flight displays breaking news,1,1,False
80019,BLIP Caption + BERT,add_noise,0,knowing my luck with usual in flight displays,knowing my luck with usual in flight displays breaking news,0,0,False
56863,BERT,remove_punctuation,0,kawii desu,kawii desu,0,0,False
56863,CLIP + MLP,remove_punctuation,0,kawii desu,kawii desu,0,0,False
56863,ViLT,remove_punctuation,0,kawii desu,kawii desu,0,0,False
56863,BLIP Caption + BERT,remove_punctuation,0,kawii desu,kawii desu,0,0,False
56863,BERT,remove_one_word,0,kawii desu,kawii desu,0,0,False
56863,CLIP + MLP,remove_one_word,0,kawii desu,kawii desu,0,0,False
56863,ViLT,remove_one_word,0,kawii desu,kawii desu,0,0,False
56863,BLIP Caption + BERT,remove_one_word,0,kawii desu,kawii desu,0,0,False
56863,BERT,add_noise,0,kawii desu,kawii desu breaking news,0,0,False
56863,CLIP + MLP,add_noise,0,kawii desu,kawii desu breaking news,0,0,False
56863,ViLT,add_noise,0,kawii desu,kawii desu breaking news,0,0,False
56863,BLIP Caption + BERT,add_noise,0,kawii desu,kawii desu breaking news,0,0,False
60201,BERT,remove_punctuation,1,my thumbnails are different shapes and sizes,my thumbnails are different shapes and sizes,1,1,False
60201,CLIP + MLP,remove_punctuation,1,my thumbnails are different shapes and sizes,my thumbnails are different shapes and sizes,1,1,False
60201,ViLT,remove_punctuation,1,my thumbnails are different shapes and sizes,my thumbnails are different shapes and sizes,1,1,False
60201,BLIP Caption + BERT,remove_punctuation,1,my thumbnails are different shapes and sizes,my thumbnails are different shapes and sizes,0,0,False
60201,BERT,remove_one_word,1,my thumbnails are different shapes and sizes,my thumbnails are shapes and sizes,1,1,False
60201,CLIP + MLP,remove_one_word,1,my thumbnails are different shapes and sizes,my thumbnails are shapes and sizes,1,0,True
60201,ViLT,remove_one_word,1,my thumbnails are different shapes and sizes,my thumbnails are shapes and sizes,1,1,False
60201,BLIP Caption + BERT,remove_one_word,1,my thumbnails are different shapes and sizes,my thumbnails are shapes and sizes,0,0,False
60201,BERT,add_noise,1,my thumbnails are different shapes and sizes,my thumbnails are different shapes and sizes breaking news,1,1,False
60201,CLIP + MLP,add_noise,1,my thumbnails are different shapes and sizes,my thumbnails are different shapes and sizes breaking news,1,1,False
60201,ViLT,add_noise,1,my thumbnails are different shapes and sizes,my thumbnails are different shapes and sizes breaking news,1,1,False
60201,BLIP Caption + BERT,add_noise,1,my thumbnails are different shapes and sizes,my thumbnails are different shapes and sizes breaking news,0,0,False
9137,BERT,remove_punctuation,0,howtotrainyourswan,howtotrainyourswan,0,0,False
9137,CLIP + MLP,remove_punctuation,0,howtotrainyourswan,howtotrainyourswan,0,0,False
9137,ViLT,remove_punctuation,0,howtotrainyourswan,howtotrainyourswan,0,0,False
9137,BLIP Caption + BERT,remove_punctuation,0,howtotrainyourswan,howtotrainyourswan,0,0,False
9137,BERT,remove_one_word,0,howtotrainyourswan,howtotrainyourswan,0,0,False
9137,CLIP + MLP,remove_one_word,0,howtotrainyourswan,howtotrainyourswan,0,0,False
9137,ViLT,remove_one_word,0,howtotrainyourswan,howtotrainyourswan,0,0,False
9137,BLIP Caption + BERT,remove_one_word,0,howtotrainyourswan,howtotrainyourswan,0,0,False
9137,BERT,add_noise,0,howtotrainyourswan,howtotrainyourswan breaking news,0,0,False
9137,CLIP + MLP,add_noise,0,howtotrainyourswan,howtotrainyourswan breaking news,0,0,False
9137,ViLT,add_noise,0,howtotrainyourswan,howtotrainyourswan breaking news,0,0,False
9137,BLIP Caption + BERT,add_noise,0,howtotrainyourswan,howtotrainyourswan breaking news,0,0,False
30911,BERT,remove_punctuation,1,my manager has a light bulb aquarium with a shrimp in it on his desk at work,my manager has a light bulb aquarium with a shrimp in it on his desk at work,1,1,False
30911,CLIP + MLP,remove_punctuation,1,my manager has a light bulb aquarium with a shrimp in it on his desk at work,my manager has a light bulb aquarium with a shrimp in it on his desk at work,1,1,False
30911,ViLT,remove_punctuation,1,my manager has a light bulb aquarium with a shrimp in it on his desk at work,my manager has a light bulb aquarium with a shrimp in it on his desk at work,1,1,False
30911,BLIP Caption + BERT,remove_punctuation,1,my manager has a light bulb aquarium with a shrimp in it on his desk at work,my manager has a light bulb aquarium with a shrimp in it on his desk at work,0,0,False
30911,BERT,remove_one_word,1,my manager has a light bulb aquarium with a shrimp in it on his desk at work,my manager has a light bulb aquarium with shrimp in it on his desk at work,1,1,False
30911,CLIP + MLP,remove_one_word,1,my manager has a light bulb aquarium with a shrimp in it on his desk at work,my manager has a light bulb aquarium with shrimp in it on his desk at work,1,1,False
30911,ViLT,remove_one_word,1,my manager has a light bulb aquarium with a shrimp in it on his desk at work,my manager has a light bulb aquarium with shrimp in it on his desk at work,1,1,False
30911,BLIP Caption + BERT,remove_one_word,1,my manager has a light bulb aquarium with a shrimp in it on his desk at work,my manager has a light bulb aquarium with shrimp in it on his desk at work,0,0,False
30911,BERT,add_noise,1,my manager has a light bulb aquarium with a shrimp in it on his desk at work,my manager has a light bulb aquarium with a shrimp in it on his desk at work breaking news,1,1,False
30911,CLIP + MLP,add_noise,1,my manager has a light bulb aquarium with a shrimp in it on his desk at work,my manager has a light bulb aquarium with a shrimp in it on his desk at work breaking news,1,1,False
30911,ViLT,add_noise,1,my manager has a light bulb aquarium with a shrimp in it on his desk at work,my manager has a light bulb aquarium with a shrimp in it on his desk at work breaking news,1,1,False
30911,BLIP Caption + BERT,add_noise,1,my manager has a light bulb aquarium with a shrimp in it on his desk at work,my manager has a light bulb aquarium with a shrimp in it on his desk at work breaking news,0,0,False
56053,BERT,remove_punctuation,1,world economic forum revokes invitation to north korea to attend the annual meeting in davos,world economic forum revokes invitation to north korea to attend the annual meeting in davos,1,1,False
56053,CLIP + MLP,remove_punctuation,1,world economic forum revokes invitation to north korea to attend the annual meeting in davos,world economic forum revokes invitation to north korea to attend the annual meeting in davos,0,0,False
56053,ViLT,remove_punctuation,1,world economic forum revokes invitation to north korea to attend the annual meeting in davos,world economic forum revokes invitation to north korea to attend the annual meeting in davos,0,0,False
56053,BLIP Caption + BERT,remove_punctuation,1,world economic forum revokes invitation to north korea to attend the annual meeting in davos,world economic forum revokes invitation to north korea to attend the annual meeting in davos,1,1,False
56053,BERT,remove_one_word,1,world economic forum revokes invitation to north korea to attend the annual meeting in davos,world economic forum revokes invitation to north to attend the annual meeting in davos,1,1,False
56053,CLIP + MLP,remove_one_word,1,world economic forum revokes invitation to north korea to attend the annual meeting in davos,world economic forum revokes invitation to north to attend the annual meeting in davos,0,0,False
56053,ViLT,remove_one_word,1,world economic forum revokes invitation to north korea to attend the annual meeting in davos,world economic forum revokes invitation to north to attend the annual meeting in davos,0,0,False
56053,BLIP Caption + BERT,remove_one_word,1,world economic forum revokes invitation to north korea to attend the annual meeting in davos,world economic forum revokes invitation to north to attend the annual meeting in davos,1,1,False
56053,BERT,add_noise,1,world economic forum revokes invitation to north korea to attend the annual meeting in davos,world economic forum revokes invitation to north korea to attend the annual meeting in davos breaking news,1,1,False
56053,CLIP + MLP,add_noise,1,world economic forum revokes invitation to north korea to attend the annual meeting in davos,world economic forum revokes invitation to north korea to attend the annual meeting in davos breaking news,0,0,False
56053,ViLT,add_noise,1,world economic forum revokes invitation to north korea to attend the annual meeting in davos,world economic forum revokes invitation to north korea to attend the annual meeting in davos breaking news,0,1,True
56053,BLIP Caption + BERT,add_noise,1,world economic forum revokes invitation to north korea to attend the annual meeting in davos,world economic forum revokes invitation to north korea to attend the annual meeting in davos breaking news,1,1,False
9242,BERT,remove_punctuation,0,delicious cream cheese wrap,delicious cream cheese wrap,0,0,False
9242,CLIP + MLP,remove_punctuation,0,delicious cream cheese wrap,delicious cream cheese wrap,0,0,False
9242,ViLT,remove_punctuation,0,delicious cream cheese wrap,delicious cream cheese wrap,0,0,False
9242,BLIP Caption + BERT,remove_punctuation,0,delicious cream cheese wrap,delicious cream cheese wrap,0,0,False
9242,BERT,remove_one_word,0,delicious cream cheese wrap,delicious cream wrap,0,0,False
9242,CLIP + MLP,remove_one_word,0,delicious cream cheese wrap,delicious cream wrap,0,0,False
9242,ViLT,remove_one_word,0,delicious cream cheese wrap,delicious cream wrap,0,0,False
9242,BLIP Caption + BERT,remove_one_word,0,delicious cream cheese wrap,delicious cream wrap,0,0,False
9242,BERT,add_noise,0,delicious cream cheese wrap,delicious cream cheese wrap breaking news,0,0,False
9242,CLIP + MLP,add_noise,0,delicious cream cheese wrap,delicious cream cheese wrap breaking news,0,0,False
9242,ViLT,add_noise,0,delicious cream cheese wrap,delicious cream cheese wrap breaking news,0,0,False
9242,BLIP Caption + BERT,add_noise,0,delicious cream cheese wrap,delicious cream cheese wrap breaking news,0,0,False
47722,BERT,remove_punctuation,1,amber room of the catherine palace russia,amber room of the catherine palace russia,1,1,False
47722,CLIP + MLP,remove_punctuation,1,amber room of the catherine palace russia,amber room of the catherine palace russia,0,0,False
47722,ViLT,remove_punctuation,1,amber room of the catherine palace russia,amber room of the catherine palace russia,1,1,False
47722,BLIP Caption + BERT,remove_punctuation,1,amber room of the catherine palace russia,amber room of the catherine palace russia,1,1,False
47722,BERT,remove_one_word,1,amber room of the catherine palace russia,amber room of catherine palace russia,1,1,False
47722,CLIP + MLP,remove_one_word,1,amber room of the catherine palace russia,amber room of catherine palace russia,0,0,False
47722,ViLT,remove_one_word,1,amber room of the catherine palace russia,amber room of catherine palace russia,1,1,False
47722,BLIP Caption + BERT,remove_one_word,1,amber room of the catherine palace russia,amber room of catherine palace russia,1,1,False
47722,BERT,add_noise,1,amber room of the catherine palace russia,amber room of the catherine palace russia breaking news,1,0,True
47722,CLIP + MLP,add_noise,1,amber room of the catherine palace russia,amber room of the catherine palace russia breaking news,0,0,False
47722,ViLT,add_noise,1,amber room of the catherine palace russia,amber room of the catherine palace russia breaking news,1,1,False
47722,BLIP Caption + BERT,add_noise,1,amber room of the catherine palace russia,amber room of the catherine palace russia breaking news,1,0,True
109176,BERT,remove_punctuation,1,people stretching the opera o,people stretching the opera o,1,1,False
109176,CLIP + MLP,remove_punctuation,1,people stretching the opera o,people stretching the opera o,0,0,False
109176,ViLT,remove_punctuation,1,people stretching the opera o,people stretching the opera o,0,0,False
109176,BLIP Caption + BERT,remove_punctuation,1,people stretching the opera o,people stretching the opera o,0,0,False
109176,BERT,remove_one_word,1,people stretching the opera o,people stretching opera o,1,1,False
109176,CLIP + MLP,remove_one_word,1,people stretching the opera o,people stretching opera o,0,0,False
109176,ViLT,remove_one_word,1,people stretching the opera o,people stretching opera o,0,0,False
109176,BLIP Caption + BERT,remove_one_word,1,people stretching the opera o,people stretching opera o,0,0,False
109176,BERT,add_noise,1,people stretching the opera o,people stretching the opera o breaking news,1,0,True
109176,CLIP + MLP,add_noise,1,people stretching the opera o,people stretching the opera o breaking news,0,0,False
109176,ViLT,add_noise,1,people stretching the opera o,people stretching the opera o breaking news,0,1,True
109176,BLIP Caption + BERT,add_noise,1,people stretching the opera o,people stretching the opera o breaking news,0,0,False
96823,BERT,remove_punctuation,0,alice in wonderland japanese edition,alice in wonderland japanese edition,0,0,False
96823,CLIP + MLP,remove_punctuation,0,alice in wonderland japanese edition,alice in wonderland japanese edition,0,0,False
96823,ViLT,remove_punctuation,0,alice in wonderland japanese edition,alice in wonderland japanese edition,0,0,False
96823,BLIP Caption + BERT,remove_punctuation,0,alice in wonderland japanese edition,alice in wonderland japanese edition,0,0,False
96823,BERT,remove_one_word,0,alice in wonderland japanese edition,alice in japanese edition,0,0,False
96823,CLIP + MLP,remove_one_word,0,alice in wonderland japanese edition,alice in japanese edition,0,0,False
96823,ViLT,remove_one_word,0,alice in wonderland japanese edition,alice in japanese edition,0,0,False
96823,BLIP Caption + BERT,remove_one_word,0,alice in wonderland japanese edition,alice in japanese edition,0,0,False
96823,BERT,add_noise,0,alice in wonderland japanese edition,alice in wonderland japanese edition breaking news,0,0,False
96823,CLIP + MLP,add_noise,0,alice in wonderland japanese edition,alice in wonderland japanese edition breaking news,0,0,False
96823,ViLT,add_noise,0,alice in wonderland japanese edition,alice in wonderland japanese edition breaking news,0,0,False
96823,BLIP Caption + BERT,add_noise,0,alice in wonderland japanese edition,alice in wonderland japanese edition breaking news,0,0,False
34479,BERT,remove_punctuation,1,this is the tail fin of a british raf tornado plane that crashed into the mediterranean sea the plane registration is zg and the crash report is in the comments,this is the tail fin of a british raf tornado plane that crashed into the mediterranean sea the plane registration is zg and the crash report is in the comments,1,1,False
34479,CLIP + MLP,remove_punctuation,1,this is the tail fin of a british raf tornado plane that crashed into the mediterranean sea the plane registration is zg and the crash report is in the comments,this is the tail fin of a british raf tornado plane that crashed into the mediterranean sea the plane registration is zg and the crash report is in the comments,1,1,False
34479,ViLT,remove_punctuation,1,this is the tail fin of a british raf tornado plane that crashed into the mediterranean sea the plane registration is zg and the crash report is in the comments,this is the tail fin of a british raf tornado plane that crashed into the mediterranean sea the plane registration is zg and the crash report is in the comments,0,0,False
34479,BLIP Caption + BERT,remove_punctuation,1,this is the tail fin of a british raf tornado plane that crashed into the mediterranean sea the plane registration is zg and the crash report is in the comments,this is the tail fin of a british raf tornado plane that crashed into the mediterranean sea the plane registration is zg and the crash report is in the comments,0,0,False
34479,BERT,remove_one_word,1,this is the tail fin of a british raf tornado plane that crashed into the mediterranean sea the plane registration is zg and the crash report is in the comments,this is the tail fin of a british raf tornado plane that crashed into the sea the plane registration is zg and the crash report is in the comments,1,1,False
34479,CLIP + MLP,remove_one_word,1,this is the tail fin of a british raf tornado plane that crashed into the mediterranean sea the plane registration is zg and the crash report is in the comments,this is the tail fin of a british raf tornado plane that crashed into the sea the plane registration is zg and the crash report is in the comments,1,1,False
34479,ViLT,remove_one_word,1,this is the tail fin of a british raf tornado plane that crashed into the mediterranean sea the plane registration is zg and the crash report is in the comments,this is the tail fin of a british raf tornado plane that crashed into the sea the plane registration is zg and the crash report is in the comments,0,0,False
34479,BLIP Caption + BERT,remove_one_word,1,this is the tail fin of a british raf tornado plane that crashed into the mediterranean sea the plane registration is zg and the crash report is in the comments,this is the tail fin of a british raf tornado plane that crashed into the sea the plane registration is zg and the crash report is in the comments,0,0,False
34479,BERT,add_noise,1,this is the tail fin of a british raf tornado plane that crashed into the mediterranean sea the plane registration is zg and the crash report is in the comments,this is the tail fin of a british raf tornado plane that crashed into the mediterranean sea the plane registration is zg and the crash report is in the comments breaking news,1,1,False
34479,CLIP + MLP,add_noise,1,this is the tail fin of a british raf tornado plane that crashed into the mediterranean sea the plane registration is zg and the crash report is in the comments,this is the tail fin of a british raf tornado plane that crashed into the mediterranean sea the plane registration is zg and the crash report is in the comments breaking news,1,1,False
34479,ViLT,add_noise,1,this is the tail fin of a british raf tornado plane that crashed into the mediterranean sea the plane registration is zg and the crash report is in the comments,this is the tail fin of a british raf tornado plane that crashed into the mediterranean sea the plane registration is zg and the crash report is in the comments breaking news,0,0,False
34479,BLIP Caption + BERT,add_noise,1,this is the tail fin of a british raf tornado plane that crashed into the mediterranean sea the plane registration is zg and the crash report is in the comments,this is the tail fin of a british raf tornado plane that crashed into the mediterranean sea the plane registration is zg and the crash report is in the comments breaking news,0,0,False
96319,BERT,remove_punctuation,0,raising the roof,raising the roof,0,0,False
96319,CLIP + MLP,remove_punctuation,0,raising the roof,raising the roof,0,0,False
96319,ViLT,remove_punctuation,0,raising the roof,raising the roof,0,0,False
96319,BLIP Caption + BERT,remove_punctuation,0,raising the roof,raising the roof,0,0,False
96319,BERT,remove_one_word,0,raising the roof,raising the roof,0,0,False
96319,CLIP + MLP,remove_one_word,0,raising the roof,raising the roof,0,0,False
96319,ViLT,remove_one_word,0,raising the roof,raising the roof,0,0,False
96319,BLIP Caption + BERT,remove_one_word,0,raising the roof,raising the roof,0,0,False
96319,BERT,add_noise,0,raising the roof,raising the roof breaking news,0,0,False
96319,CLIP + MLP,add_noise,0,raising the roof,raising the roof breaking news,0,0,False
96319,ViLT,add_noise,0,raising the roof,raising the roof breaking news,0,0,False
96319,BLIP Caption + BERT,add_noise,0,raising the roof,raising the roof breaking news,0,0,False
59816,BERT,remove_punctuation,1,it wont be easy universities medicaid hit hard as dunleavy vetoes nearly million from budget,it wont be easy universities medicaid hit hard as dunleavy vetoes nearly million from budget,1,1,False
59816,CLIP + MLP,remove_punctuation,1,it wont be easy universities medicaid hit hard as dunleavy vetoes nearly million from budget,it wont be easy universities medicaid hit hard as dunleavy vetoes nearly million from budget,0,0,False
59816,ViLT,remove_punctuation,1,it wont be easy universities medicaid hit hard as dunleavy vetoes nearly million from budget,it wont be easy universities medicaid hit hard as dunleavy vetoes nearly million from budget,1,1,False
59816,BLIP Caption + BERT,remove_punctuation,1,it wont be easy universities medicaid hit hard as dunleavy vetoes nearly million from budget,it wont be easy universities medicaid hit hard as dunleavy vetoes nearly million from budget,0,0,False
59816,BERT,remove_one_word,1,it wont be easy universities medicaid hit hard as dunleavy vetoes nearly million from budget,it wont be easy universities medicaid hit as dunleavy vetoes nearly million from budget,1,1,False
59816,CLIP + MLP,remove_one_word,1,it wont be easy universities medicaid hit hard as dunleavy vetoes nearly million from budget,it wont be easy universities medicaid hit as dunleavy vetoes nearly million from budget,0,0,False
59816,ViLT,remove_one_word,1,it wont be easy universities medicaid hit hard as dunleavy vetoes nearly million from budget,it wont be easy universities medicaid hit as dunleavy vetoes nearly million from budget,1,1,False
59816,BLIP Caption + BERT,remove_one_word,1,it wont be easy universities medicaid hit hard as dunleavy vetoes nearly million from budget,it wont be easy universities medicaid hit as dunleavy vetoes nearly million from budget,0,0,False
59816,BERT,add_noise,1,it wont be easy universities medicaid hit hard as dunleavy vetoes nearly million from budget,it wont be easy universities medicaid hit hard as dunleavy vetoes nearly million from budget breaking news,1,1,False
59816,CLIP + MLP,add_noise,1,it wont be easy universities medicaid hit hard as dunleavy vetoes nearly million from budget,it wont be easy universities medicaid hit hard as dunleavy vetoes nearly million from budget breaking news,0,0,False
59816,ViLT,add_noise,1,it wont be easy universities medicaid hit hard as dunleavy vetoes nearly million from budget,it wont be easy universities medicaid hit hard as dunleavy vetoes nearly million from budget breaking news,1,1,False
59816,BLIP Caption + BERT,add_noise,1,it wont be easy universities medicaid hit hard as dunleavy vetoes nearly million from budget,it wont be easy universities medicaid hit hard as dunleavy vetoes nearly million from budget breaking news,0,0,False
57776,BERT,remove_punctuation,0,nsfw dead animal inside,nsfw dead animal inside,0,0,False
57776,CLIP + MLP,remove_punctuation,0,nsfw dead animal inside,nsfw dead animal inside,0,0,False
57776,ViLT,remove_punctuation,0,nsfw dead animal inside,nsfw dead animal inside,0,0,False
57776,BLIP Caption + BERT,remove_punctuation,0,nsfw dead animal inside,nsfw dead animal inside,0,0,False
57776,BERT,remove_one_word,0,nsfw dead animal inside,nsfw dead inside,0,0,False
57776,CLIP + MLP,remove_one_word,0,nsfw dead animal inside,nsfw dead inside,0,0,False
57776,ViLT,remove_one_word,0,nsfw dead animal inside,nsfw dead inside,0,0,False
57776,BLIP Caption + BERT,remove_one_word,0,nsfw dead animal inside,nsfw dead inside,0,0,False
57776,BERT,add_noise,0,nsfw dead animal inside,nsfw dead animal inside breaking news,0,0,False
57776,CLIP + MLP,add_noise,0,nsfw dead animal inside,nsfw dead animal inside breaking news,0,0,False
57776,ViLT,add_noise,0,nsfw dead animal inside,nsfw dead animal inside breaking news,0,0,False
57776,BLIP Caption + BERT,add_noise,0,nsfw dead animal inside,nsfw dead animal inside breaking news,0,0,False
4410,BERT,remove_punctuation,1,passed out on couch wearing motorcycle helmet,passed out on couch wearing motorcycle helmet,0,0,False
4410,CLIP + MLP,remove_punctuation,1,passed out on couch wearing motorcycle helmet,passed out on couch wearing motorcycle helmet,0,0,False
4410,ViLT,remove_punctuation,1,passed out on couch wearing motorcycle helmet,passed out on couch wearing motorcycle helmet,1,1,False
4410,BLIP Caption + BERT,remove_punctuation,1,passed out on couch wearing motorcycle helmet,passed out on couch wearing motorcycle helmet,0,0,False
4410,BERT,remove_one_word,1,passed out on couch wearing motorcycle helmet,passed out on wearing motorcycle helmet,0,0,False
4410,CLIP + MLP,remove_one_word,1,passed out on couch wearing motorcycle helmet,passed out on wearing motorcycle helmet,0,0,False
4410,ViLT,remove_one_word,1,passed out on couch wearing motorcycle helmet,passed out on wearing motorcycle helmet,1,0,True
4410,BLIP Caption + BERT,remove_one_word,1,passed out on couch wearing motorcycle helmet,passed out on wearing motorcycle helmet,0,0,False
4410,BERT,add_noise,1,passed out on couch wearing motorcycle helmet,passed out on couch wearing motorcycle helmet breaking news,0,0,False
4410,CLIP + MLP,add_noise,1,passed out on couch wearing motorcycle helmet,passed out on couch wearing motorcycle helmet breaking news,0,0,False
4410,ViLT,add_noise,1,passed out on couch wearing motorcycle helmet,passed out on couch wearing motorcycle helmet breaking news,1,1,False
4410,BLIP Caption + BERT,add_noise,1,passed out on couch wearing motorcycle helmet,passed out on couch wearing motorcycle helmet breaking news,0,0,False
21387,BERT,remove_punctuation,0,they say polar bears can swim,they say polar bears can swim,0,0,False
21387,CLIP + MLP,remove_punctuation,0,they say polar bears can swim,they say polar bears can swim,0,0,False
21387,ViLT,remove_punctuation,0,they say polar bears can swim,they say polar bears can swim,0,0,False
21387,BLIP Caption + BERT,remove_punctuation,0,they say polar bears can swim,they say polar bears can swim,0,0,False
21387,BERT,remove_one_word,0,they say polar bears can swim,they say polar can swim,0,0,False
21387,CLIP + MLP,remove_one_word,0,they say polar bears can swim,they say polar can swim,0,0,False
21387,ViLT,remove_one_word,0,they say polar bears can swim,they say polar can swim,0,0,False
21387,BLIP Caption + BERT,remove_one_word,0,they say polar bears can swim,they say polar can swim,0,0,False
21387,BERT,add_noise,0,they say polar bears can swim,they say polar bears can swim breaking news,0,0,False
21387,CLIP + MLP,add_noise,0,they say polar bears can swim,they say polar bears can swim breaking news,0,0,False
21387,ViLT,add_noise,0,they say polar bears can swim,they say polar bears can swim breaking news,0,0,False
21387,BLIP Caption + BERT,add_noise,0,they say polar bears can swim,they say polar bears can swim breaking news,0,0,False
110535,BERT,remove_punctuation,1,the town that turned poverty into a prison sentence,the town that turned poverty into a prison sentence,1,1,False
110535,CLIP + MLP,remove_punctuation,1,the town that turned poverty into a prison sentence,the town that turned poverty into a prison sentence,0,0,False
110535,ViLT,remove_punctuation,1,the town that turned poverty into a prison sentence,the town that turned poverty into a prison sentence,1,1,False
110535,BLIP Caption + BERT,remove_punctuation,1,the town that turned poverty into a prison sentence,the town that turned poverty into a prison sentence,0,0,False
110535,BERT,remove_one_word,1,the town that turned poverty into a prison sentence,the town that turned into a prison sentence,1,1,False
110535,CLIP + MLP,remove_one_word,1,the town that turned poverty into a prison sentence,the town that turned into a prison sentence,0,0,False
110535,ViLT,remove_one_word,1,the town that turned poverty into a prison sentence,the town that turned into a prison sentence,1,1,False
110535,BLIP Caption + BERT,remove_one_word,1,the town that turned poverty into a prison sentence,the town that turned into a prison sentence,0,0,False
110535,BERT,add_noise,1,the town that turned poverty into a prison sentence,the town that turned poverty into a prison sentence breaking news,1,1,False
110535,CLIP + MLP,add_noise,1,the town that turned poverty into a prison sentence,the town that turned poverty into a prison sentence breaking news,0,0,False
110535,ViLT,add_noise,1,the town that turned poverty into a prison sentence,the town that turned poverty into a prison sentence breaking news,1,1,False
110535,BLIP Caption + BERT,add_noise,1,the town that turned poverty into a prison sentence,the town that turned poverty into a prison sentence breaking news,0,0,False
103671,BERT,remove_punctuation,0,booties,booties,0,0,False
103671,CLIP + MLP,remove_punctuation,0,booties,booties,0,0,False
103671,ViLT,remove_punctuation,0,booties,booties,0,0,False
103671,BLIP Caption + BERT,remove_punctuation,0,booties,booties,0,0,False
103671,BERT,remove_one_word,0,booties,booties,0,0,False
103671,CLIP + MLP,remove_one_word,0,booties,booties,0,0,False
103671,ViLT,remove_one_word,0,booties,booties,0,0,False
103671,BLIP Caption + BERT,remove_one_word,0,booties,booties,0,0,False
103671,BERT,add_noise,0,booties,booties breaking news,0,0,False
103671,CLIP + MLP,add_noise,0,booties,booties breaking news,0,0,False
103671,ViLT,add_noise,0,booties,booties breaking news,0,0,False
103671,BLIP Caption + BERT,add_noise,0,booties,booties breaking news,0,0,False
81433,BERT,remove_punctuation,0,httpiimgurcomxzpxijpg,httpiimgurcomxzpxijpg,0,0,False
81433,CLIP + MLP,remove_punctuation,0,httpiimgurcomxzpxijpg,httpiimgurcomxzpxijpg,0,0,False
81433,ViLT,remove_punctuation,0,httpiimgurcomxzpxijpg,httpiimgurcomxzpxijpg,0,0,False
81433,BLIP Caption + BERT,remove_punctuation,0,httpiimgurcomxzpxijpg,httpiimgurcomxzpxijpg,0,0,False
81433,BERT,remove_one_word,0,httpiimgurcomxzpxijpg,httpiimgurcomxzpxijpg,0,0,False
81433,CLIP + MLP,remove_one_word,0,httpiimgurcomxzpxijpg,httpiimgurcomxzpxijpg,0,0,False
81433,ViLT,remove_one_word,0,httpiimgurcomxzpxijpg,httpiimgurcomxzpxijpg,0,0,False
81433,BLIP Caption + BERT,remove_one_word,0,httpiimgurcomxzpxijpg,httpiimgurcomxzpxijpg,0,0,False
81433,BERT,add_noise,0,httpiimgurcomxzpxijpg,httpiimgurcomxzpxijpg breaking news,0,0,False
81433,CLIP + MLP,add_noise,0,httpiimgurcomxzpxijpg,httpiimgurcomxzpxijpg breaking news,0,0,False
81433,ViLT,add_noise,0,httpiimgurcomxzpxijpg,httpiimgurcomxzpxijpg breaking news,0,0,False
81433,BLIP Caption + BERT,add_noise,0,httpiimgurcomxzpxijpg,httpiimgurcomxzpxijpg breaking news,0,0,False
101903,BERT,remove_punctuation,0,a blunderbuss,a blunderbuss,0,0,False
101903,CLIP + MLP,remove_punctuation,0,a blunderbuss,a blunderbuss,0,0,False
101903,ViLT,remove_punctuation,0,a blunderbuss,a blunderbuss,0,0,False
101903,BLIP Caption + BERT,remove_punctuation,0,a blunderbuss,a blunderbuss,0,0,False
101903,BERT,remove_one_word,0,a blunderbuss,a blunderbuss,0,0,False
101903,CLIP + MLP,remove_one_word,0,a blunderbuss,a blunderbuss,0,0,False
101903,ViLT,remove_one_word,0,a blunderbuss,a blunderbuss,0,0,False
101903,BLIP Caption + BERT,remove_one_word,0,a blunderbuss,a blunderbuss,0,0,False
101903,BERT,add_noise,0,a blunderbuss,a blunderbuss breaking news,0,0,False
101903,CLIP + MLP,add_noise,0,a blunderbuss,a blunderbuss breaking news,0,0,False
101903,ViLT,add_noise,0,a blunderbuss,a blunderbuss breaking news,0,0,False
101903,BLIP Caption + BERT,add_noise,0,a blunderbuss,a blunderbuss breaking news,0,0,False
89300,BERT,remove_punctuation,1,alabama gun range stirs controversy with facebook photo of baby holding handgun,alabama gun range stirs controversy with facebook photo of baby holding handgun,1,1,False
89300,CLIP + MLP,remove_punctuation,1,alabama gun range stirs controversy with facebook photo of baby holding handgun,alabama gun range stirs controversy with facebook photo of baby holding handgun,0,0,False
89300,ViLT,remove_punctuation,1,alabama gun range stirs controversy with facebook photo of baby holding handgun,alabama gun range stirs controversy with facebook photo of baby holding handgun,0,0,False
89300,BLIP Caption + BERT,remove_punctuation,1,alabama gun range stirs controversy with facebook photo of baby holding handgun,alabama gun range stirs controversy with facebook photo of baby holding handgun,1,1,False
89300,BERT,remove_one_word,1,alabama gun range stirs controversy with facebook photo of baby holding handgun,alabama gun range stirs controversy with photo of baby holding handgun,1,1,False
89300,CLIP + MLP,remove_one_word,1,alabama gun range stirs controversy with facebook photo of baby holding handgun,alabama gun range stirs controversy with photo of baby holding handgun,0,0,False
89300,ViLT,remove_one_word,1,alabama gun range stirs controversy with facebook photo of baby holding handgun,alabama gun range stirs controversy with photo of baby holding handgun,0,0,False
89300,BLIP Caption + BERT,remove_one_word,1,alabama gun range stirs controversy with facebook photo of baby holding handgun,alabama gun range stirs controversy with photo of baby holding handgun,1,1,False
89300,BERT,add_noise,1,alabama gun range stirs controversy with facebook photo of baby holding handgun,alabama gun range stirs controversy with facebook photo of baby holding handgun breaking news,1,0,True
89300,CLIP + MLP,add_noise,1,alabama gun range stirs controversy with facebook photo of baby holding handgun,alabama gun range stirs controversy with facebook photo of baby holding handgun breaking news,0,0,False
89300,ViLT,add_noise,1,alabama gun range stirs controversy with facebook photo of baby holding handgun,alabama gun range stirs controversy with facebook photo of baby holding handgun breaking news,0,0,False
89300,BLIP Caption + BERT,add_noise,1,alabama gun range stirs controversy with facebook photo of baby holding handgun,alabama gun range stirs controversy with facebook photo of baby holding handgun breaking news,1,1,False
37703,BERT,remove_punctuation,0,puffer,puffer,0,0,False
37703,CLIP + MLP,remove_punctuation,0,puffer,puffer,0,0,False
37703,ViLT,remove_punctuation,0,puffer,puffer,0,0,False
37703,BLIP Caption + BERT,remove_punctuation,0,puffer,puffer,1,1,False
37703,BERT,remove_one_word,0,puffer,puffer,0,0,False
37703,CLIP + MLP,remove_one_word,0,puffer,puffer,0,0,False
37703,ViLT,remove_one_word,0,puffer,puffer,0,0,False
37703,BLIP Caption + BERT,remove_one_word,0,puffer,puffer,1,1,False
37703,BERT,add_noise,0,puffer,puffer breaking news,0,0,False
37703,CLIP + MLP,add_noise,0,puffer,puffer breaking news,0,0,False
37703,ViLT,add_noise,0,puffer,puffer breaking news,0,0,False
37703,BLIP Caption + BERT,add_noise,0,puffer,puffer breaking news,1,1,False
50691,BERT,remove_punctuation,0,life super mom this mother of three is really getting the hang of explaining national tragedies to her young children,life super mom this mother of three is really getting the hang of explaining national tragedies to her young children,0,0,False
50691,CLIP + MLP,remove_punctuation,0,life super mom this mother of three is really getting the hang of explaining national tragedies to her young children,life super mom this mother of three is really getting the hang of explaining national tragedies to her young children,0,0,False
50691,ViLT,remove_punctuation,0,life super mom this mother of three is really getting the hang of explaining national tragedies to her young children,life super mom this mother of three is really getting the hang of explaining national tragedies to her young children,0,0,False
50691,BLIP Caption + BERT,remove_punctuation,0,life super mom this mother of three is really getting the hang of explaining national tragedies to her young children,life super mom this mother of three is really getting the hang of explaining national tragedies to her young children,0,0,False
50691,BERT,remove_one_word,0,life super mom this mother of three is really getting the hang of explaining national tragedies to her young children,life super mom this mother of three is really getting hang of explaining national tragedies to her young children,0,0,False
50691,CLIP + MLP,remove_one_word,0,life super mom this mother of three is really getting the hang of explaining national tragedies to her young children,life super mom this mother of three is really getting hang of explaining national tragedies to her young children,0,0,False
50691,ViLT,remove_one_word,0,life super mom this mother of three is really getting the hang of explaining national tragedies to her young children,life super mom this mother of three is really getting hang of explaining national tragedies to her young children,0,0,False
50691,BLIP Caption + BERT,remove_one_word,0,life super mom this mother of three is really getting the hang of explaining national tragedies to her young children,life super mom this mother of three is really getting hang of explaining national tragedies to her young children,0,0,False
50691,BERT,add_noise,0,life super mom this mother of three is really getting the hang of explaining national tragedies to her young children,life super mom this mother of three is really getting the hang of explaining national tragedies to her young children breaking news,0,0,False
50691,CLIP + MLP,add_noise,0,life super mom this mother of three is really getting the hang of explaining national tragedies to her young children,life super mom this mother of three is really getting the hang of explaining national tragedies to her young children breaking news,0,0,False
50691,ViLT,add_noise,0,life super mom this mother of three is really getting the hang of explaining national tragedies to her young children,life super mom this mother of three is really getting the hang of explaining national tragedies to her young children breaking news,0,1,True
50691,BLIP Caption + BERT,add_noise,0,life super mom this mother of three is really getting the hang of explaining national tragedies to her young children,life super mom this mother of three is really getting the hang of explaining national tragedies to her young children breaking news,0,0,False
65144,BERT,remove_punctuation,0,cutouts,cutouts,0,0,False
65144,CLIP + MLP,remove_punctuation,0,cutouts,cutouts,0,0,False
65144,ViLT,remove_punctuation,0,cutouts,cutouts,0,0,False
65144,BLIP Caption + BERT,remove_punctuation,0,cutouts,cutouts,0,0,False
65144,BERT,remove_one_word,0,cutouts,cutouts,0,0,False
65144,CLIP + MLP,remove_one_word,0,cutouts,cutouts,0,0,False
65144,ViLT,remove_one_word,0,cutouts,cutouts,0,0,False
65144,BLIP Caption + BERT,remove_one_word,0,cutouts,cutouts,0,0,False
65144,BERT,add_noise,0,cutouts,cutouts breaking news,0,0,False
65144,CLIP + MLP,add_noise,0,cutouts,cutouts breaking news,0,0,False
65144,ViLT,add_noise,0,cutouts,cutouts breaking news,0,0,False
65144,BLIP Caption + BERT,add_noise,0,cutouts,cutouts breaking news,0,0,False
72283,BERT,remove_punctuation,0,mia wallace,mia wallace,0,0,False
72283,CLIP + MLP,remove_punctuation,0,mia wallace,mia wallace,0,0,False
72283,ViLT,remove_punctuation,0,mia wallace,mia wallace,0,0,False
72283,BLIP Caption + BERT,remove_punctuation,0,mia wallace,mia wallace,0,0,False
72283,BERT,remove_one_word,0,mia wallace,mia wallace,0,0,False
72283,CLIP + MLP,remove_one_word,0,mia wallace,mia wallace,0,0,False
72283,ViLT,remove_one_word,0,mia wallace,mia wallace,0,0,False
72283,BLIP Caption + BERT,remove_one_word,0,mia wallace,mia wallace,0,0,False
72283,BERT,add_noise,0,mia wallace,mia wallace breaking news,0,0,False
72283,CLIP + MLP,add_noise,0,mia wallace,mia wallace breaking news,0,0,False
72283,ViLT,add_noise,0,mia wallace,mia wallace breaking news,0,0,False
72283,BLIP Caption + BERT,add_noise,0,mia wallace,mia wallace breaking news,0,0,False
95873,BERT,remove_punctuation,0,other discussions,other discussions,0,0,False
95873,CLIP + MLP,remove_punctuation,0,other discussions,other discussions,0,0,False
95873,ViLT,remove_punctuation,0,other discussions,other discussions,0,0,False
95873,BLIP Caption + BERT,remove_punctuation,0,other discussions,other discussions,0,0,False
95873,BERT,remove_one_word,0,other discussions,other discussions,0,0,False
95873,CLIP + MLP,remove_one_word,0,other discussions,other discussions,0,0,False
95873,ViLT,remove_one_word,0,other discussions,other discussions,0,0,False
95873,BLIP Caption + BERT,remove_one_word,0,other discussions,other discussions,0,0,False
95873,BERT,add_noise,0,other discussions,other discussions breaking news,0,0,False
95873,CLIP + MLP,add_noise,0,other discussions,other discussions breaking news,0,0,False
95873,ViLT,add_noise,0,other discussions,other discussions breaking news,0,0,False
95873,BLIP Caption + BERT,add_noise,0,other discussions,other discussions breaking news,0,0,False
44252,BERT,remove_punctuation,1,im allergic to my husband,im allergic to my husband,0,0,False
44252,CLIP + MLP,remove_punctuation,1,im allergic to my husband,im allergic to my husband,0,0,False
44252,ViLT,remove_punctuation,1,im allergic to my husband,im allergic to my husband,0,0,False
44252,BLIP Caption + BERT,remove_punctuation,1,im allergic to my husband,im allergic to my husband,0,0,False
44252,BERT,remove_one_word,1,im allergic to my husband,im allergic my husband,0,0,False
44252,CLIP + MLP,remove_one_word,1,im allergic to my husband,im allergic my husband,0,0,False
44252,ViLT,remove_one_word,1,im allergic to my husband,im allergic my husband,0,0,False
44252,BLIP Caption + BERT,remove_one_word,1,im allergic to my husband,im allergic my husband,0,0,False
44252,BERT,add_noise,1,im allergic to my husband,im allergic to my husband breaking news,0,1,True
44252,CLIP + MLP,add_noise,1,im allergic to my husband,im allergic to my husband breaking news,0,0,False
44252,ViLT,add_noise,1,im allergic to my husband,im allergic to my husband breaking news,0,1,True
44252,BLIP Caption + BERT,add_noise,1,im allergic to my husband,im allergic to my husband breaking news,0,0,False
76652,BERT,remove_punctuation,1,worker rescues kitten from conveyor belt into compactor,worker rescues kitten from conveyor belt into compactor,1,1,False
76652,CLIP + MLP,remove_punctuation,1,worker rescues kitten from conveyor belt into compactor,worker rescues kitten from conveyor belt into compactor,0,0,False
76652,ViLT,remove_punctuation,1,worker rescues kitten from conveyor belt into compactor,worker rescues kitten from conveyor belt into compactor,0,0,False
76652,BLIP Caption + BERT,remove_punctuation,1,worker rescues kitten from conveyor belt into compactor,worker rescues kitten from conveyor belt into compactor,1,1,False
76652,BERT,remove_one_word,1,worker rescues kitten from conveyor belt into compactor,worker rescues kitten from belt into compactor,1,1,False
76652,CLIP + MLP,remove_one_word,1,worker rescues kitten from conveyor belt into compactor,worker rescues kitten from belt into compactor,0,0,False
76652,ViLT,remove_one_word,1,worker rescues kitten from conveyor belt into compactor,worker rescues kitten from belt into compactor,0,0,False
76652,BLIP Caption + BERT,remove_one_word,1,worker rescues kitten from conveyor belt into compactor,worker rescues kitten from belt into compactor,1,1,False
76652,BERT,add_noise,1,worker rescues kitten from conveyor belt into compactor,worker rescues kitten from conveyor belt into compactor breaking news,1,1,False
76652,CLIP + MLP,add_noise,1,worker rescues kitten from conveyor belt into compactor,worker rescues kitten from conveyor belt into compactor breaking news,0,0,False
76652,ViLT,add_noise,1,worker rescues kitten from conveyor belt into compactor,worker rescues kitten from conveyor belt into compactor breaking news,0,0,False
76652,BLIP Caption + BERT,add_noise,1,worker rescues kitten from conveyor belt into compactor,worker rescues kitten from conveyor belt into compactor breaking news,1,0,True
20045,BERT,remove_punctuation,0,warhol,warhol,0,0,False
20045,CLIP + MLP,remove_punctuation,0,warhol,warhol,0,0,False
20045,ViLT,remove_punctuation,0,warhol,warhol,0,0,False
20045,BLIP Caption + BERT,remove_punctuation,0,warhol,warhol,0,0,False
20045,BERT,remove_one_word,0,warhol,warhol,0,0,False
20045,CLIP + MLP,remove_one_word,0,warhol,warhol,0,0,False
20045,ViLT,remove_one_word,0,warhol,warhol,0,0,False
20045,BLIP Caption + BERT,remove_one_word,0,warhol,warhol,0,0,False
20045,BERT,add_noise,0,warhol,warhol breaking news,0,0,False
20045,CLIP + MLP,add_noise,0,warhol,warhol breaking news,0,0,False
20045,ViLT,add_noise,0,warhol,warhol breaking news,0,0,False
20045,BLIP Caption + BERT,add_noise,0,warhol,warhol breaking news,0,0,False
3101,BERT,remove_punctuation,0,warriors come out to plaaay,warriors come out to plaaay,0,0,False
3101,CLIP + MLP,remove_punctuation,0,warriors come out to plaaay,warriors come out to plaaay,0,0,False
3101,ViLT,remove_punctuation,0,warriors come out to plaaay,warriors come out to plaaay,0,0,False
3101,BLIP Caption + BERT,remove_punctuation,0,warriors come out to plaaay,warriors come out to plaaay,0,0,False
3101,BERT,remove_one_word,0,warriors come out to plaaay,warriors come to plaaay,0,0,False
3101,CLIP + MLP,remove_one_word,0,warriors come out to plaaay,warriors come to plaaay,0,0,False
3101,ViLT,remove_one_word,0,warriors come out to plaaay,warriors come to plaaay,0,0,False
3101,BLIP Caption + BERT,remove_one_word,0,warriors come out to plaaay,warriors come to plaaay,0,0,False
3101,BERT,add_noise,0,warriors come out to plaaay,warriors come out to plaaay breaking news,0,0,False
3101,CLIP + MLP,add_noise,0,warriors come out to plaaay,warriors come out to plaaay breaking news,0,0,False
3101,ViLT,add_noise,0,warriors come out to plaaay,warriors come out to plaaay breaking news,0,0,False
3101,BLIP Caption + BERT,add_noise,0,warriors come out to plaaay,warriors come out to plaaay breaking news,0,0,False
24628,BERT,remove_punctuation,0,computer show me st century space travel objective mode bwahaha,computer show me st century space travel objective mode bwahaha,0,0,False
24628,CLIP + MLP,remove_punctuation,0,computer show me st century space travel objective mode bwahaha,computer show me st century space travel objective mode bwahaha,0,0,False
24628,ViLT,remove_punctuation,0,computer show me st century space travel objective mode bwahaha,computer show me st century space travel objective mode bwahaha,0,0,False
24628,BLIP Caption + BERT,remove_punctuation,0,computer show me st century space travel objective mode bwahaha,computer show me st century space travel objective mode bwahaha,0,0,False
24628,BERT,remove_one_word,0,computer show me st century space travel objective mode bwahaha,computer show me st century travel objective mode bwahaha,0,0,False
24628,CLIP + MLP,remove_one_word,0,computer show me st century space travel objective mode bwahaha,computer show me st century travel objective mode bwahaha,0,0,False
24628,ViLT,remove_one_word,0,computer show me st century space travel objective mode bwahaha,computer show me st century travel objective mode bwahaha,0,0,False
24628,BLIP Caption + BERT,remove_one_word,0,computer show me st century space travel objective mode bwahaha,computer show me st century travel objective mode bwahaha,0,0,False
24628,BERT,add_noise,0,computer show me st century space travel objective mode bwahaha,computer show me st century space travel objective mode bwahaha breaking news,0,0,False
24628,CLIP + MLP,add_noise,0,computer show me st century space travel objective mode bwahaha,computer show me st century space travel objective mode bwahaha breaking news,0,0,False
24628,ViLT,add_noise,0,computer show me st century space travel objective mode bwahaha,computer show me st century space travel objective mode bwahaha breaking news,0,0,False
24628,BLIP Caption + BERT,add_noise,0,computer show me st century space travel objective mode bwahaha,computer show me st century space travel objective mode bwahaha breaking news,0,0,False
17126,BERT,remove_punctuation,0,donald trump speaking to reporters after summit with vladimir putin circa,donald trump speaking to reporters after summit with vladimir putin circa,0,0,False
17126,CLIP + MLP,remove_punctuation,0,donald trump speaking to reporters after summit with vladimir putin circa,donald trump speaking to reporters after summit with vladimir putin circa,0,0,False
17126,ViLT,remove_punctuation,0,donald trump speaking to reporters after summit with vladimir putin circa,donald trump speaking to reporters after summit with vladimir putin circa,0,0,False
17126,BLIP Caption + BERT,remove_punctuation,0,donald trump speaking to reporters after summit with vladimir putin circa,donald trump speaking to reporters after summit with vladimir putin circa,0,0,False
17126,BERT,remove_one_word,0,donald trump speaking to reporters after summit with vladimir putin circa,donald trump speaking to reporters summit with vladimir putin circa,0,0,False
17126,CLIP + MLP,remove_one_word,0,donald trump speaking to reporters after summit with vladimir putin circa,donald trump speaking to reporters summit with vladimir putin circa,0,0,False
17126,ViLT,remove_one_word,0,donald trump speaking to reporters after summit with vladimir putin circa,donald trump speaking to reporters summit with vladimir putin circa,0,0,False
17126,BLIP Caption + BERT,remove_one_word,0,donald trump speaking to reporters after summit with vladimir putin circa,donald trump speaking to reporters summit with vladimir putin circa,0,0,False
17126,BERT,add_noise,0,donald trump speaking to reporters after summit with vladimir putin circa,donald trump speaking to reporters after summit with vladimir putin circa breaking news,0,0,False
17126,CLIP + MLP,add_noise,0,donald trump speaking to reporters after summit with vladimir putin circa,donald trump speaking to reporters after summit with vladimir putin circa breaking news,0,0,False
17126,ViLT,add_noise,0,donald trump speaking to reporters after summit with vladimir putin circa,donald trump speaking to reporters after summit with vladimir putin circa breaking news,0,0,False
17126,BLIP Caption + BERT,add_noise,0,donald trump speaking to reporters after summit with vladimir putin circa,donald trump speaking to reporters after summit with vladimir putin circa breaking news,0,1,True
60146,BERT,remove_punctuation,1,bikers helping child victims,bikers helping child victims,1,1,False
60146,CLIP + MLP,remove_punctuation,1,bikers helping child victims,bikers helping child victims,0,0,False
60146,ViLT,remove_punctuation,1,bikers helping child victims,bikers helping child victims,1,1,False
60146,BLIP Caption + BERT,remove_punctuation,1,bikers helping child victims,bikers helping child victims,1,1,False
60146,BERT,remove_one_word,1,bikers helping child victims,bikers helping victims,1,1,False
60146,CLIP + MLP,remove_one_word,1,bikers helping child victims,bikers helping victims,0,0,False
60146,ViLT,remove_one_word,1,bikers helping child victims,bikers helping victims,1,1,False
60146,BLIP Caption + BERT,remove_one_word,1,bikers helping child victims,bikers helping victims,1,1,False
60146,BERT,add_noise,1,bikers helping child victims,bikers helping child victims breaking news,1,1,False
60146,CLIP + MLP,add_noise,1,bikers helping child victims,bikers helping child victims breaking news,0,0,False
60146,ViLT,add_noise,1,bikers helping child victims,bikers helping child victims breaking news,1,1,False
60146,BLIP Caption + BERT,add_noise,1,bikers helping child victims,bikers helping child victims breaking news,1,0,True
34243,BERT,remove_punctuation,1,russia cries foul over scottish independence vote,russia cries foul over scottish independence vote,1,1,False
34243,CLIP + MLP,remove_punctuation,1,russia cries foul over scottish independence vote,russia cries foul over scottish independence vote,0,0,False
34243,ViLT,remove_punctuation,1,russia cries foul over scottish independence vote,russia cries foul over scottish independence vote,1,1,False
34243,BLIP Caption + BERT,remove_punctuation,1,russia cries foul over scottish independence vote,russia cries foul over scottish independence vote,1,1,False
34243,BERT,remove_one_word,1,russia cries foul over scottish independence vote,russia cries foul scottish independence vote,1,1,False
34243,CLIP + MLP,remove_one_word,1,russia cries foul over scottish independence vote,russia cries foul scottish independence vote,0,0,False
34243,ViLT,remove_one_word,1,russia cries foul over scottish independence vote,russia cries foul scottish independence vote,1,1,False
34243,BLIP Caption + BERT,remove_one_word,1,russia cries foul over scottish independence vote,russia cries foul scottish independence vote,1,1,False
34243,BERT,add_noise,1,russia cries foul over scottish independence vote,russia cries foul over scottish independence vote breaking news,1,1,False
34243,CLIP + MLP,add_noise,1,russia cries foul over scottish independence vote,russia cries foul over scottish independence vote breaking news,0,0,False
34243,ViLT,add_noise,1,russia cries foul over scottish independence vote,russia cries foul over scottish independence vote breaking news,1,1,False
34243,BLIP Caption + BERT,add_noise,1,russia cries foul over scottish independence vote,russia cries foul over scottish independence vote breaking news,1,0,True
30171,BERT,remove_punctuation,0,carspeak,carspeak,0,0,False
30171,CLIP + MLP,remove_punctuation,0,carspeak,carspeak,0,0,False
30171,ViLT,remove_punctuation,0,carspeak,carspeak,0,0,False
30171,BLIP Caption + BERT,remove_punctuation,0,carspeak,carspeak,0,0,False
30171,BERT,remove_one_word,0,carspeak,carspeak,0,0,False
30171,CLIP + MLP,remove_one_word,0,carspeak,carspeak,0,0,False
30171,ViLT,remove_one_word,0,carspeak,carspeak,0,0,False
30171,BLIP Caption + BERT,remove_one_word,0,carspeak,carspeak,0,0,False
30171,BERT,add_noise,0,carspeak,carspeak breaking news,0,0,False
30171,CLIP + MLP,add_noise,0,carspeak,carspeak breaking news,0,0,False
30171,ViLT,add_noise,0,carspeak,carspeak breaking news,0,1,True
30171,BLIP Caption + BERT,add_noise,0,carspeak,carspeak breaking news,0,0,False
50645,BERT,remove_punctuation,0,other discussions,other discussions,0,0,False
50645,CLIP + MLP,remove_punctuation,0,other discussions,other discussions,0,0,False
50645,ViLT,remove_punctuation,0,other discussions,other discussions,0,0,False
50645,BLIP Caption + BERT,remove_punctuation,0,other discussions,other discussions,0,0,False
50645,BERT,remove_one_word,0,other discussions,other discussions,0,0,False
50645,CLIP + MLP,remove_one_word,0,other discussions,other discussions,0,0,False
50645,ViLT,remove_one_word,0,other discussions,other discussions,0,0,False
50645,BLIP Caption + BERT,remove_one_word,0,other discussions,other discussions,0,0,False
50645,BERT,add_noise,0,other discussions,other discussions breaking news,0,0,False
50645,CLIP + MLP,add_noise,0,other discussions,other discussions breaking news,0,0,False
50645,ViLT,add_noise,0,other discussions,other discussions breaking news,0,0,False
50645,BLIP Caption + BERT,add_noise,0,other discussions,other discussions breaking news,0,0,False
10487,BERT,remove_punctuation,1,this bus has usb ports,this bus has usb ports,1,1,False
10487,CLIP + MLP,remove_punctuation,1,this bus has usb ports,this bus has usb ports,1,1,False
10487,ViLT,remove_punctuation,1,this bus has usb ports,this bus has usb ports,0,0,False
10487,BLIP Caption + BERT,remove_punctuation,1,this bus has usb ports,this bus has usb ports,0,0,False
10487,BERT,remove_one_word,1,this bus has usb ports,this bus usb ports,1,1,False
10487,CLIP + MLP,remove_one_word,1,this bus has usb ports,this bus usb ports,1,1,False
10487,ViLT,remove_one_word,1,this bus has usb ports,this bus usb ports,0,0,False
10487,BLIP Caption + BERT,remove_one_word,1,this bus has usb ports,this bus usb ports,0,0,False
10487,BERT,add_noise,1,this bus has usb ports,this bus has usb ports breaking news,1,0,True
10487,CLIP + MLP,add_noise,1,this bus has usb ports,this bus has usb ports breaking news,1,1,False
10487,ViLT,add_noise,1,this bus has usb ports,this bus has usb ports breaking news,0,0,False
10487,BLIP Caption + BERT,add_noise,1,this bus has usb ports,this bus has usb ports breaking news,0,0,False
93314,BERT,remove_punctuation,1,cat stretching,cat stretching,1,1,False
93314,CLIP + MLP,remove_punctuation,1,cat stretching,cat stretching,0,0,False
93314,ViLT,remove_punctuation,1,cat stretching,cat stretching,0,0,False
93314,BLIP Caption + BERT,remove_punctuation,1,cat stretching,cat stretching,0,0,False
93314,BERT,remove_one_word,1,cat stretching,cat stretching,1,1,False
93314,CLIP + MLP,remove_one_word,1,cat stretching,cat stretching,0,0,False
93314,ViLT,remove_one_word,1,cat stretching,cat stretching,0,0,False
93314,BLIP Caption + BERT,remove_one_word,1,cat stretching,cat stretching,0,0,False
93314,BERT,add_noise,1,cat stretching,cat stretching breaking news,1,1,False
93314,CLIP + MLP,add_noise,1,cat stretching,cat stretching breaking news,0,0,False
93314,ViLT,add_noise,1,cat stretching,cat stretching breaking news,0,0,False
93314,BLIP Caption + BERT,add_noise,1,cat stretching,cat stretching breaking news,0,0,False
20276,BERT,remove_punctuation,0,should the cowboys be worried about ezekiel elliott hanging around someone like jerry jones,should the cowboys be worried about ezekiel elliott hanging around someone like jerry jones,0,0,False
20276,CLIP + MLP,remove_punctuation,0,should the cowboys be worried about ezekiel elliott hanging around someone like jerry jones,should the cowboys be worried about ezekiel elliott hanging around someone like jerry jones,0,0,False
20276,ViLT,remove_punctuation,0,should the cowboys be worried about ezekiel elliott hanging around someone like jerry jones,should the cowboys be worried about ezekiel elliott hanging around someone like jerry jones,1,1,False
20276,BLIP Caption + BERT,remove_punctuation,0,should the cowboys be worried about ezekiel elliott hanging around someone like jerry jones,should the cowboys be worried about ezekiel elliott hanging around someone like jerry jones,0,0,False
20276,BERT,remove_one_word,0,should the cowboys be worried about ezekiel elliott hanging around someone like jerry jones,should the cowboys be worried about ezekiel hanging around someone like jerry jones,0,0,False
20276,CLIP + MLP,remove_one_word,0,should the cowboys be worried about ezekiel elliott hanging around someone like jerry jones,should the cowboys be worried about ezekiel hanging around someone like jerry jones,0,0,False
20276,ViLT,remove_one_word,0,should the cowboys be worried about ezekiel elliott hanging around someone like jerry jones,should the cowboys be worried about ezekiel hanging around someone like jerry jones,1,1,False
20276,BLIP Caption + BERT,remove_one_word,0,should the cowboys be worried about ezekiel elliott hanging around someone like jerry jones,should the cowboys be worried about ezekiel hanging around someone like jerry jones,0,0,False
20276,BERT,add_noise,0,should the cowboys be worried about ezekiel elliott hanging around someone like jerry jones,should the cowboys be worried about ezekiel elliott hanging around someone like jerry jones breaking news,0,0,False
20276,CLIP + MLP,add_noise,0,should the cowboys be worried about ezekiel elliott hanging around someone like jerry jones,should the cowboys be worried about ezekiel elliott hanging around someone like jerry jones breaking news,0,0,False
20276,ViLT,add_noise,0,should the cowboys be worried about ezekiel elliott hanging around someone like jerry jones,should the cowboys be worried about ezekiel elliott hanging around someone like jerry jones breaking news,1,0,True
20276,BLIP Caption + BERT,add_noise,0,should the cowboys be worried about ezekiel elliott hanging around someone like jerry jones,should the cowboys be worried about ezekiel elliott hanging around someone like jerry jones breaking news,0,0,False
96153,BERT,remove_punctuation,1,baby reading a book,baby reading a book,1,1,False
96153,CLIP + MLP,remove_punctuation,1,baby reading a book,baby reading a book,0,0,False
96153,ViLT,remove_punctuation,1,baby reading a book,baby reading a book,0,0,False
96153,BLIP Caption + BERT,remove_punctuation,1,baby reading a book,baby reading a book,0,0,False
96153,BERT,remove_one_word,1,baby reading a book,baby reading book,1,1,False
96153,CLIP + MLP,remove_one_word,1,baby reading a book,baby reading book,0,0,False
96153,ViLT,remove_one_word,1,baby reading a book,baby reading book,0,0,False
96153,BLIP Caption + BERT,remove_one_word,1,baby reading a book,baby reading book,0,0,False
96153,BERT,add_noise,1,baby reading a book,baby reading a book breaking news,1,1,False
96153,CLIP + MLP,add_noise,1,baby reading a book,baby reading a book breaking news,0,0,False
96153,ViLT,add_noise,1,baby reading a book,baby reading a book breaking news,0,1,True
96153,BLIP Caption + BERT,add_noise,1,baby reading a book,baby reading a book breaking news,0,0,False
111617,BERT,remove_punctuation,1,husband of kerala nurse who died of nipah donates first salary to floodhit state,husband of kerala nurse who died of nipah donates first salary to floodhit state,1,1,False
111617,CLIP + MLP,remove_punctuation,1,husband of kerala nurse who died of nipah donates first salary to floodhit state,husband of kerala nurse who died of nipah donates first salary to floodhit state,1,1,False
111617,ViLT,remove_punctuation,1,husband of kerala nurse who died of nipah donates first salary to floodhit state,husband of kerala nurse who died of nipah donates first salary to floodhit state,0,0,False
111617,BLIP Caption + BERT,remove_punctuation,1,husband of kerala nurse who died of nipah donates first salary to floodhit state,husband of kerala nurse who died of nipah donates first salary to floodhit state,1,1,False
111617,BERT,remove_one_word,1,husband of kerala nurse who died of nipah donates first salary to floodhit state,husband of kerala nurse who died of donates first salary to floodhit state,1,1,False
111617,CLIP + MLP,remove_one_word,1,husband of kerala nurse who died of nipah donates first salary to floodhit state,husband of kerala nurse who died of donates first salary to floodhit state,1,1,False
111617,ViLT,remove_one_word,1,husband of kerala nurse who died of nipah donates first salary to floodhit state,husband of kerala nurse who died of donates first salary to floodhit state,0,0,False
111617,BLIP Caption + BERT,remove_one_word,1,husband of kerala nurse who died of nipah donates first salary to floodhit state,husband of kerala nurse who died of donates first salary to floodhit state,1,0,True
111617,BERT,add_noise,1,husband of kerala nurse who died of nipah donates first salary to floodhit state,husband of kerala nurse who died of nipah donates first salary to floodhit state breaking news,1,1,False
111617,CLIP + MLP,add_noise,1,husband of kerala nurse who died of nipah donates first salary to floodhit state,husband of kerala nurse who died of nipah donates first salary to floodhit state breaking news,1,1,False
111617,ViLT,add_noise,1,husband of kerala nurse who died of nipah donates first salary to floodhit state,husband of kerala nurse who died of nipah donates first salary to floodhit state breaking news,0,0,False
111617,BLIP Caption + BERT,add_noise,1,husband of kerala nurse who died of nipah donates first salary to floodhit state,husband of kerala nurse who died of nipah donates first salary to floodhit state breaking news,1,0,True
44820,BERT,remove_punctuation,1,i got jump bike on,i got jump bike on,1,1,False
44820,CLIP + MLP,remove_punctuation,1,i got jump bike on,i got jump bike on,0,0,False
44820,ViLT,remove_punctuation,1,i got jump bike on,i got jump bike on,0,0,False
44820,BLIP Caption + BERT,remove_punctuation,1,i got jump bike on,i got jump bike on,0,0,False
44820,BERT,remove_one_word,1,i got jump bike on,i got bike on,1,1,False
44820,CLIP + MLP,remove_one_word,1,i got jump bike on,i got bike on,0,0,False
44820,ViLT,remove_one_word,1,i got jump bike on,i got bike on,0,0,False
44820,BLIP Caption + BERT,remove_one_word,1,i got jump bike on,i got bike on,0,0,False
44820,BERT,add_noise,1,i got jump bike on,i got jump bike on breaking news,1,1,False
44820,CLIP + MLP,add_noise,1,i got jump bike on,i got jump bike on breaking news,0,0,False
44820,ViLT,add_noise,1,i got jump bike on,i got jump bike on breaking news,0,0,False
44820,BLIP Caption + BERT,add_noise,1,i got jump bike on,i got jump bike on breaking news,0,0,False
57826,BERT,remove_punctuation,0,aquatic deathhorses psychopaths of the sea,aquatic deathhorses psychopaths of the sea,0,0,False
57826,CLIP + MLP,remove_punctuation,0,aquatic deathhorses psychopaths of the sea,aquatic deathhorses psychopaths of the sea,0,0,False
57826,ViLT,remove_punctuation,0,aquatic deathhorses psychopaths of the sea,aquatic deathhorses psychopaths of the sea,0,0,False
57826,BLIP Caption + BERT,remove_punctuation,0,aquatic deathhorses psychopaths of the sea,aquatic deathhorses psychopaths of the sea,0,0,False
57826,BERT,remove_one_word,0,aquatic deathhorses psychopaths of the sea,aquatic deathhorses psychopaths the sea,0,0,False
57826,CLIP + MLP,remove_one_word,0,aquatic deathhorses psychopaths of the sea,aquatic deathhorses psychopaths the sea,0,0,False
57826,ViLT,remove_one_word,0,aquatic deathhorses psychopaths of the sea,aquatic deathhorses psychopaths the sea,0,0,False
57826,BLIP Caption + BERT,remove_one_word,0,aquatic deathhorses psychopaths of the sea,aquatic deathhorses psychopaths the sea,0,0,False
57826,BERT,add_noise,0,aquatic deathhorses psychopaths of the sea,aquatic deathhorses psychopaths of the sea breaking news,0,0,False
57826,CLIP + MLP,add_noise,0,aquatic deathhorses psychopaths of the sea,aquatic deathhorses psychopaths of the sea breaking news,0,0,False
57826,ViLT,add_noise,0,aquatic deathhorses psychopaths of the sea,aquatic deathhorses psychopaths of the sea breaking news,0,0,False
57826,BLIP Caption + BERT,add_noise,0,aquatic deathhorses psychopaths of the sea,aquatic deathhorses psychopaths of the sea breaking news,0,0,False
75532,BERT,remove_punctuation,1,foolish spectator taking dangerous photo of cycling race,foolish spectator taking dangerous photo of cycling race,0,0,False
75532,CLIP + MLP,remove_punctuation,1,foolish spectator taking dangerous photo of cycling race,foolish spectator taking dangerous photo of cycling race,0,0,False
75532,ViLT,remove_punctuation,1,foolish spectator taking dangerous photo of cycling race,foolish spectator taking dangerous photo of cycling race,1,1,False
75532,BLIP Caption + BERT,remove_punctuation,1,foolish spectator taking dangerous photo of cycling race,foolish spectator taking dangerous photo of cycling race,0,0,False
75532,BERT,remove_one_word,1,foolish spectator taking dangerous photo of cycling race,foolish spectator taking dangerous of cycling race,0,0,False
75532,CLIP + MLP,remove_one_word,1,foolish spectator taking dangerous photo of cycling race,foolish spectator taking dangerous of cycling race,0,0,False
75532,ViLT,remove_one_word,1,foolish spectator taking dangerous photo of cycling race,foolish spectator taking dangerous of cycling race,1,1,False
75532,BLIP Caption + BERT,remove_one_word,1,foolish spectator taking dangerous photo of cycling race,foolish spectator taking dangerous of cycling race,0,0,False
75532,BERT,add_noise,1,foolish spectator taking dangerous photo of cycling race,foolish spectator taking dangerous photo of cycling race breaking news,0,0,False
75532,CLIP + MLP,add_noise,1,foolish spectator taking dangerous photo of cycling race,foolish spectator taking dangerous photo of cycling race breaking news,0,0,False
75532,ViLT,add_noise,1,foolish spectator taking dangerous photo of cycling race,foolish spectator taking dangerous photo of cycling race breaking news,1,1,False
75532,BLIP Caption + BERT,add_noise,1,foolish spectator taking dangerous photo of cycling race,foolish spectator taking dangerous photo of cycling race breaking news,0,0,False
87160,BERT,remove_punctuation,1,an almond that isnt covered by chocolate on my almond hersheys bar,an almond that isnt covered by chocolate on my almond hersheys bar,1,1,False
87160,CLIP + MLP,remove_punctuation,1,an almond that isnt covered by chocolate on my almond hersheys bar,an almond that isnt covered by chocolate on my almond hersheys bar,1,1,False
87160,ViLT,remove_punctuation,1,an almond that isnt covered by chocolate on my almond hersheys bar,an almond that isnt covered by chocolate on my almond hersheys bar,1,1,False
87160,BLIP Caption + BERT,remove_punctuation,1,an almond that isnt covered by chocolate on my almond hersheys bar,an almond that isnt covered by chocolate on my almond hersheys bar,1,1,False
87160,BERT,remove_one_word,1,an almond that isnt covered by chocolate on my almond hersheys bar,an almond that isnt covered by on my almond hersheys bar,1,1,False
87160,CLIP + MLP,remove_one_word,1,an almond that isnt covered by chocolate on my almond hersheys bar,an almond that isnt covered by on my almond hersheys bar,1,1,False
87160,ViLT,remove_one_word,1,an almond that isnt covered by chocolate on my almond hersheys bar,an almond that isnt covered by on my almond hersheys bar,1,1,False
87160,BLIP Caption + BERT,remove_one_word,1,an almond that isnt covered by chocolate on my almond hersheys bar,an almond that isnt covered by on my almond hersheys bar,1,0,True
87160,BERT,add_noise,1,an almond that isnt covered by chocolate on my almond hersheys bar,an almond that isnt covered by chocolate on my almond hersheys bar breaking news,1,1,False
87160,CLIP + MLP,add_noise,1,an almond that isnt covered by chocolate on my almond hersheys bar,an almond that isnt covered by chocolate on my almond hersheys bar breaking news,1,1,False
87160,ViLT,add_noise,1,an almond that isnt covered by chocolate on my almond hersheys bar,an almond that isnt covered by chocolate on my almond hersheys bar breaking news,1,1,False
87160,BLIP Caption + BERT,add_noise,1,an almond that isnt covered by chocolate on my almond hersheys bar,an almond that isnt covered by chocolate on my almond hersheys bar breaking news,1,1,False
7850,BERT,remove_punctuation,0,cutouts,cutouts,0,0,False
7850,CLIP + MLP,remove_punctuation,0,cutouts,cutouts,0,0,False
7850,ViLT,remove_punctuation,0,cutouts,cutouts,0,0,False
7850,BLIP Caption + BERT,remove_punctuation,0,cutouts,cutouts,1,1,False
7850,BERT,remove_one_word,0,cutouts,cutouts,0,0,False
7850,CLIP + MLP,remove_one_word,0,cutouts,cutouts,0,0,False
7850,ViLT,remove_one_word,0,cutouts,cutouts,0,0,False
7850,BLIP Caption + BERT,remove_one_word,0,cutouts,cutouts,1,1,False
7850,BERT,add_noise,0,cutouts,cutouts breaking news,0,0,False
7850,CLIP + MLP,add_noise,0,cutouts,cutouts breaking news,0,0,False
7850,ViLT,add_noise,0,cutouts,cutouts breaking news,0,0,False
7850,BLIP Caption + BERT,add_noise,0,cutouts,cutouts breaking news,1,1,False
85013,BERT,remove_punctuation,0,jar jar,jar jar,0,0,False
85013,CLIP + MLP,remove_punctuation,0,jar jar,jar jar,0,0,False
85013,ViLT,remove_punctuation,0,jar jar,jar jar,0,0,False
85013,BLIP Caption + BERT,remove_punctuation,0,jar jar,jar jar,0,0,False
85013,BERT,remove_one_word,0,jar jar,jar jar,0,0,False
85013,CLIP + MLP,remove_one_word,0,jar jar,jar jar,0,0,False
85013,ViLT,remove_one_word,0,jar jar,jar jar,0,0,False
85013,BLIP Caption + BERT,remove_one_word,0,jar jar,jar jar,0,0,False
85013,BERT,add_noise,0,jar jar,jar jar breaking news,0,0,False
85013,CLIP + MLP,add_noise,0,jar jar,jar jar breaking news,0,0,False
85013,ViLT,add_noise,0,jar jar,jar jar breaking news,0,0,False
85013,BLIP Caption + BERT,add_noise,0,jar jar,jar jar breaking news,0,0,False
72662,BERT,remove_punctuation,1,this elevator has no floor numbers not even up or down just start,this elevator has no floor numbers not even up or down just start,1,1,False
72662,CLIP + MLP,remove_punctuation,1,this elevator has no floor numbers not even up or down just start,this elevator has no floor numbers not even up or down just start,1,1,False
72662,ViLT,remove_punctuation,1,this elevator has no floor numbers not even up or down just start,this elevator has no floor numbers not even up or down just start,1,1,False
72662,BLIP Caption + BERT,remove_punctuation,1,this elevator has no floor numbers not even up or down just start,this elevator has no floor numbers not even up or down just start,0,0,False
72662,BERT,remove_one_word,1,this elevator has no floor numbers not even up or down just start,this elevator has no floor numbers even up or down just start,1,1,False
72662,CLIP + MLP,remove_one_word,1,this elevator has no floor numbers not even up or down just start,this elevator has no floor numbers even up or down just start,1,1,False
72662,ViLT,remove_one_word,1,this elevator has no floor numbers not even up or down just start,this elevator has no floor numbers even up or down just start,1,1,False
72662,BLIP Caption + BERT,remove_one_word,1,this elevator has no floor numbers not even up or down just start,this elevator has no floor numbers even up or down just start,0,0,False
72662,BERT,add_noise,1,this elevator has no floor numbers not even up or down just start,this elevator has no floor numbers not even up or down just start breaking news,1,1,False
72662,CLIP + MLP,add_noise,1,this elevator has no floor numbers not even up or down just start,this elevator has no floor numbers not even up or down just start breaking news,1,1,False
72662,ViLT,add_noise,1,this elevator has no floor numbers not even up or down just start,this elevator has no floor numbers not even up or down just start breaking news,1,1,False
72662,BLIP Caption + BERT,add_noise,1,this elevator has no floor numbers not even up or down just start,this elevator has no floor numbers not even up or down just start breaking news,0,0,False
51898,BERT,remove_punctuation,0,i think it cant get more britisch than this,i think it cant get more britisch than this,0,0,False
51898,CLIP + MLP,remove_punctuation,0,i think it cant get more britisch than this,i think it cant get more britisch than this,0,0,False
51898,ViLT,remove_punctuation,0,i think it cant get more britisch than this,i think it cant get more britisch than this,0,0,False
51898,BLIP Caption + BERT,remove_punctuation,0,i think it cant get more britisch than this,i think it cant get more britisch than this,0,0,False
51898,BERT,remove_one_word,0,i think it cant get more britisch than this,i think it cant more britisch than this,0,0,False
51898,CLIP + MLP,remove_one_word,0,i think it cant get more britisch than this,i think it cant more britisch than this,0,0,False
51898,ViLT,remove_one_word,0,i think it cant get more britisch than this,i think it cant more britisch than this,0,0,False
51898,BLIP Caption + BERT,remove_one_word,0,i think it cant get more britisch than this,i think it cant more britisch than this,0,0,False
51898,BERT,add_noise,0,i think it cant get more britisch than this,i think it cant get more britisch than this breaking news,0,0,False
51898,CLIP + MLP,add_noise,0,i think it cant get more britisch than this,i think it cant get more britisch than this breaking news,0,0,False
51898,ViLT,add_noise,0,i think it cant get more britisch than this,i think it cant get more britisch than this breaking news,0,0,False
51898,BLIP Caption + BERT,add_noise,0,i think it cant get more britisch than this,i think it cant get more britisch than this breaking news,0,0,False
32623,BERT,remove_punctuation,0,santa duck,santa duck,0,0,False
32623,CLIP + MLP,remove_punctuation,0,santa duck,santa duck,0,0,False
32623,ViLT,remove_punctuation,0,santa duck,santa duck,0,0,False
32623,BLIP Caption + BERT,remove_punctuation,0,santa duck,santa duck,0,0,False
32623,BERT,remove_one_word,0,santa duck,santa duck,0,0,False
32623,CLIP + MLP,remove_one_word,0,santa duck,santa duck,0,0,False
32623,ViLT,remove_one_word,0,santa duck,santa duck,0,0,False
32623,BLIP Caption + BERT,remove_one_word,0,santa duck,santa duck,0,0,False
32623,BERT,add_noise,0,santa duck,santa duck breaking news,0,0,False
32623,CLIP + MLP,add_noise,0,santa duck,santa duck breaking news,0,0,False
32623,ViLT,add_noise,0,santa duck,santa duck breaking news,0,0,False
32623,BLIP Caption + BERT,add_noise,0,santa duck,santa duck breaking news,0,0,False
98097,BERT,remove_punctuation,0,i love you jack,i love you jack,0,0,False
98097,CLIP + MLP,remove_punctuation,0,i love you jack,i love you jack,0,0,False
98097,ViLT,remove_punctuation,0,i love you jack,i love you jack,0,0,False
98097,BLIP Caption + BERT,remove_punctuation,0,i love you jack,i love you jack,0,0,False
98097,BERT,remove_one_word,0,i love you jack,i love jack,0,0,False
98097,CLIP + MLP,remove_one_word,0,i love you jack,i love jack,0,0,False
98097,ViLT,remove_one_word,0,i love you jack,i love jack,0,0,False
98097,BLIP Caption + BERT,remove_one_word,0,i love you jack,i love jack,0,0,False
98097,BERT,add_noise,0,i love you jack,i love you jack breaking news,0,0,False
98097,CLIP + MLP,add_noise,0,i love you jack,i love you jack breaking news,0,0,False
98097,ViLT,add_noise,0,i love you jack,i love you jack breaking news,0,0,False
98097,BLIP Caption + BERT,add_noise,0,i love you jack,i love you jack breaking news,0,0,False
17197,BERT,remove_punctuation,0,hayden panettiere confirmed for spiderwoman in,hayden panettiere confirmed for spiderwoman in,1,1,False
17197,CLIP + MLP,remove_punctuation,0,hayden panettiere confirmed for spiderwoman in,hayden panettiere confirmed for spiderwoman in,0,0,False
17197,ViLT,remove_punctuation,0,hayden panettiere confirmed for spiderwoman in,hayden panettiere confirmed for spiderwoman in,0,0,False
17197,BLIP Caption + BERT,remove_punctuation,0,hayden panettiere confirmed for spiderwoman in,hayden panettiere confirmed for spiderwoman in,0,0,False
17197,BERT,remove_one_word,0,hayden panettiere confirmed for spiderwoman in,hayden panettiere confirmed spiderwoman in,1,1,False
17197,CLIP + MLP,remove_one_word,0,hayden panettiere confirmed for spiderwoman in,hayden panettiere confirmed spiderwoman in,0,0,False
17197,ViLT,remove_one_word,0,hayden panettiere confirmed for spiderwoman in,hayden panettiere confirmed spiderwoman in,0,0,False
17197,BLIP Caption + BERT,remove_one_word,0,hayden panettiere confirmed for spiderwoman in,hayden panettiere confirmed spiderwoman in,0,0,False
17197,BERT,add_noise,0,hayden panettiere confirmed for spiderwoman in,hayden panettiere confirmed for spiderwoman in breaking news,1,0,True
17197,CLIP + MLP,add_noise,0,hayden panettiere confirmed for spiderwoman in,hayden panettiere confirmed for spiderwoman in breaking news,0,0,False
17197,ViLT,add_noise,0,hayden panettiere confirmed for spiderwoman in,hayden panettiere confirmed for spiderwoman in breaking news,0,0,False
17197,BLIP Caption + BERT,add_noise,0,hayden panettiere confirmed for spiderwoman in,hayden panettiere confirmed for spiderwoman in breaking news,0,0,False
41881,BERT,remove_punctuation,0,does anyone see an eagle on the right,does anyone see an eagle on the right,0,0,False
41881,CLIP + MLP,remove_punctuation,0,does anyone see an eagle on the right,does anyone see an eagle on the right,0,0,False
41881,ViLT,remove_punctuation,0,does anyone see an eagle on the right,does anyone see an eagle on the right,0,0,False
41881,BLIP Caption + BERT,remove_punctuation,0,does anyone see an eagle on the right,does anyone see an eagle on the right,1,1,False
41881,BERT,remove_one_word,0,does anyone see an eagle on the right,does anyone see an on the right,0,0,False
41881,CLIP + MLP,remove_one_word,0,does anyone see an eagle on the right,does anyone see an on the right,0,0,False
41881,ViLT,remove_one_word,0,does anyone see an eagle on the right,does anyone see an on the right,0,0,False
41881,BLIP Caption + BERT,remove_one_word,0,does anyone see an eagle on the right,does anyone see an on the right,1,1,False
41881,BERT,add_noise,0,does anyone see an eagle on the right,does anyone see an eagle on the right breaking news,0,0,False
41881,CLIP + MLP,add_noise,0,does anyone see an eagle on the right,does anyone see an eagle on the right breaking news,0,0,False
41881,ViLT,add_noise,0,does anyone see an eagle on the right,does anyone see an eagle on the right breaking news,0,0,False
41881,BLIP Caption + BERT,add_noise,0,does anyone see an eagle on the right,does anyone see an eagle on the right breaking news,1,1,False
54568,BERT,remove_punctuation,0,rugby players penis almost torn off in russian league match after being forced to play royal navy aims to make others happy woman denied citizenship despite living entire life in prison in apparent case of beer power tool,rugby players penis almost torn off in russian league match after being forced to play royal navy aims to make others happy woman denied citizenship despite living entire life in prison in apparent case of beer power tool,1,1,False
54568,CLIP + MLP,remove_punctuation,0,rugby players penis almost torn off in russian league match after being forced to play royal navy aims to make others happy woman denied citizenship despite living entire life in prison in apparent case of beer power tool,rugby players penis almost torn off in russian league match after being forced to play royal navy aims to make others happy woman denied citizenship despite living entire life in prison in apparent case of beer power tool,0,0,False
54568,ViLT,remove_punctuation,0,rugby players penis almost torn off in russian league match after being forced to play royal navy aims to make others happy woman denied citizenship despite living entire life in prison in apparent case of beer power tool,rugby players penis almost torn off in russian league match after being forced to play royal navy aims to make others happy woman denied citizenship despite living entire life in prison in apparent case of beer power tool,1,1,False
54568,BLIP Caption + BERT,remove_punctuation,0,rugby players penis almost torn off in russian league match after being forced to play royal navy aims to make others happy woman denied citizenship despite living entire life in prison in apparent case of beer power tool,rugby players penis almost torn off in russian league match after being forced to play royal navy aims to make others happy woman denied citizenship despite living entire life in prison in apparent case of beer power tool,0,0,False
54568,BERT,remove_one_word,0,rugby players penis almost torn off in russian league match after being forced to play royal navy aims to make others happy woman denied citizenship despite living entire life in prison in apparent case of beer power tool,rugby players penis almost torn off in russian league match after being forced to play royal navy aims to others happy woman denied citizenship despite living entire life in prison in apparent case of beer power tool,1,1,False
54568,CLIP + MLP,remove_one_word,0,rugby players penis almost torn off in russian league match after being forced to play royal navy aims to make others happy woman denied citizenship despite living entire life in prison in apparent case of beer power tool,rugby players penis almost torn off in russian league match after being forced to play royal navy aims to others happy woman denied citizenship despite living entire life in prison in apparent case of beer power tool,0,0,False
54568,ViLT,remove_one_word,0,rugby players penis almost torn off in russian league match after being forced to play royal navy aims to make others happy woman denied citizenship despite living entire life in prison in apparent case of beer power tool,rugby players penis almost torn off in russian league match after being forced to play royal navy aims to others happy woman denied citizenship despite living entire life in prison in apparent case of beer power tool,1,1,False
54568,BLIP Caption + BERT,remove_one_word,0,rugby players penis almost torn off in russian league match after being forced to play royal navy aims to make others happy woman denied citizenship despite living entire life in prison in apparent case of beer power tool,rugby players penis almost torn off in russian league match after being forced to play royal navy aims to others happy woman denied citizenship despite living entire life in prison in apparent case of beer power tool,0,1,True
54568,BERT,add_noise,0,rugby players penis almost torn off in russian league match after being forced to play royal navy aims to make others happy woman denied citizenship despite living entire life in prison in apparent case of beer power tool,rugby players penis almost torn off in russian league match after being forced to play royal navy aims to make others happy woman denied citizenship despite living entire life in prison in apparent case of beer power tool breaking news,1,1,False
54568,CLIP + MLP,add_noise,0,rugby players penis almost torn off in russian league match after being forced to play royal navy aims to make others happy woman denied citizenship despite living entire life in prison in apparent case of beer power tool,rugby players penis almost torn off in russian league match after being forced to play royal navy aims to make others happy woman denied citizenship despite living entire life in prison in apparent case of beer power tool breaking news,0,0,False
54568,ViLT,add_noise,0,rugby players penis almost torn off in russian league match after being forced to play royal navy aims to make others happy woman denied citizenship despite living entire life in prison in apparent case of beer power tool,rugby players penis almost torn off in russian league match after being forced to play royal navy aims to make others happy woman denied citizenship despite living entire life in prison in apparent case of beer power tool breaking news,1,1,False
54568,BLIP Caption + BERT,add_noise,0,rugby players penis almost torn off in russian league match after being forced to play royal navy aims to make others happy woman denied citizenship despite living entire life in prison in apparent case of beer power tool,rugby players penis almost torn off in russian league match after being forced to play royal navy aims to make others happy woman denied citizenship despite living entire life in prison in apparent case of beer power tool breaking news,0,0,False
49044,BERT,remove_punctuation,0,slight wardrobe change,slight wardrobe change,0,0,False
49044,CLIP + MLP,remove_punctuation,0,slight wardrobe change,slight wardrobe change,0,0,False
49044,ViLT,remove_punctuation,0,slight wardrobe change,slight wardrobe change,0,0,False
49044,BLIP Caption + BERT,remove_punctuation,0,slight wardrobe change,slight wardrobe change,0,0,False
49044,BERT,remove_one_word,0,slight wardrobe change,slight wardrobe change,0,0,False
49044,CLIP + MLP,remove_one_word,0,slight wardrobe change,slight wardrobe change,0,0,False
49044,ViLT,remove_one_word,0,slight wardrobe change,slight wardrobe change,0,0,False
49044,BLIP Caption + BERT,remove_one_word,0,slight wardrobe change,slight wardrobe change,0,0,False
49044,BERT,add_noise,0,slight wardrobe change,slight wardrobe change breaking news,0,0,False
49044,CLIP + MLP,add_noise,0,slight wardrobe change,slight wardrobe change breaking news,0,0,False
49044,ViLT,add_noise,0,slight wardrobe change,slight wardrobe change breaking news,0,0,False
49044,BLIP Caption + BERT,add_noise,0,slight wardrobe change,slight wardrobe change breaking news,0,0,False
32876,BERT,remove_punctuation,1,this whichever restroom sign,this whichever restroom sign,1,1,False
32876,CLIP + MLP,remove_punctuation,1,this whichever restroom sign,this whichever restroom sign,1,1,False
32876,ViLT,remove_punctuation,1,this whichever restroom sign,this whichever restroom sign,1,1,False
32876,BLIP Caption + BERT,remove_punctuation,1,this whichever restroom sign,this whichever restroom sign,0,0,False
32876,BERT,remove_one_word,1,this whichever restroom sign,this whichever sign,1,1,False
32876,CLIP + MLP,remove_one_word,1,this whichever restroom sign,this whichever sign,1,1,False
32876,ViLT,remove_one_word,1,this whichever restroom sign,this whichever sign,1,1,False
32876,BLIP Caption + BERT,remove_one_word,1,this whichever restroom sign,this whichever sign,0,0,False
32876,BERT,add_noise,1,this whichever restroom sign,this whichever restroom sign breaking news,1,1,False
32876,CLIP + MLP,add_noise,1,this whichever restroom sign,this whichever restroom sign breaking news,1,1,False
32876,ViLT,add_noise,1,this whichever restroom sign,this whichever restroom sign breaking news,1,1,False
32876,BLIP Caption + BERT,add_noise,1,this whichever restroom sign,this whichever restroom sign breaking news,0,0,False
106623,BERT,remove_punctuation,1,these metal posts that kinda look like freddy krueger,these metal posts that kinda look like freddy krueger,1,1,False
106623,CLIP + MLP,remove_punctuation,1,these metal posts that kinda look like freddy krueger,these metal posts that kinda look like freddy krueger,1,1,False
106623,ViLT,remove_punctuation,1,these metal posts that kinda look like freddy krueger,these metal posts that kinda look like freddy krueger,1,1,False
106623,BLIP Caption + BERT,remove_punctuation,1,these metal posts that kinda look like freddy krueger,these metal posts that kinda look like freddy krueger,0,0,False
106623,BERT,remove_one_word,1,these metal posts that kinda look like freddy krueger,these metal posts that look like freddy krueger,1,1,False
106623,CLIP + MLP,remove_one_word,1,these metal posts that kinda look like freddy krueger,these metal posts that look like freddy krueger,1,1,False
106623,ViLT,remove_one_word,1,these metal posts that kinda look like freddy krueger,these metal posts that look like freddy krueger,1,1,False
106623,BLIP Caption + BERT,remove_one_word,1,these metal posts that kinda look like freddy krueger,these metal posts that look like freddy krueger,0,0,False
106623,BERT,add_noise,1,these metal posts that kinda look like freddy krueger,these metal posts that kinda look like freddy krueger breaking news,1,1,False
106623,CLIP + MLP,add_noise,1,these metal posts that kinda look like freddy krueger,these metal posts that kinda look like freddy krueger breaking news,1,1,False
106623,ViLT,add_noise,1,these metal posts that kinda look like freddy krueger,these metal posts that kinda look like freddy krueger breaking news,1,1,False
106623,BLIP Caption + BERT,add_noise,1,these metal posts that kinda look like freddy krueger,these metal posts that kinda look like freddy krueger breaking news,0,0,False
54972,BERT,remove_punctuation,0,clearly not no,clearly not no,0,0,False
54972,CLIP + MLP,remove_punctuation,0,clearly not no,clearly not no,0,0,False
54972,ViLT,remove_punctuation,0,clearly not no,clearly not no,0,0,False
54972,BLIP Caption + BERT,remove_punctuation,0,clearly not no,clearly not no,0,0,False
54972,BERT,remove_one_word,0,clearly not no,clearly not no,0,0,False
54972,CLIP + MLP,remove_one_word,0,clearly not no,clearly not no,0,0,False
54972,ViLT,remove_one_word,0,clearly not no,clearly not no,0,0,False
54972,BLIP Caption + BERT,remove_one_word,0,clearly not no,clearly not no,0,0,False
54972,BERT,add_noise,0,clearly not no,clearly not no breaking news,0,0,False
54972,CLIP + MLP,add_noise,0,clearly not no,clearly not no breaking news,0,0,False
54972,ViLT,add_noise,0,clearly not no,clearly not no breaking news,0,0,False
54972,BLIP Caption + BERT,add_noise,0,clearly not no,clearly not no breaking news,0,0,False
40650,BERT,remove_punctuation,1,this nickel i found wedged in between the drum and the agitator in my washer,this nickel i found wedged in between the drum and the agitator in my washer,1,1,False
40650,CLIP + MLP,remove_punctuation,1,this nickel i found wedged in between the drum and the agitator in my washer,this nickel i found wedged in between the drum and the agitator in my washer,1,1,False
40650,ViLT,remove_punctuation,1,this nickel i found wedged in between the drum and the agitator in my washer,this nickel i found wedged in between the drum and the agitator in my washer,1,1,False
40650,BLIP Caption + BERT,remove_punctuation,1,this nickel i found wedged in between the drum and the agitator in my washer,this nickel i found wedged in between the drum and the agitator in my washer,0,0,False
40650,BERT,remove_one_word,1,this nickel i found wedged in between the drum and the agitator in my washer,this nickel i found wedged in between drum and the agitator in my washer,1,1,False
40650,CLIP + MLP,remove_one_word,1,this nickel i found wedged in between the drum and the agitator in my washer,this nickel i found wedged in between drum and the agitator in my washer,1,1,False
40650,ViLT,remove_one_word,1,this nickel i found wedged in between the drum and the agitator in my washer,this nickel i found wedged in between drum and the agitator in my washer,1,1,False
40650,BLIP Caption + BERT,remove_one_word,1,this nickel i found wedged in between the drum and the agitator in my washer,this nickel i found wedged in between drum and the agitator in my washer,0,0,False
40650,BERT,add_noise,1,this nickel i found wedged in between the drum and the agitator in my washer,this nickel i found wedged in between the drum and the agitator in my washer breaking news,1,1,False
40650,CLIP + MLP,add_noise,1,this nickel i found wedged in between the drum and the agitator in my washer,this nickel i found wedged in between the drum and the agitator in my washer breaking news,1,1,False
40650,ViLT,add_noise,1,this nickel i found wedged in between the drum and the agitator in my washer,this nickel i found wedged in between the drum and the agitator in my washer breaking news,1,1,False
40650,BLIP Caption + BERT,add_noise,1,this nickel i found wedged in between the drum and the agitator in my washer,this nickel i found wedged in between the drum and the agitator in my washer breaking news,0,0,False
57980,BERT,remove_punctuation,0,what dolphin,what dolphin,0,0,False
57980,CLIP + MLP,remove_punctuation,0,what dolphin,what dolphin,0,0,False
57980,ViLT,remove_punctuation,0,what dolphin,what dolphin,0,0,False
57980,BLIP Caption + BERT,remove_punctuation,0,what dolphin,what dolphin,0,0,False
57980,BERT,remove_one_word,0,what dolphin,what dolphin,0,0,False
57980,CLIP + MLP,remove_one_word,0,what dolphin,what dolphin,0,0,False
57980,ViLT,remove_one_word,0,what dolphin,what dolphin,0,0,False
57980,BLIP Caption + BERT,remove_one_word,0,what dolphin,what dolphin,0,0,False
57980,BERT,add_noise,0,what dolphin,what dolphin breaking news,0,0,False
57980,CLIP + MLP,add_noise,0,what dolphin,what dolphin breaking news,0,0,False
57980,ViLT,add_noise,0,what dolphin,what dolphin breaking news,0,0,False
57980,BLIP Caption + BERT,add_noise,0,what dolphin,what dolphin breaking news,0,0,False
28933,BERT,remove_punctuation,1,young adults with autism need help managing money study,young adults with autism need help managing money study,1,1,False
28933,CLIP + MLP,remove_punctuation,1,young adults with autism need help managing money study,young adults with autism need help managing money study,0,0,False
28933,ViLT,remove_punctuation,1,young adults with autism need help managing money study,young adults with autism need help managing money study,0,0,False
28933,BLIP Caption + BERT,remove_punctuation,1,young adults with autism need help managing money study,young adults with autism need help managing money study,0,0,False
28933,BERT,remove_one_word,1,young adults with autism need help managing money study,young adults with autism help managing money study,1,1,False
28933,CLIP + MLP,remove_one_word,1,young adults with autism need help managing money study,young adults with autism help managing money study,0,0,False
28933,ViLT,remove_one_word,1,young adults with autism need help managing money study,young adults with autism help managing money study,0,0,False
28933,BLIP Caption + BERT,remove_one_word,1,young adults with autism need help managing money study,young adults with autism help managing money study,0,1,True
28933,BERT,add_noise,1,young adults with autism need help managing money study,young adults with autism need help managing money study breaking news,1,1,False
28933,CLIP + MLP,add_noise,1,young adults with autism need help managing money study,young adults with autism need help managing money study breaking news,0,0,False
28933,ViLT,add_noise,1,young adults with autism need help managing money study,young adults with autism need help managing money study breaking news,0,1,True
28933,BLIP Caption + BERT,add_noise,1,young adults with autism need help managing money study,young adults with autism need help managing money study breaking news,0,0,False
34069,BERT,remove_punctuation,0,ivanka hoping to bring back some lost votes,ivanka hoping to bring back some lost votes,0,0,False
34069,CLIP + MLP,remove_punctuation,0,ivanka hoping to bring back some lost votes,ivanka hoping to bring back some lost votes,0,0,False
34069,ViLT,remove_punctuation,0,ivanka hoping to bring back some lost votes,ivanka hoping to bring back some lost votes,0,0,False
34069,BLIP Caption + BERT,remove_punctuation,0,ivanka hoping to bring back some lost votes,ivanka hoping to bring back some lost votes,0,0,False
34069,BERT,remove_one_word,0,ivanka hoping to bring back some lost votes,ivanka hoping to bring some lost votes,0,0,False
34069,CLIP + MLP,remove_one_word,0,ivanka hoping to bring back some lost votes,ivanka hoping to bring some lost votes,0,0,False
34069,ViLT,remove_one_word,0,ivanka hoping to bring back some lost votes,ivanka hoping to bring some lost votes,0,0,False
34069,BLIP Caption + BERT,remove_one_word,0,ivanka hoping to bring back some lost votes,ivanka hoping to bring some lost votes,0,0,False
34069,BERT,add_noise,0,ivanka hoping to bring back some lost votes,ivanka hoping to bring back some lost votes breaking news,0,0,False
34069,CLIP + MLP,add_noise,0,ivanka hoping to bring back some lost votes,ivanka hoping to bring back some lost votes breaking news,0,0,False
34069,ViLT,add_noise,0,ivanka hoping to bring back some lost votes,ivanka hoping to bring back some lost votes breaking news,0,0,False
34069,BLIP Caption + BERT,add_noise,0,ivanka hoping to bring back some lost votes,ivanka hoping to bring back some lost votes breaking news,0,0,False
67450,BERT,remove_punctuation,1,this siamese spinach leaf in my salad,this siamese spinach leaf in my salad,1,1,False
67450,CLIP + MLP,remove_punctuation,1,this siamese spinach leaf in my salad,this siamese spinach leaf in my salad,1,1,False
67450,ViLT,remove_punctuation,1,this siamese spinach leaf in my salad,this siamese spinach leaf in my salad,1,1,False
67450,BLIP Caption + BERT,remove_punctuation,1,this siamese spinach leaf in my salad,this siamese spinach leaf in my salad,0,0,False
67450,BERT,remove_one_word,1,this siamese spinach leaf in my salad,this siamese spinach in my salad,1,1,False
67450,CLIP + MLP,remove_one_word,1,this siamese spinach leaf in my salad,this siamese spinach in my salad,1,1,False
67450,ViLT,remove_one_word,1,this siamese spinach leaf in my salad,this siamese spinach in my salad,1,1,False
67450,BLIP Caption + BERT,remove_one_word,1,this siamese spinach leaf in my salad,this siamese spinach in my salad,0,0,False
67450,BERT,add_noise,1,this siamese spinach leaf in my salad,this siamese spinach leaf in my salad breaking news,1,1,False
67450,CLIP + MLP,add_noise,1,this siamese spinach leaf in my salad,this siamese spinach leaf in my salad breaking news,1,1,False
67450,ViLT,add_noise,1,this siamese spinach leaf in my salad,this siamese spinach leaf in my salad breaking news,1,1,False
67450,BLIP Caption + BERT,add_noise,1,this siamese spinach leaf in my salad,this siamese spinach leaf in my salad breaking news,0,0,False
10196,BERT,remove_punctuation,1,this forkknifespoon,this forkknifespoon,1,1,False
10196,CLIP + MLP,remove_punctuation,1,this forkknifespoon,this forkknifespoon,1,1,False
10196,ViLT,remove_punctuation,1,this forkknifespoon,this forkknifespoon,0,0,False
10196,BLIP Caption + BERT,remove_punctuation,1,this forkknifespoon,this forkknifespoon,0,0,False
10196,BERT,remove_one_word,1,this forkknifespoon,this forkknifespoon,1,1,False
10196,CLIP + MLP,remove_one_word,1,this forkknifespoon,this forkknifespoon,1,1,False
10196,ViLT,remove_one_word,1,this forkknifespoon,this forkknifespoon,0,0,False
10196,BLIP Caption + BERT,remove_one_word,1,this forkknifespoon,this forkknifespoon,0,0,False
10196,BERT,add_noise,1,this forkknifespoon,this forkknifespoon breaking news,1,1,False
10196,CLIP + MLP,add_noise,1,this forkknifespoon,this forkknifespoon breaking news,1,1,False
10196,ViLT,add_noise,1,this forkknifespoon,this forkknifespoon breaking news,0,0,False
10196,BLIP Caption + BERT,add_noise,1,this forkknifespoon,this forkknifespoon breaking news,0,0,False
29400,BERT,remove_punctuation,0,thats no cave,thats no cave,0,0,False
29400,CLIP + MLP,remove_punctuation,0,thats no cave,thats no cave,0,0,False
29400,ViLT,remove_punctuation,0,thats no cave,thats no cave,0,0,False
29400,BLIP Caption + BERT,remove_punctuation,0,thats no cave,thats no cave,0,0,False
29400,BERT,remove_one_word,0,thats no cave,thats no cave,0,0,False
29400,CLIP + MLP,remove_one_word,0,thats no cave,thats no cave,0,0,False
29400,ViLT,remove_one_word,0,thats no cave,thats no cave,0,0,False
29400,BLIP Caption + BERT,remove_one_word,0,thats no cave,thats no cave,0,0,False
29400,BERT,add_noise,0,thats no cave,thats no cave breaking news,0,0,False
29400,CLIP + MLP,add_noise,0,thats no cave,thats no cave breaking news,0,0,False
29400,ViLT,add_noise,0,thats no cave,thats no cave breaking news,0,0,False
29400,BLIP Caption + BERT,add_noise,0,thats no cave,thats no cave breaking news,0,0,False
99779,BERT,remove_punctuation,1,san jose flood vietnamese billionaire will donate million to help victims,san jose flood vietnamese billionaire will donate million to help victims,1,1,False
99779,CLIP + MLP,remove_punctuation,1,san jose flood vietnamese billionaire will donate million to help victims,san jose flood vietnamese billionaire will donate million to help victims,0,0,False
99779,ViLT,remove_punctuation,1,san jose flood vietnamese billionaire will donate million to help victims,san jose flood vietnamese billionaire will donate million to help victims,1,1,False
99779,BLIP Caption + BERT,remove_punctuation,1,san jose flood vietnamese billionaire will donate million to help victims,san jose flood vietnamese billionaire will donate million to help victims,0,0,False
99779,BERT,remove_one_word,1,san jose flood vietnamese billionaire will donate million to help victims,san jose flood vietnamese billionaire donate million to help victims,1,1,False
99779,CLIP + MLP,remove_one_word,1,san jose flood vietnamese billionaire will donate million to help victims,san jose flood vietnamese billionaire donate million to help victims,0,0,False
99779,ViLT,remove_one_word,1,san jose flood vietnamese billionaire will donate million to help victims,san jose flood vietnamese billionaire donate million to help victims,1,0,True
99779,BLIP Caption + BERT,remove_one_word,1,san jose flood vietnamese billionaire will donate million to help victims,san jose flood vietnamese billionaire donate million to help victims,0,0,False
99779,BERT,add_noise,1,san jose flood vietnamese billionaire will donate million to help victims,san jose flood vietnamese billionaire will donate million to help victims breaking news,1,1,False
99779,CLIP + MLP,add_noise,1,san jose flood vietnamese billionaire will donate million to help victims,san jose flood vietnamese billionaire will donate million to help victims breaking news,0,0,False
99779,ViLT,add_noise,1,san jose flood vietnamese billionaire will donate million to help victims,san jose flood vietnamese billionaire will donate million to help victims breaking news,1,1,False
99779,BLIP Caption + BERT,add_noise,1,san jose flood vietnamese billionaire will donate million to help victims,san jose flood vietnamese billionaire will donate million to help victims breaking news,0,0,False
21908,BERT,remove_punctuation,0,danny way just another one of my dumb ideas,danny way just another one of my dumb ideas,0,0,False
21908,CLIP + MLP,remove_punctuation,0,danny way just another one of my dumb ideas,danny way just another one of my dumb ideas,0,0,False
21908,ViLT,remove_punctuation,0,danny way just another one of my dumb ideas,danny way just another one of my dumb ideas,0,0,False
21908,BLIP Caption + BERT,remove_punctuation,0,danny way just another one of my dumb ideas,danny way just another one of my dumb ideas,0,0,False
21908,BERT,remove_one_word,0,danny way just another one of my dumb ideas,danny way just another of my dumb ideas,0,0,False
21908,CLIP + MLP,remove_one_word,0,danny way just another one of my dumb ideas,danny way just another of my dumb ideas,0,0,False
21908,ViLT,remove_one_word,0,danny way just another one of my dumb ideas,danny way just another of my dumb ideas,0,0,False
21908,BLIP Caption + BERT,remove_one_word,0,danny way just another one of my dumb ideas,danny way just another of my dumb ideas,0,0,False
21908,BERT,add_noise,0,danny way just another one of my dumb ideas,danny way just another one of my dumb ideas breaking news,0,0,False
21908,CLIP + MLP,add_noise,0,danny way just another one of my dumb ideas,danny way just another one of my dumb ideas breaking news,0,0,False
21908,ViLT,add_noise,0,danny way just another one of my dumb ideas,danny way just another one of my dumb ideas breaking news,0,0,False
21908,BLIP Caption + BERT,add_noise,0,danny way just another one of my dumb ideas,danny way just another one of my dumb ideas breaking news,0,0,False
85297,BERT,remove_punctuation,0,vladimir putin and donald trump hold private talks at helsinki summit,vladimir putin and donald trump hold private talks at helsinki summit,0,0,False
85297,CLIP + MLP,remove_punctuation,0,vladimir putin and donald trump hold private talks at helsinki summit,vladimir putin and donald trump hold private talks at helsinki summit,0,0,False
85297,ViLT,remove_punctuation,0,vladimir putin and donald trump hold private talks at helsinki summit,vladimir putin and donald trump hold private talks at helsinki summit,0,0,False
85297,BLIP Caption + BERT,remove_punctuation,0,vladimir putin and donald trump hold private talks at helsinki summit,vladimir putin and donald trump hold private talks at helsinki summit,1,1,False
85297,BERT,remove_one_word,0,vladimir putin and donald trump hold private talks at helsinki summit,vladimir putin and donald trump private talks at helsinki summit,0,0,False
85297,CLIP + MLP,remove_one_word,0,vladimir putin and donald trump hold private talks at helsinki summit,vladimir putin and donald trump private talks at helsinki summit,0,0,False
85297,ViLT,remove_one_word,0,vladimir putin and donald trump hold private talks at helsinki summit,vladimir putin and donald trump private talks at helsinki summit,0,0,False
85297,BLIP Caption + BERT,remove_one_word,0,vladimir putin and donald trump hold private talks at helsinki summit,vladimir putin and donald trump private talks at helsinki summit,1,1,False
85297,BERT,add_noise,0,vladimir putin and donald trump hold private talks at helsinki summit,vladimir putin and donald trump hold private talks at helsinki summit breaking news,0,0,False
85297,CLIP + MLP,add_noise,0,vladimir putin and donald trump hold private talks at helsinki summit,vladimir putin and donald trump hold private talks at helsinki summit breaking news,0,0,False
85297,ViLT,add_noise,0,vladimir putin and donald trump hold private talks at helsinki summit,vladimir putin and donald trump hold private talks at helsinki summit breaking news,0,0,False
85297,BLIP Caption + BERT,add_noise,0,vladimir putin and donald trump hold private talks at helsinki summit,vladimir putin and donald trump hold private talks at helsinki summit breaking news,1,1,False
83118,BERT,remove_punctuation,0,and old zippo lighter,and old zippo lighter,1,1,False
83118,CLIP + MLP,remove_punctuation,0,and old zippo lighter,and old zippo lighter,0,0,False
83118,ViLT,remove_punctuation,0,and old zippo lighter,and old zippo lighter,0,0,False
83118,BLIP Caption + BERT,remove_punctuation,0,and old zippo lighter,and old zippo lighter,0,0,False
83118,BERT,remove_one_word,0,and old zippo lighter,and old lighter,1,0,True
83118,CLIP + MLP,remove_one_word,0,and old zippo lighter,and old lighter,0,0,False
83118,ViLT,remove_one_word,0,and old zippo lighter,and old lighter,0,0,False
83118,BLIP Caption + BERT,remove_one_word,0,and old zippo lighter,and old lighter,0,0,False
83118,BERT,add_noise,0,and old zippo lighter,and old zippo lighter breaking news,1,0,True
83118,CLIP + MLP,add_noise,0,and old zippo lighter,and old zippo lighter breaking news,0,0,False
83118,ViLT,add_noise,0,and old zippo lighter,and old zippo lighter breaking news,0,1,True
83118,BLIP Caption + BERT,add_noise,0,and old zippo lighter,and old zippo lighter breaking news,0,0,False
25047,BERT,remove_punctuation,0,bam son,bam son,0,0,False
25047,CLIP + MLP,remove_punctuation,0,bam son,bam son,0,0,False
25047,ViLT,remove_punctuation,0,bam son,bam son,0,0,False
25047,BLIP Caption + BERT,remove_punctuation,0,bam son,bam son,0,0,False
25047,BERT,remove_one_word,0,bam son,bam son,0,0,False
25047,CLIP + MLP,remove_one_word,0,bam son,bam son,0,0,False
25047,ViLT,remove_one_word,0,bam son,bam son,0,0,False
25047,BLIP Caption + BERT,remove_one_word,0,bam son,bam son,0,0,False
25047,BERT,add_noise,0,bam son,bam son breaking news,0,0,False
25047,CLIP + MLP,add_noise,0,bam son,bam son breaking news,0,0,False
25047,ViLT,add_noise,0,bam son,bam son breaking news,0,0,False
25047,BLIP Caption + BERT,add_noise,0,bam son,bam son breaking news,0,0,False
30766,BERT,remove_punctuation,1,ghent belgium,ghent belgium,1,1,False
30766,CLIP + MLP,remove_punctuation,1,ghent belgium,ghent belgium,1,1,False
30766,ViLT,remove_punctuation,1,ghent belgium,ghent belgium,0,0,False
30766,BLIP Caption + BERT,remove_punctuation,1,ghent belgium,ghent belgium,1,1,False
30766,BERT,remove_one_word,1,ghent belgium,ghent belgium,1,1,False
30766,CLIP + MLP,remove_one_word,1,ghent belgium,ghent belgium,1,1,False
30766,ViLT,remove_one_word,1,ghent belgium,ghent belgium,0,0,False
30766,BLIP Caption + BERT,remove_one_word,1,ghent belgium,ghent belgium,1,1,False
30766,BERT,add_noise,1,ghent belgium,ghent belgium breaking news,1,0,True
30766,CLIP + MLP,add_noise,1,ghent belgium,ghent belgium breaking news,1,0,True
30766,ViLT,add_noise,1,ghent belgium,ghent belgium breaking news,0,0,False
30766,BLIP Caption + BERT,add_noise,1,ghent belgium,ghent belgium breaking news,1,1,False
31408,BERT,remove_punctuation,0,i think it is time to get out wheres waldo,i think it is time to get out wheres waldo,0,0,False
31408,CLIP + MLP,remove_punctuation,0,i think it is time to get out wheres waldo,i think it is time to get out wheres waldo,0,0,False
31408,ViLT,remove_punctuation,0,i think it is time to get out wheres waldo,i think it is time to get out wheres waldo,0,0,False
31408,BLIP Caption + BERT,remove_punctuation,0,i think it is time to get out wheres waldo,i think it is time to get out wheres waldo,0,0,False
31408,BERT,remove_one_word,0,i think it is time to get out wheres waldo,i think it is time get out wheres waldo,0,0,False
31408,CLIP + MLP,remove_one_word,0,i think it is time to get out wheres waldo,i think it is time get out wheres waldo,0,0,False
31408,ViLT,remove_one_word,0,i think it is time to get out wheres waldo,i think it is time get out wheres waldo,0,0,False
31408,BLIP Caption + BERT,remove_one_word,0,i think it is time to get out wheres waldo,i think it is time get out wheres waldo,0,0,False
31408,BERT,add_noise,0,i think it is time to get out wheres waldo,i think it is time to get out wheres waldo breaking news,0,0,False
31408,CLIP + MLP,add_noise,0,i think it is time to get out wheres waldo,i think it is time to get out wheres waldo breaking news,0,0,False
31408,ViLT,add_noise,0,i think it is time to get out wheres waldo,i think it is time to get out wheres waldo breaking news,0,0,False
31408,BLIP Caption + BERT,add_noise,0,i think it is time to get out wheres waldo,i think it is time to get out wheres waldo breaking news,0,0,False
76012,BERT,remove_punctuation,1,obama staring out a window,obama staring out a window,1,1,False
76012,CLIP + MLP,remove_punctuation,1,obama staring out a window,obama staring out a window,0,0,False
76012,ViLT,remove_punctuation,1,obama staring out a window,obama staring out a window,1,1,False
76012,BLIP Caption + BERT,remove_punctuation,1,obama staring out a window,obama staring out a window,0,0,False
76012,BERT,remove_one_word,1,obama staring out a window,obama staring a window,1,1,False
76012,CLIP + MLP,remove_one_word,1,obama staring out a window,obama staring a window,0,0,False
76012,ViLT,remove_one_word,1,obama staring out a window,obama staring a window,1,1,False
76012,BLIP Caption + BERT,remove_one_word,1,obama staring out a window,obama staring a window,0,0,False
76012,BERT,add_noise,1,obama staring out a window,obama staring out a window breaking news,1,1,False
76012,CLIP + MLP,add_noise,1,obama staring out a window,obama staring out a window breaking news,0,0,False
76012,ViLT,add_noise,1,obama staring out a window,obama staring out a window breaking news,1,1,False
76012,BLIP Caption + BERT,add_noise,1,obama staring out a window,obama staring out a window breaking news,0,0,False
24203,BERT,remove_punctuation,1,crazy looking moth i found,crazy looking moth i found,1,1,False
24203,CLIP + MLP,remove_punctuation,1,crazy looking moth i found,crazy looking moth i found,0,0,False
24203,ViLT,remove_punctuation,1,crazy looking moth i found,crazy looking moth i found,1,1,False
24203,BLIP Caption + BERT,remove_punctuation,1,crazy looking moth i found,crazy looking moth i found,0,0,False
24203,BERT,remove_one_word,1,crazy looking moth i found,crazy looking i found,1,1,False
24203,CLIP + MLP,remove_one_word,1,crazy looking moth i found,crazy looking i found,0,0,False
24203,ViLT,remove_one_word,1,crazy looking moth i found,crazy looking i found,1,0,True
24203,BLIP Caption + BERT,remove_one_word,1,crazy looking moth i found,crazy looking i found,0,0,False
24203,BERT,add_noise,1,crazy looking moth i found,crazy looking moth i found breaking news,1,1,False
24203,CLIP + MLP,add_noise,1,crazy looking moth i found,crazy looking moth i found breaking news,0,1,True
24203,ViLT,add_noise,1,crazy looking moth i found,crazy looking moth i found breaking news,1,1,False
24203,BLIP Caption + BERT,add_noise,1,crazy looking moth i found,crazy looking moth i found breaking news,0,0,False
48099,BERT,remove_punctuation,0,first time ive had a crack at this sort of thing,first time ive had a crack at this sort of thing,0,0,False
48099,CLIP + MLP,remove_punctuation,0,first time ive had a crack at this sort of thing,first time ive had a crack at this sort of thing,0,0,False
48099,ViLT,remove_punctuation,0,first time ive had a crack at this sort of thing,first time ive had a crack at this sort of thing,0,0,False
48099,BLIP Caption + BERT,remove_punctuation,0,first time ive had a crack at this sort of thing,first time ive had a crack at this sort of thing,0,0,False
48099,BERT,remove_one_word,0,first time ive had a crack at this sort of thing,first time ive had a at this sort of thing,0,0,False
48099,CLIP + MLP,remove_one_word,0,first time ive had a crack at this sort of thing,first time ive had a at this sort of thing,0,0,False
48099,ViLT,remove_one_word,0,first time ive had a crack at this sort of thing,first time ive had a at this sort of thing,0,0,False
48099,BLIP Caption + BERT,remove_one_word,0,first time ive had a crack at this sort of thing,first time ive had a at this sort of thing,0,0,False
48099,BERT,add_noise,0,first time ive had a crack at this sort of thing,first time ive had a crack at this sort of thing breaking news,0,0,False
48099,CLIP + MLP,add_noise,0,first time ive had a crack at this sort of thing,first time ive had a crack at this sort of thing breaking news,0,0,False
48099,ViLT,add_noise,0,first time ive had a crack at this sort of thing,first time ive had a crack at this sort of thing breaking news,0,0,False
48099,BLIP Caption + BERT,add_noise,0,first time ive had a crack at this sort of thing,first time ive had a crack at this sort of thing breaking news,0,0,False
97700,BERT,remove_punctuation,1,balanced nickel,balanced nickel,1,1,False
97700,CLIP + MLP,remove_punctuation,1,balanced nickel,balanced nickel,0,0,False
97700,ViLT,remove_punctuation,1,balanced nickel,balanced nickel,0,0,False
97700,BLIP Caption + BERT,remove_punctuation,1,balanced nickel,balanced nickel,0,0,False
97700,BERT,remove_one_word,1,balanced nickel,balanced nickel,1,1,False
97700,CLIP + MLP,remove_one_word,1,balanced nickel,balanced nickel,0,0,False
97700,ViLT,remove_one_word,1,balanced nickel,balanced nickel,0,0,False
97700,BLIP Caption + BERT,remove_one_word,1,balanced nickel,balanced nickel,0,0,False
97700,BERT,add_noise,1,balanced nickel,balanced nickel breaking news,1,0,True
97700,CLIP + MLP,add_noise,1,balanced nickel,balanced nickel breaking news,0,0,False
97700,ViLT,add_noise,1,balanced nickel,balanced nickel breaking news,0,0,False
97700,BLIP Caption + BERT,add_noise,1,balanced nickel,balanced nickel breaking news,0,0,False
91603,BERT,remove_punctuation,0,other discussions,other discussions,0,0,False
91603,CLIP + MLP,remove_punctuation,0,other discussions,other discussions,0,0,False
91603,ViLT,remove_punctuation,0,other discussions,other discussions,0,0,False
91603,BLIP Caption + BERT,remove_punctuation,0,other discussions,other discussions,0,0,False
91603,BERT,remove_one_word,0,other discussions,other discussions,0,0,False
91603,CLIP + MLP,remove_one_word,0,other discussions,other discussions,0,0,False
91603,ViLT,remove_one_word,0,other discussions,other discussions,0,0,False
91603,BLIP Caption + BERT,remove_one_word,0,other discussions,other discussions,0,0,False
91603,BERT,add_noise,0,other discussions,other discussions breaking news,0,0,False
91603,CLIP + MLP,add_noise,0,other discussions,other discussions breaking news,0,0,False
91603,ViLT,add_noise,0,other discussions,other discussions breaking news,0,0,False
91603,BLIP Caption + BERT,add_noise,0,other discussions,other discussions breaking news,0,0,False
15253,BERT,remove_punctuation,0,thats one criminally insane building,thats one criminally insane building,0,0,False
15253,CLIP + MLP,remove_punctuation,0,thats one criminally insane building,thats one criminally insane building,0,0,False
15253,ViLT,remove_punctuation,0,thats one criminally insane building,thats one criminally insane building,1,1,False
15253,BLIP Caption + BERT,remove_punctuation,0,thats one criminally insane building,thats one criminally insane building,0,0,False
15253,BERT,remove_one_word,0,thats one criminally insane building,thats one insane building,0,0,False
15253,CLIP + MLP,remove_one_word,0,thats one criminally insane building,thats one insane building,0,0,False
15253,ViLT,remove_one_word,0,thats one criminally insane building,thats one insane building,1,0,True
15253,BLIP Caption + BERT,remove_one_word,0,thats one criminally insane building,thats one insane building,0,0,False
15253,BERT,add_noise,0,thats one criminally insane building,thats one criminally insane building breaking news,0,0,False
15253,CLIP + MLP,add_noise,0,thats one criminally insane building,thats one criminally insane building breaking news,0,0,False
15253,ViLT,add_noise,0,thats one criminally insane building,thats one criminally insane building breaking news,1,1,False
15253,BLIP Caption + BERT,add_noise,0,thats one criminally insane building,thats one criminally insane building breaking news,0,0,False
8000,BERT,remove_punctuation,1,thousands of benefit claimants win legal victory over tory governments welfare appeals regime,thousands of benefit claimants win legal victory over tory governments welfare appeals regime,1,1,False
8000,CLIP + MLP,remove_punctuation,1,thousands of benefit claimants win legal victory over tory governments welfare appeals regime,thousands of benefit claimants win legal victory over tory governments welfare appeals regime,1,1,False
8000,ViLT,remove_punctuation,1,thousands of benefit claimants win legal victory over tory governments welfare appeals regime,thousands of benefit claimants win legal victory over tory governments welfare appeals regime,0,0,False
8000,BLIP Caption + BERT,remove_punctuation,1,thousands of benefit claimants win legal victory over tory governments welfare appeals regime,thousands of benefit claimants win legal victory over tory governments welfare appeals regime,1,1,False
8000,BERT,remove_one_word,1,thousands of benefit claimants win legal victory over tory governments welfare appeals regime,thousands of benefit claimants win legal over tory governments welfare appeals regime,1,1,False
8000,CLIP + MLP,remove_one_word,1,thousands of benefit claimants win legal victory over tory governments welfare appeals regime,thousands of benefit claimants win legal over tory governments welfare appeals regime,1,0,True
8000,ViLT,remove_one_word,1,thousands of benefit claimants win legal victory over tory governments welfare appeals regime,thousands of benefit claimants win legal over tory governments welfare appeals regime,0,0,False
8000,BLIP Caption + BERT,remove_one_word,1,thousands of benefit claimants win legal victory over tory governments welfare appeals regime,thousands of benefit claimants win legal over tory governments welfare appeals regime,1,1,False
8000,BERT,add_noise,1,thousands of benefit claimants win legal victory over tory governments welfare appeals regime,thousands of benefit claimants win legal victory over tory governments welfare appeals regime breaking news,1,0,True
8000,CLIP + MLP,add_noise,1,thousands of benefit claimants win legal victory over tory governments welfare appeals regime,thousands of benefit claimants win legal victory over tory governments welfare appeals regime breaking news,1,0,True
8000,ViLT,add_noise,1,thousands of benefit claimants win legal victory over tory governments welfare appeals regime,thousands of benefit claimants win legal victory over tory governments welfare appeals regime breaking news,0,0,False
8000,BLIP Caption + BERT,add_noise,1,thousands of benefit claimants win legal victory over tory governments welfare appeals regime,thousands of benefit claimants win legal victory over tory governments welfare appeals regime breaking news,1,1,False
69773,BERT,remove_punctuation,1,missouri supreme court state law barring bail for undocumented immigrants is unconstitutional,missouri supreme court state law barring bail for undocumented immigrants is unconstitutional,1,1,False
69773,CLIP + MLP,remove_punctuation,1,missouri supreme court state law barring bail for undocumented immigrants is unconstitutional,missouri supreme court state law barring bail for undocumented immigrants is unconstitutional,1,1,False
69773,ViLT,remove_punctuation,1,missouri supreme court state law barring bail for undocumented immigrants is unconstitutional,missouri supreme court state law barring bail for undocumented immigrants is unconstitutional,0,0,False
69773,BLIP Caption + BERT,remove_punctuation,1,missouri supreme court state law barring bail for undocumented immigrants is unconstitutional,missouri supreme court state law barring bail for undocumented immigrants is unconstitutional,0,0,False
69773,BERT,remove_one_word,1,missouri supreme court state law barring bail for undocumented immigrants is unconstitutional,missouri supreme court state law barring for undocumented immigrants is unconstitutional,1,1,False
69773,CLIP + MLP,remove_one_word,1,missouri supreme court state law barring bail for undocumented immigrants is unconstitutional,missouri supreme court state law barring for undocumented immigrants is unconstitutional,1,1,False
69773,ViLT,remove_one_word,1,missouri supreme court state law barring bail for undocumented immigrants is unconstitutional,missouri supreme court state law barring for undocumented immigrants is unconstitutional,0,0,False
69773,BLIP Caption + BERT,remove_one_word,1,missouri supreme court state law barring bail for undocumented immigrants is unconstitutional,missouri supreme court state law barring for undocumented immigrants is unconstitutional,0,0,False
69773,BERT,add_noise,1,missouri supreme court state law barring bail for undocumented immigrants is unconstitutional,missouri supreme court state law barring bail for undocumented immigrants is unconstitutional breaking news,1,1,False
69773,CLIP + MLP,add_noise,1,missouri supreme court state law barring bail for undocumented immigrants is unconstitutional,missouri supreme court state law barring bail for undocumented immigrants is unconstitutional breaking news,1,1,False
69773,ViLT,add_noise,1,missouri supreme court state law barring bail for undocumented immigrants is unconstitutional,missouri supreme court state law barring bail for undocumented immigrants is unconstitutional breaking news,0,0,False
69773,BLIP Caption + BERT,add_noise,1,missouri supreme court state law barring bail for undocumented immigrants is unconstitutional,missouri supreme court state law barring bail for undocumented immigrants is unconstitutional breaking news,0,0,False
90936,BERT,remove_punctuation,1,what could you do with this,what could you do with this,0,0,False
90936,CLIP + MLP,remove_punctuation,1,what could you do with this,what could you do with this,0,0,False
90936,ViLT,remove_punctuation,1,what could you do with this,what could you do with this,1,1,False
90936,BLIP Caption + BERT,remove_punctuation,1,what could you do with this,what could you do with this,0,0,False
90936,BERT,remove_one_word,1,what could you do with this,what could you with this,0,0,False
90936,CLIP + MLP,remove_one_word,1,what could you do with this,what could you with this,0,0,False
90936,ViLT,remove_one_word,1,what could you do with this,what could you with this,1,0,True
90936,BLIP Caption + BERT,remove_one_word,1,what could you do with this,what could you with this,0,0,False
90936,BERT,add_noise,1,what could you do with this,what could you do with this breaking news,0,0,False
90936,CLIP + MLP,add_noise,1,what could you do with this,what could you do with this breaking news,0,0,False
90936,ViLT,add_noise,1,what could you do with this,what could you do with this breaking news,1,0,True
90936,BLIP Caption + BERT,add_noise,1,what could you do with this,what could you do with this breaking news,0,0,False
3547,BERT,remove_punctuation,0,found this one eyed slice of ham far too funny at breakfast,found this one eyed slice of ham far too funny at breakfast,0,0,False
3547,CLIP + MLP,remove_punctuation,0,found this one eyed slice of ham far too funny at breakfast,found this one eyed slice of ham far too funny at breakfast,1,1,False
3547,ViLT,remove_punctuation,0,found this one eyed slice of ham far too funny at breakfast,found this one eyed slice of ham far too funny at breakfast,1,1,False
3547,BLIP Caption + BERT,remove_punctuation,0,found this one eyed slice of ham far too funny at breakfast,found this one eyed slice of ham far too funny at breakfast,0,0,False
3547,BERT,remove_one_word,0,found this one eyed slice of ham far too funny at breakfast,found this one eyed slice of far too funny at breakfast,0,0,False
3547,CLIP + MLP,remove_one_word,0,found this one eyed slice of ham far too funny at breakfast,found this one eyed slice of far too funny at breakfast,1,1,False
3547,ViLT,remove_one_word,0,found this one eyed slice of ham far too funny at breakfast,found this one eyed slice of far too funny at breakfast,1,0,True
3547,BLIP Caption + BERT,remove_one_word,0,found this one eyed slice of ham far too funny at breakfast,found this one eyed slice of far too funny at breakfast,0,0,False
3547,BERT,add_noise,0,found this one eyed slice of ham far too funny at breakfast,found this one eyed slice of ham far too funny at breakfast breaking news,0,0,False
3547,CLIP + MLP,add_noise,0,found this one eyed slice of ham far too funny at breakfast,found this one eyed slice of ham far too funny at breakfast breaking news,1,1,False
3547,ViLT,add_noise,0,found this one eyed slice of ham far too funny at breakfast,found this one eyed slice of ham far too funny at breakfast breaking news,1,1,False
3547,BLIP Caption + BERT,add_noise,0,found this one eyed slice of ham far too funny at breakfast,found this one eyed slice of ham far too funny at breakfast breaking news,0,0,False
7242,BERT,remove_punctuation,1,walmart employee dressed as link,walmart employee dressed as link,1,1,False
7242,CLIP + MLP,remove_punctuation,1,walmart employee dressed as link,walmart employee dressed as link,0,0,False
7242,ViLT,remove_punctuation,1,walmart employee dressed as link,walmart employee dressed as link,0,0,False
7242,BLIP Caption + BERT,remove_punctuation,1,walmart employee dressed as link,walmart employee dressed as link,0,0,False
7242,BERT,remove_one_word,1,walmart employee dressed as link,walmart employee as link,1,1,False
7242,CLIP + MLP,remove_one_word,1,walmart employee dressed as link,walmart employee as link,0,0,False
7242,ViLT,remove_one_word,1,walmart employee dressed as link,walmart employee as link,0,0,False
7242,BLIP Caption + BERT,remove_one_word,1,walmart employee dressed as link,walmart employee as link,0,0,False
7242,BERT,add_noise,1,walmart employee dressed as link,walmart employee dressed as link breaking news,1,1,False
7242,CLIP + MLP,add_noise,1,walmart employee dressed as link,walmart employee dressed as link breaking news,0,0,False
7242,ViLT,add_noise,1,walmart employee dressed as link,walmart employee dressed as link breaking news,0,0,False
7242,BLIP Caption + BERT,add_noise,1,walmart employee dressed as link,walmart employee dressed as link breaking news,0,0,False
44890,BERT,remove_punctuation,1,this ceiling points at the elevator,this ceiling points at the elevator,1,1,False
44890,CLIP + MLP,remove_punctuation,1,this ceiling points at the elevator,this ceiling points at the elevator,1,1,False
44890,ViLT,remove_punctuation,1,this ceiling points at the elevator,this ceiling points at the elevator,1,1,False
44890,BLIP Caption + BERT,remove_punctuation,1,this ceiling points at the elevator,this ceiling points at the elevator,0,0,False
44890,BERT,remove_one_word,1,this ceiling points at the elevator,this ceiling points the elevator,1,1,False
44890,CLIP + MLP,remove_one_word,1,this ceiling points at the elevator,this ceiling points the elevator,1,1,False
44890,ViLT,remove_one_word,1,this ceiling points at the elevator,this ceiling points the elevator,1,1,False
44890,BLIP Caption + BERT,remove_one_word,1,this ceiling points at the elevator,this ceiling points the elevator,0,0,False
44890,BERT,add_noise,1,this ceiling points at the elevator,this ceiling points at the elevator breaking news,1,1,False
44890,CLIP + MLP,add_noise,1,this ceiling points at the elevator,this ceiling points at the elevator breaking news,1,1,False
44890,ViLT,add_noise,1,this ceiling points at the elevator,this ceiling points at the elevator breaking news,1,1,False
44890,BLIP Caption + BERT,add_noise,1,this ceiling points at the elevator,this ceiling points at the elevator breaking news,0,0,False
94670,BERT,remove_punctuation,1,animal rescue fospice program gives senior and terminally ill shelter dogs a home for their final days,animal rescue fospice program gives senior and terminally ill shelter dogs a home for their final days,1,1,False
94670,CLIP + MLP,remove_punctuation,1,animal rescue fospice program gives senior and terminally ill shelter dogs a home for their final days,animal rescue fospice program gives senior and terminally ill shelter dogs a home for their final days,0,0,False
94670,ViLT,remove_punctuation,1,animal rescue fospice program gives senior and terminally ill shelter dogs a home for their final days,animal rescue fospice program gives senior and terminally ill shelter dogs a home for their final days,0,0,False
94670,BLIP Caption + BERT,remove_punctuation,1,animal rescue fospice program gives senior and terminally ill shelter dogs a home for their final days,animal rescue fospice program gives senior and terminally ill shelter dogs a home for their final days,0,0,False
94670,BERT,remove_one_word,1,animal rescue fospice program gives senior and terminally ill shelter dogs a home for their final days,animal rescue fospice program gives senior and terminally shelter dogs a home for their final days,1,1,False
94670,CLIP + MLP,remove_one_word,1,animal rescue fospice program gives senior and terminally ill shelter dogs a home for their final days,animal rescue fospice program gives senior and terminally shelter dogs a home for their final days,0,0,False
94670,ViLT,remove_one_word,1,animal rescue fospice program gives senior and terminally ill shelter dogs a home for their final days,animal rescue fospice program gives senior and terminally shelter dogs a home for their final days,0,0,False
94670,BLIP Caption + BERT,remove_one_word,1,animal rescue fospice program gives senior and terminally ill shelter dogs a home for their final days,animal rescue fospice program gives senior and terminally shelter dogs a home for their final days,0,0,False
94670,BERT,add_noise,1,animal rescue fospice program gives senior and terminally ill shelter dogs a home for their final days,animal rescue fospice program gives senior and terminally ill shelter dogs a home for their final days breaking news,1,1,False
94670,CLIP + MLP,add_noise,1,animal rescue fospice program gives senior and terminally ill shelter dogs a home for their final days,animal rescue fospice program gives senior and terminally ill shelter dogs a home for their final days breaking news,0,0,False
94670,ViLT,add_noise,1,animal rescue fospice program gives senior and terminally ill shelter dogs a home for their final days,animal rescue fospice program gives senior and terminally ill shelter dogs a home for their final days breaking news,0,0,False
94670,BLIP Caption + BERT,add_noise,1,animal rescue fospice program gives senior and terminally ill shelter dogs a home for their final days,animal rescue fospice program gives senior and terminally ill shelter dogs a home for their final days breaking news,0,0,False
66035,BERT,remove_punctuation,1,angery bird is more like angery horse,angery bird is more like angery horse,0,0,False
66035,CLIP + MLP,remove_punctuation,1,angery bird is more like angery horse,angery bird is more like angery horse,0,0,False
66035,ViLT,remove_punctuation,1,angery bird is more like angery horse,angery bird is more like angery horse,0,0,False
66035,BLIP Caption + BERT,remove_punctuation,1,angery bird is more like angery horse,angery bird is more like angery horse,0,0,False
66035,BERT,remove_one_word,1,angery bird is more like angery horse,angery bird is like angery horse,0,0,False
66035,CLIP + MLP,remove_one_word,1,angery bird is more like angery horse,angery bird is like angery horse,0,0,False
66035,ViLT,remove_one_word,1,angery bird is more like angery horse,angery bird is like angery horse,0,0,False
66035,BLIP Caption + BERT,remove_one_word,1,angery bird is more like angery horse,angery bird is like angery horse,0,0,False
66035,BERT,add_noise,1,angery bird is more like angery horse,angery bird is more like angery horse breaking news,0,0,False
66035,CLIP + MLP,add_noise,1,angery bird is more like angery horse,angery bird is more like angery horse breaking news,0,0,False
66035,ViLT,add_noise,1,angery bird is more like angery horse,angery bird is more like angery horse breaking news,0,0,False
66035,BLIP Caption + BERT,add_noise,1,angery bird is more like angery horse,angery bird is more like angery horse breaking news,0,0,False
70261,BERT,remove_punctuation,0,donnie trump live at little st james,donnie trump live at little st james,0,0,False
70261,CLIP + MLP,remove_punctuation,0,donnie trump live at little st james,donnie trump live at little st james,0,0,False
70261,ViLT,remove_punctuation,0,donnie trump live at little st james,donnie trump live at little st james,0,0,False
70261,BLIP Caption + BERT,remove_punctuation,0,donnie trump live at little st james,donnie trump live at little st james,0,0,False
70261,BERT,remove_one_word,0,donnie trump live at little st james,donnie trump live little st james,0,0,False
70261,CLIP + MLP,remove_one_word,0,donnie trump live at little st james,donnie trump live little st james,0,0,False
70261,ViLT,remove_one_word,0,donnie trump live at little st james,donnie trump live little st james,0,0,False
70261,BLIP Caption + BERT,remove_one_word,0,donnie trump live at little st james,donnie trump live little st james,0,0,False
70261,BERT,add_noise,0,donnie trump live at little st james,donnie trump live at little st james breaking news,0,0,False
70261,CLIP + MLP,add_noise,0,donnie trump live at little st james,donnie trump live at little st james breaking news,0,0,False
70261,ViLT,add_noise,0,donnie trump live at little st james,donnie trump live at little st james breaking news,0,0,False
70261,BLIP Caption + BERT,add_noise,0,donnie trump live at little st james,donnie trump live at little st james breaking news,0,0,False
46973,BERT,remove_punctuation,0,if statistically most crimes happen at gunpoint why do i get my home match the drapes as do the curtains match the drapes,if statistically most crimes happen at gunpoint why do i get my home match the drapes as do the curtains match the drapes,0,0,False
46973,CLIP + MLP,remove_punctuation,0,if statistically most crimes happen at gunpoint why do i get my home match the drapes as do the curtains match the drapes,if statistically most crimes happen at gunpoint why do i get my home match the drapes as do the curtains match the drapes,0,0,False
46973,ViLT,remove_punctuation,0,if statistically most crimes happen at gunpoint why do i get my home match the drapes as do the curtains match the drapes,if statistically most crimes happen at gunpoint why do i get my home match the drapes as do the curtains match the drapes,0,0,False
46973,BLIP Caption + BERT,remove_punctuation,0,if statistically most crimes happen at gunpoint why do i get my home match the drapes as do the curtains match the drapes,if statistically most crimes happen at gunpoint why do i get my home match the drapes as do the curtains match the drapes,0,0,False
46973,BERT,remove_one_word,0,if statistically most crimes happen at gunpoint why do i get my home match the drapes as do the curtains match the drapes,if statistically most crimes happen at gunpoint why do i get home match the drapes as do the curtains match the drapes,0,0,False
46973,CLIP + MLP,remove_one_word,0,if statistically most crimes happen at gunpoint why do i get my home match the drapes as do the curtains match the drapes,if statistically most crimes happen at gunpoint why do i get home match the drapes as do the curtains match the drapes,0,0,False
46973,ViLT,remove_one_word,0,if statistically most crimes happen at gunpoint why do i get my home match the drapes as do the curtains match the drapes,if statistically most crimes happen at gunpoint why do i get home match the drapes as do the curtains match the drapes,0,0,False
46973,BLIP Caption + BERT,remove_one_word,0,if statistically most crimes happen at gunpoint why do i get my home match the drapes as do the curtains match the drapes,if statistically most crimes happen at gunpoint why do i get home match the drapes as do the curtains match the drapes,0,0,False
46973,BERT,add_noise,0,if statistically most crimes happen at gunpoint why do i get my home match the drapes as do the curtains match the drapes,if statistically most crimes happen at gunpoint why do i get my home match the drapes as do the curtains match the drapes breaking news,0,0,False
46973,CLIP + MLP,add_noise,0,if statistically most crimes happen at gunpoint why do i get my home match the drapes as do the curtains match the drapes,if statistically most crimes happen at gunpoint why do i get my home match the drapes as do the curtains match the drapes breaking news,0,0,False
46973,ViLT,add_noise,0,if statistically most crimes happen at gunpoint why do i get my home match the drapes as do the curtains match the drapes,if statistically most crimes happen at gunpoint why do i get my home match the drapes as do the curtains match the drapes breaking news,0,0,False
46973,BLIP Caption + BERT,add_noise,0,if statistically most crimes happen at gunpoint why do i get my home match the drapes as do the curtains match the drapes,if statistically most crimes happen at gunpoint why do i get my home match the drapes as do the curtains match the drapes breaking news,0,0,False
72723,BERT,remove_punctuation,0,maybe not the most original but this is just what popped in to my head immediately after clicking the picture,maybe not the most original but this is just what popped in to my head immediately after clicking the picture,0,0,False
72723,CLIP + MLP,remove_punctuation,0,maybe not the most original but this is just what popped in to my head immediately after clicking the picture,maybe not the most original but this is just what popped in to my head immediately after clicking the picture,0,0,False
72723,ViLT,remove_punctuation,0,maybe not the most original but this is just what popped in to my head immediately after clicking the picture,maybe not the most original but this is just what popped in to my head immediately after clicking the picture,0,0,False
72723,BLIP Caption + BERT,remove_punctuation,0,maybe not the most original but this is just what popped in to my head immediately after clicking the picture,maybe not the most original but this is just what popped in to my head immediately after clicking the picture,0,0,False
72723,BERT,remove_one_word,0,maybe not the most original but this is just what popped in to my head immediately after clicking the picture,maybe not the most original but this is just what in to my head immediately after clicking the picture,0,0,False
72723,CLIP + MLP,remove_one_word,0,maybe not the most original but this is just what popped in to my head immediately after clicking the picture,maybe not the most original but this is just what in to my head immediately after clicking the picture,0,0,False
72723,ViLT,remove_one_word,0,maybe not the most original but this is just what popped in to my head immediately after clicking the picture,maybe not the most original but this is just what in to my head immediately after clicking the picture,0,0,False
72723,BLIP Caption + BERT,remove_one_word,0,maybe not the most original but this is just what popped in to my head immediately after clicking the picture,maybe not the most original but this is just what in to my head immediately after clicking the picture,0,0,False
72723,BERT,add_noise,0,maybe not the most original but this is just what popped in to my head immediately after clicking the picture,maybe not the most original but this is just what popped in to my head immediately after clicking the picture breaking news,0,0,False
72723,CLIP + MLP,add_noise,0,maybe not the most original but this is just what popped in to my head immediately after clicking the picture,maybe not the most original but this is just what popped in to my head immediately after clicking the picture breaking news,0,0,False
72723,ViLT,add_noise,0,maybe not the most original but this is just what popped in to my head immediately after clicking the picture,maybe not the most original but this is just what popped in to my head immediately after clicking the picture breaking news,0,0,False
72723,BLIP Caption + BERT,add_noise,0,maybe not the most original but this is just what popped in to my head immediately after clicking the picture,maybe not the most original but this is just what popped in to my head immediately after clicking the picture breaking news,0,0,False
46404,BERT,remove_punctuation,1,el tornillo panama city,el tornillo panama city,1,1,False
46404,CLIP + MLP,remove_punctuation,1,el tornillo panama city,el tornillo panama city,0,0,False
46404,ViLT,remove_punctuation,1,el tornillo panama city,el tornillo panama city,0,0,False
46404,BLIP Caption + BERT,remove_punctuation,1,el tornillo panama city,el tornillo panama city,0,0,False
46404,BERT,remove_one_word,1,el tornillo panama city,el tornillo city,1,1,False
46404,CLIP + MLP,remove_one_word,1,el tornillo panama city,el tornillo city,0,0,False
46404,ViLT,remove_one_word,1,el tornillo panama city,el tornillo city,0,0,False
46404,BLIP Caption + BERT,remove_one_word,1,el tornillo panama city,el tornillo city,0,0,False
46404,BERT,add_noise,1,el tornillo panama city,el tornillo panama city breaking news,1,0,True
46404,CLIP + MLP,add_noise,1,el tornillo panama city,el tornillo panama city breaking news,0,0,False
46404,ViLT,add_noise,1,el tornillo panama city,el tornillo panama city breaking news,0,0,False
46404,BLIP Caption + BERT,add_noise,1,el tornillo panama city,el tornillo panama city breaking news,0,0,False
70989,BERT,remove_punctuation,1,easier way to tell your tires are low on tread,easier way to tell your tires are low on tread,1,1,False
70989,CLIP + MLP,remove_punctuation,1,easier way to tell your tires are low on tread,easier way to tell your tires are low on tread,0,0,False
70989,ViLT,remove_punctuation,1,easier way to tell your tires are low on tread,easier way to tell your tires are low on tread,1,1,False
70989,BLIP Caption + BERT,remove_punctuation,1,easier way to tell your tires are low on tread,easier way to tell your tires are low on tread,1,1,False
70989,BERT,remove_one_word,1,easier way to tell your tires are low on tread,easier way to tell your are low on tread,1,0,True
70989,CLIP + MLP,remove_one_word,1,easier way to tell your tires are low on tread,easier way to tell your are low on tread,0,0,False
70989,ViLT,remove_one_word,1,easier way to tell your tires are low on tread,easier way to tell your are low on tread,1,0,True
70989,BLIP Caption + BERT,remove_one_word,1,easier way to tell your tires are low on tread,easier way to tell your are low on tread,1,1,False
70989,BERT,add_noise,1,easier way to tell your tires are low on tread,easier way to tell your tires are low on tread breaking news,1,0,True
70989,CLIP + MLP,add_noise,1,easier way to tell your tires are low on tread,easier way to tell your tires are low on tread breaking news,0,0,False
70989,ViLT,add_noise,1,easier way to tell your tires are low on tread,easier way to tell your tires are low on tread breaking news,1,1,False
70989,BLIP Caption + BERT,add_noise,1,easier way to tell your tires are low on tread,easier way to tell your tires are low on tread breaking news,1,1,False
32088,BERT,remove_punctuation,1,vancouvers drug problem is so bad that pigeons are making nests out of needles police,vancouvers drug problem is so bad that pigeons are making nests out of needles police,1,1,False
32088,CLIP + MLP,remove_punctuation,1,vancouvers drug problem is so bad that pigeons are making nests out of needles police,vancouvers drug problem is so bad that pigeons are making nests out of needles police,0,0,False
32088,ViLT,remove_punctuation,1,vancouvers drug problem is so bad that pigeons are making nests out of needles police,vancouvers drug problem is so bad that pigeons are making nests out of needles police,1,1,False
32088,BLIP Caption + BERT,remove_punctuation,1,vancouvers drug problem is so bad that pigeons are making nests out of needles police,vancouvers drug problem is so bad that pigeons are making nests out of needles police,0,0,False
32088,BERT,remove_one_word,1,vancouvers drug problem is so bad that pigeons are making nests out of needles police,vancouvers drug problem is so bad that are making nests out of needles police,1,1,False
32088,CLIP + MLP,remove_one_word,1,vancouvers drug problem is so bad that pigeons are making nests out of needles police,vancouvers drug problem is so bad that are making nests out of needles police,0,0,False
32088,ViLT,remove_one_word,1,vancouvers drug problem is so bad that pigeons are making nests out of needles police,vancouvers drug problem is so bad that are making nests out of needles police,1,1,False
32088,BLIP Caption + BERT,remove_one_word,1,vancouvers drug problem is so bad that pigeons are making nests out of needles police,vancouvers drug problem is so bad that are making nests out of needles police,0,0,False
32088,BERT,add_noise,1,vancouvers drug problem is so bad that pigeons are making nests out of needles police,vancouvers drug problem is so bad that pigeons are making nests out of needles police breaking news,1,0,True
32088,CLIP + MLP,add_noise,1,vancouvers drug problem is so bad that pigeons are making nests out of needles police,vancouvers drug problem is so bad that pigeons are making nests out of needles police breaking news,0,0,False
32088,ViLT,add_noise,1,vancouvers drug problem is so bad that pigeons are making nests out of needles police,vancouvers drug problem is so bad that pigeons are making nests out of needles police breaking news,1,1,False
32088,BLIP Caption + BERT,add_noise,1,vancouvers drug problem is so bad that pigeons are making nests out of needles police,vancouvers drug problem is so bad that pigeons are making nests out of needles police breaking news,0,0,False
25697,BERT,remove_punctuation,1,very much a tourist,very much a tourist,0,0,False
25697,CLIP + MLP,remove_punctuation,1,very much a tourist,very much a tourist,0,0,False
25697,ViLT,remove_punctuation,1,very much a tourist,very much a tourist,0,0,False
25697,BLIP Caption + BERT,remove_punctuation,1,very much a tourist,very much a tourist,0,0,False
25697,BERT,remove_one_word,1,very much a tourist,very much tourist,0,0,False
25697,CLIP + MLP,remove_one_word,1,very much a tourist,very much tourist,0,0,False
25697,ViLT,remove_one_word,1,very much a tourist,very much tourist,0,0,False
25697,BLIP Caption + BERT,remove_one_word,1,very much a tourist,very much tourist,0,0,False
25697,BERT,add_noise,1,very much a tourist,very much a tourist breaking news,0,0,False
25697,CLIP + MLP,add_noise,1,very much a tourist,very much a tourist breaking news,0,0,False
25697,ViLT,add_noise,1,very much a tourist,very much a tourist breaking news,0,0,False
25697,BLIP Caption + BERT,add_noise,1,very much a tourist,very much a tourist breaking news,0,0,False
95491,BERT,remove_punctuation,1,polish president andrzej duda celebrates his victory in presidential election,polish president andrzej duda celebrates his victory in presidential election,0,0,False
95491,CLIP + MLP,remove_punctuation,1,polish president andrzej duda celebrates his victory in presidential election,polish president andrzej duda celebrates his victory in presidential election,0,0,False
95491,ViLT,remove_punctuation,1,polish president andrzej duda celebrates his victory in presidential election,polish president andrzej duda celebrates his victory in presidential election,0,0,False
95491,BLIP Caption + BERT,remove_punctuation,1,polish president andrzej duda celebrates his victory in presidential election,polish president andrzej duda celebrates his victory in presidential election,1,1,False
95491,BERT,remove_one_word,1,polish president andrzej duda celebrates his victory in presidential election,polish president andrzej duda celebrates victory in presidential election,0,0,False
95491,CLIP + MLP,remove_one_word,1,polish president andrzej duda celebrates his victory in presidential election,polish president andrzej duda celebrates victory in presidential election,0,0,False
95491,ViLT,remove_one_word,1,polish president andrzej duda celebrates his victory in presidential election,polish president andrzej duda celebrates victory in presidential election,0,0,False
95491,BLIP Caption + BERT,remove_one_word,1,polish president andrzej duda celebrates his victory in presidential election,polish president andrzej duda celebrates victory in presidential election,1,1,False
95491,BERT,add_noise,1,polish president andrzej duda celebrates his victory in presidential election,polish president andrzej duda celebrates his victory in presidential election breaking news,0,0,False
95491,CLIP + MLP,add_noise,1,polish president andrzej duda celebrates his victory in presidential election,polish president andrzej duda celebrates his victory in presidential election breaking news,0,0,False
95491,ViLT,add_noise,1,polish president andrzej duda celebrates his victory in presidential election,polish president andrzej duda celebrates his victory in presidential election breaking news,0,0,False
95491,BLIP Caption + BERT,add_noise,1,polish president andrzej duda celebrates his victory in presidential election,polish president andrzej duda celebrates his victory in presidential election breaking news,1,1,False
26675,BERT,remove_punctuation,1,macron campaign team used honeypot accounts to fake out fancy bear,macron campaign team used honeypot accounts to fake out fancy bear,1,1,False
26675,CLIP + MLP,remove_punctuation,1,macron campaign team used honeypot accounts to fake out fancy bear,macron campaign team used honeypot accounts to fake out fancy bear,0,0,False
26675,ViLT,remove_punctuation,1,macron campaign team used honeypot accounts to fake out fancy bear,macron campaign team used honeypot accounts to fake out fancy bear,0,0,False
26675,BLIP Caption + BERT,remove_punctuation,1,macron campaign team used honeypot accounts to fake out fancy bear,macron campaign team used honeypot accounts to fake out fancy bear,0,0,False
26675,BERT,remove_one_word,1,macron campaign team used honeypot accounts to fake out fancy bear,macron campaign team used honeypot to fake out fancy bear,1,1,False
26675,CLIP + MLP,remove_one_word,1,macron campaign team used honeypot accounts to fake out fancy bear,macron campaign team used honeypot to fake out fancy bear,0,0,False
26675,ViLT,remove_one_word,1,macron campaign team used honeypot accounts to fake out fancy bear,macron campaign team used honeypot to fake out fancy bear,0,0,False
26675,BLIP Caption + BERT,remove_one_word,1,macron campaign team used honeypot accounts to fake out fancy bear,macron campaign team used honeypot to fake out fancy bear,0,0,False
26675,BERT,add_noise,1,macron campaign team used honeypot accounts to fake out fancy bear,macron campaign team used honeypot accounts to fake out fancy bear breaking news,1,1,False
26675,CLIP + MLP,add_noise,1,macron campaign team used honeypot accounts to fake out fancy bear,macron campaign team used honeypot accounts to fake out fancy bear breaking news,0,0,False
26675,ViLT,add_noise,1,macron campaign team used honeypot accounts to fake out fancy bear,macron campaign team used honeypot accounts to fake out fancy bear breaking news,0,0,False
26675,BLIP Caption + BERT,add_noise,1,macron campaign team used honeypot accounts to fake out fancy bear,macron campaign team used honeypot accounts to fake out fancy bear breaking news,0,0,False
43296,BERT,remove_punctuation,1,radio station now cutting songs in half so listeners dont get bored,radio station now cutting songs in half so listeners dont get bored,0,0,False
43296,CLIP + MLP,remove_punctuation,1,radio station now cutting songs in half so listeners dont get bored,radio station now cutting songs in half so listeners dont get bored,0,0,False
43296,ViLT,remove_punctuation,1,radio station now cutting songs in half so listeners dont get bored,radio station now cutting songs in half so listeners dont get bored,1,1,False
43296,BLIP Caption + BERT,remove_punctuation,1,radio station now cutting songs in half so listeners dont get bored,radio station now cutting songs in half so listeners dont get bored,0,0,False
43296,BERT,remove_one_word,1,radio station now cutting songs in half so listeners dont get bored,radio station now cutting songs in so listeners dont get bored,0,0,False
43296,CLIP + MLP,remove_one_word,1,radio station now cutting songs in half so listeners dont get bored,radio station now cutting songs in so listeners dont get bored,0,0,False
43296,ViLT,remove_one_word,1,radio station now cutting songs in half so listeners dont get bored,radio station now cutting songs in so listeners dont get bored,1,1,False
43296,BLIP Caption + BERT,remove_one_word,1,radio station now cutting songs in half so listeners dont get bored,radio station now cutting songs in so listeners dont get bored,0,0,False
43296,BERT,add_noise,1,radio station now cutting songs in half so listeners dont get bored,radio station now cutting songs in half so listeners dont get bored breaking news,0,0,False
43296,CLIP + MLP,add_noise,1,radio station now cutting songs in half so listeners dont get bored,radio station now cutting songs in half so listeners dont get bored breaking news,0,0,False
43296,ViLT,add_noise,1,radio station now cutting songs in half so listeners dont get bored,radio station now cutting songs in half so listeners dont get bored breaking news,1,1,False
43296,BLIP Caption + BERT,add_noise,1,radio station now cutting songs in half so listeners dont get bored,radio station now cutting songs in half so listeners dont get bored breaking news,0,0,False
105394,BERT,remove_punctuation,1,san francisco cathedral will stop dousing sleeping homeless people with water,san francisco cathedral will stop dousing sleeping homeless people with water,1,1,False
105394,CLIP + MLP,remove_punctuation,1,san francisco cathedral will stop dousing sleeping homeless people with water,san francisco cathedral will stop dousing sleeping homeless people with water,0,0,False
105394,ViLT,remove_punctuation,1,san francisco cathedral will stop dousing sleeping homeless people with water,san francisco cathedral will stop dousing sleeping homeless people with water,1,1,False
105394,BLIP Caption + BERT,remove_punctuation,1,san francisco cathedral will stop dousing sleeping homeless people with water,san francisco cathedral will stop dousing sleeping homeless people with water,0,0,False
105394,BERT,remove_one_word,1,san francisco cathedral will stop dousing sleeping homeless people with water,san francisco cathedral will stop sleeping homeless people with water,1,1,False
105394,CLIP + MLP,remove_one_word,1,san francisco cathedral will stop dousing sleeping homeless people with water,san francisco cathedral will stop sleeping homeless people with water,0,0,False
105394,ViLT,remove_one_word,1,san francisco cathedral will stop dousing sleeping homeless people with water,san francisco cathedral will stop sleeping homeless people with water,1,1,False
105394,BLIP Caption + BERT,remove_one_word,1,san francisco cathedral will stop dousing sleeping homeless people with water,san francisco cathedral will stop sleeping homeless people with water,0,0,False
105394,BERT,add_noise,1,san francisco cathedral will stop dousing sleeping homeless people with water,san francisco cathedral will stop dousing sleeping homeless people with water breaking news,1,1,False
105394,CLIP + MLP,add_noise,1,san francisco cathedral will stop dousing sleeping homeless people with water,san francisco cathedral will stop dousing sleeping homeless people with water breaking news,0,0,False
105394,ViLT,add_noise,1,san francisco cathedral will stop dousing sleeping homeless people with water,san francisco cathedral will stop dousing sleeping homeless people with water breaking news,1,1,False
105394,BLIP Caption + BERT,add_noise,1,san francisco cathedral will stop dousing sleeping homeless people with water,san francisco cathedral will stop dousing sleeping homeless people with water breaking news,0,0,False
69797,BERT,remove_punctuation,0,dolly llama,dolly llama,0,0,False
69797,CLIP + MLP,remove_punctuation,0,dolly llama,dolly llama,0,0,False
69797,ViLT,remove_punctuation,0,dolly llama,dolly llama,0,0,False
69797,BLIP Caption + BERT,remove_punctuation,0,dolly llama,dolly llama,0,0,False
69797,BERT,remove_one_word,0,dolly llama,dolly llama,0,0,False
69797,CLIP + MLP,remove_one_word,0,dolly llama,dolly llama,0,0,False
69797,ViLT,remove_one_word,0,dolly llama,dolly llama,0,0,False
69797,BLIP Caption + BERT,remove_one_word,0,dolly llama,dolly llama,0,0,False
69797,BERT,add_noise,0,dolly llama,dolly llama breaking news,0,0,False
69797,CLIP + MLP,add_noise,0,dolly llama,dolly llama breaking news,0,0,False
69797,ViLT,add_noise,0,dolly llama,dolly llama breaking news,0,0,False
69797,BLIP Caption + BERT,add_noise,0,dolly llama,dolly llama breaking news,0,0,False
84141,BERT,remove_punctuation,0,its a puppy,its a puppy,0,0,False
84141,CLIP + MLP,remove_punctuation,0,its a puppy,its a puppy,0,0,False
84141,ViLT,remove_punctuation,0,its a puppy,its a puppy,0,0,False
84141,BLIP Caption + BERT,remove_punctuation,0,its a puppy,its a puppy,0,0,False
84141,BERT,remove_one_word,0,its a puppy,its a puppy,0,0,False
84141,CLIP + MLP,remove_one_word,0,its a puppy,its a puppy,0,0,False
84141,ViLT,remove_one_word,0,its a puppy,its a puppy,0,0,False
84141,BLIP Caption + BERT,remove_one_word,0,its a puppy,its a puppy,0,0,False
84141,BERT,add_noise,0,its a puppy,its a puppy breaking news,0,0,False
84141,CLIP + MLP,add_noise,0,its a puppy,its a puppy breaking news,0,0,False
84141,ViLT,add_noise,0,its a puppy,its a puppy breaking news,0,1,True
84141,BLIP Caption + BERT,add_noise,0,its a puppy,its a puppy breaking news,0,0,False
91131,BERT,remove_punctuation,0,hagia sophia the same its always been,hagia sophia the same its always been,0,0,False
91131,CLIP + MLP,remove_punctuation,0,hagia sophia the same its always been,hagia sophia the same its always been,0,0,False
91131,ViLT,remove_punctuation,0,hagia sophia the same its always been,hagia sophia the same its always been,1,1,False
91131,BLIP Caption + BERT,remove_punctuation,0,hagia sophia the same its always been,hagia sophia the same its always been,0,0,False
91131,BERT,remove_one_word,0,hagia sophia the same its always been,hagia sophia the its always been,0,1,True
91131,CLIP + MLP,remove_one_word,0,hagia sophia the same its always been,hagia sophia the its always been,0,0,False
91131,ViLT,remove_one_word,0,hagia sophia the same its always been,hagia sophia the its always been,1,1,False
91131,BLIP Caption + BERT,remove_one_word,0,hagia sophia the same its always been,hagia sophia the its always been,0,0,False
91131,BERT,add_noise,0,hagia sophia the same its always been,hagia sophia the same its always been breaking news,0,0,False
91131,CLIP + MLP,add_noise,0,hagia sophia the same its always been,hagia sophia the same its always been breaking news,0,0,False
91131,ViLT,add_noise,0,hagia sophia the same its always been,hagia sophia the same its always been breaking news,1,1,False
91131,BLIP Caption + BERT,add_noise,0,hagia sophia the same its always been,hagia sophia the same its always been breaking news,0,0,False
108918,BERT,remove_punctuation,1,this deer skeleton,this deer skeleton,1,1,False
108918,CLIP + MLP,remove_punctuation,1,this deer skeleton,this deer skeleton,1,1,False
108918,ViLT,remove_punctuation,1,this deer skeleton,this deer skeleton,0,0,False
108918,BLIP Caption + BERT,remove_punctuation,1,this deer skeleton,this deer skeleton,0,0,False
108918,BERT,remove_one_word,1,this deer skeleton,this deer skeleton,1,1,False
108918,CLIP + MLP,remove_one_word,1,this deer skeleton,this deer skeleton,1,1,False
108918,ViLT,remove_one_word,1,this deer skeleton,this deer skeleton,0,0,False
108918,BLIP Caption + BERT,remove_one_word,1,this deer skeleton,this deer skeleton,0,0,False
108918,BERT,add_noise,1,this deer skeleton,this deer skeleton breaking news,1,0,True
108918,CLIP + MLP,add_noise,1,this deer skeleton,this deer skeleton breaking news,1,1,False
108918,ViLT,add_noise,1,this deer skeleton,this deer skeleton breaking news,0,0,False
108918,BLIP Caption + BERT,add_noise,1,this deer skeleton,this deer skeleton breaking news,0,0,False
62669,BERT,remove_punctuation,0,manmade malaria usa,manmade malaria usa,0,0,False
62669,CLIP + MLP,remove_punctuation,0,manmade malaria usa,manmade malaria usa,0,0,False
62669,ViLT,remove_punctuation,0,manmade malaria usa,manmade malaria usa,1,1,False
62669,BLIP Caption + BERT,remove_punctuation,0,manmade malaria usa,manmade malaria usa,1,1,False
62669,BERT,remove_one_word,0,manmade malaria usa,manmade malaria usa,0,0,False
62669,CLIP + MLP,remove_one_word,0,manmade malaria usa,manmade malaria usa,0,0,False
62669,ViLT,remove_one_word,0,manmade malaria usa,manmade malaria usa,1,1,False
62669,BLIP Caption + BERT,remove_one_word,0,manmade malaria usa,manmade malaria usa,1,1,False
62669,BERT,add_noise,0,manmade malaria usa,manmade malaria usa breaking news,0,0,False
62669,CLIP + MLP,add_noise,0,manmade malaria usa,manmade malaria usa breaking news,0,0,False
62669,ViLT,add_noise,0,manmade malaria usa,manmade malaria usa breaking news,1,0,True
62669,BLIP Caption + BERT,add_noise,0,manmade malaria usa,manmade malaria usa breaking news,1,1,False
55383,BERT,remove_punctuation,1,mm with peanuts inside,mm with peanuts inside,1,1,False
55383,CLIP + MLP,remove_punctuation,1,mm with peanuts inside,mm with peanuts inside,0,0,False
55383,ViLT,remove_punctuation,1,mm with peanuts inside,mm with peanuts inside,0,0,False
55383,BLIP Caption + BERT,remove_punctuation,1,mm with peanuts inside,mm with peanuts inside,0,0,False
55383,BERT,remove_one_word,1,mm with peanuts inside,mm with inside,1,1,False
55383,CLIP + MLP,remove_one_word,1,mm with peanuts inside,mm with inside,0,0,False
55383,ViLT,remove_one_word,1,mm with peanuts inside,mm with inside,0,0,False
55383,BLIP Caption + BERT,remove_one_word,1,mm with peanuts inside,mm with inside,0,0,False
55383,BERT,add_noise,1,mm with peanuts inside,mm with peanuts inside breaking news,1,1,False
55383,CLIP + MLP,add_noise,1,mm with peanuts inside,mm with peanuts inside breaking news,0,0,False
55383,ViLT,add_noise,1,mm with peanuts inside,mm with peanuts inside breaking news,0,0,False
55383,BLIP Caption + BERT,add_noise,1,mm with peanuts inside,mm with peanuts inside breaking news,0,0,False
32489,BERT,remove_punctuation,1,this flaming mini cooper,this flaming mini cooper,1,1,False
32489,CLIP + MLP,remove_punctuation,1,this flaming mini cooper,this flaming mini cooper,1,1,False
32489,ViLT,remove_punctuation,1,this flaming mini cooper,this flaming mini cooper,0,0,False
32489,BLIP Caption + BERT,remove_punctuation,1,this flaming mini cooper,this flaming mini cooper,0,0,False
32489,BERT,remove_one_word,1,this flaming mini cooper,this flaming cooper,1,1,False
32489,CLIP + MLP,remove_one_word,1,this flaming mini cooper,this flaming cooper,1,1,False
32489,ViLT,remove_one_word,1,this flaming mini cooper,this flaming cooper,0,0,False
32489,BLIP Caption + BERT,remove_one_word,1,this flaming mini cooper,this flaming cooper,0,0,False
32489,BERT,add_noise,1,this flaming mini cooper,this flaming mini cooper breaking news,1,0,True
32489,CLIP + MLP,add_noise,1,this flaming mini cooper,this flaming mini cooper breaking news,1,1,False
32489,ViLT,add_noise,1,this flaming mini cooper,this flaming mini cooper breaking news,0,1,True
32489,BLIP Caption + BERT,add_noise,1,this flaming mini cooper,this flaming mini cooper breaking news,0,0,False
63990,BERT,remove_punctuation,0,european deerhunter sooper pro editing skills,european deerhunter sooper pro editing skills,0,0,False
63990,CLIP + MLP,remove_punctuation,0,european deerhunter sooper pro editing skills,european deerhunter sooper pro editing skills,0,0,False
63990,ViLT,remove_punctuation,0,european deerhunter sooper pro editing skills,european deerhunter sooper pro editing skills,0,0,False
63990,BLIP Caption + BERT,remove_punctuation,0,european deerhunter sooper pro editing skills,european deerhunter sooper pro editing skills,0,0,False
63990,BERT,remove_one_word,0,european deerhunter sooper pro editing skills,european deerhunter sooper editing skills,0,0,False
63990,CLIP + MLP,remove_one_word,0,european deerhunter sooper pro editing skills,european deerhunter sooper editing skills,0,0,False
63990,ViLT,remove_one_word,0,european deerhunter sooper pro editing skills,european deerhunter sooper editing skills,0,0,False
63990,BLIP Caption + BERT,remove_one_word,0,european deerhunter sooper pro editing skills,european deerhunter sooper editing skills,0,0,False
63990,BERT,add_noise,0,european deerhunter sooper pro editing skills,european deerhunter sooper pro editing skills breaking news,0,0,False
63990,CLIP + MLP,add_noise,0,european deerhunter sooper pro editing skills,european deerhunter sooper pro editing skills breaking news,0,0,False
63990,ViLT,add_noise,0,european deerhunter sooper pro editing skills,european deerhunter sooper pro editing skills breaking news,0,0,False
63990,BLIP Caption + BERT,add_noise,0,european deerhunter sooper pro editing skills,european deerhunter sooper pro editing skills breaking news,0,0,False
12193,BERT,remove_punctuation,0,link,link,0,0,False
12193,CLIP + MLP,remove_punctuation,0,link,link,0,0,False
12193,ViLT,remove_punctuation,0,link,link,0,0,False
12193,BLIP Caption + BERT,remove_punctuation,0,link,link,0,0,False
12193,BERT,remove_one_word,0,link,link,0,0,False
12193,CLIP + MLP,remove_one_word,0,link,link,0,0,False
12193,ViLT,remove_one_word,0,link,link,0,0,False
12193,BLIP Caption + BERT,remove_one_word,0,link,link,0,0,False
12193,BERT,add_noise,0,link,link breaking news,0,0,False
12193,CLIP + MLP,add_noise,0,link,link breaking news,0,0,False
12193,ViLT,add_noise,0,link,link breaking news,0,0,False
12193,BLIP Caption + BERT,add_noise,0,link,link breaking news,0,0,False
86907,BERT,remove_punctuation,1,good samaritan finds lost san anselmo puppy,good samaritan finds lost san anselmo puppy,1,1,False
86907,CLIP + MLP,remove_punctuation,1,good samaritan finds lost san anselmo puppy,good samaritan finds lost san anselmo puppy,0,0,False
86907,ViLT,remove_punctuation,1,good samaritan finds lost san anselmo puppy,good samaritan finds lost san anselmo puppy,0,0,False
86907,BLIP Caption + BERT,remove_punctuation,1,good samaritan finds lost san anselmo puppy,good samaritan finds lost san anselmo puppy,0,0,False
86907,BERT,remove_one_word,1,good samaritan finds lost san anselmo puppy,good samaritan finds san anselmo puppy,1,1,False
86907,CLIP + MLP,remove_one_word,1,good samaritan finds lost san anselmo puppy,good samaritan finds san anselmo puppy,0,0,False
86907,ViLT,remove_one_word,1,good samaritan finds lost san anselmo puppy,good samaritan finds san anselmo puppy,0,0,False
86907,BLIP Caption + BERT,remove_one_word,1,good samaritan finds lost san anselmo puppy,good samaritan finds san anselmo puppy,0,0,False
86907,BERT,add_noise,1,good samaritan finds lost san anselmo puppy,good samaritan finds lost san anselmo puppy breaking news,1,1,False
86907,CLIP + MLP,add_noise,1,good samaritan finds lost san anselmo puppy,good samaritan finds lost san anselmo puppy breaking news,0,0,False
86907,ViLT,add_noise,1,good samaritan finds lost san anselmo puppy,good samaritan finds lost san anselmo puppy breaking news,0,0,False
86907,BLIP Caption + BERT,add_noise,1,good samaritan finds lost san anselmo puppy,good samaritan finds lost san anselmo puppy breaking news,0,0,False
73137,BERT,remove_punctuation,0,collection of feathers from assorted exotic birds,collection of feathers from assorted exotic birds,0,0,False
73137,CLIP + MLP,remove_punctuation,0,collection of feathers from assorted exotic birds,collection of feathers from assorted exotic birds,0,0,False
73137,ViLT,remove_punctuation,0,collection of feathers from assorted exotic birds,collection of feathers from assorted exotic birds,1,1,False
73137,BLIP Caption + BERT,remove_punctuation,0,collection of feathers from assorted exotic birds,collection of feathers from assorted exotic birds,0,0,False
73137,BERT,remove_one_word,0,collection of feathers from assorted exotic birds,collection of feathers assorted exotic birds,0,0,False
73137,CLIP + MLP,remove_one_word,0,collection of feathers from assorted exotic birds,collection of feathers assorted exotic birds,0,0,False
73137,ViLT,remove_one_word,0,collection of feathers from assorted exotic birds,collection of feathers assorted exotic birds,1,1,False
73137,BLIP Caption + BERT,remove_one_word,0,collection of feathers from assorted exotic birds,collection of feathers assorted exotic birds,0,0,False
73137,BERT,add_noise,0,collection of feathers from assorted exotic birds,collection of feathers from assorted exotic birds breaking news,0,0,False
73137,CLIP + MLP,add_noise,0,collection of feathers from assorted exotic birds,collection of feathers from assorted exotic birds breaking news,0,0,False
73137,ViLT,add_noise,0,collection of feathers from assorted exotic birds,collection of feathers from assorted exotic birds breaking news,1,1,False
73137,BLIP Caption + BERT,add_noise,0,collection of feathers from assorted exotic birds,collection of feathers from assorted exotic birds breaking news,0,0,False
17699,BERT,remove_punctuation,1,man joyrides through west florida jail lawn,man joyrides through west florida jail lawn,1,1,False
17699,CLIP + MLP,remove_punctuation,1,man joyrides through west florida jail lawn,man joyrides through west florida jail lawn,0,0,False
17699,ViLT,remove_punctuation,1,man joyrides through west florida jail lawn,man joyrides through west florida jail lawn,0,0,False
17699,BLIP Caption + BERT,remove_punctuation,1,man joyrides through west florida jail lawn,man joyrides through west florida jail lawn,0,0,False
17699,BERT,remove_one_word,1,man joyrides through west florida jail lawn,man joyrides through florida jail lawn,1,1,False
17699,CLIP + MLP,remove_one_word,1,man joyrides through west florida jail lawn,man joyrides through florida jail lawn,0,0,False
17699,ViLT,remove_one_word,1,man joyrides through west florida jail lawn,man joyrides through florida jail lawn,0,0,False
17699,BLIP Caption + BERT,remove_one_word,1,man joyrides through west florida jail lawn,man joyrides through florida jail lawn,0,0,False
17699,BERT,add_noise,1,man joyrides through west florida jail lawn,man joyrides through west florida jail lawn breaking news,1,0,True
17699,CLIP + MLP,add_noise,1,man joyrides through west florida jail lawn,man joyrides through west florida jail lawn breaking news,0,0,False
17699,ViLT,add_noise,1,man joyrides through west florida jail lawn,man joyrides through west florida jail lawn breaking news,0,0,False
17699,BLIP Caption + BERT,add_noise,1,man joyrides through west florida jail lawn,man joyrides through west florida jail lawn breaking news,0,0,False
92800,BERT,remove_punctuation,1,that one time ukip leader nigel farage crashed his plane,that one time ukip leader nigel farage crashed his plane,1,1,False
92800,CLIP + MLP,remove_punctuation,1,that one time ukip leader nigel farage crashed his plane,that one time ukip leader nigel farage crashed his plane,0,0,False
92800,ViLT,remove_punctuation,1,that one time ukip leader nigel farage crashed his plane,that one time ukip leader nigel farage crashed his plane,1,1,False
92800,BLIP Caption + BERT,remove_punctuation,1,that one time ukip leader nigel farage crashed his plane,that one time ukip leader nigel farage crashed his plane,0,0,False
92800,BERT,remove_one_word,1,that one time ukip leader nigel farage crashed his plane,that one time ukip leader farage crashed his plane,1,1,False
92800,CLIP + MLP,remove_one_word,1,that one time ukip leader nigel farage crashed his plane,that one time ukip leader farage crashed his plane,0,0,False
92800,ViLT,remove_one_word,1,that one time ukip leader nigel farage crashed his plane,that one time ukip leader farage crashed his plane,1,1,False
92800,BLIP Caption + BERT,remove_one_word,1,that one time ukip leader nigel farage crashed his plane,that one time ukip leader farage crashed his plane,0,0,False
92800,BERT,add_noise,1,that one time ukip leader nigel farage crashed his plane,that one time ukip leader nigel farage crashed his plane breaking news,1,1,False
92800,CLIP + MLP,add_noise,1,that one time ukip leader nigel farage crashed his plane,that one time ukip leader nigel farage crashed his plane breaking news,0,0,False
92800,ViLT,add_noise,1,that one time ukip leader nigel farage crashed his plane,that one time ukip leader nigel farage crashed his plane breaking news,1,1,False
92800,BLIP Caption + BERT,add_noise,1,that one time ukip leader nigel farage crashed his plane,that one time ukip leader nigel farage crashed his plane breaking news,0,0,False
104025,BERT,remove_punctuation,0,other discussions,other discussions,0,0,False
104025,CLIP + MLP,remove_punctuation,0,other discussions,other discussions,0,0,False
104025,ViLT,remove_punctuation,0,other discussions,other discussions,0,0,False
104025,BLIP Caption + BERT,remove_punctuation,0,other discussions,other discussions,0,0,False
104025,BERT,remove_one_word,0,other discussions,other discussions,0,0,False
104025,CLIP + MLP,remove_one_word,0,other discussions,other discussions,0,0,False
104025,ViLT,remove_one_word,0,other discussions,other discussions,0,0,False
104025,BLIP Caption + BERT,remove_one_word,0,other discussions,other discussions,0,0,False
104025,BERT,add_noise,0,other discussions,other discussions breaking news,0,0,False
104025,CLIP + MLP,add_noise,0,other discussions,other discussions breaking news,0,0,False
104025,ViLT,add_noise,0,other discussions,other discussions breaking news,0,0,False
104025,BLIP Caption + BERT,add_noise,0,other discussions,other discussions breaking news,0,0,False
84040,BERT,remove_punctuation,1,this unrealistic painting of shaq and jordan playing basketball found at our church garage sale,this unrealistic painting of shaq and jordan playing basketball found at our church garage sale,1,1,False
84040,CLIP + MLP,remove_punctuation,1,this unrealistic painting of shaq and jordan playing basketball found at our church garage sale,this unrealistic painting of shaq and jordan playing basketball found at our church garage sale,1,1,False
84040,ViLT,remove_punctuation,1,this unrealistic painting of shaq and jordan playing basketball found at our church garage sale,this unrealistic painting of shaq and jordan playing basketball found at our church garage sale,1,1,False
84040,BLIP Caption + BERT,remove_punctuation,1,this unrealistic painting of shaq and jordan playing basketball found at our church garage sale,this unrealistic painting of shaq and jordan playing basketball found at our church garage sale,0,0,False
84040,BERT,remove_one_word,1,this unrealistic painting of shaq and jordan playing basketball found at our church garage sale,this unrealistic painting of shaq and jordan basketball found at our church garage sale,1,1,False
84040,CLIP + MLP,remove_one_word,1,this unrealistic painting of shaq and jordan playing basketball found at our church garage sale,this unrealistic painting of shaq and jordan basketball found at our church garage sale,1,1,False
84040,ViLT,remove_one_word,1,this unrealistic painting of shaq and jordan playing basketball found at our church garage sale,this unrealistic painting of shaq and jordan basketball found at our church garage sale,1,1,False
84040,BLIP Caption + BERT,remove_one_word,1,this unrealistic painting of shaq and jordan playing basketball found at our church garage sale,this unrealistic painting of shaq and jordan basketball found at our church garage sale,0,0,False
84040,BERT,add_noise,1,this unrealistic painting of shaq and jordan playing basketball found at our church garage sale,this unrealistic painting of shaq and jordan playing basketball found at our church garage sale breaking news,1,1,False
84040,CLIP + MLP,add_noise,1,this unrealistic painting of shaq and jordan playing basketball found at our church garage sale,this unrealistic painting of shaq and jordan playing basketball found at our church garage sale breaking news,1,1,False
84040,ViLT,add_noise,1,this unrealistic painting of shaq and jordan playing basketball found at our church garage sale,this unrealistic painting of shaq and jordan playing basketball found at our church garage sale breaking news,1,1,False
84040,BLIP Caption + BERT,add_noise,1,this unrealistic painting of shaq and jordan playing basketball found at our church garage sale,this unrealistic painting of shaq and jordan playing basketball found at our church garage sale breaking news,0,0,False
100288,BERT,remove_punctuation,0,what lies beneath,what lies beneath,0,0,False
100288,CLIP + MLP,remove_punctuation,0,what lies beneath,what lies beneath,0,0,False
100288,ViLT,remove_punctuation,0,what lies beneath,what lies beneath,0,0,False
100288,BLIP Caption + BERT,remove_punctuation,0,what lies beneath,what lies beneath,0,0,False
100288,BERT,remove_one_word,0,what lies beneath,what lies beneath,0,0,False
100288,CLIP + MLP,remove_one_word,0,what lies beneath,what lies beneath,0,0,False
100288,ViLT,remove_one_word,0,what lies beneath,what lies beneath,0,0,False
100288,BLIP Caption + BERT,remove_one_word,0,what lies beneath,what lies beneath,0,0,False
100288,BERT,add_noise,0,what lies beneath,what lies beneath breaking news,0,0,False
100288,CLIP + MLP,add_noise,0,what lies beneath,what lies beneath breaking news,0,0,False
100288,ViLT,add_noise,0,what lies beneath,what lies beneath breaking news,0,0,False
100288,BLIP Caption + BERT,add_noise,0,what lies beneath,what lies beneath breaking news,0,0,False
6339,BERT,remove_punctuation,0,what is this thing under my chicken breast,what is this thing under my chicken breast,0,0,False
6339,CLIP + MLP,remove_punctuation,0,what is this thing under my chicken breast,what is this thing under my chicken breast,0,0,False
6339,ViLT,remove_punctuation,0,what is this thing under my chicken breast,what is this thing under my chicken breast,1,1,False
6339,BLIP Caption + BERT,remove_punctuation,0,what is this thing under my chicken breast,what is this thing under my chicken breast,0,0,False
6339,BERT,remove_one_word,0,what is this thing under my chicken breast,what is this thing my chicken breast,0,0,False
6339,CLIP + MLP,remove_one_word,0,what is this thing under my chicken breast,what is this thing my chicken breast,0,0,False
6339,ViLT,remove_one_word,0,what is this thing under my chicken breast,what is this thing my chicken breast,1,0,True
6339,BLIP Caption + BERT,remove_one_word,0,what is this thing under my chicken breast,what is this thing my chicken breast,0,0,False
6339,BERT,add_noise,0,what is this thing under my chicken breast,what is this thing under my chicken breast breaking news,0,0,False
6339,CLIP + MLP,add_noise,0,what is this thing under my chicken breast,what is this thing under my chicken breast breaking news,0,0,False
6339,ViLT,add_noise,0,what is this thing under my chicken breast,what is this thing under my chicken breast breaking news,1,1,False
6339,BLIP Caption + BERT,add_noise,0,what is this thing under my chicken breast,what is this thing under my chicken breast breaking news,0,0,False
96748,BERT,remove_punctuation,0,how indecent,how indecent,0,0,False
96748,CLIP + MLP,remove_punctuation,0,how indecent,how indecent,0,0,False
96748,ViLT,remove_punctuation,0,how indecent,how indecent,0,0,False
96748,BLIP Caption + BERT,remove_punctuation,0,how indecent,how indecent,0,0,False
96748,BERT,remove_one_word,0,how indecent,how indecent,0,0,False
96748,CLIP + MLP,remove_one_word,0,how indecent,how indecent,0,0,False
96748,ViLT,remove_one_word,0,how indecent,how indecent,0,0,False
96748,BLIP Caption + BERT,remove_one_word,0,how indecent,how indecent,0,0,False
96748,BERT,add_noise,0,how indecent,how indecent breaking news,0,0,False
96748,CLIP + MLP,add_noise,0,how indecent,how indecent breaking news,0,0,False
96748,ViLT,add_noise,0,how indecent,how indecent breaking news,0,0,False
96748,BLIP Caption + BERT,add_noise,0,how indecent,how indecent breaking news,0,0,False
24938,BERT,remove_punctuation,1,this pedestrian light,this pedestrian light,1,1,False
24938,CLIP + MLP,remove_punctuation,1,this pedestrian light,this pedestrian light,1,1,False
24938,ViLT,remove_punctuation,1,this pedestrian light,this pedestrian light,1,1,False
24938,BLIP Caption + BERT,remove_punctuation,1,this pedestrian light,this pedestrian light,0,0,False
24938,BERT,remove_one_word,1,this pedestrian light,this pedestrian light,1,1,False
24938,CLIP + MLP,remove_one_word,1,this pedestrian light,this pedestrian light,1,1,False
24938,ViLT,remove_one_word,1,this pedestrian light,this pedestrian light,1,1,False
24938,BLIP Caption + BERT,remove_one_word,1,this pedestrian light,this pedestrian light,0,0,False
24938,BERT,add_noise,1,this pedestrian light,this pedestrian light breaking news,1,0,True
24938,CLIP + MLP,add_noise,1,this pedestrian light,this pedestrian light breaking news,1,1,False
24938,ViLT,add_noise,1,this pedestrian light,this pedestrian light breaking news,1,1,False
24938,BLIP Caption + BERT,add_noise,1,this pedestrian light,this pedestrian light breaking news,0,0,False
35537,BERT,remove_punctuation,1,high school teachers year book photo,high school teachers year book photo,1,1,False
35537,CLIP + MLP,remove_punctuation,1,high school teachers year book photo,high school teachers year book photo,0,0,False
35537,ViLT,remove_punctuation,1,high school teachers year book photo,high school teachers year book photo,0,0,False
35537,BLIP Caption + BERT,remove_punctuation,1,high school teachers year book photo,high school teachers year book photo,0,0,False
35537,BERT,remove_one_word,1,high school teachers year book photo,high school teachers book photo,1,1,False
35537,CLIP + MLP,remove_one_word,1,high school teachers year book photo,high school teachers book photo,0,0,False
35537,ViLT,remove_one_word,1,high school teachers year book photo,high school teachers book photo,0,0,False
35537,BLIP Caption + BERT,remove_one_word,1,high school teachers year book photo,high school teachers book photo,0,0,False
35537,BERT,add_noise,1,high school teachers year book photo,high school teachers year book photo breaking news,1,0,True
35537,CLIP + MLP,add_noise,1,high school teachers year book photo,high school teachers year book photo breaking news,0,0,False
35537,ViLT,add_noise,1,high school teachers year book photo,high school teachers year book photo breaking news,0,0,False
35537,BLIP Caption + BERT,add_noise,1,high school teachers year book photo,high school teachers year book photo breaking news,0,0,False
14341,BERT,remove_punctuation,1,cat making a face,cat making a face,1,1,False
14341,CLIP + MLP,remove_punctuation,1,cat making a face,cat making a face,0,0,False
14341,ViLT,remove_punctuation,1,cat making a face,cat making a face,0,0,False
14341,BLIP Caption + BERT,remove_punctuation,1,cat making a face,cat making a face,0,0,False
14341,BERT,remove_one_word,1,cat making a face,cat making face,1,1,False
14341,CLIP + MLP,remove_one_word,1,cat making a face,cat making face,0,0,False
14341,ViLT,remove_one_word,1,cat making a face,cat making face,0,0,False
14341,BLIP Caption + BERT,remove_one_word,1,cat making a face,cat making face,0,0,False
14341,BERT,add_noise,1,cat making a face,cat making a face breaking news,1,1,False
14341,CLIP + MLP,add_noise,1,cat making a face,cat making a face breaking news,0,0,False
14341,ViLT,add_noise,1,cat making a face,cat making a face breaking news,0,0,False
14341,BLIP Caption + BERT,add_noise,1,cat making a face,cat making a face breaking news,0,0,False
15840,BERT,remove_punctuation,0,up,up,0,0,False
15840,CLIP + MLP,remove_punctuation,0,up,up,0,0,False
15840,ViLT,remove_punctuation,0,up,up,0,0,False
15840,BLIP Caption + BERT,remove_punctuation,0,up,up,0,0,False
15840,BERT,remove_one_word,0,up,up,0,0,False
15840,CLIP + MLP,remove_one_word,0,up,up,0,0,False
15840,ViLT,remove_one_word,0,up,up,0,0,False
15840,BLIP Caption + BERT,remove_one_word,0,up,up,0,0,False
15840,BERT,add_noise,0,up,up breaking news,0,0,False
15840,CLIP + MLP,add_noise,0,up,up breaking news,0,0,False
15840,ViLT,add_noise,0,up,up breaking news,0,0,False
15840,BLIP Caption + BERT,add_noise,0,up,up breaking news,0,0,False
91933,BERT,remove_punctuation,1,awkward got photo with conan,awkward got photo with conan,1,1,False
91933,CLIP + MLP,remove_punctuation,1,awkward got photo with conan,awkward got photo with conan,0,0,False
91933,ViLT,remove_punctuation,1,awkward got photo with conan,awkward got photo with conan,0,0,False
91933,BLIP Caption + BERT,remove_punctuation,1,awkward got photo with conan,awkward got photo with conan,0,0,False
91933,BERT,remove_one_word,1,awkward got photo with conan,awkward got with conan,1,0,True
91933,CLIP + MLP,remove_one_word,1,awkward got photo with conan,awkward got with conan,0,0,False
91933,ViLT,remove_one_word,1,awkward got photo with conan,awkward got with conan,0,0,False
91933,BLIP Caption + BERT,remove_one_word,1,awkward got photo with conan,awkward got with conan,0,0,False
91933,BERT,add_noise,1,awkward got photo with conan,awkward got photo with conan breaking news,1,0,True
91933,CLIP + MLP,add_noise,1,awkward got photo with conan,awkward got photo with conan breaking news,0,0,False
91933,ViLT,add_noise,1,awkward got photo with conan,awkward got photo with conan breaking news,0,0,False
91933,BLIP Caption + BERT,add_noise,1,awkward got photo with conan,awkward got photo with conan breaking news,0,0,False
47054,BERT,remove_punctuation,1,wheres the blue,wheres the blue,0,0,False
47054,CLIP + MLP,remove_punctuation,1,wheres the blue,wheres the blue,0,0,False
47054,ViLT,remove_punctuation,1,wheres the blue,wheres the blue,0,0,False
47054,BLIP Caption + BERT,remove_punctuation,1,wheres the blue,wheres the blue,0,0,False
47054,BERT,remove_one_word,1,wheres the blue,wheres the blue,0,0,False
47054,CLIP + MLP,remove_one_word,1,wheres the blue,wheres the blue,0,0,False
47054,ViLT,remove_one_word,1,wheres the blue,wheres the blue,0,0,False
47054,BLIP Caption + BERT,remove_one_word,1,wheres the blue,wheres the blue,0,0,False
47054,BERT,add_noise,1,wheres the blue,wheres the blue breaking news,0,0,False
47054,CLIP + MLP,add_noise,1,wheres the blue,wheres the blue breaking news,0,0,False
47054,ViLT,add_noise,1,wheres the blue,wheres the blue breaking news,0,0,False
47054,BLIP Caption + BERT,add_noise,1,wheres the blue,wheres the blue breaking news,0,0,False
97684,BERT,remove_punctuation,0,he is just chilling,he is just chilling,0,0,False
97684,CLIP + MLP,remove_punctuation,0,he is just chilling,he is just chilling,0,0,False
97684,ViLT,remove_punctuation,0,he is just chilling,he is just chilling,0,0,False
97684,BLIP Caption + BERT,remove_punctuation,0,he is just chilling,he is just chilling,0,0,False
97684,BERT,remove_one_word,0,he is just chilling,he is chilling,0,0,False
97684,CLIP + MLP,remove_one_word,0,he is just chilling,he is chilling,0,0,False
97684,ViLT,remove_one_word,0,he is just chilling,he is chilling,0,0,False
97684,BLIP Caption + BERT,remove_one_word,0,he is just chilling,he is chilling,0,0,False
97684,BERT,add_noise,0,he is just chilling,he is just chilling breaking news,0,0,False
97684,CLIP + MLP,add_noise,0,he is just chilling,he is just chilling breaking news,0,0,False
97684,ViLT,add_noise,0,he is just chilling,he is just chilling breaking news,0,0,False
97684,BLIP Caption + BERT,add_noise,0,he is just chilling,he is just chilling breaking news,0,0,False
67065,BERT,remove_punctuation,1,never really thought about it but in maui where im visiting along the walls of the highways there are these fence mesh systems that keep smallmedium rocks from smashing into you,never really thought about it but in maui where im visiting along the walls of the highways there are these fence mesh systems that keep smallmedium rocks from smashing into you,1,1,False
67065,CLIP + MLP,remove_punctuation,1,never really thought about it but in maui where im visiting along the walls of the highways there are these fence mesh systems that keep smallmedium rocks from smashing into you,never really thought about it but in maui where im visiting along the walls of the highways there are these fence mesh systems that keep smallmedium rocks from smashing into you,1,1,False
67065,ViLT,remove_punctuation,1,never really thought about it but in maui where im visiting along the walls of the highways there are these fence mesh systems that keep smallmedium rocks from smashing into you,never really thought about it but in maui where im visiting along the walls of the highways there are these fence mesh systems that keep smallmedium rocks from smashing into you,1,1,False
67065,BLIP Caption + BERT,remove_punctuation,1,never really thought about it but in maui where im visiting along the walls of the highways there are these fence mesh systems that keep smallmedium rocks from smashing into you,never really thought about it but in maui where im visiting along the walls of the highways there are these fence mesh systems that keep smallmedium rocks from smashing into you,0,0,False
67065,BERT,remove_one_word,1,never really thought about it but in maui where im visiting along the walls of the highways there are these fence mesh systems that keep smallmedium rocks from smashing into you,never really thought about it but in maui where im visiting along the walls of highways there are these fence mesh systems that keep smallmedium rocks from smashing into you,1,1,False
67065,CLIP + MLP,remove_one_word,1,never really thought about it but in maui where im visiting along the walls of the highways there are these fence mesh systems that keep smallmedium rocks from smashing into you,never really thought about it but in maui where im visiting along the walls of highways there are these fence mesh systems that keep smallmedium rocks from smashing into you,1,1,False
67065,ViLT,remove_one_word,1,never really thought about it but in maui where im visiting along the walls of the highways there are these fence mesh systems that keep smallmedium rocks from smashing into you,never really thought about it but in maui where im visiting along the walls of highways there are these fence mesh systems that keep smallmedium rocks from smashing into you,1,1,False
67065,BLIP Caption + BERT,remove_one_word,1,never really thought about it but in maui where im visiting along the walls of the highways there are these fence mesh systems that keep smallmedium rocks from smashing into you,never really thought about it but in maui where im visiting along the walls of highways there are these fence mesh systems that keep smallmedium rocks from smashing into you,0,0,False
67065,BERT,add_noise,1,never really thought about it but in maui where im visiting along the walls of the highways there are these fence mesh systems that keep smallmedium rocks from smashing into you,never really thought about it but in maui where im visiting along the walls of the highways there are these fence mesh systems that keep smallmedium rocks from smashing into you breaking news,1,1,False
67065,CLIP + MLP,add_noise,1,never really thought about it but in maui where im visiting along the walls of the highways there are these fence mesh systems that keep smallmedium rocks from smashing into you,never really thought about it but in maui where im visiting along the walls of the highways there are these fence mesh systems that keep smallmedium rocks from smashing into you breaking news,1,1,False
67065,ViLT,add_noise,1,never really thought about it but in maui where im visiting along the walls of the highways there are these fence mesh systems that keep smallmedium rocks from smashing into you,never really thought about it but in maui where im visiting along the walls of the highways there are these fence mesh systems that keep smallmedium rocks from smashing into you breaking news,1,1,False
67065,BLIP Caption + BERT,add_noise,1,never really thought about it but in maui where im visiting along the walls of the highways there are these fence mesh systems that keep smallmedium rocks from smashing into you,never really thought about it but in maui where im visiting along the walls of the highways there are these fence mesh systems that keep smallmedium rocks from smashing into you breaking news,0,0,False
97650,BERT,remove_punctuation,1,toy story is being filmed,toy story is being filmed,1,1,False
97650,CLIP + MLP,remove_punctuation,1,toy story is being filmed,toy story is being filmed,0,0,False
97650,ViLT,remove_punctuation,1,toy story is being filmed,toy story is being filmed,0,0,False
97650,BLIP Caption + BERT,remove_punctuation,1,toy story is being filmed,toy story is being filmed,0,0,False
97650,BERT,remove_one_word,1,toy story is being filmed,toy story being filmed,1,1,False
97650,CLIP + MLP,remove_one_word,1,toy story is being filmed,toy story being filmed,0,0,False
97650,ViLT,remove_one_word,1,toy story is being filmed,toy story being filmed,0,0,False
97650,BLIP Caption + BERT,remove_one_word,1,toy story is being filmed,toy story being filmed,0,0,False
97650,BERT,add_noise,1,toy story is being filmed,toy story is being filmed breaking news,1,0,True
97650,CLIP + MLP,add_noise,1,toy story is being filmed,toy story is being filmed breaking news,0,0,False
97650,ViLT,add_noise,1,toy story is being filmed,toy story is being filmed breaking news,0,0,False
97650,BLIP Caption + BERT,add_noise,1,toy story is being filmed,toy story is being filmed breaking news,0,0,False
42005,BERT,remove_punctuation,0,sunday sunday sunday,sunday sunday sunday,0,0,False
42005,CLIP + MLP,remove_punctuation,0,sunday sunday sunday,sunday sunday sunday,0,0,False
42005,ViLT,remove_punctuation,0,sunday sunday sunday,sunday sunday sunday,0,0,False
42005,BLIP Caption + BERT,remove_punctuation,0,sunday sunday sunday,sunday sunday sunday,0,0,False
42005,BERT,remove_one_word,0,sunday sunday sunday,sunday sunday sunday,0,0,False
42005,CLIP + MLP,remove_one_word,0,sunday sunday sunday,sunday sunday sunday,0,0,False
42005,ViLT,remove_one_word,0,sunday sunday sunday,sunday sunday sunday,0,0,False
42005,BLIP Caption + BERT,remove_one_word,0,sunday sunday sunday,sunday sunday sunday,0,0,False
42005,BERT,add_noise,0,sunday sunday sunday,sunday sunday sunday breaking news,0,0,False
42005,CLIP + MLP,add_noise,0,sunday sunday sunday,sunday sunday sunday breaking news,0,0,False
42005,ViLT,add_noise,0,sunday sunday sunday,sunday sunday sunday breaking news,0,0,False
42005,BLIP Caption + BERT,add_noise,0,sunday sunday sunday,sunday sunday sunday breaking news,0,0,False
51943,BERT,remove_punctuation,0,i think tells us a lot in the hospital from a street in cairo,i think tells us a lot in the hospital from a street in cairo,0,0,False
51943,CLIP + MLP,remove_punctuation,0,i think tells us a lot in the hospital from a street in cairo,i think tells us a lot in the hospital from a street in cairo,0,0,False
51943,ViLT,remove_punctuation,0,i think tells us a lot in the hospital from a street in cairo,i think tells us a lot in the hospital from a street in cairo,0,0,False
51943,BLIP Caption + BERT,remove_punctuation,0,i think tells us a lot in the hospital from a street in cairo,i think tells us a lot in the hospital from a street in cairo,0,0,False
51943,BERT,remove_one_word,0,i think tells us a lot in the hospital from a street in cairo,i think tells us a lot in hospital from a street in cairo,0,0,False
51943,CLIP + MLP,remove_one_word,0,i think tells us a lot in the hospital from a street in cairo,i think tells us a lot in hospital from a street in cairo,0,0,False
51943,ViLT,remove_one_word,0,i think tells us a lot in the hospital from a street in cairo,i think tells us a lot in hospital from a street in cairo,0,0,False
51943,BLIP Caption + BERT,remove_one_word,0,i think tells us a lot in the hospital from a street in cairo,i think tells us a lot in hospital from a street in cairo,0,0,False
51943,BERT,add_noise,0,i think tells us a lot in the hospital from a street in cairo,i think tells us a lot in the hospital from a street in cairo breaking news,0,0,False
51943,CLIP + MLP,add_noise,0,i think tells us a lot in the hospital from a street in cairo,i think tells us a lot in the hospital from a street in cairo breaking news,0,0,False
51943,ViLT,add_noise,0,i think tells us a lot in the hospital from a street in cairo,i think tells us a lot in the hospital from a street in cairo breaking news,0,0,False
51943,BLIP Caption + BERT,add_noise,0,i think tells us a lot in the hospital from a street in cairo,i think tells us a lot in the hospital from a street in cairo breaking news,0,0,False
8404,BERT,remove_punctuation,1,taxi driver driving a sports car vertically while giving me a ride,taxi driver driving a sports car vertically while giving me a ride,1,1,False
8404,CLIP + MLP,remove_punctuation,1,taxi driver driving a sports car vertically while giving me a ride,taxi driver driving a sports car vertically while giving me a ride,0,0,False
8404,ViLT,remove_punctuation,1,taxi driver driving a sports car vertically while giving me a ride,taxi driver driving a sports car vertically while giving me a ride,1,1,False
8404,BLIP Caption + BERT,remove_punctuation,1,taxi driver driving a sports car vertically while giving me a ride,taxi driver driving a sports car vertically while giving me a ride,0,0,False
8404,BERT,remove_one_word,1,taxi driver driving a sports car vertically while giving me a ride,taxi driver driving a sports car while giving me a ride,1,1,False
8404,CLIP + MLP,remove_one_word,1,taxi driver driving a sports car vertically while giving me a ride,taxi driver driving a sports car while giving me a ride,0,0,False
8404,ViLT,remove_one_word,1,taxi driver driving a sports car vertically while giving me a ride,taxi driver driving a sports car while giving me a ride,1,1,False
8404,BLIP Caption + BERT,remove_one_word,1,taxi driver driving a sports car vertically while giving me a ride,taxi driver driving a sports car while giving me a ride,0,0,False
8404,BERT,add_noise,1,taxi driver driving a sports car vertically while giving me a ride,taxi driver driving a sports car vertically while giving me a ride breaking news,1,0,True
8404,CLIP + MLP,add_noise,1,taxi driver driving a sports car vertically while giving me a ride,taxi driver driving a sports car vertically while giving me a ride breaking news,0,0,False
8404,ViLT,add_noise,1,taxi driver driving a sports car vertically while giving me a ride,taxi driver driving a sports car vertically while giving me a ride breaking news,1,1,False
8404,BLIP Caption + BERT,add_noise,1,taxi driver driving a sports car vertically while giving me a ride,taxi driver driving a sports car vertically while giving me a ride breaking news,0,0,False
51743,BERT,remove_punctuation,0,call of duty black ops iii zombies,call of duty black ops iii zombies,0,0,False
51743,CLIP + MLP,remove_punctuation,0,call of duty black ops iii zombies,call of duty black ops iii zombies,0,0,False
51743,ViLT,remove_punctuation,0,call of duty black ops iii zombies,call of duty black ops iii zombies,0,0,False
51743,BLIP Caption + BERT,remove_punctuation,0,call of duty black ops iii zombies,call of duty black ops iii zombies,0,0,False
51743,BERT,remove_one_word,0,call of duty black ops iii zombies,call of duty ops iii zombies,0,0,False
51743,CLIP + MLP,remove_one_word,0,call of duty black ops iii zombies,call of duty ops iii zombies,0,0,False
51743,ViLT,remove_one_word,0,call of duty black ops iii zombies,call of duty ops iii zombies,0,0,False
51743,BLIP Caption + BERT,remove_one_word,0,call of duty black ops iii zombies,call of duty ops iii zombies,0,0,False
51743,BERT,add_noise,0,call of duty black ops iii zombies,call of duty black ops iii zombies breaking news,0,0,False
51743,CLIP + MLP,add_noise,0,call of duty black ops iii zombies,call of duty black ops iii zombies breaking news,0,0,False
51743,ViLT,add_noise,0,call of duty black ops iii zombies,call of duty black ops iii zombies breaking news,0,0,False
51743,BLIP Caption + BERT,add_noise,0,call of duty black ops iii zombies,call of duty black ops iii zombies breaking news,0,0,False
4374,BERT,remove_punctuation,1,excited cricket players,excited cricket players,1,1,False
4374,CLIP + MLP,remove_punctuation,1,excited cricket players,excited cricket players,0,0,False
4374,ViLT,remove_punctuation,1,excited cricket players,excited cricket players,0,0,False
4374,BLIP Caption + BERT,remove_punctuation,1,excited cricket players,excited cricket players,0,0,False
4374,BERT,remove_one_word,1,excited cricket players,excited cricket players,1,1,False
4374,CLIP + MLP,remove_one_word,1,excited cricket players,excited cricket players,0,0,False
4374,ViLT,remove_one_word,1,excited cricket players,excited cricket players,0,0,False
4374,BLIP Caption + BERT,remove_one_word,1,excited cricket players,excited cricket players,0,0,False
4374,BERT,add_noise,1,excited cricket players,excited cricket players breaking news,1,1,False
4374,CLIP + MLP,add_noise,1,excited cricket players,excited cricket players breaking news,0,0,False
4374,ViLT,add_noise,1,excited cricket players,excited cricket players breaking news,0,0,False
4374,BLIP Caption + BERT,add_noise,1,excited cricket players,excited cricket players breaking news,0,0,False
63949,BERT,remove_punctuation,1,forbes sacks columnist over piece saying drunk female students pose gravest threat to frats writer responds i stand by every word,forbes sacks columnist over piece saying drunk female students pose gravest threat to frats writer responds i stand by every word,1,1,False
63949,CLIP + MLP,remove_punctuation,1,forbes sacks columnist over piece saying drunk female students pose gravest threat to frats writer responds i stand by every word,forbes sacks columnist over piece saying drunk female students pose gravest threat to frats writer responds i stand by every word,0,0,False
63949,ViLT,remove_punctuation,1,forbes sacks columnist over piece saying drunk female students pose gravest threat to frats writer responds i stand by every word,forbes sacks columnist over piece saying drunk female students pose gravest threat to frats writer responds i stand by every word,1,1,False
63949,BLIP Caption + BERT,remove_punctuation,1,forbes sacks columnist over piece saying drunk female students pose gravest threat to frats writer responds i stand by every word,forbes sacks columnist over piece saying drunk female students pose gravest threat to frats writer responds i stand by every word,1,1,False
63949,BERT,remove_one_word,1,forbes sacks columnist over piece saying drunk female students pose gravest threat to frats writer responds i stand by every word,forbes sacks columnist over piece saying drunk female students pose threat to frats writer responds i stand by every word,1,1,False
63949,CLIP + MLP,remove_one_word,1,forbes sacks columnist over piece saying drunk female students pose gravest threat to frats writer responds i stand by every word,forbes sacks columnist over piece saying drunk female students pose threat to frats writer responds i stand by every word,0,0,False
63949,ViLT,remove_one_word,1,forbes sacks columnist over piece saying drunk female students pose gravest threat to frats writer responds i stand by every word,forbes sacks columnist over piece saying drunk female students pose threat to frats writer responds i stand by every word,1,1,False
63949,BLIP Caption + BERT,remove_one_word,1,forbes sacks columnist over piece saying drunk female students pose gravest threat to frats writer responds i stand by every word,forbes sacks columnist over piece saying drunk female students pose threat to frats writer responds i stand by every word,1,1,False
63949,BERT,add_noise,1,forbes sacks columnist over piece saying drunk female students pose gravest threat to frats writer responds i stand by every word,forbes sacks columnist over piece saying drunk female students pose gravest threat to frats writer responds i stand by every word breaking news,1,1,False
63949,CLIP + MLP,add_noise,1,forbes sacks columnist over piece saying drunk female students pose gravest threat to frats writer responds i stand by every word,forbes sacks columnist over piece saying drunk female students pose gravest threat to frats writer responds i stand by every word breaking news,0,0,False
63949,ViLT,add_noise,1,forbes sacks columnist over piece saying drunk female students pose gravest threat to frats writer responds i stand by every word,forbes sacks columnist over piece saying drunk female students pose gravest threat to frats writer responds i stand by every word breaking news,1,1,False
63949,BLIP Caption + BERT,add_noise,1,forbes sacks columnist over piece saying drunk female students pose gravest threat to frats writer responds i stand by every word,forbes sacks columnist over piece saying drunk female students pose gravest threat to frats writer responds i stand by every word breaking news,1,1,False
56418,BERT,remove_punctuation,0,kneel and kiss the muthafukin ring,kneel and kiss the muthafukin ring,0,0,False
56418,CLIP + MLP,remove_punctuation,0,kneel and kiss the muthafukin ring,kneel and kiss the muthafukin ring,0,0,False
56418,ViLT,remove_punctuation,0,kneel and kiss the muthafukin ring,kneel and kiss the muthafukin ring,0,0,False
56418,BLIP Caption + BERT,remove_punctuation,0,kneel and kiss the muthafukin ring,kneel and kiss the muthafukin ring,0,0,False
56418,BERT,remove_one_word,0,kneel and kiss the muthafukin ring,kneel and kiss muthafukin ring,0,0,False
56418,CLIP + MLP,remove_one_word,0,kneel and kiss the muthafukin ring,kneel and kiss muthafukin ring,0,0,False
56418,ViLT,remove_one_word,0,kneel and kiss the muthafukin ring,kneel and kiss muthafukin ring,0,0,False
56418,BLIP Caption + BERT,remove_one_word,0,kneel and kiss the muthafukin ring,kneel and kiss muthafukin ring,0,0,False
56418,BERT,add_noise,0,kneel and kiss the muthafukin ring,kneel and kiss the muthafukin ring breaking news,0,0,False
56418,CLIP + MLP,add_noise,0,kneel and kiss the muthafukin ring,kneel and kiss the muthafukin ring breaking news,0,0,False
56418,ViLT,add_noise,0,kneel and kiss the muthafukin ring,kneel and kiss the muthafukin ring breaking news,0,0,False
56418,BLIP Caption + BERT,add_noise,0,kneel and kiss the muthafukin ring,kneel and kiss the muthafukin ring breaking news,0,0,False
57696,BERT,remove_punctuation,1,this beetlejuice themed wedding i attended today,this beetlejuice themed wedding i attended today,1,1,False
57696,CLIP + MLP,remove_punctuation,1,this beetlejuice themed wedding i attended today,this beetlejuice themed wedding i attended today,1,1,False
57696,ViLT,remove_punctuation,1,this beetlejuice themed wedding i attended today,this beetlejuice themed wedding i attended today,1,1,False
57696,BLIP Caption + BERT,remove_punctuation,1,this beetlejuice themed wedding i attended today,this beetlejuice themed wedding i attended today,0,0,False
57696,BERT,remove_one_word,1,this beetlejuice themed wedding i attended today,this beetlejuice themed i attended today,1,1,False
57696,CLIP + MLP,remove_one_word,1,this beetlejuice themed wedding i attended today,this beetlejuice themed i attended today,1,1,False
57696,ViLT,remove_one_word,1,this beetlejuice themed wedding i attended today,this beetlejuice themed i attended today,1,0,True
57696,BLIP Caption + BERT,remove_one_word,1,this beetlejuice themed wedding i attended today,this beetlejuice themed i attended today,0,0,False
57696,BERT,add_noise,1,this beetlejuice themed wedding i attended today,this beetlejuice themed wedding i attended today breaking news,1,0,True
57696,CLIP + MLP,add_noise,1,this beetlejuice themed wedding i attended today,this beetlejuice themed wedding i attended today breaking news,1,1,False
57696,ViLT,add_noise,1,this beetlejuice themed wedding i attended today,this beetlejuice themed wedding i attended today breaking news,1,1,False
57696,BLIP Caption + BERT,add_noise,1,this beetlejuice themed wedding i attended today,this beetlejuice themed wedding i attended today breaking news,0,0,False
70765,BERT,remove_punctuation,1,misty the goldador,misty the goldador,0,0,False
70765,CLIP + MLP,remove_punctuation,1,misty the goldador,misty the goldador,0,0,False
70765,ViLT,remove_punctuation,1,misty the goldador,misty the goldador,0,0,False
70765,BLIP Caption + BERT,remove_punctuation,1,misty the goldador,misty the goldador,0,0,False
70765,BERT,remove_one_word,1,misty the goldador,misty the goldador,0,0,False
70765,CLIP + MLP,remove_one_word,1,misty the goldador,misty the goldador,0,0,False
70765,ViLT,remove_one_word,1,misty the goldador,misty the goldador,0,0,False
70765,BLIP Caption + BERT,remove_one_word,1,misty the goldador,misty the goldador,0,0,False
70765,BERT,add_noise,1,misty the goldador,misty the goldador breaking news,0,0,False
70765,CLIP + MLP,add_noise,1,misty the goldador,misty the goldador breaking news,0,0,False
70765,ViLT,add_noise,1,misty the goldador,misty the goldador breaking news,0,0,False
70765,BLIP Caption + BERT,add_noise,1,misty the goldador,misty the goldador breaking news,0,0,False
49422,BERT,remove_punctuation,0,thought the guy grilling had no arms,thought the guy grilling had no arms,0,0,False
49422,CLIP + MLP,remove_punctuation,0,thought the guy grilling had no arms,thought the guy grilling had no arms,0,0,False
49422,ViLT,remove_punctuation,0,thought the guy grilling had no arms,thought the guy grilling had no arms,0,0,False
49422,BLIP Caption + BERT,remove_punctuation,0,thought the guy grilling had no arms,thought the guy grilling had no arms,0,0,False
49422,BERT,remove_one_word,0,thought the guy grilling had no arms,thought the guy had no arms,0,0,False
49422,CLIP + MLP,remove_one_word,0,thought the guy grilling had no arms,thought the guy had no arms,0,0,False
49422,ViLT,remove_one_word,0,thought the guy grilling had no arms,thought the guy had no arms,0,0,False
49422,BLIP Caption + BERT,remove_one_word,0,thought the guy grilling had no arms,thought the guy had no arms,0,0,False
49422,BERT,add_noise,0,thought the guy grilling had no arms,thought the guy grilling had no arms breaking news,0,0,False
49422,CLIP + MLP,add_noise,0,thought the guy grilling had no arms,thought the guy grilling had no arms breaking news,0,0,False
49422,ViLT,add_noise,0,thought the guy grilling had no arms,thought the guy grilling had no arms breaking news,0,0,False
49422,BLIP Caption + BERT,add_noise,0,thought the guy grilling had no arms,thought the guy grilling had no arms breaking news,0,0,False
94776,BERT,remove_punctuation,1,this picture i took that got wavy from my phone vibrating right when i took it,this picture i took that got wavy from my phone vibrating right when i took it,1,1,False
94776,CLIP + MLP,remove_punctuation,1,this picture i took that got wavy from my phone vibrating right when i took it,this picture i took that got wavy from my phone vibrating right when i took it,1,1,False
94776,ViLT,remove_punctuation,1,this picture i took that got wavy from my phone vibrating right when i took it,this picture i took that got wavy from my phone vibrating right when i took it,1,1,False
94776,BLIP Caption + BERT,remove_punctuation,1,this picture i took that got wavy from my phone vibrating right when i took it,this picture i took that got wavy from my phone vibrating right when i took it,0,0,False
94776,BERT,remove_one_word,1,this picture i took that got wavy from my phone vibrating right when i took it,this picture i took that got wavy from phone vibrating right when i took it,1,1,False
94776,CLIP + MLP,remove_one_word,1,this picture i took that got wavy from my phone vibrating right when i took it,this picture i took that got wavy from phone vibrating right when i took it,1,1,False
94776,ViLT,remove_one_word,1,this picture i took that got wavy from my phone vibrating right when i took it,this picture i took that got wavy from phone vibrating right when i took it,1,1,False
94776,BLIP Caption + BERT,remove_one_word,1,this picture i took that got wavy from my phone vibrating right when i took it,this picture i took that got wavy from phone vibrating right when i took it,0,0,False
94776,BERT,add_noise,1,this picture i took that got wavy from my phone vibrating right when i took it,this picture i took that got wavy from my phone vibrating right when i took it breaking news,1,1,False
94776,CLIP + MLP,add_noise,1,this picture i took that got wavy from my phone vibrating right when i took it,this picture i took that got wavy from my phone vibrating right when i took it breaking news,1,1,False
94776,ViLT,add_noise,1,this picture i took that got wavy from my phone vibrating right when i took it,this picture i took that got wavy from my phone vibrating right when i took it breaking news,1,1,False
94776,BLIP Caption + BERT,add_noise,1,this picture i took that got wavy from my phone vibrating right when i took it,this picture i took that got wavy from my phone vibrating right when i took it breaking news,0,0,False
75478,BERT,remove_punctuation,1,putin swimming,putin swimming,1,1,False
75478,CLIP + MLP,remove_punctuation,1,putin swimming,putin swimming,0,0,False
75478,ViLT,remove_punctuation,1,putin swimming,putin swimming,0,0,False
75478,BLIP Caption + BERT,remove_punctuation,1,putin swimming,putin swimming,1,1,False
75478,BERT,remove_one_word,1,putin swimming,putin swimming,1,1,False
75478,CLIP + MLP,remove_one_word,1,putin swimming,putin swimming,0,0,False
75478,ViLT,remove_one_word,1,putin swimming,putin swimming,0,0,False
75478,BLIP Caption + BERT,remove_one_word,1,putin swimming,putin swimming,1,1,False
75478,BERT,add_noise,1,putin swimming,putin swimming breaking news,1,0,True
75478,CLIP + MLP,add_noise,1,putin swimming,putin swimming breaking news,0,0,False
75478,ViLT,add_noise,1,putin swimming,putin swimming breaking news,0,0,False
75478,BLIP Caption + BERT,add_noise,1,putin swimming,putin swimming breaking news,1,0,True
87594,BERT,remove_punctuation,1,guy with glasses wields an iron bar on a biker,guy with glasses wields an iron bar on a biker,1,1,False
87594,CLIP + MLP,remove_punctuation,1,guy with glasses wields an iron bar on a biker,guy with glasses wields an iron bar on a biker,0,0,False
87594,ViLT,remove_punctuation,1,guy with glasses wields an iron bar on a biker,guy with glasses wields an iron bar on a biker,0,0,False
87594,BLIP Caption + BERT,remove_punctuation,1,guy with glasses wields an iron bar on a biker,guy with glasses wields an iron bar on a biker,1,1,False
87594,BERT,remove_one_word,1,guy with glasses wields an iron bar on a biker,guy with glasses wields an bar on a biker,1,1,False
87594,CLIP + MLP,remove_one_word,1,guy with glasses wields an iron bar on a biker,guy with glasses wields an bar on a biker,0,0,False
87594,ViLT,remove_one_word,1,guy with glasses wields an iron bar on a biker,guy with glasses wields an bar on a biker,0,0,False
87594,BLIP Caption + BERT,remove_one_word,1,guy with glasses wields an iron bar on a biker,guy with glasses wields an bar on a biker,1,1,False
87594,BERT,add_noise,1,guy with glasses wields an iron bar on a biker,guy with glasses wields an iron bar on a biker breaking news,1,0,True
87594,CLIP + MLP,add_noise,1,guy with glasses wields an iron bar on a biker,guy with glasses wields an iron bar on a biker breaking news,0,0,False
87594,ViLT,add_noise,1,guy with glasses wields an iron bar on a biker,guy with glasses wields an iron bar on a biker breaking news,0,0,False
87594,BLIP Caption + BERT,add_noise,1,guy with glasses wields an iron bar on a biker,guy with glasses wields an iron bar on a biker breaking news,1,0,True
57033,BERT,remove_punctuation,0,changed sides,changed sides,0,0,False
57033,CLIP + MLP,remove_punctuation,0,changed sides,changed sides,0,0,False
57033,ViLT,remove_punctuation,0,changed sides,changed sides,0,0,False
57033,BLIP Caption + BERT,remove_punctuation,0,changed sides,changed sides,0,0,False
57033,BERT,remove_one_word,0,changed sides,changed sides,0,0,False
57033,CLIP + MLP,remove_one_word,0,changed sides,changed sides,0,0,False
57033,ViLT,remove_one_word,0,changed sides,changed sides,0,0,False
57033,BLIP Caption + BERT,remove_one_word,0,changed sides,changed sides,0,0,False
57033,BERT,add_noise,0,changed sides,changed sides breaking news,0,0,False
57033,CLIP + MLP,add_noise,0,changed sides,changed sides breaking news,0,0,False
57033,ViLT,add_noise,0,changed sides,changed sides breaking news,0,0,False
57033,BLIP Caption + BERT,add_noise,0,changed sides,changed sides breaking news,0,0,False
58967,BERT,remove_punctuation,0,my precious,my precious,0,0,False
58967,CLIP + MLP,remove_punctuation,0,my precious,my precious,0,0,False
58967,ViLT,remove_punctuation,0,my precious,my precious,0,0,False
58967,BLIP Caption + BERT,remove_punctuation,0,my precious,my precious,0,0,False
58967,BERT,remove_one_word,0,my precious,my precious,0,0,False
58967,CLIP + MLP,remove_one_word,0,my precious,my precious,0,0,False
58967,ViLT,remove_one_word,0,my precious,my precious,0,0,False
58967,BLIP Caption + BERT,remove_one_word,0,my precious,my precious,0,0,False
58967,BERT,add_noise,0,my precious,my precious breaking news,0,0,False
58967,CLIP + MLP,add_noise,0,my precious,my precious breaking news,0,0,False
58967,ViLT,add_noise,0,my precious,my precious breaking news,0,0,False
58967,BLIP Caption + BERT,add_noise,0,my precious,my precious breaking news,0,0,False
55934,BERT,remove_punctuation,1,teen cant stay on the transplant list without a stable home so his teacher is adopting him,teen cant stay on the transplant list without a stable home so his teacher is adopting him,1,1,False
55934,CLIP + MLP,remove_punctuation,1,teen cant stay on the transplant list without a stable home so his teacher is adopting him,teen cant stay on the transplant list without a stable home so his teacher is adopting him,0,0,False
55934,ViLT,remove_punctuation,1,teen cant stay on the transplant list without a stable home so his teacher is adopting him,teen cant stay on the transplant list without a stable home so his teacher is adopting him,0,0,False
55934,BLIP Caption + BERT,remove_punctuation,1,teen cant stay on the transplant list without a stable home so his teacher is adopting him,teen cant stay on the transplant list without a stable home so his teacher is adopting him,0,0,False
55934,BERT,remove_one_word,1,teen cant stay on the transplant list without a stable home so his teacher is adopting him,teen cant stay on the transplant list without stable home so his teacher is adopting him,1,1,False
55934,CLIP + MLP,remove_one_word,1,teen cant stay on the transplant list without a stable home so his teacher is adopting him,teen cant stay on the transplant list without stable home so his teacher is adopting him,0,0,False
55934,ViLT,remove_one_word,1,teen cant stay on the transplant list without a stable home so his teacher is adopting him,teen cant stay on the transplant list without stable home so his teacher is adopting him,0,0,False
55934,BLIP Caption + BERT,remove_one_word,1,teen cant stay on the transplant list without a stable home so his teacher is adopting him,teen cant stay on the transplant list without stable home so his teacher is adopting him,0,0,False
55934,BERT,add_noise,1,teen cant stay on the transplant list without a stable home so his teacher is adopting him,teen cant stay on the transplant list without a stable home so his teacher is adopting him breaking news,1,0,True
55934,CLIP + MLP,add_noise,1,teen cant stay on the transplant list without a stable home so his teacher is adopting him,teen cant stay on the transplant list without a stable home so his teacher is adopting him breaking news,0,0,False
55934,ViLT,add_noise,1,teen cant stay on the transplant list without a stable home so his teacher is adopting him,teen cant stay on the transplant list without a stable home so his teacher is adopting him breaking news,0,0,False
55934,BLIP Caption + BERT,add_noise,1,teen cant stay on the transplant list without a stable home so his teacher is adopting him,teen cant stay on the transplant list without a stable home so his teacher is adopting him breaking news,0,0,False
86306,BERT,remove_punctuation,0,qd,qd,0,0,False
86306,CLIP + MLP,remove_punctuation,0,qd,qd,0,0,False
86306,ViLT,remove_punctuation,0,qd,qd,0,0,False
86306,BLIP Caption + BERT,remove_punctuation,0,qd,qd,0,0,False
86306,BERT,remove_one_word,0,qd,qd,0,0,False
86306,CLIP + MLP,remove_one_word,0,qd,qd,0,0,False
86306,ViLT,remove_one_word,0,qd,qd,0,0,False
86306,BLIP Caption + BERT,remove_one_word,0,qd,qd,0,0,False
86306,BERT,add_noise,0,qd,qd breaking news,0,0,False
86306,CLIP + MLP,add_noise,0,qd,qd breaking news,0,0,False
86306,ViLT,add_noise,0,qd,qd breaking news,0,0,False
86306,BLIP Caption + BERT,add_noise,0,qd,qd breaking news,0,0,False
15987,BERT,remove_punctuation,1,i left salt water in a dixie cup and the salt started growing outside the cup,i left salt water in a dixie cup and the salt started growing outside the cup,1,1,False
15987,CLIP + MLP,remove_punctuation,1,i left salt water in a dixie cup and the salt started growing outside the cup,i left salt water in a dixie cup and the salt started growing outside the cup,1,1,False
15987,ViLT,remove_punctuation,1,i left salt water in a dixie cup and the salt started growing outside the cup,i left salt water in a dixie cup and the salt started growing outside the cup,1,1,False
15987,BLIP Caption + BERT,remove_punctuation,1,i left salt water in a dixie cup and the salt started growing outside the cup,i left salt water in a dixie cup and the salt started growing outside the cup,0,0,False
15987,BERT,remove_one_word,1,i left salt water in a dixie cup and the salt started growing outside the cup,i left salt water in a dixie cup the salt started growing outside the cup,1,1,False
15987,CLIP + MLP,remove_one_word,1,i left salt water in a dixie cup and the salt started growing outside the cup,i left salt water in a dixie cup the salt started growing outside the cup,1,1,False
15987,ViLT,remove_one_word,1,i left salt water in a dixie cup and the salt started growing outside the cup,i left salt water in a dixie cup the salt started growing outside the cup,1,1,False
15987,BLIP Caption + BERT,remove_one_word,1,i left salt water in a dixie cup and the salt started growing outside the cup,i left salt water in a dixie cup the salt started growing outside the cup,0,0,False
15987,BERT,add_noise,1,i left salt water in a dixie cup and the salt started growing outside the cup,i left salt water in a dixie cup and the salt started growing outside the cup breaking news,1,0,True
15987,CLIP + MLP,add_noise,1,i left salt water in a dixie cup and the salt started growing outside the cup,i left salt water in a dixie cup and the salt started growing outside the cup breaking news,1,1,False
15987,ViLT,add_noise,1,i left salt water in a dixie cup and the salt started growing outside the cup,i left salt water in a dixie cup and the salt started growing outside the cup breaking news,1,1,False
15987,BLIP Caption + BERT,add_noise,1,i left salt water in a dixie cup and the salt started growing outside the cup,i left salt water in a dixie cup and the salt started growing outside the cup breaking news,0,0,False
56076,BERT,remove_punctuation,0,total recall,total recall,0,0,False
56076,CLIP + MLP,remove_punctuation,0,total recall,total recall,0,0,False
56076,ViLT,remove_punctuation,0,total recall,total recall,0,0,False
56076,BLIP Caption + BERT,remove_punctuation,0,total recall,total recall,1,1,False
56076,BERT,remove_one_word,0,total recall,total recall,0,0,False
56076,CLIP + MLP,remove_one_word,0,total recall,total recall,0,0,False
56076,ViLT,remove_one_word,0,total recall,total recall,0,0,False
56076,BLIP Caption + BERT,remove_one_word,0,total recall,total recall,1,1,False
56076,BERT,add_noise,0,total recall,total recall breaking news,0,0,False
56076,CLIP + MLP,add_noise,0,total recall,total recall breaking news,0,0,False
56076,ViLT,add_noise,0,total recall,total recall breaking news,0,0,False
56076,BLIP Caption + BERT,add_noise,0,total recall,total recall breaking news,1,1,False
71219,BERT,remove_punctuation,1,hard to tell,hard to tell,0,0,False
71219,CLIP + MLP,remove_punctuation,1,hard to tell,hard to tell,0,0,False
71219,ViLT,remove_punctuation,1,hard to tell,hard to tell,0,0,False
71219,BLIP Caption + BERT,remove_punctuation,1,hard to tell,hard to tell,1,1,False
71219,BERT,remove_one_word,1,hard to tell,hard to tell,0,0,False
71219,CLIP + MLP,remove_one_word,1,hard to tell,hard to tell,0,0,False
71219,ViLT,remove_one_word,1,hard to tell,hard to tell,0,0,False
71219,BLIP Caption + BERT,remove_one_word,1,hard to tell,hard to tell,1,1,False
71219,BERT,add_noise,1,hard to tell,hard to tell breaking news,0,0,False
71219,CLIP + MLP,add_noise,1,hard to tell,hard to tell breaking news,0,0,False
71219,ViLT,add_noise,1,hard to tell,hard to tell breaking news,0,0,False
71219,BLIP Caption + BERT,add_noise,1,hard to tell,hard to tell breaking news,1,0,True
101509,BERT,remove_punctuation,0,so metal,so metal,0,0,False
101509,CLIP + MLP,remove_punctuation,0,so metal,so metal,0,0,False
101509,ViLT,remove_punctuation,0,so metal,so metal,0,0,False
101509,BLIP Caption + BERT,remove_punctuation,0,so metal,so metal,1,1,False
101509,BERT,remove_one_word,0,so metal,so metal,0,0,False
101509,CLIP + MLP,remove_one_word,0,so metal,so metal,0,0,False
101509,ViLT,remove_one_word,0,so metal,so metal,0,0,False
101509,BLIP Caption + BERT,remove_one_word,0,so metal,so metal,1,1,False
101509,BERT,add_noise,0,so metal,so metal breaking news,0,0,False
101509,CLIP + MLP,add_noise,0,so metal,so metal breaking news,0,0,False
101509,ViLT,add_noise,0,so metal,so metal breaking news,0,0,False
101509,BLIP Caption + BERT,add_noise,0,so metal,so metal breaking news,1,1,False
54488,BERT,remove_punctuation,1,so majestic,so majestic,0,0,False
54488,CLIP + MLP,remove_punctuation,1,so majestic,so majestic,0,0,False
54488,ViLT,remove_punctuation,1,so majestic,so majestic,0,0,False
54488,BLIP Caption + BERT,remove_punctuation,1,so majestic,so majestic,0,0,False
54488,BERT,remove_one_word,1,so majestic,so majestic,0,0,False
54488,CLIP + MLP,remove_one_word,1,so majestic,so majestic,0,0,False
54488,ViLT,remove_one_word,1,so majestic,so majestic,0,0,False
54488,BLIP Caption + BERT,remove_one_word,1,so majestic,so majestic,0,0,False
54488,BERT,add_noise,1,so majestic,so majestic breaking news,0,0,False
54488,CLIP + MLP,add_noise,1,so majestic,so majestic breaking news,0,0,False
54488,ViLT,add_noise,1,so majestic,so majestic breaking news,0,0,False
54488,BLIP Caption + BERT,add_noise,1,so majestic,so majestic breaking news,0,0,False
34691,BERT,remove_punctuation,0,the man is small,the man is small,0,0,False
34691,CLIP + MLP,remove_punctuation,0,the man is small,the man is small,0,0,False
34691,ViLT,remove_punctuation,0,the man is small,the man is small,0,0,False
34691,BLIP Caption + BERT,remove_punctuation,0,the man is small,the man is small,0,0,False
34691,BERT,remove_one_word,0,the man is small,the man small,0,0,False
34691,CLIP + MLP,remove_one_word,0,the man is small,the man small,0,0,False
34691,ViLT,remove_one_word,0,the man is small,the man small,0,0,False
34691,BLIP Caption + BERT,remove_one_word,0,the man is small,the man small,0,0,False
34691,BERT,add_noise,0,the man is small,the man is small breaking news,0,0,False
34691,CLIP + MLP,add_noise,0,the man is small,the man is small breaking news,0,0,False
34691,ViLT,add_noise,0,the man is small,the man is small breaking news,0,0,False
34691,BLIP Caption + BERT,add_noise,0,the man is small,the man is small breaking news,0,0,False
94675,BERT,remove_punctuation,0,this ladder doesnt want to be stepped on,this ladder doesnt want to be stepped on,0,0,False
94675,CLIP + MLP,remove_punctuation,0,this ladder doesnt want to be stepped on,this ladder doesnt want to be stepped on,1,1,False
94675,ViLT,remove_punctuation,0,this ladder doesnt want to be stepped on,this ladder doesnt want to be stepped on,0,0,False
94675,BLIP Caption + BERT,remove_punctuation,0,this ladder doesnt want to be stepped on,this ladder doesnt want to be stepped on,0,0,False
94675,BERT,remove_one_word,0,this ladder doesnt want to be stepped on,this ladder doesnt want be stepped on,0,0,False
94675,CLIP + MLP,remove_one_word,0,this ladder doesnt want to be stepped on,this ladder doesnt want be stepped on,1,1,False
94675,ViLT,remove_one_word,0,this ladder doesnt want to be stepped on,this ladder doesnt want be stepped on,0,0,False
94675,BLIP Caption + BERT,remove_one_word,0,this ladder doesnt want to be stepped on,this ladder doesnt want be stepped on,0,0,False
94675,BERT,add_noise,0,this ladder doesnt want to be stepped on,this ladder doesnt want to be stepped on breaking news,0,0,False
94675,CLIP + MLP,add_noise,0,this ladder doesnt want to be stepped on,this ladder doesnt want to be stepped on breaking news,1,1,False
94675,ViLT,add_noise,0,this ladder doesnt want to be stepped on,this ladder doesnt want to be stepped on breaking news,0,0,False
94675,BLIP Caption + BERT,add_noise,0,this ladder doesnt want to be stepped on,this ladder doesnt want to be stepped on breaking news,0,0,False
46373,BERT,remove_punctuation,0,ice cream is invented in persia bc,ice cream is invented in persia bc,0,0,False
46373,CLIP + MLP,remove_punctuation,0,ice cream is invented in persia bc,ice cream is invented in persia bc,0,0,False
46373,ViLT,remove_punctuation,0,ice cream is invented in persia bc,ice cream is invented in persia bc,0,0,False
46373,BLIP Caption + BERT,remove_punctuation,0,ice cream is invented in persia bc,ice cream is invented in persia bc,1,1,False
46373,BERT,remove_one_word,0,ice cream is invented in persia bc,ice cream is in persia bc,0,0,False
46373,CLIP + MLP,remove_one_word,0,ice cream is invented in persia bc,ice cream is in persia bc,0,0,False
46373,ViLT,remove_one_word,0,ice cream is invented in persia bc,ice cream is in persia bc,0,0,False
46373,BLIP Caption + BERT,remove_one_word,0,ice cream is invented in persia bc,ice cream is in persia bc,1,1,False
46373,BERT,add_noise,0,ice cream is invented in persia bc,ice cream is invented in persia bc breaking news,0,0,False
46373,CLIP + MLP,add_noise,0,ice cream is invented in persia bc,ice cream is invented in persia bc breaking news,0,0,False
46373,ViLT,add_noise,0,ice cream is invented in persia bc,ice cream is invented in persia bc breaking news,0,0,False
46373,BLIP Caption + BERT,add_noise,0,ice cream is invented in persia bc,ice cream is invented in persia bc breaking news,1,1,False
38136,BERT,remove_punctuation,0,just a guy hanging with his daughter,just a guy hanging with his daughter,1,1,False
38136,CLIP + MLP,remove_punctuation,0,just a guy hanging with his daughter,just a guy hanging with his daughter,0,0,False
38136,ViLT,remove_punctuation,0,just a guy hanging with his daughter,just a guy hanging with his daughter,0,0,False
38136,BLIP Caption + BERT,remove_punctuation,0,just a guy hanging with his daughter,just a guy hanging with his daughter,0,0,False
38136,BERT,remove_one_word,0,just a guy hanging with his daughter,just a guy with his daughter,1,0,True
38136,CLIP + MLP,remove_one_word,0,just a guy hanging with his daughter,just a guy with his daughter,0,0,False
38136,ViLT,remove_one_word,0,just a guy hanging with his daughter,just a guy with his daughter,0,0,False
38136,BLIP Caption + BERT,remove_one_word,0,just a guy hanging with his daughter,just a guy with his daughter,0,0,False
38136,BERT,add_noise,0,just a guy hanging with his daughter,just a guy hanging with his daughter breaking news,1,1,False
38136,CLIP + MLP,add_noise,0,just a guy hanging with his daughter,just a guy hanging with his daughter breaking news,0,0,False
38136,ViLT,add_noise,0,just a guy hanging with his daughter,just a guy hanging with his daughter breaking news,0,0,False
38136,BLIP Caption + BERT,add_noise,0,just a guy hanging with his daughter,just a guy hanging with his daughter breaking news,0,0,False
80086,BERT,remove_punctuation,1,this gas station right must have been bought out and didnt want to splurge for new signage,this gas station right must have been bought out and didnt want to splurge for new signage,1,1,False
80086,CLIP + MLP,remove_punctuation,1,this gas station right must have been bought out and didnt want to splurge for new signage,this gas station right must have been bought out and didnt want to splurge for new signage,1,1,False
80086,ViLT,remove_punctuation,1,this gas station right must have been bought out and didnt want to splurge for new signage,this gas station right must have been bought out and didnt want to splurge for new signage,1,1,False
80086,BLIP Caption + BERT,remove_punctuation,1,this gas station right must have been bought out and didnt want to splurge for new signage,this gas station right must have been bought out and didnt want to splurge for new signage,1,1,False
80086,BERT,remove_one_word,1,this gas station right must have been bought out and didnt want to splurge for new signage,this gas station right must have been bought and didnt want to splurge for new signage,1,1,False
80086,CLIP + MLP,remove_one_word,1,this gas station right must have been bought out and didnt want to splurge for new signage,this gas station right must have been bought and didnt want to splurge for new signage,1,1,False
80086,ViLT,remove_one_word,1,this gas station right must have been bought out and didnt want to splurge for new signage,this gas station right must have been bought and didnt want to splurge for new signage,1,1,False
80086,BLIP Caption + BERT,remove_one_word,1,this gas station right must have been bought out and didnt want to splurge for new signage,this gas station right must have been bought and didnt want to splurge for new signage,1,0,True
80086,BERT,add_noise,1,this gas station right must have been bought out and didnt want to splurge for new signage,this gas station right must have been bought out and didnt want to splurge for new signage breaking news,1,0,True
80086,CLIP + MLP,add_noise,1,this gas station right must have been bought out and didnt want to splurge for new signage,this gas station right must have been bought out and didnt want to splurge for new signage breaking news,1,1,False
80086,ViLT,add_noise,1,this gas station right must have been bought out and didnt want to splurge for new signage,this gas station right must have been bought out and didnt want to splurge for new signage breaking news,1,1,False
80086,BLIP Caption + BERT,add_noise,1,this gas station right must have been bought out and didnt want to splurge for new signage,this gas station right must have been bought out and didnt want to splurge for new signage breaking news,1,0,True
30753,BERT,remove_punctuation,0,obligatory faceswap,obligatory faceswap,0,0,False
30753,CLIP + MLP,remove_punctuation,0,obligatory faceswap,obligatory faceswap,0,0,False
30753,ViLT,remove_punctuation,0,obligatory faceswap,obligatory faceswap,0,0,False
30753,BLIP Caption + BERT,remove_punctuation,0,obligatory faceswap,obligatory faceswap,0,0,False
30753,BERT,remove_one_word,0,obligatory faceswap,obligatory faceswap,0,0,False
30753,CLIP + MLP,remove_one_word,0,obligatory faceswap,obligatory faceswap,0,0,False
30753,ViLT,remove_one_word,0,obligatory faceswap,obligatory faceswap,0,0,False
30753,BLIP Caption + BERT,remove_one_word,0,obligatory faceswap,obligatory faceswap,0,0,False
30753,BERT,add_noise,0,obligatory faceswap,obligatory faceswap breaking news,0,0,False
30753,CLIP + MLP,add_noise,0,obligatory faceswap,obligatory faceswap breaking news,0,0,False
30753,ViLT,add_noise,0,obligatory faceswap,obligatory faceswap breaking news,0,0,False
30753,BLIP Caption + BERT,add_noise,0,obligatory faceswap,obligatory faceswap breaking news,0,0,False
35558,BERT,remove_punctuation,1,compost only pic,compost only pic,0,0,False
35558,CLIP + MLP,remove_punctuation,1,compost only pic,compost only pic,0,0,False
35558,ViLT,remove_punctuation,1,compost only pic,compost only pic,0,0,False
35558,BLIP Caption + BERT,remove_punctuation,1,compost only pic,compost only pic,0,0,False
35558,BERT,remove_one_word,1,compost only pic,compost only pic,0,0,False
35558,CLIP + MLP,remove_one_word,1,compost only pic,compost only pic,0,0,False
35558,ViLT,remove_one_word,1,compost only pic,compost only pic,0,0,False
35558,BLIP Caption + BERT,remove_one_word,1,compost only pic,compost only pic,0,0,False
35558,BERT,add_noise,1,compost only pic,compost only pic breaking news,0,0,False
35558,CLIP + MLP,add_noise,1,compost only pic,compost only pic breaking news,0,0,False
35558,ViLT,add_noise,1,compost only pic,compost only pic breaking news,0,1,True
35558,BLIP Caption + BERT,add_noise,1,compost only pic,compost only pic breaking news,0,0,False
82587,BERT,remove_punctuation,0,this berry looks like it is staring into my soul and it didnt like what it saw,this berry looks like it is staring into my soul and it didnt like what it saw,0,0,False
82587,CLIP + MLP,remove_punctuation,0,this berry looks like it is staring into my soul and it didnt like what it saw,this berry looks like it is staring into my soul and it didnt like what it saw,1,1,False
82587,ViLT,remove_punctuation,0,this berry looks like it is staring into my soul and it didnt like what it saw,this berry looks like it is staring into my soul and it didnt like what it saw,1,1,False
82587,BLIP Caption + BERT,remove_punctuation,0,this berry looks like it is staring into my soul and it didnt like what it saw,this berry looks like it is staring into my soul and it didnt like what it saw,0,0,False
82587,BERT,remove_one_word,0,this berry looks like it is staring into my soul and it didnt like what it saw,this berry looks like it is staring into soul and it didnt like what it saw,0,0,False
82587,CLIP + MLP,remove_one_word,0,this berry looks like it is staring into my soul and it didnt like what it saw,this berry looks like it is staring into soul and it didnt like what it saw,1,1,False
82587,ViLT,remove_one_word,0,this berry looks like it is staring into my soul and it didnt like what it saw,this berry looks like it is staring into soul and it didnt like what it saw,1,1,False
82587,BLIP Caption + BERT,remove_one_word,0,this berry looks like it is staring into my soul and it didnt like what it saw,this berry looks like it is staring into soul and it didnt like what it saw,0,0,False
82587,BERT,add_noise,0,this berry looks like it is staring into my soul and it didnt like what it saw,this berry looks like it is staring into my soul and it didnt like what it saw breaking news,0,0,False
82587,CLIP + MLP,add_noise,0,this berry looks like it is staring into my soul and it didnt like what it saw,this berry looks like it is staring into my soul and it didnt like what it saw breaking news,1,1,False
82587,ViLT,add_noise,0,this berry looks like it is staring into my soul and it didnt like what it saw,this berry looks like it is staring into my soul and it didnt like what it saw breaking news,1,1,False
82587,BLIP Caption + BERT,add_noise,0,this berry looks like it is staring into my soul and it didnt like what it saw,this berry looks like it is staring into my soul and it didnt like what it saw breaking news,0,0,False
55601,BERT,remove_punctuation,1,my caller id actually warned me that the incoming call was a telemarketer,my caller id actually warned me that the incoming call was a telemarketer,1,1,False
55601,CLIP + MLP,remove_punctuation,1,my caller id actually warned me that the incoming call was a telemarketer,my caller id actually warned me that the incoming call was a telemarketer,1,1,False
55601,ViLT,remove_punctuation,1,my caller id actually warned me that the incoming call was a telemarketer,my caller id actually warned me that the incoming call was a telemarketer,0,0,False
55601,BLIP Caption + BERT,remove_punctuation,1,my caller id actually warned me that the incoming call was a telemarketer,my caller id actually warned me that the incoming call was a telemarketer,0,0,False
55601,BERT,remove_one_word,1,my caller id actually warned me that the incoming call was a telemarketer,my caller id actually warned me the incoming call was a telemarketer,1,1,False
55601,CLIP + MLP,remove_one_word,1,my caller id actually warned me that the incoming call was a telemarketer,my caller id actually warned me the incoming call was a telemarketer,1,1,False
55601,ViLT,remove_one_word,1,my caller id actually warned me that the incoming call was a telemarketer,my caller id actually warned me the incoming call was a telemarketer,0,0,False
55601,BLIP Caption + BERT,remove_one_word,1,my caller id actually warned me that the incoming call was a telemarketer,my caller id actually warned me the incoming call was a telemarketer,0,0,False
55601,BERT,add_noise,1,my caller id actually warned me that the incoming call was a telemarketer,my caller id actually warned me that the incoming call was a telemarketer breaking news,1,1,False
55601,CLIP + MLP,add_noise,1,my caller id actually warned me that the incoming call was a telemarketer,my caller id actually warned me that the incoming call was a telemarketer breaking news,1,1,False
55601,ViLT,add_noise,1,my caller id actually warned me that the incoming call was a telemarketer,my caller id actually warned me that the incoming call was a telemarketer breaking news,0,0,False
55601,BLIP Caption + BERT,add_noise,1,my caller id actually warned me that the incoming call was a telemarketer,my caller id actually warned me that the incoming call was a telemarketer breaking news,0,0,False
19467,BERT,remove_punctuation,1,chamomile tea on top and raspberry tea on bottom they didnt mix until i stirred the honey in,chamomile tea on top and raspberry tea on bottom they didnt mix until i stirred the honey in,1,1,False
19467,CLIP + MLP,remove_punctuation,1,chamomile tea on top and raspberry tea on bottom they didnt mix until i stirred the honey in,chamomile tea on top and raspberry tea on bottom they didnt mix until i stirred the honey in,0,0,False
19467,ViLT,remove_punctuation,1,chamomile tea on top and raspberry tea on bottom they didnt mix until i stirred the honey in,chamomile tea on top and raspberry tea on bottom they didnt mix until i stirred the honey in,1,1,False
19467,BLIP Caption + BERT,remove_punctuation,1,chamomile tea on top and raspberry tea on bottom they didnt mix until i stirred the honey in,chamomile tea on top and raspberry tea on bottom they didnt mix until i stirred the honey in,0,0,False
19467,BERT,remove_one_word,1,chamomile tea on top and raspberry tea on bottom they didnt mix until i stirred the honey in,chamomile tea on top and raspberry tea on bottom didnt mix until i stirred the honey in,1,1,False
19467,CLIP + MLP,remove_one_word,1,chamomile tea on top and raspberry tea on bottom they didnt mix until i stirred the honey in,chamomile tea on top and raspberry tea on bottom didnt mix until i stirred the honey in,0,1,True
19467,ViLT,remove_one_word,1,chamomile tea on top and raspberry tea on bottom they didnt mix until i stirred the honey in,chamomile tea on top and raspberry tea on bottom didnt mix until i stirred the honey in,1,1,False
19467,BLIP Caption + BERT,remove_one_word,1,chamomile tea on top and raspberry tea on bottom they didnt mix until i stirred the honey in,chamomile tea on top and raspberry tea on bottom didnt mix until i stirred the honey in,0,0,False
19467,BERT,add_noise,1,chamomile tea on top and raspberry tea on bottom they didnt mix until i stirred the honey in,chamomile tea on top and raspberry tea on bottom they didnt mix until i stirred the honey in breaking news,1,1,False
19467,CLIP + MLP,add_noise,1,chamomile tea on top and raspberry tea on bottom they didnt mix until i stirred the honey in,chamomile tea on top and raspberry tea on bottom they didnt mix until i stirred the honey in breaking news,0,0,False
19467,ViLT,add_noise,1,chamomile tea on top and raspberry tea on bottom they didnt mix until i stirred the honey in,chamomile tea on top and raspberry tea on bottom they didnt mix until i stirred the honey in breaking news,1,1,False
19467,BLIP Caption + BERT,add_noise,1,chamomile tea on top and raspberry tea on bottom they didnt mix until i stirred the honey in,chamomile tea on top and raspberry tea on bottom they didnt mix until i stirred the honey in breaking news,0,0,False
94732,BERT,remove_punctuation,0,thank god for the radio logical question,thank god for the radio logical question,0,0,False
94732,CLIP + MLP,remove_punctuation,0,thank god for the radio logical question,thank god for the radio logical question,0,0,False
94732,ViLT,remove_punctuation,0,thank god for the radio logical question,thank god for the radio logical question,0,0,False
94732,BLIP Caption + BERT,remove_punctuation,0,thank god for the radio logical question,thank god for the radio logical question,1,1,False
94732,BERT,remove_one_word,0,thank god for the radio logical question,thank god for radio logical question,0,0,False
94732,CLIP + MLP,remove_one_word,0,thank god for the radio logical question,thank god for radio logical question,0,0,False
94732,ViLT,remove_one_word,0,thank god for the radio logical question,thank god for radio logical question,0,0,False
94732,BLIP Caption + BERT,remove_one_word,0,thank god for the radio logical question,thank god for radio logical question,1,1,False
94732,BERT,add_noise,0,thank god for the radio logical question,thank god for the radio logical question breaking news,0,0,False
94732,CLIP + MLP,add_noise,0,thank god for the radio logical question,thank god for the radio logical question breaking news,0,0,False
94732,ViLT,add_noise,0,thank god for the radio logical question,thank god for the radio logical question breaking news,0,0,False
94732,BLIP Caption + BERT,add_noise,0,thank god for the radio logical question,thank god for the radio logical question breaking news,1,1,False
28402,BERT,remove_punctuation,1,female students at queens sign up to sex for gifts dating site,female students at queens sign up to sex for gifts dating site,1,1,False
28402,CLIP + MLP,remove_punctuation,1,female students at queens sign up to sex for gifts dating site,female students at queens sign up to sex for gifts dating site,0,0,False
28402,ViLT,remove_punctuation,1,female students at queens sign up to sex for gifts dating site,female students at queens sign up to sex for gifts dating site,1,1,False
28402,BLIP Caption + BERT,remove_punctuation,1,female students at queens sign up to sex for gifts dating site,female students at queens sign up to sex for gifts dating site,0,0,False
28402,BERT,remove_one_word,1,female students at queens sign up to sex for gifts dating site,female students at queens sign up sex for gifts dating site,1,1,False
28402,CLIP + MLP,remove_one_word,1,female students at queens sign up to sex for gifts dating site,female students at queens sign up sex for gifts dating site,0,0,False
28402,ViLT,remove_one_word,1,female students at queens sign up to sex for gifts dating site,female students at queens sign up sex for gifts dating site,1,1,False
28402,BLIP Caption + BERT,remove_one_word,1,female students at queens sign up to sex for gifts dating site,female students at queens sign up sex for gifts dating site,0,0,False
28402,BERT,add_noise,1,female students at queens sign up to sex for gifts dating site,female students at queens sign up to sex for gifts dating site breaking news,1,0,True
28402,CLIP + MLP,add_noise,1,female students at queens sign up to sex for gifts dating site,female students at queens sign up to sex for gifts dating site breaking news,0,0,False
28402,ViLT,add_noise,1,female students at queens sign up to sex for gifts dating site,female students at queens sign up to sex for gifts dating site breaking news,1,1,False
28402,BLIP Caption + BERT,add_noise,1,female students at queens sign up to sex for gifts dating site,female students at queens sign up to sex for gifts dating site breaking news,0,0,False
89948,BERT,remove_punctuation,1,man arrested after harassing couple in car he thought was an alien spaceship,man arrested after harassing couple in car he thought was an alien spaceship,1,1,False
89948,CLIP + MLP,remove_punctuation,1,man arrested after harassing couple in car he thought was an alien spaceship,man arrested after harassing couple in car he thought was an alien spaceship,0,0,False
89948,ViLT,remove_punctuation,1,man arrested after harassing couple in car he thought was an alien spaceship,man arrested after harassing couple in car he thought was an alien spaceship,0,0,False
89948,BLIP Caption + BERT,remove_punctuation,1,man arrested after harassing couple in car he thought was an alien spaceship,man arrested after harassing couple in car he thought was an alien spaceship,0,0,False
89948,BERT,remove_one_word,1,man arrested after harassing couple in car he thought was an alien spaceship,man arrested after harassing couple in he thought was an alien spaceship,1,1,False
89948,CLIP + MLP,remove_one_word,1,man arrested after harassing couple in car he thought was an alien spaceship,man arrested after harassing couple in he thought was an alien spaceship,0,0,False
89948,ViLT,remove_one_word,1,man arrested after harassing couple in car he thought was an alien spaceship,man arrested after harassing couple in he thought was an alien spaceship,0,0,False
89948,BLIP Caption + BERT,remove_one_word,1,man arrested after harassing couple in car he thought was an alien spaceship,man arrested after harassing couple in he thought was an alien spaceship,0,0,False
89948,BERT,add_noise,1,man arrested after harassing couple in car he thought was an alien spaceship,man arrested after harassing couple in car he thought was an alien spaceship breaking news,1,0,True
89948,CLIP + MLP,add_noise,1,man arrested after harassing couple in car he thought was an alien spaceship,man arrested after harassing couple in car he thought was an alien spaceship breaking news,0,0,False
89948,ViLT,add_noise,1,man arrested after harassing couple in car he thought was an alien spaceship,man arrested after harassing couple in car he thought was an alien spaceship breaking news,0,0,False
89948,BLIP Caption + BERT,add_noise,1,man arrested after harassing couple in car he thought was an alien spaceship,man arrested after harassing couple in car he thought was an alien spaceship breaking news,0,0,False
69728,BERT,remove_punctuation,0,morgentaler you spoke on earth x,morgentaler you spoke on earth x,0,0,False
69728,CLIP + MLP,remove_punctuation,0,morgentaler you spoke on earth x,morgentaler you spoke on earth x,0,0,False
69728,ViLT,remove_punctuation,0,morgentaler you spoke on earth x,morgentaler you spoke on earth x,0,0,False
69728,BLIP Caption + BERT,remove_punctuation,0,morgentaler you spoke on earth x,morgentaler you spoke on earth x,0,0,False
69728,BERT,remove_one_word,0,morgentaler you spoke on earth x,morgentaler you spoke earth x,0,0,False
69728,CLIP + MLP,remove_one_word,0,morgentaler you spoke on earth x,morgentaler you spoke earth x,0,0,False
69728,ViLT,remove_one_word,0,morgentaler you spoke on earth x,morgentaler you spoke earth x,0,0,False
69728,BLIP Caption + BERT,remove_one_word,0,morgentaler you spoke on earth x,morgentaler you spoke earth x,0,0,False
69728,BERT,add_noise,0,morgentaler you spoke on earth x,morgentaler you spoke on earth x breaking news,0,0,False
69728,CLIP + MLP,add_noise,0,morgentaler you spoke on earth x,morgentaler you spoke on earth x breaking news,0,0,False
69728,ViLT,add_noise,0,morgentaler you spoke on earth x,morgentaler you spoke on earth x breaking news,0,0,False
69728,BLIP Caption + BERT,add_noise,0,morgentaler you spoke on earth x,morgentaler you spoke on earth x breaking news,0,0,False
29351,BERT,remove_punctuation,1,zombie cat now at center of custody dispute,zombie cat now at center of custody dispute,1,1,False
29351,CLIP + MLP,remove_punctuation,1,zombie cat now at center of custody dispute,zombie cat now at center of custody dispute,0,0,False
29351,ViLT,remove_punctuation,1,zombie cat now at center of custody dispute,zombie cat now at center of custody dispute,0,0,False
29351,BLIP Caption + BERT,remove_punctuation,1,zombie cat now at center of custody dispute,zombie cat now at center of custody dispute,0,0,False
29351,BERT,remove_one_word,1,zombie cat now at center of custody dispute,zombie cat now at of custody dispute,1,1,False
29351,CLIP + MLP,remove_one_word,1,zombie cat now at center of custody dispute,zombie cat now at of custody dispute,0,0,False
29351,ViLT,remove_one_word,1,zombie cat now at center of custody dispute,zombie cat now at of custody dispute,0,1,True
29351,BLIP Caption + BERT,remove_one_word,1,zombie cat now at center of custody dispute,zombie cat now at of custody dispute,0,0,False
29351,BERT,add_noise,1,zombie cat now at center of custody dispute,zombie cat now at center of custody dispute breaking news,1,1,False
29351,CLIP + MLP,add_noise,1,zombie cat now at center of custody dispute,zombie cat now at center of custody dispute breaking news,0,0,False
29351,ViLT,add_noise,1,zombie cat now at center of custody dispute,zombie cat now at center of custody dispute breaking news,0,0,False
29351,BLIP Caption + BERT,add_noise,1,zombie cat now at center of custody dispute,zombie cat now at center of custody dispute breaking news,0,0,False
110087,BERT,remove_punctuation,1,lucky security guard,lucky security guard,0,0,False
110087,CLIP + MLP,remove_punctuation,1,lucky security guard,lucky security guard,0,0,False
110087,ViLT,remove_punctuation,1,lucky security guard,lucky security guard,0,0,False
110087,BLIP Caption + BERT,remove_punctuation,1,lucky security guard,lucky security guard,0,0,False
110087,BERT,remove_one_word,1,lucky security guard,lucky security guard,0,0,False
110087,CLIP + MLP,remove_one_word,1,lucky security guard,lucky security guard,0,0,False
110087,ViLT,remove_one_word,1,lucky security guard,lucky security guard,0,0,False
110087,BLIP Caption + BERT,remove_one_word,1,lucky security guard,lucky security guard,0,0,False
110087,BERT,add_noise,1,lucky security guard,lucky security guard breaking news,0,0,False
110087,CLIP + MLP,add_noise,1,lucky security guard,lucky security guard breaking news,0,0,False
110087,ViLT,add_noise,1,lucky security guard,lucky security guard breaking news,0,0,False
110087,BLIP Caption + BERT,add_noise,1,lucky security guard,lucky security guard breaking news,0,0,False
91898,BERT,remove_punctuation,1,this installation happened on a day that doesnt exist,this installation happened on a day that doesnt exist,1,1,False
91898,CLIP + MLP,remove_punctuation,1,this installation happened on a day that doesnt exist,this installation happened on a day that doesnt exist,1,1,False
91898,ViLT,remove_punctuation,1,this installation happened on a day that doesnt exist,this installation happened on a day that doesnt exist,0,0,False
91898,BLIP Caption + BERT,remove_punctuation,1,this installation happened on a day that doesnt exist,this installation happened on a day that doesnt exist,0,0,False
91898,BERT,remove_one_word,1,this installation happened on a day that doesnt exist,this installation happened on day that doesnt exist,1,1,False
91898,CLIP + MLP,remove_one_word,1,this installation happened on a day that doesnt exist,this installation happened on day that doesnt exist,1,1,False
91898,ViLT,remove_one_word,1,this installation happened on a day that doesnt exist,this installation happened on day that doesnt exist,0,0,False
91898,BLIP Caption + BERT,remove_one_word,1,this installation happened on a day that doesnt exist,this installation happened on day that doesnt exist,0,0,False
91898,BERT,add_noise,1,this installation happened on a day that doesnt exist,this installation happened on a day that doesnt exist breaking news,1,0,True
91898,CLIP + MLP,add_noise,1,this installation happened on a day that doesnt exist,this installation happened on a day that doesnt exist breaking news,1,1,False
91898,ViLT,add_noise,1,this installation happened on a day that doesnt exist,this installation happened on a day that doesnt exist breaking news,0,0,False
91898,BLIP Caption + BERT,add_noise,1,this installation happened on a day that doesnt exist,this installation happened on a day that doesnt exist breaking news,0,0,False
67941,BERT,remove_punctuation,1,world champion armwrestler matthias schlitte,world champion armwrestler matthias schlitte,1,1,False
67941,CLIP + MLP,remove_punctuation,1,world champion armwrestler matthias schlitte,world champion armwrestler matthias schlitte,0,0,False
67941,ViLT,remove_punctuation,1,world champion armwrestler matthias schlitte,world champion armwrestler matthias schlitte,0,0,False
67941,BLIP Caption + BERT,remove_punctuation,1,world champion armwrestler matthias schlitte,world champion armwrestler matthias schlitte,0,0,False
67941,BERT,remove_one_word,1,world champion armwrestler matthias schlitte,world champion matthias schlitte,1,0,True
67941,CLIP + MLP,remove_one_word,1,world champion armwrestler matthias schlitte,world champion matthias schlitte,0,0,False
67941,ViLT,remove_one_word,1,world champion armwrestler matthias schlitte,world champion matthias schlitte,0,0,False
67941,BLIP Caption + BERT,remove_one_word,1,world champion armwrestler matthias schlitte,world champion matthias schlitte,0,1,True
67941,BERT,add_noise,1,world champion armwrestler matthias schlitte,world champion armwrestler matthias schlitte breaking news,1,0,True
67941,CLIP + MLP,add_noise,1,world champion armwrestler matthias schlitte,world champion armwrestler matthias schlitte breaking news,0,0,False
67941,ViLT,add_noise,1,world champion armwrestler matthias schlitte,world champion armwrestler matthias schlitte breaking news,0,0,False
67941,BLIP Caption + BERT,add_noise,1,world champion armwrestler matthias schlitte,world champion armwrestler matthias schlitte breaking news,0,0,False
55961,BERT,remove_punctuation,1,another lunch date with the lakers girls winner,another lunch date with the lakers girls winner,0,0,False
55961,CLIP + MLP,remove_punctuation,1,another lunch date with the lakers girls winner,another lunch date with the lakers girls winner,0,0,False
55961,ViLT,remove_punctuation,1,another lunch date with the lakers girls winner,another lunch date with the lakers girls winner,1,1,False
55961,BLIP Caption + BERT,remove_punctuation,1,another lunch date with the lakers girls winner,another lunch date with the lakers girls winner,0,0,False
55961,BERT,remove_one_word,1,another lunch date with the lakers girls winner,another lunch date with lakers girls winner,0,0,False
55961,CLIP + MLP,remove_one_word,1,another lunch date with the lakers girls winner,another lunch date with lakers girls winner,0,0,False
55961,ViLT,remove_one_word,1,another lunch date with the lakers girls winner,another lunch date with lakers girls winner,1,1,False
55961,BLIP Caption + BERT,remove_one_word,1,another lunch date with the lakers girls winner,another lunch date with lakers girls winner,0,0,False
55961,BERT,add_noise,1,another lunch date with the lakers girls winner,another lunch date with the lakers girls winner breaking news,0,0,False
55961,CLIP + MLP,add_noise,1,another lunch date with the lakers girls winner,another lunch date with the lakers girls winner breaking news,0,0,False
55961,ViLT,add_noise,1,another lunch date with the lakers girls winner,another lunch date with the lakers girls winner breaking news,1,1,False
55961,BLIP Caption + BERT,add_noise,1,another lunch date with the lakers girls winner,another lunch date with the lakers girls winner breaking news,0,0,False
74652,BERT,remove_punctuation,1,amazon is buying whole foods for billion,amazon is buying whole foods for billion,1,1,False
74652,CLIP + MLP,remove_punctuation,1,amazon is buying whole foods for billion,amazon is buying whole foods for billion,0,0,False
74652,ViLT,remove_punctuation,1,amazon is buying whole foods for billion,amazon is buying whole foods for billion,1,1,False
74652,BLIP Caption + BERT,remove_punctuation,1,amazon is buying whole foods for billion,amazon is buying whole foods for billion,0,0,False
74652,BERT,remove_one_word,1,amazon is buying whole foods for billion,amazon is buying foods for billion,1,1,False
74652,CLIP + MLP,remove_one_word,1,amazon is buying whole foods for billion,amazon is buying foods for billion,0,0,False
74652,ViLT,remove_one_word,1,amazon is buying whole foods for billion,amazon is buying foods for billion,1,1,False
74652,BLIP Caption + BERT,remove_one_word,1,amazon is buying whole foods for billion,amazon is buying foods for billion,0,0,False
74652,BERT,add_noise,1,amazon is buying whole foods for billion,amazon is buying whole foods for billion breaking news,1,1,False
74652,CLIP + MLP,add_noise,1,amazon is buying whole foods for billion,amazon is buying whole foods for billion breaking news,0,0,False
74652,ViLT,add_noise,1,amazon is buying whole foods for billion,amazon is buying whole foods for billion breaking news,1,1,False
74652,BLIP Caption + BERT,add_noise,1,amazon is buying whole foods for billion,amazon is buying whole foods for billion breaking news,0,0,False
6304,BERT,remove_punctuation,0,honestly her mouth could be smaller,honestly her mouth could be smaller,0,0,False
6304,CLIP + MLP,remove_punctuation,0,honestly her mouth could be smaller,honestly her mouth could be smaller,0,0,False
6304,ViLT,remove_punctuation,0,honestly her mouth could be smaller,honestly her mouth could be smaller,0,0,False
6304,BLIP Caption + BERT,remove_punctuation,0,honestly her mouth could be smaller,honestly her mouth could be smaller,0,0,False
6304,BERT,remove_one_word,0,honestly her mouth could be smaller,honestly her mouth be smaller,0,0,False
6304,CLIP + MLP,remove_one_word,0,honestly her mouth could be smaller,honestly her mouth be smaller,0,0,False
6304,ViLT,remove_one_word,0,honestly her mouth could be smaller,honestly her mouth be smaller,0,0,False
6304,BLIP Caption + BERT,remove_one_word,0,honestly her mouth could be smaller,honestly her mouth be smaller,0,0,False
6304,BERT,add_noise,0,honestly her mouth could be smaller,honestly her mouth could be smaller breaking news,0,0,False
6304,CLIP + MLP,add_noise,0,honestly her mouth could be smaller,honestly her mouth could be smaller breaking news,0,0,False
6304,ViLT,add_noise,0,honestly her mouth could be smaller,honestly her mouth could be smaller breaking news,0,0,False
6304,BLIP Caption + BERT,add_noise,0,honestly her mouth could be smaller,honestly her mouth could be smaller breaking news,0,0,False
8729,BERT,remove_punctuation,0,the negative space looks like a kitty,the negative space looks like a kitty,0,0,False
8729,CLIP + MLP,remove_punctuation,0,the negative space looks like a kitty,the negative space looks like a kitty,1,1,False
8729,ViLT,remove_punctuation,0,the negative space looks like a kitty,the negative space looks like a kitty,0,0,False
8729,BLIP Caption + BERT,remove_punctuation,0,the negative space looks like a kitty,the negative space looks like a kitty,0,0,False
8729,BERT,remove_one_word,0,the negative space looks like a kitty,the negative space like a kitty,0,0,False
8729,CLIP + MLP,remove_one_word,0,the negative space looks like a kitty,the negative space like a kitty,1,0,True
8729,ViLT,remove_one_word,0,the negative space looks like a kitty,the negative space like a kitty,0,0,False
8729,BLIP Caption + BERT,remove_one_word,0,the negative space looks like a kitty,the negative space like a kitty,0,0,False
8729,BERT,add_noise,0,the negative space looks like a kitty,the negative space looks like a kitty breaking news,0,1,True
8729,CLIP + MLP,add_noise,0,the negative space looks like a kitty,the negative space looks like a kitty breaking news,1,1,False
8729,ViLT,add_noise,0,the negative space looks like a kitty,the negative space looks like a kitty breaking news,0,0,False
8729,BLIP Caption + BERT,add_noise,0,the negative space looks like a kitty,the negative space looks like a kitty breaking news,0,0,False
89803,BERT,remove_punctuation,1,dude is high af,dude is high af,0,0,False
89803,CLIP + MLP,remove_punctuation,1,dude is high af,dude is high af,0,0,False
89803,ViLT,remove_punctuation,1,dude is high af,dude is high af,0,0,False
89803,BLIP Caption + BERT,remove_punctuation,1,dude is high af,dude is high af,0,0,False
89803,BERT,remove_one_word,1,dude is high af,dude is af,0,0,False
89803,CLIP + MLP,remove_one_word,1,dude is high af,dude is af,0,0,False
89803,ViLT,remove_one_word,1,dude is high af,dude is af,0,0,False
89803,BLIP Caption + BERT,remove_one_word,1,dude is high af,dude is af,0,0,False
89803,BERT,add_noise,1,dude is high af,dude is high af breaking news,0,0,False
89803,CLIP + MLP,add_noise,1,dude is high af,dude is high af breaking news,0,0,False
89803,ViLT,add_noise,1,dude is high af,dude is high af breaking news,0,0,False
89803,BLIP Caption + BERT,add_noise,1,dude is high af,dude is high af breaking news,0,0,False
38153,BERT,remove_punctuation,0,antique blow dryer,antique blow dryer,1,1,False
38153,CLIP + MLP,remove_punctuation,0,antique blow dryer,antique blow dryer,0,0,False
38153,ViLT,remove_punctuation,0,antique blow dryer,antique blow dryer,0,0,False
38153,BLIP Caption + BERT,remove_punctuation,0,antique blow dryer,antique blow dryer,0,0,False
38153,BERT,remove_one_word,0,antique blow dryer,antique blow dryer,1,1,False
38153,CLIP + MLP,remove_one_word,0,antique blow dryer,antique blow dryer,0,0,False
38153,ViLT,remove_one_word,0,antique blow dryer,antique blow dryer,0,0,False
38153,BLIP Caption + BERT,remove_one_word,0,antique blow dryer,antique blow dryer,0,0,False
38153,BERT,add_noise,0,antique blow dryer,antique blow dryer breaking news,1,0,True
38153,CLIP + MLP,add_noise,0,antique blow dryer,antique blow dryer breaking news,0,0,False
38153,ViLT,add_noise,0,antique blow dryer,antique blow dryer breaking news,0,0,False
38153,BLIP Caption + BERT,add_noise,0,antique blow dryer,antique blow dryer breaking news,0,0,False
45235,BERT,remove_punctuation,1,couple donates wedding money to charity,couple donates wedding money to charity,1,1,False
45235,CLIP + MLP,remove_punctuation,1,couple donates wedding money to charity,couple donates wedding money to charity,0,0,False
45235,ViLT,remove_punctuation,1,couple donates wedding money to charity,couple donates wedding money to charity,0,0,False
45235,BLIP Caption + BERT,remove_punctuation,1,couple donates wedding money to charity,couple donates wedding money to charity,0,0,False
45235,BERT,remove_one_word,1,couple donates wedding money to charity,couple donates wedding to charity,1,1,False
45235,CLIP + MLP,remove_one_word,1,couple donates wedding money to charity,couple donates wedding to charity,0,0,False
45235,ViLT,remove_one_word,1,couple donates wedding money to charity,couple donates wedding to charity,0,0,False
45235,BLIP Caption + BERT,remove_one_word,1,couple donates wedding money to charity,couple donates wedding to charity,0,0,False
45235,BERT,add_noise,1,couple donates wedding money to charity,couple donates wedding money to charity breaking news,1,1,False
45235,CLIP + MLP,add_noise,1,couple donates wedding money to charity,couple donates wedding money to charity breaking news,0,0,False
45235,ViLT,add_noise,1,couple donates wedding money to charity,couple donates wedding money to charity breaking news,0,0,False
45235,BLIP Caption + BERT,add_noise,1,couple donates wedding money to charity,couple donates wedding money to charity breaking news,0,0,False
77284,BERT,remove_punctuation,0,hes having a bad time,hes having a bad time,0,0,False
77284,CLIP + MLP,remove_punctuation,0,hes having a bad time,hes having a bad time,0,0,False
77284,ViLT,remove_punctuation,0,hes having a bad time,hes having a bad time,0,0,False
77284,BLIP Caption + BERT,remove_punctuation,0,hes having a bad time,hes having a bad time,0,0,False
77284,BERT,remove_one_word,0,hes having a bad time,hes having bad time,0,0,False
77284,CLIP + MLP,remove_one_word,0,hes having a bad time,hes having bad time,0,0,False
77284,ViLT,remove_one_word,0,hes having a bad time,hes having bad time,0,0,False
77284,BLIP Caption + BERT,remove_one_word,0,hes having a bad time,hes having bad time,0,0,False
77284,BERT,add_noise,0,hes having a bad time,hes having a bad time breaking news,0,0,False
77284,CLIP + MLP,add_noise,0,hes having a bad time,hes having a bad time breaking news,0,0,False
77284,ViLT,add_noise,0,hes having a bad time,hes having a bad time breaking news,0,0,False
77284,BLIP Caption + BERT,add_noise,0,hes having a bad time,hes having a bad time breaking news,0,0,False
64880,BERT,remove_punctuation,1,guy at the club,guy at the club,1,1,False
64880,CLIP + MLP,remove_punctuation,1,guy at the club,guy at the club,0,0,False
64880,ViLT,remove_punctuation,1,guy at the club,guy at the club,1,1,False
64880,BLIP Caption + BERT,remove_punctuation,1,guy at the club,guy at the club,0,0,False
64880,BERT,remove_one_word,1,guy at the club,guy at club,1,1,False
64880,CLIP + MLP,remove_one_word,1,guy at the club,guy at club,0,0,False
64880,ViLT,remove_one_word,1,guy at the club,guy at club,1,1,False
64880,BLIP Caption + BERT,remove_one_word,1,guy at the club,guy at club,0,0,False
64880,BERT,add_noise,1,guy at the club,guy at the club breaking news,1,0,True
64880,CLIP + MLP,add_noise,1,guy at the club,guy at the club breaking news,0,0,False
64880,ViLT,add_noise,1,guy at the club,guy at the club breaking news,1,0,True
64880,BLIP Caption + BERT,add_noise,1,guy at the club,guy at the club breaking news,0,0,False
110203,BERT,remove_punctuation,1,vancouver riot kissing couple still together years later,vancouver riot kissing couple still together years later,1,1,False
110203,CLIP + MLP,remove_punctuation,1,vancouver riot kissing couple still together years later,vancouver riot kissing couple still together years later,0,0,False
110203,ViLT,remove_punctuation,1,vancouver riot kissing couple still together years later,vancouver riot kissing couple still together years later,1,1,False
110203,BLIP Caption + BERT,remove_punctuation,1,vancouver riot kissing couple still together years later,vancouver riot kissing couple still together years later,0,0,False
110203,BERT,remove_one_word,1,vancouver riot kissing couple still together years later,vancouver riot kissing couple together years later,1,1,False
110203,CLIP + MLP,remove_one_word,1,vancouver riot kissing couple still together years later,vancouver riot kissing couple together years later,0,0,False
110203,ViLT,remove_one_word,1,vancouver riot kissing couple still together years later,vancouver riot kissing couple together years later,1,1,False
110203,BLIP Caption + BERT,remove_one_word,1,vancouver riot kissing couple still together years later,vancouver riot kissing couple together years later,0,0,False
110203,BERT,add_noise,1,vancouver riot kissing couple still together years later,vancouver riot kissing couple still together years later breaking news,1,1,False
110203,CLIP + MLP,add_noise,1,vancouver riot kissing couple still together years later,vancouver riot kissing couple still together years later breaking news,0,0,False
110203,ViLT,add_noise,1,vancouver riot kissing couple still together years later,vancouver riot kissing couple still together years later breaking news,1,1,False
110203,BLIP Caption + BERT,add_noise,1,vancouver riot kissing couple still together years later,vancouver riot kissing couple still together years later breaking news,0,0,False
75378,BERT,remove_punctuation,0,imgur,imgur,0,0,False
75378,CLIP + MLP,remove_punctuation,0,imgur,imgur,0,0,False
75378,ViLT,remove_punctuation,0,imgur,imgur,0,0,False
75378,BLIP Caption + BERT,remove_punctuation,0,imgur,imgur,0,0,False
75378,BERT,remove_one_word,0,imgur,imgur,0,0,False
75378,CLIP + MLP,remove_one_word,0,imgur,imgur,0,0,False
75378,ViLT,remove_one_word,0,imgur,imgur,0,0,False
75378,BLIP Caption + BERT,remove_one_word,0,imgur,imgur,0,0,False
75378,BERT,add_noise,0,imgur,imgur breaking news,0,0,False
75378,CLIP + MLP,add_noise,0,imgur,imgur breaking news,0,0,False
75378,ViLT,add_noise,0,imgur,imgur breaking news,0,0,False
75378,BLIP Caption + BERT,add_noise,0,imgur,imgur breaking news,0,0,False
4747,BERT,remove_punctuation,1,albino raven,albino raven,1,1,False
4747,CLIP + MLP,remove_punctuation,1,albino raven,albino raven,0,0,False
4747,ViLT,remove_punctuation,1,albino raven,albino raven,0,0,False
4747,BLIP Caption + BERT,remove_punctuation,1,albino raven,albino raven,0,0,False
4747,BERT,remove_one_word,1,albino raven,albino raven,1,1,False
4747,CLIP + MLP,remove_one_word,1,albino raven,albino raven,0,0,False
4747,ViLT,remove_one_word,1,albino raven,albino raven,0,0,False
4747,BLIP Caption + BERT,remove_one_word,1,albino raven,albino raven,0,0,False
4747,BERT,add_noise,1,albino raven,albino raven breaking news,1,0,True
4747,CLIP + MLP,add_noise,1,albino raven,albino raven breaking news,0,0,False
4747,ViLT,add_noise,1,albino raven,albino raven breaking news,0,0,False
4747,BLIP Caption + BERT,add_noise,1,albino raven,albino raven breaking news,0,0,False
96765,BERT,remove_punctuation,0,soviet espionage agent convinces american soldier to reveal the countrys nuclear warhead silo locations during the peak of the cold war circa colorised,soviet espionage agent convinces american soldier to reveal the countrys nuclear warhead silo locations during the peak of the cold war circa colorised,0,0,False
96765,CLIP + MLP,remove_punctuation,0,soviet espionage agent convinces american soldier to reveal the countrys nuclear warhead silo locations during the peak of the cold war circa colorised,soviet espionage agent convinces american soldier to reveal the countrys nuclear warhead silo locations during the peak of the cold war circa colorised,0,0,False
96765,ViLT,remove_punctuation,0,soviet espionage agent convinces american soldier to reveal the countrys nuclear warhead silo locations during the peak of the cold war circa colorised,soviet espionage agent convinces american soldier to reveal the countrys nuclear warhead silo locations during the peak of the cold war circa colorised,0,0,False
96765,BLIP Caption + BERT,remove_punctuation,0,soviet espionage agent convinces american soldier to reveal the countrys nuclear warhead silo locations during the peak of the cold war circa colorised,soviet espionage agent convinces american soldier to reveal the countrys nuclear warhead silo locations during the peak of the cold war circa colorised,0,0,False
96765,BERT,remove_one_word,0,soviet espionage agent convinces american soldier to reveal the countrys nuclear warhead silo locations during the peak of the cold war circa colorised,soviet espionage agent convinces american soldier to reveal the countrys nuclear silo locations during the peak of the cold war circa colorised,0,0,False
96765,CLIP + MLP,remove_one_word,0,soviet espionage agent convinces american soldier to reveal the countrys nuclear warhead silo locations during the peak of the cold war circa colorised,soviet espionage agent convinces american soldier to reveal the countrys nuclear silo locations during the peak of the cold war circa colorised,0,0,False
96765,ViLT,remove_one_word,0,soviet espionage agent convinces american soldier to reveal the countrys nuclear warhead silo locations during the peak of the cold war circa colorised,soviet espionage agent convinces american soldier to reveal the countrys nuclear silo locations during the peak of the cold war circa colorised,0,0,False
96765,BLIP Caption + BERT,remove_one_word,0,soviet espionage agent convinces american soldier to reveal the countrys nuclear warhead silo locations during the peak of the cold war circa colorised,soviet espionage agent convinces american soldier to reveal the countrys nuclear silo locations during the peak of the cold war circa colorised,0,0,False
96765,BERT,add_noise,0,soviet espionage agent convinces american soldier to reveal the countrys nuclear warhead silo locations during the peak of the cold war circa colorised,soviet espionage agent convinces american soldier to reveal the countrys nuclear warhead silo locations during the peak of the cold war circa colorised breaking news,0,0,False
96765,CLIP + MLP,add_noise,0,soviet espionage agent convinces american soldier to reveal the countrys nuclear warhead silo locations during the peak of the cold war circa colorised,soviet espionage agent convinces american soldier to reveal the countrys nuclear warhead silo locations during the peak of the cold war circa colorised breaking news,0,0,False
96765,ViLT,add_noise,0,soviet espionage agent convinces american soldier to reveal the countrys nuclear warhead silo locations during the peak of the cold war circa colorised,soviet espionage agent convinces american soldier to reveal the countrys nuclear warhead silo locations during the peak of the cold war circa colorised breaking news,0,0,False
96765,BLIP Caption + BERT,add_noise,0,soviet espionage agent convinces american soldier to reveal the countrys nuclear warhead silo locations during the peak of the cold war circa colorised,soviet espionage agent convinces american soldier to reveal the countrys nuclear warhead silo locations during the peak of the cold war circa colorised breaking news,0,0,False
95071,BERT,remove_punctuation,1,dog reunited with jacksonville woman after disappearance mile journey home,dog reunited with jacksonville woman after disappearance mile journey home,1,1,False
95071,CLIP + MLP,remove_punctuation,1,dog reunited with jacksonville woman after disappearance mile journey home,dog reunited with jacksonville woman after disappearance mile journey home,1,1,False
95071,ViLT,remove_punctuation,1,dog reunited with jacksonville woman after disappearance mile journey home,dog reunited with jacksonville woman after disappearance mile journey home,1,1,False
95071,BLIP Caption + BERT,remove_punctuation,1,dog reunited with jacksonville woman after disappearance mile journey home,dog reunited with jacksonville woman after disappearance mile journey home,0,0,False
95071,BERT,remove_one_word,1,dog reunited with jacksonville woman after disappearance mile journey home,dog reunited with jacksonville woman disappearance mile journey home,1,1,False
95071,CLIP + MLP,remove_one_word,1,dog reunited with jacksonville woman after disappearance mile journey home,dog reunited with jacksonville woman disappearance mile journey home,1,1,False
95071,ViLT,remove_one_word,1,dog reunited with jacksonville woman after disappearance mile journey home,dog reunited with jacksonville woman disappearance mile journey home,1,1,False
95071,BLIP Caption + BERT,remove_one_word,1,dog reunited with jacksonville woman after disappearance mile journey home,dog reunited with jacksonville woman disappearance mile journey home,0,0,False
95071,BERT,add_noise,1,dog reunited with jacksonville woman after disappearance mile journey home,dog reunited with jacksonville woman after disappearance mile journey home breaking news,1,1,False
95071,CLIP + MLP,add_noise,1,dog reunited with jacksonville woman after disappearance mile journey home,dog reunited with jacksonville woman after disappearance mile journey home breaking news,1,1,False
95071,ViLT,add_noise,1,dog reunited with jacksonville woman after disappearance mile journey home,dog reunited with jacksonville woman after disappearance mile journey home breaking news,1,1,False
95071,BLIP Caption + BERT,add_noise,1,dog reunited with jacksonville woman after disappearance mile journey home,dog reunited with jacksonville woman after disappearance mile journey home breaking news,0,0,False
42569,BERT,remove_punctuation,0,outbreak of the vietnam war,outbreak of the vietnam war,0,0,False
42569,CLIP + MLP,remove_punctuation,0,outbreak of the vietnam war,outbreak of the vietnam war,0,0,False
42569,ViLT,remove_punctuation,0,outbreak of the vietnam war,outbreak of the vietnam war,0,0,False
42569,BLIP Caption + BERT,remove_punctuation,0,outbreak of the vietnam war,outbreak of the vietnam war,0,0,False
42569,BERT,remove_one_word,0,outbreak of the vietnam war,outbreak of vietnam war,0,0,False
42569,CLIP + MLP,remove_one_word,0,outbreak of the vietnam war,outbreak of vietnam war,0,0,False
42569,ViLT,remove_one_word,0,outbreak of the vietnam war,outbreak of vietnam war,0,0,False
42569,BLIP Caption + BERT,remove_one_word,0,outbreak of the vietnam war,outbreak of vietnam war,0,0,False
42569,BERT,add_noise,0,outbreak of the vietnam war,outbreak of the vietnam war breaking news,0,0,False
42569,CLIP + MLP,add_noise,0,outbreak of the vietnam war,outbreak of the vietnam war breaking news,0,0,False
42569,ViLT,add_noise,0,outbreak of the vietnam war,outbreak of the vietnam war breaking news,0,0,False
42569,BLIP Caption + BERT,add_noise,0,outbreak of the vietnam war,outbreak of the vietnam war breaking news,0,0,False
14720,BERT,remove_punctuation,0,me gusta,me gusta,0,0,False
14720,CLIP + MLP,remove_punctuation,0,me gusta,me gusta,0,0,False
14720,ViLT,remove_punctuation,0,me gusta,me gusta,0,0,False
14720,BLIP Caption + BERT,remove_punctuation,0,me gusta,me gusta,0,0,False
14720,BERT,remove_one_word,0,me gusta,me gusta,0,0,False
14720,CLIP + MLP,remove_one_word,0,me gusta,me gusta,0,0,False
14720,ViLT,remove_one_word,0,me gusta,me gusta,0,0,False
14720,BLIP Caption + BERT,remove_one_word,0,me gusta,me gusta,0,0,False
14720,BERT,add_noise,0,me gusta,me gusta breaking news,0,0,False
14720,CLIP + MLP,add_noise,0,me gusta,me gusta breaking news,0,0,False
14720,ViLT,add_noise,0,me gusta,me gusta breaking news,0,0,False
14720,BLIP Caption + BERT,add_noise,0,me gusta,me gusta breaking news,0,1,True
8449,BERT,remove_punctuation,0,the parents let the children play with local giants sometimes as long as the giants have already eaten and promise to do their best not to eat the children,the parents let the children play with local giants sometimes as long as the giants have already eaten and promise to do their best not to eat the children,0,0,False
8449,CLIP + MLP,remove_punctuation,0,the parents let the children play with local giants sometimes as long as the giants have already eaten and promise to do their best not to eat the children,the parents let the children play with local giants sometimes as long as the giants have already eaten and promise to do their best not to eat the children,0,0,False
8449,ViLT,remove_punctuation,0,the parents let the children play with local giants sometimes as long as the giants have already eaten and promise to do their best not to eat the children,the parents let the children play with local giants sometimes as long as the giants have already eaten and promise to do their best not to eat the children,0,0,False
8449,BLIP Caption + BERT,remove_punctuation,0,the parents let the children play with local giants sometimes as long as the giants have already eaten and promise to do their best not to eat the children,the parents let the children play with local giants sometimes as long as the giants have already eaten and promise to do their best not to eat the children,0,0,False
8449,BERT,remove_one_word,0,the parents let the children play with local giants sometimes as long as the giants have already eaten and promise to do their best not to eat the children,the parents let the children play with local giants sometimes as long as the have already eaten and promise to do their best not to eat the children,0,0,False
8449,CLIP + MLP,remove_one_word,0,the parents let the children play with local giants sometimes as long as the giants have already eaten and promise to do their best not to eat the children,the parents let the children play with local giants sometimes as long as the have already eaten and promise to do their best not to eat the children,0,0,False
8449,ViLT,remove_one_word,0,the parents let the children play with local giants sometimes as long as the giants have already eaten and promise to do their best not to eat the children,the parents let the children play with local giants sometimes as long as the have already eaten and promise to do their best not to eat the children,0,0,False
8449,BLIP Caption + BERT,remove_one_word,0,the parents let the children play with local giants sometimes as long as the giants have already eaten and promise to do their best not to eat the children,the parents let the children play with local giants sometimes as long as the have already eaten and promise to do their best not to eat the children,0,0,False
8449,BERT,add_noise,0,the parents let the children play with local giants sometimes as long as the giants have already eaten and promise to do their best not to eat the children,the parents let the children play with local giants sometimes as long as the giants have already eaten and promise to do their best not to eat the children breaking news,0,0,False
8449,CLIP + MLP,add_noise,0,the parents let the children play with local giants sometimes as long as the giants have already eaten and promise to do their best not to eat the children,the parents let the children play with local giants sometimes as long as the giants have already eaten and promise to do their best not to eat the children breaking news,0,0,False
8449,ViLT,add_noise,0,the parents let the children play with local giants sometimes as long as the giants have already eaten and promise to do their best not to eat the children,the parents let the children play with local giants sometimes as long as the giants have already eaten and promise to do their best not to eat the children breaking news,0,0,False
8449,BLIP Caption + BERT,add_noise,0,the parents let the children play with local giants sometimes as long as the giants have already eaten and promise to do their best not to eat the children,the parents let the children play with local giants sometimes as long as the giants have already eaten and promise to do their best not to eat the children breaking news,0,0,False
91661,BERT,remove_punctuation,0,enjoying the offseason,enjoying the offseason,0,0,False
91661,CLIP + MLP,remove_punctuation,0,enjoying the offseason,enjoying the offseason,0,0,False
91661,ViLT,remove_punctuation,0,enjoying the offseason,enjoying the offseason,0,0,False
91661,BLIP Caption + BERT,remove_punctuation,0,enjoying the offseason,enjoying the offseason,0,0,False
91661,BERT,remove_one_word,0,enjoying the offseason,enjoying the offseason,0,0,False
91661,CLIP + MLP,remove_one_word,0,enjoying the offseason,enjoying the offseason,0,0,False
91661,ViLT,remove_one_word,0,enjoying the offseason,enjoying the offseason,0,0,False
91661,BLIP Caption + BERT,remove_one_word,0,enjoying the offseason,enjoying the offseason,0,0,False
91661,BERT,add_noise,0,enjoying the offseason,enjoying the offseason breaking news,0,0,False
91661,CLIP + MLP,add_noise,0,enjoying the offseason,enjoying the offseason breaking news,0,0,False
91661,ViLT,add_noise,0,enjoying the offseason,enjoying the offseason breaking news,0,0,False
91661,BLIP Caption + BERT,add_noise,0,enjoying the offseason,enjoying the offseason breaking news,0,0,False
80584,BERT,remove_punctuation,1,leak unredacted denver police crowd control manual bonus scratch off foia redactions,leak unredacted denver police crowd control manual bonus scratch off foia redactions,1,1,False
80584,CLIP + MLP,remove_punctuation,1,leak unredacted denver police crowd control manual bonus scratch off foia redactions,leak unredacted denver police crowd control manual bonus scratch off foia redactions,0,0,False
80584,ViLT,remove_punctuation,1,leak unredacted denver police crowd control manual bonus scratch off foia redactions,leak unredacted denver police crowd control manual bonus scratch off foia redactions,0,0,False
80584,BLIP Caption + BERT,remove_punctuation,1,leak unredacted denver police crowd control manual bonus scratch off foia redactions,leak unredacted denver police crowd control manual bonus scratch off foia redactions,0,0,False
80584,BERT,remove_one_word,1,leak unredacted denver police crowd control manual bonus scratch off foia redactions,leak unredacted denver police crowd control bonus scratch off foia redactions,1,1,False
80584,CLIP + MLP,remove_one_word,1,leak unredacted denver police crowd control manual bonus scratch off foia redactions,leak unredacted denver police crowd control bonus scratch off foia redactions,0,0,False
80584,ViLT,remove_one_word,1,leak unredacted denver police crowd control manual bonus scratch off foia redactions,leak unredacted denver police crowd control bonus scratch off foia redactions,0,0,False
80584,BLIP Caption + BERT,remove_one_word,1,leak unredacted denver police crowd control manual bonus scratch off foia redactions,leak unredacted denver police crowd control bonus scratch off foia redactions,0,0,False
80584,BERT,add_noise,1,leak unredacted denver police crowd control manual bonus scratch off foia redactions,leak unredacted denver police crowd control manual bonus scratch off foia redactions breaking news,1,1,False
80584,CLIP + MLP,add_noise,1,leak unredacted denver police crowd control manual bonus scratch off foia redactions,leak unredacted denver police crowd control manual bonus scratch off foia redactions breaking news,0,0,False
80584,ViLT,add_noise,1,leak unredacted denver police crowd control manual bonus scratch off foia redactions,leak unredacted denver police crowd control manual bonus scratch off foia redactions breaking news,0,0,False
80584,BLIP Caption + BERT,add_noise,1,leak unredacted denver police crowd control manual bonus scratch off foia redactions,leak unredacted denver police crowd control manual bonus scratch off foia redactions breaking news,0,0,False
46962,BERT,remove_punctuation,1,chile has so much solar energy its giving it away for free,chile has so much solar energy its giving it away for free,1,1,False
46962,CLIP + MLP,remove_punctuation,1,chile has so much solar energy its giving it away for free,chile has so much solar energy its giving it away for free,0,0,False
46962,ViLT,remove_punctuation,1,chile has so much solar energy its giving it away for free,chile has so much solar energy its giving it away for free,0,0,False
46962,BLIP Caption + BERT,remove_punctuation,1,chile has so much solar energy its giving it away for free,chile has so much solar energy its giving it away for free,1,1,False
46962,BERT,remove_one_word,1,chile has so much solar energy its giving it away for free,chile has so much solar energy giving it away for free,1,1,False
46962,CLIP + MLP,remove_one_word,1,chile has so much solar energy its giving it away for free,chile has so much solar energy giving it away for free,0,0,False
46962,ViLT,remove_one_word,1,chile has so much solar energy its giving it away for free,chile has so much solar energy giving it away for free,0,0,False
46962,BLIP Caption + BERT,remove_one_word,1,chile has so much solar energy its giving it away for free,chile has so much solar energy giving it away for free,1,1,False
46962,BERT,add_noise,1,chile has so much solar energy its giving it away for free,chile has so much solar energy its giving it away for free breaking news,1,1,False
46962,CLIP + MLP,add_noise,1,chile has so much solar energy its giving it away for free,chile has so much solar energy its giving it away for free breaking news,0,0,False
46962,ViLT,add_noise,1,chile has so much solar energy its giving it away for free,chile has so much solar energy its giving it away for free breaking news,0,0,False
46962,BLIP Caption + BERT,add_noise,1,chile has so much solar energy its giving it away for free,chile has so much solar energy its giving it away for free breaking news,1,0,True
13858,BERT,remove_punctuation,0,kanye west yandhi in the style of igor,kanye west yandhi in the style of igor,0,0,False
13858,CLIP + MLP,remove_punctuation,0,kanye west yandhi in the style of igor,kanye west yandhi in the style of igor,0,0,False
13858,ViLT,remove_punctuation,0,kanye west yandhi in the style of igor,kanye west yandhi in the style of igor,0,0,False
13858,BLIP Caption + BERT,remove_punctuation,0,kanye west yandhi in the style of igor,kanye west yandhi in the style of igor,0,0,False
13858,BERT,remove_one_word,0,kanye west yandhi in the style of igor,kanye west yandhi in style of igor,0,0,False
13858,CLIP + MLP,remove_one_word,0,kanye west yandhi in the style of igor,kanye west yandhi in style of igor,0,0,False
13858,ViLT,remove_one_word,0,kanye west yandhi in the style of igor,kanye west yandhi in style of igor,0,0,False
13858,BLIP Caption + BERT,remove_one_word,0,kanye west yandhi in the style of igor,kanye west yandhi in style of igor,0,0,False
13858,BERT,add_noise,0,kanye west yandhi in the style of igor,kanye west yandhi in the style of igor breaking news,0,0,False
13858,CLIP + MLP,add_noise,0,kanye west yandhi in the style of igor,kanye west yandhi in the style of igor breaking news,0,0,False
13858,ViLT,add_noise,0,kanye west yandhi in the style of igor,kanye west yandhi in the style of igor breaking news,0,0,False
13858,BLIP Caption + BERT,add_noise,0,kanye west yandhi in the style of igor,kanye west yandhi in the style of igor breaking news,0,0,False
