row_id,text,image,true_label,bert_prediction,bert_confidence,clip_prediction,clip_confidence,vilt_prediction,vilt_confidence,blip_prediction,blip_confidence,caption
0,Photograph shows a family that was taken away by local epidemic prevention personnel after they had returned home from Hubei Province in February 2020 while they were asked to self-quarantine in their homes for 14 days.,/Users/_mathanga_thalayan_/fake–news–detection–project/data/external/dataexternalverite-repository/VERITE/images/true_0.jpg,0,1,0.9926869869232178,0,0.6519683599472046,0,0.9572020769119263,0,0.5019071102142334,a purple background with a white border
1,Photograph shows Chinese officials in white protective hazmat suits carrying people down a hallway to be quarantined for having COVID-19 in November 2022.,/Users/_mathanga_thalayan_/fake–news–detection–project/data/external/dataexternalverite-repository/VERITE/images/true_0.jpg,1,0,0.9003894329071045,0,0.6817529797554016,0,0.9723415970802307,0,0.5123519897460938,a purple background with a white border
2,Photograph shows a family that was taken away by local epidemic prevention personnel after they had returned home from Hubei Province in February 2020 while they were asked to self-quarantine in their homes for 14 days.,/Users/_mathanga_thalayan_/fake–news–detection–project/data/external/dataexternalverite-repository/VERITE/images/false_0.jpg,1,1,0.9926869869232178,0,0.6464048624038696,0,0.9760296940803528,1,0.5021874904632568,a pink background with a white border
3,Image shows electric scooters abandoned due to Mobike's downsizing its fleets to avoid an oversupply as the bike-sharing market falters.,/Users/_mathanga_thalayan_/fake–news–detection–project/data/external/dataexternalverite-repository/VERITE/images/true_1.jpg,0,1,0.6099548935890198,0,0.6636605858802795,0,0.9719441533088684,0,0.5063784718513489,a purple background with a white border
4,"Image shows electric green scooters that have reached the end of their battery life. Due to the batteries being so expensive to replace, electric scooters are abandoned because disposing of them any other way is dangerous and expensive.",/Users/_mathanga_thalayan_/fake–news–detection–project/data/external/dataexternalverite-repository/VERITE/images/true_1.jpg,1,1,0.9127187132835388,0,0.5911674499511719,0,0.9624636769294739,0,0.5219504237174988,a purple background with a white border
5,Image shows electric scooters abandoned due to Mobike's downsizing its fleets to avoid an oversupply as the bike-sharing market falters.,/Users/_mathanga_thalayan_/fake–news–detection–project/data/external/dataexternalverite-repository/VERITE/images/false_1.jpg,1,1,0.6099548935890198,0,0.6546672582626343,0,0.9374608993530273,0,0.5073336362838745,a green background with a white border
6,Image shows unnamed runway model showcasing designs from Chinese designer and performance artist Sheguang Hu's collection during the Mercedes-Benz China Fashion Week.,/Users/_mathanga_thalayan_/fake–news–detection–project/data/external/dataexternalverite-repository/VERITE/images/true_2.jpg,0,1,0.8203969597816467,0,0.6759850382804871,0,0.9792720675468445,1,0.5104657411575317,a pink background with a white border
7,Image shows Balenciaga stylist Lotta Volkova holding two baby dolls drenched in blood-colored red paint.,/Users/_mathanga_thalayan_/fake–news–detection–project/data/external/dataexternalverite-repository/VERITE/images/true_2.jpg,1,1,0.9061198830604553,0,0.6812925338745117,0,0.9897356033325195,0,0.5161166191101074,a pink background with a white border
8,Image shows unnamed runway model showcasing designs from Chinese designer and performance artist Sheguang Hu's collection during the Mercedes-Benz China Fashion Week.,/Users/_mathanga_thalayan_/fake–news–detection–project/data/external/dataexternalverite-repository/VERITE/images/false_2.jpg,1,1,0.8203969597816467,0,0.6660327315330505,0,0.9780699610710144,1,0.5086615681648254,a blue background with a white border
9,A sketchfab 3D rendering of the actor Andre the Giant.,/Users/_mathanga_thalayan_/fake–news–detection–project/data/external/dataexternalverite-repository/VERITE/images/true_3.jpg,0,0,0.9872718453407288,0,0.6773436665534973,0,0.9800815582275391,1,0.5089899897575378,a purple background with a white border
10,"3D model accurately depicting what Joseph, husband of Mary, the mother of Jesus Christ, looked like.",/Users/_mathanga_thalayan_/fake–news–detection–project/data/external/dataexternalverite-repository/VERITE/images/true_3.jpg,1,0,0.9444445967674255,0,0.6770787835121155,0,0.810422420501709,0,0.5109288096427917,a purple background with a white border
11,A sketchfab 3D rendering of the actor Andre the Giant.,/Users/_mathanga_thalayan_/fake–news–detection–project/data/external/dataexternalverite-repository/VERITE/images/false_3.jpg,1,0,0.9872718453407288,0,0.6734588742256165,0,0.9868061542510986,1,0.5115847587585449,a green background with a white border
12,Image shows abandoned white cars in China that belong to an electric car-sharing company that was named Microcity which went bankrupt in 2019.,/Users/_mathanga_thalayan_/fake–news–detection–project/data/external/dataexternalverite-repository/VERITE/images/true_4.jpg,0,1,0.9697609543800354,1,0.5838205218315125,0,0.9472375512123108,0,0.5013629794120789,a red background with a white border
13,Image shows hundreds of white electric cars that were abandoned in France because the cost of replacing the batteries was too high.,/Users/_mathanga_thalayan_/fake–news–detection–project/data/external/dataexternalverite-repository/VERITE/images/true_4.jpg,1,1,0.9346992373466492,1,0.5146171450614929,0,0.9648043513298035,1,0.5049818158149719,a red background with a white border
14,Image shows abandoned white cars in China that belong to an electric car-sharing company that was named Microcity which went bankrupt in 2019.,/Users/_mathanga_thalayan_/fake–news–detection–project/data/external/dataexternalverite-repository/VERITE/images/false_4.jpg,1,1,0.9697609543800354,1,0.5867721438407898,0,0.990872323513031,1,0.5001663565635681,a pink background with a white border
15,"Image shows athletes resting in hammocks while participating in an extreme sport called highlining, which entails walking on a thin band of rope suspended at great height.",/Users/_mathanga_thalayan_/fake–news–detection–project/data/external/dataexternalverite-repository/VERITE/images/true_5.jpg,0,1,0.8365212082862854,0,0.6762679815292358,0,0.9031052589416504,0,0.5047215223312378,a pink background with a white border
16,Image shows campers sleeping in hammocks suspended high above ground in an activity known as sky camping.,/Users/_mathanga_thalayan_/fake–news–detection–project/data/external/dataexternalverite-repository/VERITE/images/true_5.jpg,1,1,0.9301006197929382,0,0.6763904094696045,0,0.9473784565925598,1,0.5007921457290649,a pink background with a white border
17,"Image shows athletes resting in hammocks while participating in an extreme sport called highlining, which entails walking on a thin band of rope suspended at great height.",/Users/_mathanga_thalayan_/fake–news–detection–project/data/external/dataexternalverite-repository/VERITE/images/false_5.jpg,1,1,0.8365212082862854,0,0.6743123531341553,0,0.8394385576248169,0,0.5203096866607666,a green screen with a white background
18,Image shows grounds covered with garbage after the end of Glastonbury Music Festival in 2015.,/Users/_mathanga_thalayan_/fake–news–detection–project/data/external/dataexternalverite-repository/VERITE/images/true_6.jpg,0,0,0.9914610385894775,0,0.671356201171875,0,0.9414187669754028,0,0.5035440921783447,a yellow background with a white border
19,Image shows grounds covered with garbage after Greta Thunberg's environmentalist speech at the Glastonbury Music Festival in June 2022.,/Users/_mathanga_thalayan_/fake–news–detection–project/data/external/dataexternalverite-repository/VERITE/images/true_6.jpg,1,0,0.9980687499046326,0,0.6789792776107788,0,0.9000886082649231,0,0.504774808883667,a yellow background with a white border
20,Image shows grounds covered with garbage after the end of Glastonbury Music Festival in 2015.,/Users/_mathanga_thalayan_/fake–news–detection–project/data/external/dataexternalverite-repository/VERITE/images/false_6.jpg,1,0,0.9914610385894775,0,0.6593897938728333,0,0.8138930797576904,0,0.5100281834602356,a green screen with a white background
21,"A photograph captured by NASA’s Mars Curiosity Rover on May 7, 2022, showed a rock crevice on the red planet.",/Users/_mathanga_thalayan_/fake–news–detection–project/data/external/dataexternalverite-repository/VERITE/images/true_7.jpg,0,1,0.739395797252655,1,0.564590573310852,1,0.9221991896629333,0,0.5223225355148315,a red background with a white border
22,"A photograph captured by NASA’s Mars Curiosity Rover on May 7, 2022, showed an artificial portal nearby.",/Users/_mathanga_thalayan_/fake–news–detection–project/data/external/dataexternalverite-repository/VERITE/images/true_7.jpg,1,1,0.6496485471725464,1,0.5811833739280701,1,0.8685183525085449,0,0.5040851831436157,a red background with a white border
23,"A photograph captured by NASA’s Mars Curiosity Rover on May 7, 2022, showed a rock crevice on the red planet.",/Users/_mathanga_thalayan_/fake–news–detection–project/data/external/dataexternalverite-repository/VERITE/images/false_7.jpg,1,1,0.739395797252655,1,0.5451030731201172,1,0.79276043176651,1,0.5036149024963379,a green color with a white border
24,"A photograph shows a sign that reads 'whites only within city limits after dark', taken from 2018 movie Green Book.",/Users/_mathanga_thalayan_/fake–news–detection–project/data/external/dataexternalverite-repository/VERITE/images/true_8.jpg,0,0,0.5795826315879822,1,0.5727202892303467,0,0.644058883190155,0,0.5130477547645569,a purple background with a white border
25,"A photograph shows a sign that reads 'whites only within city limits after dark', taken in a Sundown town in 2022.",/Users/_mathanga_thalayan_/fake–news–detection–project/data/external/dataexternalverite-repository/VERITE/images/true_8.jpg,1,1,0.658409595489502,1,0.5011043548583984,1,0.8256800770759583,0,0.5487447381019592,a purple background with a white border
26,"A photograph shows a sign that reads 'whites only within city limits after dark', taken from 2018 movie Green Book.",/Users/_mathanga_thalayan_/fake–news–detection–project/data/external/dataexternalverite-repository/VERITE/images/false_8.jpg,1,0,0.5795826315879822,1,0.5596036314964294,1,0.6363657712936401,0,0.5028820037841797,a green color with a white border
27,"Image of a bus powered by compressed natural gas, bursting into flames in Italy.",/Users/_mathanga_thalayan_/fake–news–detection–project/data/external/dataexternalverite-repository/VERITE/images/true_9.jpg,0,0,0.5277774930000305,1,0.5742478370666504,1,0.5322954058647156,0,0.5046917796134949,a green screen with a white background
28,Image of an electric powered BasiGo bus bursting into flames on Karen Road in Kenya.,/Users/_mathanga_thalayan_/fake–news–detection–project/data/external/dataexternalverite-repository/VERITE/images/true_9.jpg,1,1,0.8894426822662354,1,0.5281624794006348,0,0.8601393699645996,0,0.5239675045013428,a green screen with a white background
29,"Image of a bus powered by compressed natural gas, bursting into flames in Italy.",/Users/_mathanga_thalayan_/fake–news–detection–project/data/external/dataexternalverite-repository/VERITE/images/false_9.jpg,1,0,0.5277774930000305,1,0.5723356604576111,0,0.9892370104789734,1,0.5119904279708862,a blue background with a white border
30,A Norwegian naval ship is being struck by a missile that was fired by the Norwegian Navy in 2013,/Users/_mathanga_thalayan_/fake–news–detection–project/data/external/dataexternalverite-repository/VERITE/images/true_10.jpg,0,1,0.9359831809997559,1,0.5382450819015503,0,0.983546257019043,0,0.5303224325180054,a yellow background with a white border
31,Image shows an explosion on a Russian warship as it is struck with a Ukrainian missile in April 2022.,/Users/_mathanga_thalayan_/fake–news–detection–project/data/external/dataexternalverite-repository/VERITE/images/true_10.jpg,1,0,0.9936586022377014,0,0.6760920882225037,0,0.9839085936546326,1,0.5009760856628418,a yellow background with a white border
32,A Norwegian naval ship is being struck by a missile that was fired by the Norwegian Navy in 2013,/Users/_mathanga_thalayan_/fake–news–detection–project/data/external/dataexternalverite-repository/VERITE/images/false_10.jpg,1,1,0.9359831809997559,1,0.5466304421424866,0,0.9908238649368286,0,0.5227057933807373,a purple background with a white border
33,Image shows an art installation of a giant snake by the Chinese artist Huang Yong Ping is exhibited on a beach in France.,/Users/_mathanga_thalayan_/fake–news–detection–project/data/external/dataexternalverite-repository/VERITE/images/true_11.jpg,0,1,0.5394631624221802,0,0.6724289059638977,0,0.9888008832931519,1,0.505048394203186,a blue background with a white border
34,"Image shows a giant snake skeleton, that of the extinct Titanoboa, was discovered in France on Google Maps.",/Users/_mathanga_thalayan_/fake–news–detection–project/data/external/dataexternalverite-repository/VERITE/images/true_11.jpg,1,0,0.7284336090087891,0,0.6571075916290283,0,0.9418260455131531,1,0.510047972202301,a blue background with a white border
35,Image shows an art installation of a giant snake by the Chinese artist Huang Yong Ping is exhibited on a beach in France.,/Users/_mathanga_thalayan_/fake–news–detection–project/data/external/dataexternalverite-repository/VERITE/images/false_11.jpg,1,1,0.5394631624221802,0,0.6704509854316711,0,0.9897823333740234,1,0.505048394203186,a blue background with a white border
36,Image shows historical plane being towed behind a tractor while celebrating the 20th anniversary of the formation of the Croatian Armed Forces in 2011.,/Users/_mathanga_thalayan_/fake–news–detection–project/data/external/dataexternalverite-repository/VERITE/images/true_12.jpg,0,0,0.8448646664619446,0,0.6346034407615662,0,0.9644764065742493,0,0.5123289227485657,a green background with a white border
37,"Image shows Russian plane being towed behind a tractor in Ukraine, February 2022.",/Users/_mathanga_thalayan_/fake–news–detection–project/data/external/dataexternalverite-repository/VERITE/images/true_12.jpg,1,1,0.565707266330719,0,0.6390835642814636,0,0.9790119528770447,1,0.5019626617431641,a green background with a white border
38,Image shows historical plane being towed behind a tractor while celebrating the 20th anniversary of the formation of the Croatian Armed Forces in 2011.,/Users/_mathanga_thalayan_/fake–news–detection–project/data/external/dataexternalverite-repository/VERITE/images/false_12.jpg,1,0,0.8448646664619446,0,0.6283659338951111,0,0.9743768572807312,0,0.5081228017807007,a pink background with a white border
39,A image taken from the movie 'The Search' shows Russian soldiers before they start killing Chechnyans at the start of the Second Chechnyan War.,/Users/_mathanga_thalayan_/fake–news–detection–project/data/external/dataexternalverite-repository/VERITE/images/true_13.jpg,0,0,0.9989302754402161,0,0.6638512015342712,0,0.9678795337677002,0,0.5281115770339966,a pink background with a white border
40,Image from a video shows Ukrainian soldiers killing civilians in Chechnya.,/Users/_mathanga_thalayan_/fake–news–detection–project/data/external/dataexternalverite-repository/VERITE/images/true_13.jpg,1,1,0.5093397498130798,0,0.6712620854377747,0,0.9919375777244568,1,0.5159717798233032,a pink background with a white border
41,A image taken from the movie 'The Search' shows Russian soldiers before they start killing Chechnyans at the start of the Second Chechnyan War.,/Users/_mathanga_thalayan_/fake–news–detection–project/data/external/dataexternalverite-repository/VERITE/images/false_13.jpg,1,0,0.9989302754402161,0,0.6678547263145447,0,0.9468521475791931,0,0.5338086485862732,a green background with a white border
42,"Image shows a 'Die in' climate protest in Austria, where protesters got inside of body bags to signify the catastrophic impact that current climate policy could have on the world.",/Users/_mathanga_thalayan_/fake–news–detection–project/data/external/dataexternalverite-repository/VERITE/images/true_14.jpg,0,1,0.8287397623062134,0,0.612180769443512,1,0.837827742099762,1,0.5244875550270081,a green screen with a white background
43,News report on the death toll from Russia's invasion of Ukraine showed a dead person in a body bag moving.,/Users/_mathanga_thalayan_/fake–news–detection–project/data/external/dataexternalverite-repository/VERITE/images/true_14.jpg,1,0,0.6481537818908691,1,0.5951812863349915,1,0.5418394804000854,0,0.5038907527923584,a green screen with a white background
44,"Image shows a 'Die in' climate protest in Austria, where protesters got inside of body bags to signify the catastrophic impact that current climate policy could have on the world.",/Users/_mathanga_thalayan_/fake–news–detection–project/data/external/dataexternalverite-repository/VERITE/images/false_14.jpg,1,1,0.8287397623062134,0,0.6185443997383118,0,0.9163475036621094,1,0.5302755236625671,a pink background with a white border
45,Image of a 12 year old Palestinian activist girl confronting an Israeli soldier in November 2012.,/Users/_mathanga_thalayan_/fake–news–detection–project/data/external/dataexternalverite-repository/VERITE/images/true_15.jpg,0,0,0.7754554748535156,0,0.6638802886009216,0,0.9641935229301453,1,0.5207076668739319,a yellow background with a white border
46,"Image of an 8 year old Ukrainian girl confronting a Russian soldier and telling him to go back to his country, taken during Russia's invasion of Ukraine in March 2022.",/Users/_mathanga_thalayan_/fake–news–detection–project/data/external/dataexternalverite-repository/VERITE/images/true_15.jpg,1,0,0.9981138706207275,0,0.5687726736068726,0,0.8881635665893555,0,0.5153207182884216,a yellow background with a white border
47,Image of a 12 year old Palestinian activist girl confronting an Israeli soldier in November 2012.,/Users/_mathanga_thalayan_/fake–news–detection–project/data/external/dataexternalverite-repository/VERITE/images/false_15.jpg,1,0,0.7754554748535156,0,0.6718224883079529,0,0.9871088266372681,1,0.5237345695495605,a pink background with a white border
48,Picture of China launching a space rocket in December 2019.,/Users/_mathanga_thalayan_/fake–news–detection–project/data/external/dataexternalverite-repository/VERITE/images/true_16.jpg,0,0,0.6869143843650818,0,0.6492077708244324,0,0.9905791878700256,1,0.5173413753509521,a blue background with a white border
49,Picture of China launching an artificial sun in January 2022.,/Users/_mathanga_thalayan_/fake–news–detection–project/data/external/dataexternalverite-repository/VERITE/images/true_16.jpg,1,0,0.8266232013702393,0,0.6706762909889221,0,0.7864412665367126,1,0.5167108178138733,a blue background with a white border
50,Picture of China launching a space rocket in December 2019.,/Users/_mathanga_thalayan_/fake–news–detection–project/data/external/dataexternalverite-repository/VERITE/images/false_16.jpg,1,0,0.6869143843650818,0,0.6393147706985474,0,0.9892567992210388,1,0.5228028297424316,a pink background with a white border
51,Photograph shows a person hanging from a helicopter with a harness while waving to the people on the ground.,/Users/_mathanga_thalayan_/fake–news–detection–project/data/external/dataexternalverite-repository/VERITE/images/true_17.jpg,0,1,0.9095908403396606,0,0.6747338771820068,0,0.8955790996551514,0,0.5121512413024902,a brown background with a white border
52,Photograph shows an American interpreter being hanged from a Black Hawk helicopter that is flown by the Taliban.,/Users/_mathanga_thalayan_/fake–news–detection–project/data/external/dataexternalverite-repository/VERITE/images/true_17.jpg,1,0,0.9225553870201111,0,0.676518976688385,0,0.9640908241271973,0,0.5061863660812378,a brown background with a white border
53,Photograph shows a person hanging from a helicopter with a harness while waving to the people on the ground.,/Users/_mathanga_thalayan_/fake–news–detection–project/data/external/dataexternalverite-repository/VERITE/images/false_17.jpg,1,1,0.9095908403396606,0,0.6755068898200989,0,0.8527179956436157,0,0.5296856760978699,a green screen with a white background
54,Image shows U.S. Senator Rand Paul receiving a booster vaccination for Hepatitis A in 2015.,/Users/_mathanga_thalayan_/fake–news–detection–project/data/external/dataexternalverite-repository/VERITE/images/true_18.jpg,0,0,0.6704294681549072,0,0.6797589063644409,0,0.9615517258644104,1,0.5098499655723572,a yellow paint color with a white background
55,Image shows U.S. Senator Rand Paul receiving a COVID-19 vaccination in 2021.,/Users/_mathanga_thalayan_/fake–news–detection–project/data/external/dataexternalverite-repository/VERITE/images/true_18.jpg,1,0,0.9181104302406311,0,0.6834447979927063,0,0.9877570867538452,1,0.5080088973045349,a yellow paint color with a white background
56,Image shows U.S. Senator Rand Paul receiving a booster vaccination for Hepatitis A in 2015.,/Users/_mathanga_thalayan_/fake–news–detection–project/data/external/dataexternalverite-repository/VERITE/images/false_18.jpg,1,0,0.6704294681549072,0,0.6677689552307129,0,0.9588491916656494,1,0.5062073469161987,a green screen with a white background
57,"Image shows Autolib storing some of their cars, that are in 'not-so-good condition', in a lot in an industrial area near Romorantin in Loir-et-Cher, France.",/Users/_mathanga_thalayan_/fake–news–detection–project/data/external/dataexternalverite-repository/VERITE/images/true_19.jpg,0,1,0.868788480758667,0,0.6661379933357239,0,0.8616151809692383,0,0.5324187874794006,a green screen with a white background
58,"Image shows a 'boneyard' of electric vehicles, abandoned because their battery storage cells gave out.",/Users/_mathanga_thalayan_/fake–news–detection–project/data/external/dataexternalverite-repository/VERITE/images/true_19.jpg,1,1,0.8784633278846741,0,0.6492648124694824,1,0.5602295994758606,0,0.5184009075164795,a green screen with a white background
59,"Image shows Autolib storing some of their cars, that are in 'not-so-good condition', in a lot in an industrial area near Romorantin in Loir-et-Cher, France.",/Users/_mathanga_thalayan_/fake–news–detection–project/data/external/dataexternalverite-repository/VERITE/images/false_19.jpg,1,1,0.868788480758667,0,0.6653949618339539,0,0.975409209728241,0,0.5169263482093811,a blue background with a white border
60,Image shows plastic bags of gasoline in the trunk of a car after two men attempted to steal gasoline from a gas station in Mexico in 2019.,/Users/_mathanga_thalayan_/fake–news–detection–project/data/external/dataexternalverite-repository/VERITE/images/true_20.jpg,0,1,0.9639379382133484,0,0.5669201016426086,0,0.9897429347038269,1,0.5135867595672607,a green background with a white border
61,Image shows plastic bags of gasoline in the trunk of a car that were stolen during the gas shortage in the southeast portion of the United States in May 2021.,/Users/_mathanga_thalayan_/fake–news–detection–project/data/external/dataexternalverite-repository/VERITE/images/true_20.jpg,1,1,0.9526782035827637,1,0.5896534323692322,0,0.9866282939910889,0,0.5090872049331665,a green background with a white border
62,Image shows plastic bags of gasoline in the trunk of a car after two men attempted to steal gasoline from a gas station in Mexico in 2019.,/Users/_mathanga_thalayan_/fake–news–detection–project/data/external/dataexternalverite-repository/VERITE/images/false_20.jpg,1,1,0.9639379382133484,0,0.5657180547714233,0,0.9918370842933655,1,0.5136988162994385,a blue background with a white border
63,A photograph from 1898 that features a young girl who bares a striking resemblance to 21st-century environmental activist Greta Thunberg.,/Users/_mathanga_thalayan_/fake–news–detection–project/data/external/dataexternalverite-repository/VERITE/images/true_21.jpg,0,0,0.9014592170715332,0,0.674950122833252,1,0.7321494221687317,1,0.5103093981742859,a purple paint color with a light purple hue
64,A photograph from 1898 shows 21st-century environmental activist Greta Thunberg.,/Users/_mathanga_thalayan_/fake–news–detection–project/data/external/dataexternalverite-repository/VERITE/images/true_21.jpg,1,0,0.9941145777702332,0,0.6834474205970764,1,0.8012929558753967,1,0.5166085958480835,a purple paint color with a light purple hue
65,A photograph from 1898 that features a young girl who bares a striking resemblance to 21st-century environmental activist Greta Thunberg.,/Users/_mathanga_thalayan_/fake–news–detection–project/data/external/dataexternalverite-repository/VERITE/images/false_21.jpg,1,0,0.9014592170715332,0,0.6605955362319946,0,0.9367515444755554,0,0.50481778383255,a green screen with a white background
66,"Photograph of U.S. presidential candidate Joe Biden kneeling to speak with a young boy in Detroit, Michigan, in September 2020.",/Users/_mathanga_thalayan_/fake–news–detection–project/data/external/dataexternalverite-repository/VERITE/images/true_22.jpg,0,0,0.9317395687103271,0,0.6554079055786133,0,0.9838914275169373,1,0.514473021030426,a green background with a white border
67,Photograph of U.S. President Joe Biden kneeling in front of George Floyd’s son to apologize for the death of his father while in police custody.,/Users/_mathanga_thalayan_/fake–news–detection–project/data/external/dataexternalverite-repository/VERITE/images/true_22.jpg,1,0,0.993240475654602,0,0.6698194742202759,0,0.9719656705856323,0,0.5141404867172241,a green background with a white border
68,"Photograph of U.S. presidential candidate Joe Biden kneeling to speak with a young boy in Detroit, Michigan, in September 2020.",/Users/_mathanga_thalayan_/fake–news–detection–project/data/external/dataexternalverite-repository/VERITE/images/false_22.jpg,1,0,0.9317395687103271,0,0.654194712638855,0,0.9898393154144287,1,0.5146706700325012,a purple background with a white border
69,"Photograph of Prince Philip wearing the ceremonial dress, preparing to escort Queen Elizabeth to the ceremony of the Grenadier Guards.",/Users/_mathanga_thalayan_/fake–news–detection–project/data/external/dataexternalverite-repository/VERITE/images/true_23.jpg,0,0,0.9668848514556885,0,0.6746721863746643,0,0.9918666481971741,0,0.5355247259140015,a blue background with a white border
70,Photograph of Queen Elizabeth laughing after Prince Philip pranked her by disguising himself as a palace guard.,/Users/_mathanga_thalayan_/fake–news–detection–project/data/external/dataexternalverite-repository/VERITE/images/true_23.jpg,1,0,0.9776845574378967,0,0.6756725907325745,0,0.9826050996780396,0,0.5091006755828857,a blue background with a white border
71,"Photograph of Prince Philip wearing the ceremonial dress, preparing to escort Queen Elizabeth to the ceremony of the Grenadier Guards.",/Users/_mathanga_thalayan_/fake–news–detection–project/data/external/dataexternalverite-repository/VERITE/images/false_23.jpg,1,0,0.9668848514556885,0,0.6713871359825134,0,0.9902185797691345,0,0.5355247259140015,a blue background with a white border
72,"Photograph of U.S. Senator Lindsey Graham with far-right politician Geert Wilders at the Ambrosetti Forum, an annual international economic conference in Italy September 2019.",/Users/_mathanga_thalayan_/fake–news–detection–project/data/external/dataexternalverite-repository/VERITE/images/true_24.jpg,0,0,0.9958964586257935,0,0.6691802740097046,0,0.9925529360771179,1,0.5297282934188843,a purple color with a white background
73,Photograph of U.S. Senator Lindsey Graham with far-right politician Geert Wilders in March 2021.,/Users/_mathanga_thalayan_/fake–news–detection–project/data/external/dataexternalverite-repository/VERITE/images/true_24.jpg,1,0,0.9947761297225952,0,0.6768741011619568,0,0.9911679029464722,1,0.5223575234413147,a purple color with a white background
74,"Photograph of U.S. Senator Lindsey Graham with far-right politician Geert Wilders at the Ambrosetti Forum, an annual international economic conference in Italy September 2019.",/Users/_mathanga_thalayan_/fake–news–detection–project/data/external/dataexternalverite-repository/VERITE/images/false_24.jpg,1,0,0.9958964586257935,0,0.6654466986656189,0,0.9919543862342834,1,0.5246939063072205,a green background with a white border
75,"Photograph shows a boat being frozen in Geneva, Switzerland, in 2005",/Users/_mathanga_thalayan_/fake–news–detection–project/data/external/dataexternalverite-repository/VERITE/images/true_25.jpg,0,1,0.6022805571556091,0,0.6547815799713135,0,0.9611321091651917,1,0.5141571760177612,a blue background with a white border
76,Photograph shows the 'USS Al Gore' global warming research vessel being frozen in February 2021.,/Users/_mathanga_thalayan_/fake–news–detection–project/data/external/dataexternalverite-repository/VERITE/images/true_25.jpg,1,1,0.6960698366165161,0,0.6689650416374207,0,0.9874243140220642,1,0.5112050771713257,a blue background with a white border
77,"Photograph shows a boat being frozen in Geneva, Switzerland, in 2005",/Users/_mathanga_thalayan_/fake–news–detection–project/data/external/dataexternalverite-repository/VERITE/images/false_25.jpg,1,1,0.6022805571556091,0,0.6647844910621643,0,0.974172830581665,1,0.5109472870826721,a purple background with a white border
78,Image of a sculpture handmade by Susi Brister that is made out of platinum blonde hair extension and is exhibited at the Lawndale Art Center in Houston.,/Users/_mathanga_thalayan_/fake–news–detection–project/data/external/dataexternalverite-repository/VERITE/images/true_26.jpg,0,1,0.9845449924468994,0,0.6476005911827087,0,0.9840412139892578,0,0.503972053527832,a purple background with a white border
79,"Image of a human-sized lion mane mushroom growing in a swamp documented on February 13, 2021",/Users/_mathanga_thalayan_/fake–news–detection–project/data/external/dataexternalverite-repository/VERITE/images/true_26.jpg,1,0,0.8172042369842529,0,0.659386396408081,0,0.9885957837104797,0,0.5130829811096191,a purple background with a white border
80,Image of a sculpture handmade by Susi Brister that is made out of platinum blonde hair extension and is exhibited at the Lawndale Art Center in Houston.,/Users/_mathanga_thalayan_/fake–news–detection–project/data/external/dataexternalverite-repository/VERITE/images/false_26.jpg,1,1,0.9845449924468994,0,0.638647735118866,0,0.9817642569541931,0,0.5027980804443359,a blue background with a white border
81,"Image shows Donald J. Trump participating in a video teleconference call with military members on Christmas Eve in Palm Beach, Florida on December 24, 2017.",/Users/_mathanga_thalayan_/fake–news–detection–project/data/external/dataexternalverite-repository/VERITE/images/true_27.jpg,0,0,0.8487274050712585,0,0.6740319728851318,0,0.9179049134254456,1,0.5065554976463318,a purple background with a white border
82,Image shows former U.S. President Donald Trump participating in a video conference with the American military to plan a coup so he could retake the White House.,/Users/_mathanga_thalayan_/fake–news–detection–project/data/external/dataexternalverite-repository/VERITE/images/true_27.jpg,1,0,0.9994316697120667,0,0.6814697980880737,0,0.9173907041549683,1,0.5106836557388306,a purple background with a white border
83,"Image shows Donald J. Trump participating in a video teleconference call with military members on Christmas Eve in Palm Beach, Florida on December 24, 2017.",/Users/_mathanga_thalayan_/fake–news–detection–project/data/external/dataexternalverite-repository/VERITE/images/false_27.jpg,1,0,0.8487274050712585,0,0.6675162315368652,0,0.9722693562507629,1,0.5042201280593872,a green background with a white border
84,"Α photograph shows οne of the nine parents that were deported by Trump, being reunited with his child in the U.S. in January 2020.",/Users/_mathanga_thalayan_/fake–news–detection–project/data/external/dataexternalverite-repository/VERITE/images/true_28.jpg,0,0,0.9868108630180359,0,0.6725884675979614,0,0.7567524313926697,0,0.513870358467102,a pink background with a white border
85,"Α photograph shows οne of the nine parents that were deported by Trump, being reunited with his child in the U.S. during the Biden administration in February 2021.",/Users/_mathanga_thalayan_/fake–news–detection–project/data/external/dataexternalverite-repository/VERITE/images/true_28.jpg,1,0,0.9923313856124878,0,0.6709313988685608,0,0.8930119872093201,0,0.5116547346115112,a pink background with a white border
86,"Α photograph shows οne of the nine parents that were deported by Trump, being reunited with his child in the U.S. in January 2020.",/Users/_mathanga_thalayan_/fake–news–detection–project/data/external/dataexternalverite-repository/VERITE/images/false_28.jpg,1,0,0.9868108630180359,0,0.671165406703949,0,0.9328781366348267,0,0.5126811265945435,a turquoise green background with a white border
87,Photograph of a spectacled hairless Andean bear named Dolores.,/Users/_mathanga_thalayan_/fake–news–detection–project/data/external/dataexternalverite-repository/VERITE/images/true_29.jpg,0,1,0.5398749709129333,0,0.6769034266471863,0,0.9902250170707703,1,0.5005202293395996,a green background with a white border
88,Photograph of a new animal species that's taking over at Chernobyl.,/Users/_mathanga_thalayan_/fake–news–detection–project/data/external/dataexternalverite-repository/VERITE/images/true_29.jpg,1,0,0.8445520401000977,0,0.6769171953201294,0,0.9815101623535156,0,0.5204959511756897,a green background with a white border
89,Photograph of a spectacled hairless Andean bear named Dolores.,/Users/_mathanga_thalayan_/fake–news–detection–project/data/external/dataexternalverite-repository/VERITE/images/false_29.jpg,1,1,0.5398749709129333,0,0.6681739687919617,0,0.9912323355674744,0,0.5060867071151733,a red color with a white background
90,Image shows former child star Amanda Bynes wearing a willie product support t-shirt.,/Users/_mathanga_thalayan_/fake–news–detection–project/data/external/dataexternalverite-repository/VERITE/images/true_30.jpg,0,1,0.9765376448631287,0,0.6763411164283752,0,0.6399264931678772,0,0.5025060772895813,a green color with a white border
91,Image shows former child star Amanda Bynes working a 9 to 5 job in product support.,/Users/_mathanga_thalayan_/fake–news–detection–project/data/external/dataexternalverite-repository/VERITE/images/true_30.jpg,1,1,0.8362775444984436,0,0.6770058870315552,0,0.9905329942703247,0,0.5049186944961548,a green color with a white border
92,Image shows former child star Amanda Bynes wearing a willie product support t-shirt.,/Users/_mathanga_thalayan_/fake–news–detection–project/data/external/dataexternalverite-repository/VERITE/images/false_30.jpg,1,1,0.9765376448631287,0,0.6827465295791626,0,0.9403666257858276,0,0.5042294859886169,a green background with a white border
93,Photograph shows historical artifacts from the White House being returned to museums and galleries at the end of the president's Trump term.,/Users/_mathanga_thalayan_/fake–news–detection–project/data/external/dataexternalverite-repository/VERITE/images/true_31.jpg,0,0,0.7431069612503052,0,0.6729363203048706,0,0.985153317451477,0,0.5049226880073547,a red color with a white background
94,Photograph shows Trump family looting historical artifacts from the White House.,/Users/_mathanga_thalayan_/fake–news–detection–project/data/external/dataexternalverite-repository/VERITE/images/true_31.jpg,1,1,0.7634021639823914,0,0.6775553226470947,0,0.9595006108283997,0,0.5026683807373047,a red color with a white background
95,Photograph shows historical artifacts from the White House being returned to museums and galleries at the end of the president's Trump term.,/Users/_mathanga_thalayan_/fake–news–detection–project/data/external/dataexternalverite-repository/VERITE/images/false_31.jpg,1,0,0.7431069612503052,0,0.6734273433685303,0,0.9898470044136047,0,0.5076465010643005,a purple background with a white border
96,"Image of a cross being erected by rioters in Michigan Jan. 6, 2020, during a protest against the 2020 election results.",/Users/_mathanga_thalayan_/fake–news–detection–project/data/external/dataexternalverite-repository/VERITE/images/true_32.jpg,0,0,0.9986990690231323,0,0.6273019313812256,0,0.9837148785591125,1,0.5094107389450073,a red color with a white background
97,"Image of a cross being erected by rioters in front of the U.S. Capitol, Washington, D.C., on January 6, 2021.",/Users/_mathanga_thalayan_/fake–news–detection–project/data/external/dataexternalverite-repository/VERITE/images/true_32.jpg,1,0,0.8145891427993774,0,0.6498645544052124,0,0.9906988739967346,0,0.5103344917297363,a red color with a white background
98,"Image of a cross being erected by rioters in Michigan Jan. 6, 2020, during a protest against the 2020 election results.",/Users/_mathanga_thalayan_/fake–news–detection–project/data/external/dataexternalverite-repository/VERITE/images/false_32.jpg,1,0,0.9986990690231323,0,0.630037248134613,0,0.9823629260063171,1,0.5051091313362122,a pink background with a white border
99,Photograph of a triceratops model being unloaded from a truck at the Mojosemi Forest Park in Indonesia.,/Users/_mathanga_thalayan_/fake–news–detection–project/data/external/dataexternalverite-repository/VERITE/images/true_33.jpg,0,1,0.8942204713821411,0,0.6709018349647522,0,0.9917235970497131,0,0.5012313723564148,a pink background with a white border
100,Photograph of a living triceratops being unloaded from a truck in Indonesia in December 2020.,/Users/_mathanga_thalayan_/fake–news–detection–project/data/external/dataexternalverite-repository/VERITE/images/true_33.jpg,1,0,0.5042846202850342,0,0.6765735149383545,0,0.9913866519927979,1,0.5040642619132996,a pink background with a white border
101,Photograph of a triceratops model being unloaded from a truck at the Mojosemi Forest Park in Indonesia.,/Users/_mathanga_thalayan_/fake–news–detection–project/data/external/dataexternalverite-repository/VERITE/images/false_33.jpg,1,1,0.8942204713821411,0,0.6593486666679382,0,0.9912993311882019,0,0.5012313723564148,a pink background with a white border
102,"Image shows demonstrators during the March for Our Lives rally on March 24, 2018 in the District of Columbia.",/Users/_mathanga_thalayan_/fake–news–detection–project/data/external/dataexternalverite-repository/VERITE/images/true_34.jpg,0,0,0.7980258464813232,0,0.641254186630249,0,0.982559859752655,1,0.5153504014015198,a green background with a white border
103,Image shows Make America Great Again (MAGA) demonstrators packing the streets of the District of Columbia.,/Users/_mathanga_thalayan_/fake–news–detection–project/data/external/dataexternalverite-repository/VERITE/images/true_34.jpg,1,0,0.9982670545578003,0,0.6686290502548218,0,0.911028265953064,0,0.5062239170074463,a green background with a white border
104,"Image shows demonstrators during the March for Our Lives rally on March 24, 2018 in the District of Columbia.",/Users/_mathanga_thalayan_/fake–news–detection–project/data/external/dataexternalverite-repository/VERITE/images/false_34.jpg,1,0,0.7980258464813232,0,0.6429171562194824,0,0.9851995706558228,1,0.515006422996521,a purple background with a white border
105,"A photograph of Wernher von Braun walking on a replica model of the moon landing at the Southeastern Fair in Atlanta, Georgia.",/Users/_mathanga_thalayan_/fake–news–detection–project/data/external/dataexternalverite-repository/VERITE/images/true_35.jpg,0,0,0.5776260495185852,0,0.6096940040588379,0,0.9162241816520691,0,0.5144402980804443,a blue background with a white border
106,A banned photograph of a man in a suit walking on the moon reveals the 1969 moon landing was a hoax.,/Users/_mathanga_thalayan_/fake–news–detection–project/data/external/dataexternalverite-repository/VERITE/images/true_35.jpg,1,0,0.9685106873512268,1,0.5800818800926208,0,0.8386003971099854,0,0.5163629651069641,a blue background with a white border
107,"A photograph of Wernher von Braun walking on a replica model of the moon landing at the Southeastern Fair in Atlanta, Georgia.",/Users/_mathanga_thalayan_/fake–news–detection–project/data/external/dataexternalverite-repository/VERITE/images/false_35.jpg,1,0,0.5776260495185852,0,0.6089863777160645,0,0.9187005758285522,0,0.5144402980804443,a blue background with a white border
108,"A selfie of Paris Hilton and Britney Spears, taken in 2006.",/Users/_mathanga_thalayan_/fake–news–detection–project/data/external/dataexternalverite-repository/VERITE/images/true_36.jpg,0,1,0.6016469597816467,0,0.6791276931762695,0,0.9917066097259521,1,0.5006812810897827,a pink background with a white border
109,"This photograph of Paris Hilton and Britney Spears, taken by Hilton in 2006, was the world's first selfie.",/Users/_mathanga_thalayan_/fake–news–detection–project/data/external/dataexternalverite-repository/VERITE/images/true_36.jpg,1,1,0.7994660139083862,1,0.5952711701393127,0,0.9884198904037476,0,0.5196655988693237,a pink background with a white border
110,"A selfie of Paris Hilton and Britney Spears, taken in 2006.",/Users/_mathanga_thalayan_/fake–news–detection–project/data/external/dataexternalverite-repository/VERITE/images/false_36.jpg,1,1,0.6016469597816467,0,0.667874276638031,0,0.9802544713020325,1,0.5008309483528137,a blue background with a white border
111,A merch seller desplaying Nazi and Confederate flags at the Braddock's Inn flea market in Pennsylvania in September 2020.,/Users/_mathanga_thalayan_/fake–news–detection–project/data/external/dataexternalverite-repository/VERITE/images/true_37.jpg,0,1,0.9497774243354797,0,0.5974323153495789,0,0.9277596473693848,0,0.5109935402870178,a yellow background with a white border
112,A merch seller desplaying Nazi and Confederate flags at the 'Million MAGA March' in November 2020.,/Users/_mathanga_thalayan_/fake–news–detection–project/data/external/dataexternalverite-repository/VERITE/images/true_37.jpg,1,0,0.8097077012062073,0,0.6775697469711304,0,0.9845126271247864,0,0.509773850440979,a yellow background with a white border
113,A merch seller desplaying Nazi and Confederate flags at the Braddock's Inn flea market in Pennsylvania in September 2020.,/Users/_mathanga_thalayan_/fake–news–detection–project/data/external/dataexternalverite-repository/VERITE/images/false_37.jpg,1,1,0.9497774243354797,0,0.5845354199409485,0,0.9923115372657776,0,0.5024774074554443,a red square with a white border
114,Image shows three U.S. Democratic senators during the confirmation hearing of Supreme Court nominee Brett Kavanaugh in September 2018.,/Users/_mathanga_thalayan_/fake–news–detection–project/data/external/dataexternalverite-repository/VERITE/images/true_38.jpg,0,0,0.9733640551567078,0,0.6664465665817261,0,0.9918637275695801,1,0.5085709095001221,a purple background with a white border
115,Image shows three U.S. Democratic senators in close proximity to one another while not wearing masks during Supreme Court nominee Amy Coney Barrett's confirmation hearing in October 2020.,/Users/_mathanga_thalayan_/fake–news–detection–project/data/external/dataexternalverite-repository/VERITE/images/true_38.jpg,1,0,0.9386770725250244,0,0.6638418436050415,0,0.9899724721908569,0,0.5024721622467041,a purple background with a white border
116,Image shows three U.S. Democratic senators during the confirmation hearing of Supreme Court nominee Brett Kavanaugh in September 2018.,/Users/_mathanga_thalayan_/fake–news–detection–project/data/external/dataexternalverite-repository/VERITE/images/false_38.jpg,1,0,0.9733640551567078,0,0.6744920015335083,0,0.9910786747932434,1,0.5067985653877258,a red background with a white border
117,Photograph shows empty envelopes being disposed after the election in November 2018.,/Users/_mathanga_thalayan_/fake–news–detection–project/data/external/dataexternalverite-repository/VERITE/images/true_39.jpg,0,0,0.888034462928772,0,0.668547511100769,0,0.9594515562057495,0,0.5028620362281799,a blue background with a white border
118,Photograph shows over a thousand mail-in ballots that were discovered in a California landfill in September 2020.,/Users/_mathanga_thalayan_/fake–news–detection–project/data/external/dataexternalverite-repository/VERITE/images/true_39.jpg,1,0,0.5191680192947388,0,0.6329237222671509,0,0.9684146046638489,1,0.5056999921798706,a blue background with a white border
119,Photograph shows empty envelopes being disposed after the election in November 2018.,/Users/_mathanga_thalayan_/fake–news–detection–project/data/external/dataexternalverite-repository/VERITE/images/false_39.jpg,1,0,0.888034462928772,0,0.6731102466583252,0,0.9841060042381287,0,0.5040658116340637,a purple background with a white border
120,"Image shows portions of a fishnet as well as several fish being stuck up on power lines after traffic accident with a fisherman boat, in Augustu 2020.",/Users/_mathanga_thalayan_/fake–news–detection–project/data/external/dataexternalverite-repository/VERITE/images/true_40.jpg,0,1,0.5284760594367981,0,0.671272337436676,0,0.9640045762062073,1,0.5037552118301392,a green background with a white border
121,"Image shows two sharks being stuck on power lines several feet above the ground during Hurricane Laura, in August 2020.",/Users/_mathanga_thalayan_/fake–news–detection–project/data/external/dataexternalverite-repository/VERITE/images/true_40.jpg,1,0,0.9432564377784729,0,0.6707249283790588,0,0.721694827079773,0,0.5051551461219788,a green background with a white border
122,"Image shows portions of a fishnet as well as several fish being stuck up on power lines after traffic accident with a fisherman boat, in Augustu 2020.",/Users/_mathanga_thalayan_/fake–news–detection–project/data/external/dataexternalverite-repository/VERITE/images/false_40.jpg,1,1,0.5284760594367981,0,0.6689217686653137,0,0.9748358726501465,1,0.5064084529876709,a purple background with a white border
123,A photograph of a 19 year-old Japanese student with an unusual punk-inspired style who has garnered some attention in the Tokyo.,/Users/_mathanga_thalayan_/fake–news–detection–project/data/external/dataexternalverite-repository/VERITE/images/true_41.jpg,0,1,0.9325281977653503,1,0.5788596272468567,0,0.9805060625076294,0,0.5092061758041382,a pink background with a white border
124,A photograph shows the Supreme Army General of Antifa in Portland.,/Users/_mathanga_thalayan_/fake–news–detection–project/data/external/dataexternalverite-repository/VERITE/images/true_41.jpg,1,0,0.8769100308418274,0,0.6849157214164734,0,0.9870128035545349,0,0.506985068321228,a pink background with a white border
125,A photograph of a 19 year-old Japanese student with an unusual punk-inspired style who has garnered some attention in the Tokyo.,/Users/_mathanga_thalayan_/fake–news–detection–project/data/external/dataexternalverite-repository/VERITE/images/false_41.jpg,1,1,0.9325281977653503,1,0.5997620820999146,0,0.9869272112846375,0,0.5034018754959106,a brown color with a white border
126,"Photograph shows a member of Batista's army who was charged as a war criminal, being executed by a Fidel Castro firing squad.",/Users/_mathanga_thalayan_/fake–news–detection–project/data/external/dataexternalverite-repository/VERITE/images/true_42.jpg,0,0,0.9980207681655884,0,0.6747078895568848,0,0.968759298324585,0,0.51479172706604,a purple background with a white border
127,Photograph shows a priest giving the last rites to a Cuban farmer who was being executed because he refused to work for the Castro regime.,/Users/_mathanga_thalayan_/fake–news–detection–project/data/external/dataexternalverite-repository/VERITE/images/true_42.jpg,1,0,0.9977974891662598,0,0.6723831295967102,0,0.9922532439231873,0,0.5071003437042236,a purple background with a white border
128,"Photograph shows a member of Batista's army who was charged as a war criminal, being executed by a Fidel Castro firing squad.",/Users/_mathanga_thalayan_/fake–news–detection–project/data/external/dataexternalverite-repository/VERITE/images/false_42.jpg,1,0,0.9980207681655884,0,0.6733619570732117,0,0.9550928473472595,0,0.5149427652359009,a brown background with a white border
129,Photograph of goodyear Blimp flying over New Jersey in September 2020.,/Users/_mathanga_thalayan_/fake–news–detection–project/data/external/dataexternalverite-repository/VERITE/images/true_43.jpg,0,0,0.8877253532409668,0,0.6654114127159119,0,0.9850760102272034,1,0.5065397620201111,a purple background with a white border
130,Photograph of unidentified flying object (UFO) flying over New Jersey in September 2020.,/Users/_mathanga_thalayan_/fake–news–detection–project/data/external/dataexternalverite-repository/VERITE/images/true_43.jpg,1,0,0.9777297973632812,0,0.6541407704353333,0,0.9118558764457703,0,0.502689003944397,a purple background with a white border
131,Photograph of goodyear Blimp flying over New Jersey in September 2020.,/Users/_mathanga_thalayan_/fake–news–detection–project/data/external/dataexternalverite-repository/VERITE/images/false_43.jpg,1,0,0.8877253532409668,0,0.6681772470474243,0,0.9494072198867798,1,0.5074501633644104,a pink background with a white border
132,"Photograph shows mounds of refuse and other trash in Greenpoint, a neighborhood in northern Brooklyn, New York after a trash fire.",/Users/_mathanga_thalayan_/fake–news–detection–project/data/external/dataexternalverite-repository/VERITE/images/true_44.jpg,0,1,0.7510541677474976,0,0.5393419861793518,1,0.930913507938385,0,0.5025496482849121,a green screen with a white background
133,Photograph shows mounds of refuse and other trash left behind by protesters in Seattle's Capitol Hill Autonomous Zone.,/Users/_mathanga_thalayan_/fake–news–detection–project/data/external/dataexternalverite-repository/VERITE/images/true_44.jpg,1,0,0.6363009214401245,0,0.6650646328926086,1,0.9007354974746704,0,0.5135321617126465,a green screen with a white background
134,"Photograph shows mounds of refuse and other trash in Greenpoint, a neighborhood in northern Brooklyn, New York after a trash fire.",/Users/_mathanga_thalayan_/fake–news–detection–project/data/external/dataexternalverite-repository/VERITE/images/false_44.jpg,1,1,0.7510541677474976,0,0.5430067181587219,0,0.85079026222229,1,0.5093107223510742,a green color with a white border
135,"Image of Jesus by artist Rob Ferrel who uses a variety of media to create his artworks, including salt and other food products.",/Users/_mathanga_thalayan_/fake–news–detection–project/data/external/dataexternalverite-repository/VERITE/images/true_45.jpg,0,1,0.6000577211380005,0,0.685032844543457,0,0.9643468260765076,0,0.5270364880561829,a green color with a white background
136,Image of Jesus on a table miraculously formed after salt was spilled from a fallen shaker.,/Users/_mathanga_thalayan_/fake–news–detection–project/data/external/dataexternalverite-repository/VERITE/images/true_45.jpg,1,1,0.6118670701980591,0,0.6188198924064636,0,0.6850256323814392,0,0.5090305805206299,a green color with a white background
137,"Image of Jesus by artist Rob Ferrel who uses a variety of media to create his artworks, including salt and other food products.",/Users/_mathanga_thalayan_/fake–news–detection–project/data/external/dataexternalverite-repository/VERITE/images/false_45.jpg,1,1,0.6000577211380005,0,0.6775733232498169,0,0.9879637956619263,0,0.524983823299408,a purple background with a white border
138,"Image of President Bill Clinton siting next to Reverend Jesse Jackson during the homegoing service for Jackson's mother, Helen Burns Jackson, at Springfield Baptist Church on Monday, September 14, 2015.",/Users/_mathanga_thalayan_/fake–news–detection–project/data/external/dataexternalverite-repository/VERITE/images/true_46.jpg,0,0,0.6367663741111755,0,0.6660247445106506,0,0.9812868237495422,0,0.5293000936508179,a purple background with a white border
139,"Image of Democrats not wearing a mask at the funeral of U.S. Representative John Lewis in July 2020, during the Covid 19 pandemic.",/Users/_mathanga_thalayan_/fake–news–detection–project/data/external/dataexternalverite-repository/VERITE/images/true_46.jpg,1,0,0.9939939379692078,0,0.6710826754570007,0,0.9823722243309021,1,0.5035063028335571,a purple background with a white border
140,"Image of President Bill Clinton siting next to Reverend Jesse Jackson during the homegoing service for Jackson's mother, Helen Burns Jackson, at Springfield Baptist Church on Monday, September 14, 2015.",/Users/_mathanga_thalayan_/fake–news–detection–project/data/external/dataexternalverite-repository/VERITE/images/false_46.jpg,1,0,0.6367663741111755,0,0.6731715202331543,0,0.985811710357666,0,0.5291711688041687,a green background with a white border
141,"Photograph shows buses of the Toronto Raptors team, who wrapped their buses with the Black Lives Matter name to show of support for the movement.",/Users/_mathanga_thalayan_/fake–news–detection–project/data/external/dataexternalverite-repository/VERITE/images/true_47.jpg,0,0,0.8594710230827332,0,0.6188304424285889,0,0.9514884948730469,0,0.52206951379776,a blue background with a white border
142,Photograph shows buses purchased by Black Lives Matter to transport members to riots.,/Users/_mathanga_thalayan_/fake–news–detection–project/data/external/dataexternalverite-repository/VERITE/images/true_47.jpg,1,0,0.5283875465393066,0,0.666994035243988,0,0.9714928865432739,0,0.5027547478675842,a blue background with a white border
143,"Photograph shows buses of the Toronto Raptors team, who wrapped their buses with the Black Lives Matter name to show of support for the movement.",/Users/_mathanga_thalayan_/fake–news–detection–project/data/external/dataexternalverite-repository/VERITE/images/false_47.jpg,1,0,0.8594710230827332,0,0.6240627765655518,0,0.9569514989852905,0,0.52206951379776,a blue background with a white border
144,"Image of Joe Biden kissing his 19-year-old granddaughter, Finnegan Biden.",/Users/_mathanga_thalayan_/fake–news–detection–project/data/external/dataexternalverite-repository/VERITE/images/true_48.jpg,0,0,0.5724211931228638,0,0.6831297874450684,0,0.8967447876930237,0,0.5043836236000061,a dark green color with a white border
145,Image of Joe Biden kissing a 15-year-old girl on the lips.,/Users/_mathanga_thalayan_/fake–news–detection–project/data/external/dataexternalverite-repository/VERITE/images/true_48.jpg,1,1,0.8264619708061218,0,0.6840385794639587,0,0.9916130304336548,0,0.5054237246513367,a dark green color with a white border
146,"Image of Joe Biden kissing his 19-year-old granddaughter, Finnegan Biden.",/Users/_mathanga_thalayan_/fake–news–detection–project/data/external/dataexternalverite-repository/VERITE/images/false_48.jpg,1,0,0.5724211931228638,0,0.6756994128227234,0,0.9888209104537964,0,0.5066111087799072,a red square with a white border
147,Photograph of Dr. Nancy Sullivan of NIH’s National Institute of Allergy and Infectious Diseases (NIAID) discussing Ebola research with President Barack Obama as NIAID Director Dr. Anthony Fauci and HHS Secretary Sylvia Burwell look on.,/Users/_mathanga_thalayan_/fake–news–detection–project/data/external/dataexternalverite-repository/VERITE/images/true_49.jpg,0,1,0.9290471076965332,0,0.6649693250656128,0,0.9919923543930054,1,0.5034119486808777,a red background with a white border
148,"Photgraph of President Obama, Dr. Anthony Fauci, and Melinda Gates at a laboratory in Wuhan, China, in 2015.",/Users/_mathanga_thalayan_/fake–news–detection–project/data/external/dataexternalverite-repository/VERITE/images/true_49.jpg,1,0,0.8166087865829468,0,0.6743601560592651,0,0.9918335676193237,1,0.5182046890258789,a red background with a white border
149,Photograph of Dr. Nancy Sullivan of NIH’s National Institute of Allergy and Infectious Diseases (NIAID) discussing Ebola research with President Barack Obama as NIAID Director Dr. Anthony Fauci and HHS Secretary Sylvia Burwell look on.,/Users/_mathanga_thalayan_/fake–news–detection–project/data/external/dataexternalverite-repository/VERITE/images/false_49.jpg,1,1,0.9290471076965332,0,0.666222870349884,0,0.9906773567199707,1,0.5023543238639832,a green background with a white border
150,Imgae of Melania Trump wore a dress designed by Alexander McQueen in collaboration with art students and was inspired by life drawings.,/Users/_mathanga_thalayan_/fake–news–detection–project/data/external/dataexternalverite-repository/VERITE/images/true_50.jpg,0,1,0.9464493989944458,0,0.6707423329353333,0,0.9811336398124695,0,0.5166131854057312,a purple background with a white border
151,Image of Melania Trump wore a dress designed by Alexander McQueen that featured drawings by victims of child sexual abuse.,/Users/_mathanga_thalayan_/fake–news–detection–project/data/external/dataexternalverite-repository/VERITE/images/true_50.jpg,1,1,0.812045693397522,0,0.672580361366272,0,0.9750396013259888,1,0.5022999048233032,a purple background with a white border
152,Imgae of Melania Trump wore a dress designed by Alexander McQueen in collaboration with art students and was inspired by life drawings.,/Users/_mathanga_thalayan_/fake–news–detection–project/data/external/dataexternalverite-repository/VERITE/images/false_50.jpg,1,1,0.9464493989944458,0,0.6785521507263184,0,0.981960654258728,0,0.5166131854057312,a purple background with a white border
153,Artwork 'Maskcommunication' by artists named Trinidad was created to raise money for teachers who had been stranded by the COVID-19 pandemic.,/Users/_mathanga_thalayan_/fake–news–detection–project/data/external/dataexternalverite-repository/VERITE/images/true_51.jpg,0,1,0.9713020324707031,0,0.677729070186615,0,0.9731812477111816,1,0.5116992592811584,a green color with a white border
154,Mural painted in 1994 at Denver International Airport that shows citizens of the world wearing masks.,/Users/_mathanga_thalayan_/fake–news–detection–project/data/external/dataexternalverite-repository/VERITE/images/true_51.jpg,1,1,0.9782393574714661,1,0.588718056678772,0,0.9315619468688965,0,0.5038120150566101,a green color with a white border
155,Artwork 'Maskcommunication' by artists named Trinidad was created to raise money for teachers who had been stranded by the COVID-19 pandemic.,/Users/_mathanga_thalayan_/fake–news–detection–project/data/external/dataexternalverite-repository/VERITE/images/false_51.jpg,1,1,0.9713020324707031,0,0.6798892617225647,0,0.9238606691360474,1,0.5043513774871826,a blue background with a white border
156,A photograph shows the Bettmann Archive showing a woman and a young boy dressed in KKK garb.,/Users/_mathanga_thalayan_/fake–news–detection–project/data/external/dataexternalverite-repository/VERITE/images/true_52.jpg,0,0,0.6027973294258118,0,0.6847760081291199,0,0.9920684099197388,0,0.5067932605743408,a pink background with a white border
157,A photograph shows Georgia Governor Brian Kemp and his mother dressed in KKK garb.,/Users/_mathanga_thalayan_/fake–news–detection–project/data/external/dataexternalverite-repository/VERITE/images/true_52.jpg,1,1,0.9649380445480347,0,0.682691216468811,0,0.9913015961647034,0,0.5130283236503601,a pink background with a white border
158,A photograph shows the Bettmann Archive showing a woman and a young boy dressed in KKK garb.,/Users/_mathanga_thalayan_/fake–news–detection–project/data/external/dataexternalverite-repository/VERITE/images/false_52.jpg,1,0,0.6027973294258118,0,0.6765331625938416,0,0.9922711849212646,0,0.5058422088623047,a purple background with a white border
159,Image shows a person in blackface taken into police custody for causing a disturbance during an anti-racism march a Canadian city.,/Users/_mathanga_thalayan_/fake–news–detection–project/data/external/dataexternalverite-repository/VERITE/images/true_53.jpg,0,0,0.5353476405143738,0,0.6640995740890503,0,0.9502005577087402,0,0.5103726983070374,a dark blue background with a white border
160,Image shows an arrested looter amid social unrest in 2020 wearing blackface.,/Users/_mathanga_thalayan_/fake–news–detection–project/data/external/dataexternalverite-repository/VERITE/images/true_53.jpg,1,1,0.5178015828132629,0,0.6829603910446167,0,0.9906418919563293,1,0.5126277208328247,a dark blue background with a white border
161,Image shows a person in blackface taken into police custody for causing a disturbance during an anti-racism march a Canadian city.,/Users/_mathanga_thalayan_/fake–news–detection–project/data/external/dataexternalverite-repository/VERITE/images/false_53.jpg,1,0,0.5353476405143738,0,0.6538652181625366,1,0.5563239455223083,0,0.5226128101348877,a green screen with a white background
162,Surveillance camera footage shows an attempted robbery and assault that took place in Minneapolis in August 2019,/Users/_mathanga_thalayan_/fake–news–detection–project/data/external/dataexternalverite-repository/VERITE/images/true_54.jpg,0,1,0.9454919695854187,0,0.6275239586830139,0,0.8804426789283752,0,0.5315631628036499,a green background with a white border
163,Surveillance camera footage shows person being attacked by Black Lives Matter protesters in June 2020.,/Users/_mathanga_thalayan_/fake–news–detection–project/data/external/dataexternalverite-repository/VERITE/images/true_54.jpg,1,0,0.585392951965332,0,0.6747392416000366,1,0.5752872228622437,1,0.5063576698303223,a green background with a white border
164,Surveillance camera footage shows an attempted robbery and assault that took place in Minneapolis in August 2019,/Users/_mathanga_thalayan_/fake–news–detection–project/data/external/dataexternalverite-repository/VERITE/images/false_54.jpg,1,1,0.9454919695854187,0,0.6344035267829895,0,0.9535837173461914,0,0.533821702003479,a yellow background with a white border
165,"Image shows former U.S. President Barack Obama and first lady Michelle Obama joined thousands of Americans to mark the 50th anniversary of the civil rights march from Selma to Montgomery, Alabama in 2015.",/Users/_mathanga_thalayan_/fake–news–detection–project/data/external/dataexternalverite-repository/VERITE/images/true_55.jpg,0,0,0.9020728468894958,0,0.6498496532440186,0,0.9889367818832397,1,0.5054577589035034,a yellow paint color with a white background
166,Image shows former U.S. President Barack Obama and first lady Michelle Obama marching with protesters against racial injustice and police violence in June 2020.,/Users/_mathanga_thalayan_/fake–news–detection–project/data/external/dataexternalverite-repository/VERITE/images/true_55.jpg,1,0,0.9984889030456543,0,0.678339958190918,0,0.9878283739089966,0,0.5012564063072205,a yellow paint color with a white background
167,"Image shows former U.S. President Barack Obama and first lady Michelle Obama joined thousands of Americans to mark the 50th anniversary of the civil rights march from Selma to Montgomery, Alabama in 2015.",/Users/_mathanga_thalayan_/fake–news–detection–project/data/external/dataexternalverite-repository/VERITE/images/false_55.jpg,1,0,0.9020728468894958,0,0.6468881964683533,0,0.9875397682189941,1,0.5053998827934265,a red background with a white border
168,"Image shows a member of the 173rd Airborne Brigade sitting on a pile of gold, after nearly 1,000 gold bars were confiscated from a truck in Kirkuk, Iraq in May 2003.",/Users/_mathanga_thalayan_/fake–news–detection–project/data/external/dataexternalverite-repository/VERITE/images/true_56.jpg,0,0,0.9366393089294434,0,0.6772637963294983,0,0.9749568700790405,0,0.5200535655021667,a blue background with a white border
169,Image shows U.S. Senator Tom Cotton of Arkansas sitting on a pile of gold during his time in the military.,/Users/_mathanga_thalayan_/fake–news–detection–project/data/external/dataexternalverite-repository/VERITE/images/true_56.jpg,1,0,0.814839243888855,0,0.6847304701805115,0,0.8619017601013184,0,0.5224599242210388,a blue background with a white border
170,"Image shows a member of the 173rd Airborne Brigade sitting on a pile of gold, after nearly 1,000 gold bars were confiscated from a truck in Kirkuk, Iraq in May 2003.",/Users/_mathanga_thalayan_/fake–news–detection–project/data/external/dataexternalverite-repository/VERITE/images/false_56.jpg,1,0,0.9366393089294434,0,0.6653152108192444,0,0.962684690952301,0,0.5189744830131531,a green background with a white border
171,"Image shows demonstrators wearing 'I Can Breathe' shirts in December 2014, months after the death of Eric Garner, a black man, at the hands of an NYPD officer.",/Users/_mathanga_thalayan_/fake–news–detection–project/data/external/dataexternalverite-repository/VERITE/images/true_57.jpg,0,0,0.8891345858573914,0,0.6778554916381836,0,0.9135211706161499,0,0.5016445517539978,a purple background with a white border
172,Image shows members of the NYPD wearing 'I Can Breathe' shirts mocking the death of George Floyd.,/Users/_mathanga_thalayan_/fake–news–detection–project/data/external/dataexternalverite-repository/VERITE/images/true_57.jpg,1,0,0.6985791325569153,0,0.6841176748275757,0,0.947307825088501,0,0.5276205539703369,a purple background with a white border
173,"Image shows demonstrators wearing 'I Can Breathe' shirts in December 2014, months after the death of Eric Garner, a black man, at the hands of an NYPD officer.",/Users/_mathanga_thalayan_/fake–news–detection–project/data/external/dataexternalverite-repository/VERITE/images/false_57.jpg,1,0,0.8891345858573914,0,0.6665081977844238,0,0.9228637218475342,0,0.5019358396530151,a green background with a white border
174,"Photograph shows police officers arrest a black male in Rochester, Minnesota in 2019.",/Users/_mathanga_thalayan_/fake–news–detection–project/data/external/dataexternalverite-repository/VERITE/images/true_58.jpg,0,1,0.8996632099151611,0,0.6671411395072937,0,0.9624220132827759,0,0.5031816959381104,a blue background with a white border
175,Photograph shows police officers attempting to arrest a black FBI agent during the George Floyd protests in 2020.,/Users/_mathanga_thalayan_/fake–news–detection–project/data/external/dataexternalverite-repository/VERITE/images/true_58.jpg,1,0,0.9973740577697754,0,0.6707161068916321,0,0.9910733103752136,0,0.5032716989517212,a blue background with a white border
176,"Photograph shows police officers arrest a black male in Rochester, Minnesota in 2019.",/Users/_mathanga_thalayan_/fake–news–detection–project/data/external/dataexternalverite-repository/VERITE/images/false_58.jpg,1,1,0.8996632099151611,0,0.6689984798431396,0,0.9922704696655273,0,0.5037076473236084,a purple background with a white border
177,"Image of Justine Damond, a white woman, was killed by a police officer named Mohamed Noor in Minneapolis in 2017.",/Users/_mathanga_thalayan_/fake–news–detection–project/data/external/dataexternalverite-repository/VERITE/images/true_59.jpg,0,1,0.9596127271652222,0,0.6629596948623657,0,0.5022780299186707,0,0.504755437374115,a red background with a white border
178,"Image of Ricky Ellsworth, a white woman, was killed by a black police officer in Minnesota in 2020.",/Users/_mathanga_thalayan_/fake–news–detection–project/data/external/dataexternalverite-repository/VERITE/images/true_59.jpg,1,1,0.5043864250183105,0,0.6720739006996155,0,0.6497080326080322,0,0.5090261697769165,a red background with a white border
179,"Image of Justine Damond, a white woman, was killed by a police officer named Mohamed Noor in Minneapolis in 2017.",/Users/_mathanga_thalayan_/fake–news–detection–project/data/external/dataexternalverite-repository/VERITE/images/false_59.jpg,1,1,0.9596127271652222,0,0.6593631505966187,0,0.8838863372802734,0,0.5056798458099365,a blue background with a white border
180,"Photograph shows McDonald's burning in November 2016 after a grease fire started in Lebanon, Pennsylvania.",/Users/_mathanga_thalayan_/fake–news–detection–project/data/external/dataexternalverite-repository/VERITE/images/true_60.jpg,0,1,0.9431713223457336,0,0.6554027795791626,0,0.915615975856781,1,0.5147122144699097,a blue background with a white border
181,Photograph shows McDonald's set afire during protests over George Floyd's death.,/Users/_mathanga_thalayan_/fake–news–detection–project/data/external/dataexternalverite-repository/VERITE/images/true_60.jpg,1,0,0.6862966418266296,0,0.6717419028282166,0,0.9905557036399841,1,0.5023413896560669,a blue background with a white border
182,"Photograph shows McDonald's burning in November 2016 after a grease fire started in Lebanon, Pennsylvania.",/Users/_mathanga_thalayan_/fake–news–detection–project/data/external/dataexternalverite-repository/VERITE/images/false_60.jpg,1,1,0.9431713223457336,0,0.6639211773872375,0,0.856270432472229,1,0.516705334186554,a pink background with a white border
183,"Photograph shows Jonathan Riches, a supporter of U.S. President Donald Trump who is also a former federal inmate, wearing a 'Make Whites Great Again' hat.",/Users/_mathanga_thalayan_/fake–news–detection–project/data/external/dataexternalverite-repository/VERITE/images/true_61.jpg,0,0,0.6383695006370544,0,0.6678948998451233,0,0.9922435879707336,0,0.5144917368888855,a purple background with a white border
184,Photograph shows former Minneapolis police officer Derek Chauvin wearing a 'Make Whites Great Again' hat.,/Users/_mathanga_thalayan_/fake–news–detection–project/data/external/dataexternalverite-repository/VERITE/images/true_61.jpg,1,1,0.9870403409004211,0,0.6687710285186768,0,0.9919241070747375,0,0.532412052154541,a purple background with a white border
185,"Photograph shows Jonathan Riches, a supporter of U.S. President Donald Trump who is also a former federal inmate, wearing a 'Make Whites Great Again' hat.",/Users/_mathanga_thalayan_/fake–news–detection–project/data/external/dataexternalverite-repository/VERITE/images/false_61.jpg,1,0,0.6383695006370544,0,0.6807277202606201,0,0.9905211925506592,0,0.5202348828315735,a pink color with a white background
186,Image shows Brian Cash at a protest against lockdown orders implemented in Michigan as a result of the COVID-19 coronavirus pandemic.,/Users/_mathanga_thalayan_/fake–news–detection–project/data/external/dataexternalverite-repository/VERITE/images/true_62.jpg,0,0,0.9688680768013,0,0.6792910099029541,0,0.9882556200027466,0,0.500273585319519,a purple background with a white border
187,"Image shows Rob Cantrell, a member of the far-right group Proud Boys, screaming at an officer during an anti-lockdown protest in Michigan in May 2020.",/Users/_mathanga_thalayan_/fake–news–detection–project/data/external/dataexternalverite-repository/VERITE/images/true_62.jpg,1,0,0.900204598903656,0,0.6780278086662292,0,0.8873605728149414,0,0.5186030864715576,a purple background with a white border
188,Image shows Brian Cash at a protest against lockdown orders implemented in Michigan as a result of the COVID-19 coronavirus pandemic.,/Users/_mathanga_thalayan_/fake–news–detection–project/data/external/dataexternalverite-repository/VERITE/images/false_62.jpg,1,0,0.9688680768013,0,0.6699386239051819,0,0.9910225868225098,0,0.500725507736206,a green background with a white border
189,"Photograph shows swastika flag bearing the names of Trump and Pence displayed at a Bernie Sanders rally, in Boise, Idaho in March 2020.",/Users/_mathanga_thalayan_/fake–news–detection–project/data/external/dataexternalverite-repository/VERITE/images/true_63.jpg,0,0,0.7898811101913452,0,0.6556543707847595,0,0.9922685027122498,1,0.5023943185806274,a purple background with a white border
190,Photograph shows swastika flag bearing the names of Trump and Pence displayed at the Operation Gridlock protest in Michigan in April 2020.,/Users/_mathanga_thalayan_/fake–news–detection–project/data/external/dataexternalverite-repository/VERITE/images/true_63.jpg,1,0,0.797905683517456,0,0.6635410189628601,0,0.9918357133865356,0,0.50179523229599,a purple background with a white border
191,"Photograph shows swastika flag bearing the names of Trump and Pence displayed at a Bernie Sanders rally, in Boise, Idaho in March 2020.",/Users/_mathanga_thalayan_/fake–news–detection–project/data/external/dataexternalverite-repository/VERITE/images/false_63.jpg,1,0,0.7898811101913452,0,0.6530690789222717,0,0.9907106757164001,1,0.50221848487854,a blue background with a white border
192,Image shows a naked person is using bedsheets to escape a building in a stealth promotion created for the television series 'The Royals'.,/Users/_mathanga_thalayan_/fake–news–detection–project/data/external/dataexternalverite-repository/VERITE/images/true_64.jpg,0,0,0.9543474316596985,0,0.6741677522659302,1,0.7133356332778931,0,0.5238410234451294,a green background with a white border
193,Image shows a fully naked 'Filipino looking child is using bedsheets to escape from an upper story of Buckingham Palace.,/Users/_mathanga_thalayan_/fake–news–detection–project/data/external/dataexternalverite-repository/VERITE/images/true_64.jpg,1,0,0.8352123498916626,0,0.6767322421073914,0,0.7483325004577637,0,0.524324893951416,a green background with a white border
194,Image shows a naked person is using bedsheets to escape a building in a stealth promotion created for the television series 'The Royals'.,/Users/_mathanga_thalayan_/fake–news–detection–project/data/external/dataexternalverite-repository/VERITE/images/false_64.jpg,1,0,0.9543474316596985,0,0.6650678515434265,1,0.6064268350601196,0,0.5256296992301941,a red background with a white border
195,U.S. President Donald Trump said 'I don't care how sick you are. [...] Get out and vote' during a campaign event in November 2016.,/Users/_mathanga_thalayan_/fake–news–detection–project/data/external/dataexternalverite-repository/VERITE/images/true_65.jpg,0,0,0.789948582649231,0,0.6707658171653748,0,0.9786906242370605,0,0.5168028473854065,a purple background with a white border
196,U.S. President Donald Trump said 'I don't care how sick you are. [...] Get out and vote' during the COVID-19 coronavirus disease pandemic.,/Users/_mathanga_thalayan_/fake–news–detection–project/data/external/dataexternalverite-repository/VERITE/images/true_65.jpg,1,0,0.998389720916748,0,0.6727683544158936,0,0.9910500049591064,0,0.5086212754249573,a purple background with a white border
197,U.S. President Donald Trump said 'I don't care how sick you are. [...] Get out and vote' during a campaign event in November 2016.,/Users/_mathanga_thalayan_/fake–news–detection–project/data/external/dataexternalverite-repository/VERITE/images/false_65.jpg,1,0,0.789948582649231,0,0.6667683124542236,0,0.9851560592651367,0,0.5074797868728638,a gold color with a white background
198,Image from comedic youtube video during the COVID-19 pandemic showing a person using violent tactics to enforce social distancing in Kenya.,/Users/_mathanga_thalayan_/fake–news–detection–project/data/external/dataexternalverite-repository/VERITE/images/true_66.jpg,0,0,0.9903022646903992,0,0.6779612898826599,0,0.9468135237693787,1,0.5188605189323425,a green color with a white border
199,Image from video taken during the COVID-19 pandemic showing a member of the Maasai tribe - employed by the Kenyan government - whipping people in Kenya who refused to obey the government's self-quarantine orders.,/Users/_mathanga_thalayan_/fake–news–detection–project/data/external/dataexternalverite-repository/VERITE/images/true_66.jpg,1,0,0.9433449506759644,0,0.6711565256118774,0,0.9374834895133972,1,0.5173690915107727,a green color with a white border
200,Image from comedic youtube video during the COVID-19 pandemic showing a person using violent tactics to enforce social distancing in Kenya.,/Users/_mathanga_thalayan_/fake–news–detection–project/data/external/dataexternalverite-repository/VERITE/images/false_66.jpg,1,0,0.9903022646903992,0,0.6668574810028076,0,0.8856883645057678,1,0.5091266632080078,a red background with a white border
201,Photograph shows a soldier rescuing a starving donkey during the Algerian War in 1958 by carrying it on his back.,/Users/_mathanga_thalayan_/fake–news–detection–project/data/external/dataexternalverite-repository/VERITE/images/true_67.jpg,0,0,0.9659740924835205,0,0.683724582195282,0,0.9860450625419617,1,0.5032561421394348,a blue background with a white border
202,Photograph shows a soldier carrying a donkey on his back during World War II to prevent the animal from inadvertently setting off landmines.,/Users/_mathanga_thalayan_/fake–news–detection–project/data/external/dataexternalverite-repository/VERITE/images/true_67.jpg,1,0,0.9946698546409607,0,0.6830554604530334,0,0.9719371795654297,1,0.5034839510917664,a blue background with a white border
203,Photograph shows a soldier rescuing a starving donkey during the Algerian War in 1958 by carrying it on his back.,/Users/_mathanga_thalayan_/fake–news–detection–project/data/external/dataexternalverite-repository/VERITE/images/false_67.jpg,1,0,0.9659740924835205,0,0.6677119135856628,0,0.9827669858932495,1,0.5032561421394348,a blue background with a white border
204,Photograph shows anti-surveillance protesters tearing down a 'smart' lamppost in Hong Kong in August 2019.,/Users/_mathanga_thalayan_/fake–news–detection–project/data/external/dataexternalverite-repository/VERITE/images/true_68.jpg,0,1,0.6983315944671631,0,0.6498910784721375,0,0.9592617750167847,1,0.5165485739707947,a green background with a white border
205,Photograph shows people in China tearing down a 5G tower in an attempt to stop the spread of COVID-19 coronavirus disease.,/Users/_mathanga_thalayan_/fake–news–detection–project/data/external/dataexternalverite-repository/VERITE/images/true_68.jpg,1,1,0.7495675086975098,0,0.6695494055747986,0,0.7817398309707642,1,0.5065722465515137,a green background with a white border
206,Photograph shows anti-surveillance protesters tearing down a 'smart' lamppost in Hong Kong in August 2019.,/Users/_mathanga_thalayan_/fake–news–detection–project/data/external/dataexternalverite-repository/VERITE/images/false_68.jpg,1,1,0.6983315944671631,0,0.6567025184631348,0,0.9823403358459473,1,0.5140133500099182,a green screen with a white background
207,Air Force One during U.S. President George W. Bush's trip to the annual NASCAR race in 2004.,/Users/_mathanga_thalayan_/fake–news–detection–project/data/external/dataexternalverite-repository/VERITE/images/true_69.jpg,0,0,0.969417154788971,0,0.6833364367485046,0,0.8638513088226318,0,0.5042943358421326,a green background with a white border
208,Air Force One during U.S. President Donald Trump's visit to the Daytona 500 in February 2020.,/Users/_mathanga_thalayan_/fake–news–detection–project/data/external/dataexternalverite-repository/VERITE/images/true_69.jpg,1,0,0.9917744994163513,0,0.6820527911186218,0,0.9155848622322083,0,0.5064424872398376,a green background with a white border
209,Air Force One during U.S. President George W. Bush's trip to the annual NASCAR race in 2004.,/Users/_mathanga_thalayan_/fake–news–detection–project/data/external/dataexternalverite-repository/VERITE/images/false_69.jpg,1,0,0.969417154788971,0,0.6772214770317078,0,0.9192970991134644,0,0.5009274482727051,a purple background with a white border
210,"Image of a mother fox feeding fox cubs near Montréal, Canada in 2009.",/Users/_mathanga_thalayan_/fake–news–detection–project/data/external/dataexternalverite-repository/VERITE/images/true_70.jpg,0,1,0.9763402342796326,1,0.567876398563385,0,0.9919608235359192,1,0.5200371146202087,a brown color with a white background
211,Image of a mother fox suckling koala joeys caught up in Australian bushfires in the winter of 2020.,/Users/_mathanga_thalayan_/fake–news–detection–project/data/external/dataexternalverite-repository/VERITE/images/true_70.jpg,1,1,0.5999248027801514,0,0.6656073927879333,0,0.9895198345184326,1,0.5047117471694946,a brown color with a white background
212,"Image of a mother fox feeding fox cubs near Montréal, Canada in 2009.",/Users/_mathanga_thalayan_/fake–news–detection–project/data/external/dataexternalverite-repository/VERITE/images/false_70.jpg,1,1,0.9763402342796326,1,0.5635285973548889,0,0.9677672982215881,1,0.5198681950569153,a green screen with a white background
213,Photograph of a mass of people at the 50th anniversary celebration for the Golden Gate Bridge.,/Users/_mathanga_thalayan_/fake–news–detection–project/data/external/dataexternalverite-repository/VERITE/images/true_71.jpg,0,0,0.9807219505310059,0,0.6561592221260071,0,0.9890180826187134,0,0.5047244429588318,a green background with a white border
214,Photograph of pedestrians swarming the Golden Gate Bridge during its 1937 opening ceremony which almost collapsed.,/Users/_mathanga_thalayan_/fake–news–detection–project/data/external/dataexternalverite-repository/VERITE/images/true_71.jpg,1,0,0.9951052665710449,0,0.6565820574760437,0,0.9906270503997803,1,0.5083761811256409,a green background with a white border
215,Photograph of a mass of people at the 50th anniversary celebration for the Golden Gate Bridge.,/Users/_mathanga_thalayan_/fake–news–detection–project/data/external/dataexternalverite-repository/VERITE/images/false_71.jpg,1,0,0.9807219505310059,0,0.6544133424758911,0,0.9892855286598206,0,0.5047244429588318,a green background with a white border
216,"Image shows a life-size statue of a horse in an apartment in Galena, Illinois.",/Users/_mathanga_thalayan_/fake–news–detection–project/data/external/dataexternalverite-repository/VERITE/images/true_72.jpg,0,1,0.9241446852684021,0,0.6731991171836853,0,0.956838846206665,1,0.5000328421592712,a gold color with a white background
217,"Image shows a horse that was discovered to be living in an apartment in Preston, Lancashire.",/Users/_mathanga_thalayan_/fake–news–detection–project/data/external/dataexternalverite-repository/VERITE/images/true_72.jpg,1,1,0.9183558821678162,0,0.6327022314071655,1,0.6552600860595703,0,0.5172538161277771,a gold color with a white background
218,"Image shows a life-size statue of a horse in an apartment in Galena, Illinois.",/Users/_mathanga_thalayan_/fake–news–detection–project/data/external/dataexternalverite-repository/VERITE/images/false_72.jpg,1,1,0.9241446852684021,0,0.6722849607467651,0,0.9813506603240967,1,0.5007970929145813,a yellow background with a white border
219,Aerial view of red-tinted clouds snapped by a meteorologist during a sunset over Hawaiian waters.,/Users/_mathanga_thalayan_/fake–news–detection–project/data/external/dataexternalverite-repository/VERITE/images/true_73.jpg,0,0,0.8455383777618408,0,0.6497370004653931,0,0.9800428152084351,1,0.5030037760734558,a red background with a white border
220,"Aerial view of red-tinted clouds taken over Australia, where a series of massive bushfires was raging across the continent in 2020.",/Users/_mathanga_thalayan_/fake–news–detection–project/data/external/dataexternalverite-repository/VERITE/images/true_73.jpg,1,0,0.9366680383682251,1,0.5983738899230957,0,0.624176561832428,1,0.5077382326126099,a red background with a white border
221,Aerial view of red-tinted clouds snapped by a meteorologist during a sunset over Hawaiian waters.,/Users/_mathanga_thalayan_/fake–news–detection–project/data/external/dataexternalverite-repository/VERITE/images/false_73.jpg,1,0,0.8455383777618408,0,0.6548804044723511,0,0.9887372255325317,1,0.5057363510131836,a brown color with a white border
222,A 3D visualization showing all the areas which have been affected by fires in Australia in 2020.,/Users/_mathanga_thalayan_/fake–news–detection–project/data/external/dataexternalverite-repository/VERITE/images/true_74.jpg,0,1,0.8078435063362122,1,0.5840374231338501,0,0.7679575085639954,1,0.529773473739624,a green screen with a white background
223,A photograph taken by the International Space Station shows bushfires raging across Australia.,/Users/_mathanga_thalayan_/fake–news–detection–project/data/external/dataexternalverite-repository/VERITE/images/true_74.jpg,1,1,0.5408896803855896,1,0.5994982123374939,1,0.8967825770378113,0,0.5099663734436035,a green screen with a white background
224,A 3D visualization showing all the areas which have been affected by fires in Australia in 2020.,/Users/_mathanga_thalayan_/fake–news–detection–project/data/external/dataexternalverite-repository/VERITE/images/false_74.jpg,1,1,0.8078435063362122,1,0.5735486745834351,1,0.5516623258590698,1,0.5155588388442993,a black and white photo of a woman with a white dress
225,"Image shows thousands of people at a parade in honor of the 2019 NBA Champions, the Toronto Raptors, taken in June 2019.",/Users/_mathanga_thalayan_/fake–news–detection–project/data/external/dataexternalverite-repository/VERITE/images/true_75.jpg,0,0,0.964332640171051,0,0.5739145874977112,0,0.989577054977417,0,0.5048115253448486,a blue background with a white border
226,"Image shows a rally in Toronto, Canada, in support of the impeachment of U.S. President Donald Trump in 2019.",/Users/_mathanga_thalayan_/fake–news–detection–project/data/external/dataexternalverite-repository/VERITE/images/true_75.jpg,1,0,0.9984007477760315,1,0.5865846276283264,0,0.9871622920036316,1,0.5148810148239136,a blue background with a white border
227,"Image shows thousands of people at a parade in honor of the 2019 NBA Champions, the Toronto Raptors, taken in June 2019.",/Users/_mathanga_thalayan_/fake–news–detection–project/data/external/dataexternalverite-repository/VERITE/images/false_75.jpg,1,0,0.964332640171051,0,0.5756963491439819,0,0.9907311797142029,0,0.5052074193954468,a purple background with a white border
228,A photograph shows a miniature figurine of a chickadee bird.,/Users/_mathanga_thalayan_/fake–news–detection–project/data/external/dataexternalverite-repository/VERITE/images/true_76.jpg,0,1,0.9054605960845947,0,0.6764844655990601,0,0.9229767322540283,1,0.5094936490058899,a yellow background with a white border
229,"A photograph shows a zunzuncito, the world's smallest bird.",/Users/_mathanga_thalayan_/fake–news–detection–project/data/external/dataexternalverite-repository/VERITE/images/true_76.jpg,1,1,0.7373174428939819,0,0.6805679202079773,0,0.9531419277191162,1,0.5169359445571899,a yellow background with a white border
230,A photograph shows a miniature figurine of a chickadee bird.,/Users/_mathanga_thalayan_/fake–news–detection–project/data/external/dataexternalverite-repository/VERITE/images/false_76.jpg,1,1,0.9054605960845947,0,0.6764621138572693,0,0.9733360409736633,1,0.5087373852729797,a purple background with a white border
231,Photograph of a Greta Thunberg look-alike shooting a gun.,/Users/_mathanga_thalayan_/fake–news–detection–project/data/external/dataexternalverite-repository/VERITE/images/true_77.jpg,0,0,0.5484480857849121,0,0.6687069535255432,0,0.9876232147216797,1,0.5084725022315979,a blue background with a white border
232,Photograph of teenage environmental activist Greta Thunberg shooting a gun.,/Users/_mathanga_thalayan_/fake–news–detection–project/data/external/dataexternalverite-repository/VERITE/images/true_77.jpg,1,0,0.9212962985038757,0,0.6700705885887146,0,0.990179181098938,1,0.5206589102745056,a blue background with a white border
233,Photograph of a Greta Thunberg look-alike shooting a gun.,/Users/_mathanga_thalayan_/fake–news–detection–project/data/external/dataexternalverite-repository/VERITE/images/false_77.jpg,1,0,0.5484480857849121,0,0.6793229579925537,0,0.9364674091339111,1,0.5044863820075989,a green screen with a white background
234,"Image shows a vampire hunting kit created by the Rag N Bone Emporium, an Etsy shop that specializes in macabre art pieces.",/Users/_mathanga_thalayan_/fake–news–detection–project/data/external/dataexternalverite-repository/VERITE/images/true_78.jpg,0,1,0.9150946140289307,0,0.6738255023956299,0,0.9823494553565979,0,0.5331092476844788,a blue background with a white border
235,Image shows a vampire hunting kit from the early 19th century.,/Users/_mathanga_thalayan_/fake–news–detection–project/data/external/dataexternalverite-repository/VERITE/images/true_78.jpg,1,0,0.7006561160087585,0,0.6757643818855286,0,0.9875624179840088,1,0.5073192715644836,a blue background with a white border
236,"Image shows a vampire hunting kit created by the Rag N Bone Emporium, an Etsy shop that specializes in macabre art pieces.",/Users/_mathanga_thalayan_/fake–news–detection–project/data/external/dataexternalverite-repository/VERITE/images/false_78.jpg,1,1,0.9150946140289307,0,0.6730144023895264,0,0.9231979846954346,0,0.5527311563491821,a green screen with a white background
237,"Image of Nancy Pelosi meeting with Mexican President Enrique Peña Nieto, kicking off a three-country tour to discuss security, trade, migration and human rights.",/Users/_mathanga_thalayan_/fake–news–detection–project/data/external/dataexternalverite-repository/VERITE/images/true_79.jpg,0,0,0.9889033436775208,0,0.6702743172645569,0,0.9884414672851562,1,0.501955509185791,a green background with a white border
238,Image of mexican drug lord 'El Chapo' plotting with Democrat Nancy Pelosi to maintain open borders.,/Users/_mathanga_thalayan_/fake–news–detection–project/data/external/dataexternalverite-repository/VERITE/images/true_79.jpg,1,0,0.9938619136810303,0,0.67338627576828,0,0.9492776393890381,1,0.5014435052871704,a green background with a white border
239,"Image of Nancy Pelosi meeting with Mexican President Enrique Peña Nieto, kicking off a three-country tour to discuss security, trade, migration and human rights.",/Users/_mathanga_thalayan_/fake–news–detection–project/data/external/dataexternalverite-repository/VERITE/images/false_79.jpg,1,0,0.9889033436775208,0,0.6727524399757385,0,0.9894800186157227,1,0.5041694641113281,a pink background with a white border
240,Image of a plant native to the Himalayas called the Rheum nobile.,/Users/_mathanga_thalayan_/fake–news–detection–project/data/external/dataexternalverite-repository/VERITE/images/true_80.jpg,0,1,0.9281853437423706,0,0.6600574254989624,1,0.8906093835830688,0,0.5117080807685852,a green screen with a white background
241,Image of a pagoda flower that only blooms once every 400 years in the Himalayas.,/Users/_mathanga_thalayan_/fake–news–detection–project/data/external/dataexternalverite-repository/VERITE/images/true_80.jpg,1,1,0.9373975992202759,1,0.5814708471298218,0,0.6283586621284485,0,0.5144104361534119,a green screen with a white background
242,Image of a plant native to the Himalayas called the Rheum nobile.,/Users/_mathanga_thalayan_/fake–news–detection–project/data/external/dataexternalverite-repository/VERITE/images/false_80.jpg,1,1,0.9281853437423706,0,0.6593239307403564,0,0.9861264824867249,1,0.5078096389770508,a purple background with a white border
243,Image shows a face projector that enables to change ones face within seconds that is an Art project created by students at the Utrecht School of Arts.,/Users/_mathanga_thalayan_/fake–news–detection–project/data/external/dataexternalverite-repository/VERITE/images/true_81.jpg,0,1,0.96002596616745,0,0.6621553897857666,0,0.9602118730545044,1,0.5023308992385864,a yellow background with a white border
244,Image shows protesters in Hong Kong using wearable projectors to foil facial recognition technology.,/Users/_mathanga_thalayan_/fake–news–detection–project/data/external/dataexternalverite-repository/VERITE/images/true_81.jpg,1,1,0.8734281063079834,0,0.6510257720947266,0,0.9902598261833191,1,0.5121780037879944,a yellow background with a white border
245,Image shows a face projector that enables to change ones face within seconds that is an Art project created by students at the Utrecht School of Arts.,/Users/_mathanga_thalayan_/fake–news–detection–project/data/external/dataexternalverite-repository/VERITE/images/false_81.jpg,1,1,0.96002596616745,0,0.6624318361282349,0,0.9584944248199463,1,0.5023308992385864,a yellow background with a white border
246,Image shows a group of people playfully gathered around their co-worker who was found sleeping at work.,/Users/_mathanga_thalayan_/fake–news–detection–project/data/external/dataexternalverite-repository/VERITE/images/true_82.jpg,0,0,0.5585532188415527,0,0.6725265383720398,0,0.7060042023658752,0,0.5221230983734131,a green background with a white border
247,Image shows a group of people playfully gathered around their co-worker after he died of a heart attack.,/Users/_mathanga_thalayan_/fake–news–detection–project/data/external/dataexternalverite-repository/VERITE/images/true_82.jpg,1,0,0.5256458520889282,0,0.671355664730072,0,0.9706327319145203,0,0.5244342684745789,a green background with a white border
248,Image shows a group of people playfully gathered around their co-worker who was found sleeping at work.,/Users/_mathanga_thalayan_/fake–news–detection–project/data/external/dataexternalverite-repository/VERITE/images/false_82.jpg,1,0,0.5585532188415527,0,0.6785046458244324,1,0.8297711610794067,0,0.5235635638237,a blue background with a white border
249,"Image shows a crowd of people during a 'crusade' by the religious group 'In His Name Ministries' in November 2014 in Nikomazi, South Africa.",/Users/_mathanga_thalayan_/fake–news–detection–project/data/external/dataexternalverite-repository/VERITE/images/true_83.jpg,0,0,0.8730005621910095,0,0.6417679786682129,0,0.9847033619880676,1,0.5088347792625427,a purple background with a white border
250,Image shows a crowd of people at the 'Area 51 Raid' in September 2019.,/Users/_mathanga_thalayan_/fake–news–detection–project/data/external/dataexternalverite-repository/VERITE/images/true_83.jpg,1,0,0.9966641068458557,0,0.6726166009902954,0,0.9836773872375488,0,0.5042567253112793,a purple background with a white border
251,"Image shows a crowd of people during a 'crusade' by the religious group 'In His Name Ministries' in November 2014 in Nikomazi, South Africa.",/Users/_mathanga_thalayan_/fake–news–detection–project/data/external/dataexternalverite-repository/VERITE/images/false_83.jpg,1,0,0.8730005621910095,0,0.6409815549850464,0,0.9839212894439697,1,0.5077499151229858,a yellow background with a white border
252,"An image shows shacks by Roma people in Paris, France in 2015.",/Users/_mathanga_thalayan_/fake–news–detection–project/data/external/dataexternalverite-repository/VERITE/images/true_84.jpg,0,1,0.7896614074707031,0,0.5317656993865967,0,0.9893537759780884,1,0.5187984704971313,a pink background with a white border
253,An image shows a village of shacks in Los Angeles in 2019.,/Users/_mathanga_thalayan_/fake–news–detection–project/data/external/dataexternalverite-repository/VERITE/images/true_84.jpg,1,0,0.604884147644043,0,0.6533114314079285,0,0.9905445575714111,1,0.5100353956222534,a pink background with a white border
254,"An image shows shacks by Roma people in Paris, France in 2015.",/Users/_mathanga_thalayan_/fake–news–detection–project/data/external/dataexternalverite-repository/VERITE/images/false_84.jpg,1,1,0.7896614074707031,0,0.5211652517318726,0,0.9897910952568054,1,0.5165315270423889,a purple background with a white border
255,"A photograph shows empty supermarket shelves in Moriyama, Japan after a devastating tsunami in March 15, 2011.",/Users/_mathanga_thalayan_/fake–news–detection–project/data/external/dataexternalverite-repository/VERITE/images/true_85.jpg,0,0,0.6423196196556091,1,0.5758952498435974,0,0.885052502155304,1,0.5158948302268982,a blue background with a white border
256,A photograph shows empty supermarket shelves due to the ill effects of socialism.,/Users/_mathanga_thalayan_/fake–news–detection–project/data/external/dataexternalverite-repository/VERITE/images/true_85.jpg,1,0,0.9990954399108887,0,0.6769301891326904,0,0.8820756077766418,1,0.507484495639801,a blue background with a white border
257,"A photograph shows empty supermarket shelves in Moriyama, Japan after a devastating tsunami in March 15, 2011.",/Users/_mathanga_thalayan_/fake–news–detection–project/data/external/dataexternalverite-repository/VERITE/images/false_85.jpg,1,0,0.6423196196556091,1,0.5795339345932007,0,0.7224884033203125,1,0.5106629729270935,a gold color with a white background
258,A photograph from the 1977 ballet 'Blaubart' by the late German dancer and choreographer Pina Bausch.,/Users/_mathanga_thalayan_/fake–news–detection–project/data/external/dataexternalverite-repository/VERITE/images/true_86.jpg,0,0,0.9981583952903748,0,0.6772926449775696,0,0.9865977764129639,1,0.5244728326797485,a purple background with a white border
259,A photograph shows patients in an abandoned Russian psychiatric institution.,/Users/_mathanga_thalayan_/fake–news–detection–project/data/external/dataexternalverite-repository/VERITE/images/true_86.jpg,1,1,0.6938706040382385,0,0.6785557866096497,0,0.9905937910079956,1,0.5135347247123718,a purple background with a white border
260,A photograph from the 1977 ballet 'Blaubart' by the late German dancer and choreographer Pina Bausch.,/Users/_mathanga_thalayan_/fake–news–detection–project/data/external/dataexternalverite-repository/VERITE/images/false_86.jpg,1,0,0.9981583952903748,0,0.675941526889801,0,0.9759243130683899,1,0.5261163711547852,a green background with a white border
261,A photograph of the damage caused to Mexico Beach by Hurricane Michael in October 2018.,/Users/_mathanga_thalayan_/fake–news–detection–project/data/external/dataexternalverite-repository/VERITE/images/true_87.jpg,0,0,0.8665364980697632,1,0.5873801112174988,0,0.5541512370109558,1,0.5093238353729248,a purple background with a white border
262,A photograph of the damage done to the Abaco Islands by Hurricane Dorian in September 2019.,/Users/_mathanga_thalayan_/fake–news–detection–project/data/external/dataexternalverite-repository/VERITE/images/true_87.jpg,1,0,0.9959620833396912,0,0.610860288143158,0,0.8491036295890808,1,0.5055842399597168,a purple background with a white border
263,A photograph of the damage caused to Mexico Beach by Hurricane Michael in October 2018.,/Users/_mathanga_thalayan_/fake–news–detection–project/data/external/dataexternalverite-repository/VERITE/images/false_87.jpg,1,0,0.8665364980697632,1,0.5811202526092529,0,0.749533474445343,1,0.5131740570068359,a pink background with a white border
264,A photograph shows a bleeding Nolan Ryan pitching in the aftermath of an accident in a game against the Kansas City Royals in 1990.,/Users/_mathanga_thalayan_/fake–news–detection–project/data/external/dataexternalverite-repository/VERITE/images/true_88.jpg,0,0,0.9186736941337585,0,0.667605996131897,0,0.966249942779541,0,0.5036846399307251,a brown color with a white border
265,A photograph shows a bleeding Nolan Ryan pitching in the aftermath of an on-field fight with Robin Ventura.,/Users/_mathanga_thalayan_/fake–news–detection–project/data/external/dataexternalverite-repository/VERITE/images/true_88.jpg,1,0,0.9917309880256653,0,0.6732179522514343,0,0.9472253918647766,0,0.5124703049659729,a brown color with a white border
266,A photograph shows a bleeding Nolan Ryan pitching in the aftermath of an accident in a game against the Kansas City Royals in 1990.,/Users/_mathanga_thalayan_/fake–news–detection–project/data/external/dataexternalverite-repository/VERITE/images/false_88.jpg,1,0,0.9186736941337585,0,0.6788282990455627,0,0.9085640907287598,0,0.5171419382095337,a black background with a white border
267,"A photograph shows a woman recruit of the Somali Army checking her automatic weapon at a military training campus at Halane, Mogadishu, on Feb. 25, 1978.",/Users/_mathanga_thalayan_/fake–news–detection–project/data/external/dataexternalverite-repository/VERITE/images/true_89.jpg,0,0,0.5938568711280823,0,0.6675664782524109,0,0.9512469172477722,0,0.5843639969825745,a green screen with a white background
268,A photograph shows U.S. Representative Ilhan Omar training in Jihad Academy.,/Users/_mathanga_thalayan_/fake–news–detection–project/data/external/dataexternalverite-repository/VERITE/images/true_89.jpg,1,1,0.8376944065093994,0,0.6770020127296448,1,0.7689335942268372,0,0.5014359951019287,a green screen with a white background
269,"A photograph shows a woman recruit of the Somali Army checking her automatic weapon at a military training campus at Halane, Mogadishu, on Feb. 25, 1978.",/Users/_mathanga_thalayan_/fake–news–detection–project/data/external/dataexternalverite-repository/VERITE/images/false_89.jpg,1,0,0.5938568711280823,0,0.6691771745681763,0,0.9906919598579407,0,0.5686346292495728,a purple background with a white border
270,A long exposure photograph of an ingloo that is illuminated by a flashlight inside of it.,/Users/_mathanga_thalayan_/fake–news–detection–project/data/external/dataexternalverite-repository/VERITE/images/true_90.jpg,0,1,0.9715939164161682,1,0.5490603446960449,1,0.8197773694992065,0,0.5155656337738037,a green background with a white border
271,A photograph shows an igloo that is illuminated by a fire built inside of it.,/Users/_mathanga_thalayan_/fake–news–detection–project/data/external/dataexternalverite-repository/VERITE/images/true_90.jpg,1,1,0.9798594117164612,0,0.6489036083221436,0,0.7262498140335083,1,0.5016120076179504,a green background with a white border
272,A long exposure photograph of an ingloo that is illuminated by a flashlight inside of it.,/Users/_mathanga_thalayan_/fake–news–detection–project/data/external/dataexternalverite-repository/VERITE/images/false_90.jpg,1,1,0.9715939164161682,1,0.5567792654037476,1,0.7116245031356812,0,0.5131350159645081,a teal green color with a white border
273,"A photograph of a homeless encampment in San Jose, California, southeast of San Francisco.",/Users/_mathanga_thalayan_/fake–news–detection–project/data/external/dataexternalverite-repository/VERITE/images/true_91.jpg,0,1,0.6927180290222168,1,0.5993079543113708,0,0.981450080871582,1,0.5027254223823547,a red background with a white border
274,"A photograph of a homeless encampment in San Francisco, California, an effect of big government policies by House Speaker Nancy Pelosi.",/Users/_mathanga_thalayan_/fake–news–detection–project/data/external/dataexternalverite-repository/VERITE/images/true_91.jpg,1,0,0.7506224513053894,1,0.5548826456069946,1,0.7159009575843811,1,0.5084355473518372,a red background with a white border
275,"A photograph of a homeless encampment in San Jose, California, southeast of San Francisco.",/Users/_mathanga_thalayan_/fake–news–detection–project/data/external/dataexternalverite-repository/VERITE/images/false_91.jpg,1,1,0.6927180290222168,1,0.5967578291893005,0,0.9837489128112793,1,0.5023869872093201,a blue background with a white border
276,"Photograph shows House Speaker Nancy Pelosi and 13 members of Congress in Ghana, marked the 400-year anniversary of the first slave ships' arrival in the U.S.",/Users/_mathanga_thalayan_/fake–news–detection–project/data/external/dataexternalverite-repository/VERITE/images/true_92.jpg,0,0,0.719182014465332,0,0.6637809872627258,1,0.7004010081291199,0,0.5276875495910645,a green screen with a white background
277,Photograph shows Democratic members of the U.S. House of Representatives vacationing in Italy with tax player money.,/Users/_mathanga_thalayan_/fake–news–detection–project/data/external/dataexternalverite-repository/VERITE/images/true_92.jpg,1,0,0.8163176774978638,0,0.6716955304145813,1,0.8225848078727722,0,0.504653811454773,a green screen with a white background
278,"Photograph shows House Speaker Nancy Pelosi and 13 members of Congress in Ghana, marked the 400-year anniversary of the first slave ships' arrival in the U.S.",/Users/_mathanga_thalayan_/fake–news–detection–project/data/external/dataexternalverite-repository/VERITE/images/false_92.jpg,1,0,0.719182014465332,0,0.6734914183616638,0,0.96722412109375,0,0.5104722380638123,a blue background with a white border
279,"Image shows an archaeologist excavating the remains of a woolly mammoth that was found at a quarry site near Paris, France in November 2012.",/Users/_mathanga_thalayan_/fake–news–detection–project/data/external/dataexternalverite-repository/VERITE/images/true_93.jpg,0,1,0.8256711363792419,0,0.6613276600837708,0,0.9793763160705566,1,0.5121293663978577,a dark green color with a white background
280,Image shows a 5-meter-tall (approximately 16.5 feet) human skeleton unearthed that was discovered near the ancient ruins of the only megalithic civilization ever discovered in Australia in July 2015.,/Users/_mathanga_thalayan_/fake–news–detection–project/data/external/dataexternalverite-repository/VERITE/images/true_93.jpg,1,1,0.764653742313385,1,0.5583376884460449,0,0.6507140398025513,0,0.5028918385505676,a dark green color with a white background
281,"Image shows an archaeologist excavating the remains of a woolly mammoth that was found at a quarry site near Paris, France in November 2012.",/Users/_mathanga_thalayan_/fake–news–detection–project/data/external/dataexternalverite-repository/VERITE/images/false_93.jpg,1,1,0.8256711363792419,0,0.6770215630531311,0,0.9213420152664185,1,0.510835587978363,a brown paint color with a light brown background
282,'Keep NYC Trash free' posters by street artist Winston Tseng depicting people wearing 'Make America Great Again' hats.,/Users/_mathanga_thalayan_/fake–news–detection–project/data/external/dataexternalverite-repository/VERITE/images/true_94.jpg,0,0,0.9987764954566956,0,0.6786296963691711,0,0.9715860486030579,0,0.5100262761116028,a green color with a white border
283,'Keep NYC Trash free' posters by NYC's sanitation department depicting people wearing 'Make America Great Again' hats and carrying Bibles.,/Users/_mathanga_thalayan_/fake–news–detection–project/data/external/dataexternalverite-repository/VERITE/images/true_94.jpg,1,0,0.9975417852401733,1,0.5672891736030579,0,0.9698253273963928,0,0.515404224395752,a green color with a white border
284,'Keep NYC Trash free' posters by street artist Winston Tseng depicting people wearing 'Make America Great Again' hats.,/Users/_mathanga_thalayan_/fake–news–detection–project/data/external/dataexternalverite-repository/VERITE/images/false_94.jpg,1,0,0.9987764954566956,0,0.6691911220550537,0,0.9293890595436096,0,0.5241162776947021,a purple background with a white border
285,Image shows a 'We plan to cut all homeless people in half by 2025' sign created by street artist who goes by the name of Foka Wolf.,/Users/_mathanga_thalayan_/fake–news–detection–project/data/external/dataexternalverite-repository/VERITE/images/true_95.jpg,0,1,0.8983359336853027,0,0.6777891516685486,0,0.5628665685653687,0,0.5029628276824951,a gray color with a white border
286,Image shows signs posted by the UK Conservative Party vowing 'We plan to cut all homeless people in half by 2025',/Users/_mathanga_thalayan_/fake–news–detection–project/data/external/dataexternalverite-repository/VERITE/images/true_95.jpg,1,0,0.8351465463638306,1,0.5768581628799438,0,0.8973734974861145,1,0.5106652975082397,a gray color with a white border
287,Image shows a 'We plan to cut all homeless people in half by 2025' sign created by street artist who goes by the name of Foka Wolf.,/Users/_mathanga_thalayan_/fake–news–detection–project/data/external/dataexternalverite-repository/VERITE/images/false_95.jpg,1,1,0.8983359336853027,0,0.6660696268081665,0,0.9564106464385986,0,0.5091235041618347,a purple background with a white border
288,A photograph shows three U.S. women's soccers players after visiting the Jewish heritage museum in New York City.,/Users/_mathanga_thalayan_/fake–news–detection–project/data/external/dataexternalverite-repository/VERITE/images/true_96.jpg,0,1,0.8846579790115356,0,0.6515225768089294,0,0.8484508395195007,0,0.5059077143669128,a green color with a white background
289,U.S. women's soccer player giving the Nazi salute in front of a Jewish heritage museum in New York City.,/Users/_mathanga_thalayan_/fake–news–detection–project/data/external/dataexternalverite-repository/VERITE/images/true_96.jpg,1,1,0.9440534710884094,0,0.6530776023864746,0,0.9377445578575134,1,0.5070256590843201,a green color with a white background
290,A photograph shows three U.S. women's soccers players after visiting the Jewish heritage museum in New York City.,/Users/_mathanga_thalayan_/fake–news–detection–project/data/external/dataexternalverite-repository/VERITE/images/false_96.jpg,1,1,0.8846579790115356,0,0.6556937098503113,0,0.7755079865455627,0,0.5097330808639526,a pink background with a white border
291,"A photograph shows columns of tanks taking part in the U.S. military tanks parade near Capitol Building, Washington DC in 1974.",/Users/_mathanga_thalayan_/fake–news–detection–project/data/external/dataexternalverite-repository/VERITE/images/true_97.jpg,0,0,0.9764269590377808,1,0.538456380367279,0,0.9182255864143372,0,0.5354503393173218,a purple background with a white border
292,A photograph shows columns of tanks taking part in President John Kennedy's inaugural parade.,/Users/_mathanga_thalayan_/fake–news–detection–project/data/external/dataexternalverite-repository/VERITE/images/true_97.jpg,1,0,0.9976619482040405,0,0.6828888058662415,0,0.9677256941795349,0,0.5130916833877563,a purple background with a white border
293,"A photograph shows columns of tanks taking part in the U.S. military tanks parade near Capitol Building, Washington DC in 1974.",/Users/_mathanga_thalayan_/fake–news–detection–project/data/external/dataexternalverite-repository/VERITE/images/false_97.jpg,1,0,0.9764269590377808,1,0.5611355900764465,0,0.98618084192276,0,0.5126903653144836,a brown color with a white border
294,A German-English dictionary used as part of a crystallization experiment by Catherine McEver in 2014.,/Users/_mathanga_thalayan_/fake–news–detection–project/data/external/dataexternalverite-repository/VERITE/images/true_98.jpg,0,1,0.8638430833816528,1,0.5844029784202576,0,0.9600801467895508,1,0.5110465884208679,a purple background with a white border
295,A photograph shows an encrusted but readable Bible found at the bottom of the ocean.,/Users/_mathanga_thalayan_/fake–news–detection–project/data/external/dataexternalverite-repository/VERITE/images/true_98.jpg,1,1,0.9034951329231262,1,0.5815935730934143,0,0.9375180006027222,0,0.515770435333252,a purple background with a white border
296,A German-English dictionary used as part of a crystallization experiment by Catherine McEver in 2014.,/Users/_mathanga_thalayan_/fake–news–detection–project/data/external/dataexternalverite-repository/VERITE/images/false_98.jpg,1,1,0.8638430833816528,1,0.5675361156463623,0,0.9732276201248169,1,0.5099098086357117,a blue background with a white border
297,Photograph shows an artistic project created to 'shock and inform' viewers about the dangers of plastic surgery.,/Users/_mathanga_thalayan_/fake–news–detection–project/data/external/dataexternalverite-repository/VERITE/images/true_99.jpg,0,0,0.6259346008300781,0,0.6746850609779358,1,0.6092011332511902,0,0.5106586813926697,a red square with a white border
298,"Photograph shows a 68-year-old woman, human 'Barbie Doll', after a number of botched surgeries.",/Users/_mathanga_thalayan_/fake–news–detection–project/data/external/dataexternalverite-repository/VERITE/images/true_99.jpg,1,1,0.8086564540863037,0,0.6710108518600464,0,0.5019882321357727,0,0.5224876403808594,a red square with a white border
299,Photograph shows an artistic project created to 'shock and inform' viewers about the dangers of plastic surgery.,/Users/_mathanga_thalayan_/fake–news–detection–project/data/external/dataexternalverite-repository/VERITE/images/false_99.jpg,1,0,0.6259346008300781,0,0.6779516935348511,0,0.6049970388412476,0,0.5066243410110474,a pink background with a white border
300,Photograph of U.S. President Joe Biden holding hands in solidarity with U.S. Senator Robert Byrd.,/Users/_mathanga_thalayan_/fake–news–detection–project/data/external/dataexternalverite-repository/VERITE/images/true_100.jpg,0,0,0.9952734112739563,0,0.6719040870666504,0,0.9914435744285583,0,0.5054404139518738,a green background with a white border
301,Photograph of U.S. President Joe Biden holding hands in solidarity with the Grand Wizard of the Ku Klux Klan.,/Users/_mathanga_thalayan_/fake–news–detection–project/data/external/dataexternalverite-repository/VERITE/images/true_100.jpg,1,0,0.9995267391204834,0,0.6720793843269348,0,0.992203950881958,0,0.5088889002799988,a green background with a white border
302,Photograph of U.S. President Joe Biden holding hands in solidarity with U.S. Senator Robert Byrd.,/Users/_mathanga_thalayan_/fake–news–detection–project/data/external/dataexternalverite-repository/VERITE/images/false_100.jpg,1,0,0.9952734112739563,0,0.6666083931922913,0,0.9924231171607971,0,0.5054404139518738,a green background with a white border
303,Photographs show children at an immigrant detention center sleeping with aluminum blankets during U.S. President Barack Obama's administration in 2015.,/Users/_mathanga_thalayan_/fake–news–detection–project/data/external/dataexternalverite-repository/VERITE/images/true_101.jpg,0,1,0.5538844466209412,0,0.66818767786026,0,0.8781937956809998,1,0.5027340650558472,a green screen with a white background
304,Photographs show children at an immigrant detention center sleeping with aluminum blankets during U.S. President Donald Trump's administration in 2019.,/Users/_mathanga_thalayan_/fake–news–detection–project/data/external/dataexternalverite-repository/VERITE/images/true_101.jpg,1,0,0.8494114279747009,0,0.668334424495697,0,0.8882973790168762,1,0.5036319494247437,a green screen with a white background
305,Photographs show children at an immigrant detention center sleeping with aluminum blankets during U.S. President Barack Obama's administration in 2015.,/Users/_mathanga_thalayan_/fake–news–detection–project/data/external/dataexternalverite-repository/VERITE/images/false_101.jpg,1,1,0.5538844466209412,0,0.6736840009689331,0,0.9437950253486633,1,0.5156071186065674,a blue background with a white border
306,A photograph of a modern artwork created in 2014 by the artist Kimball explored the character of Batman through the lens of Mexican creativity.,/Users/_mathanga_thalayan_/fake–news–detection–project/data/external/dataexternalverite-repository/VERITE/images/true_102.jpg,0,1,0.5397905707359314,0,0.5953115820884705,0,0.7444294095039368,0,0.50719153881073,a green screen with a white background
307,A photograph shows an ancient sculpture resembling the pop culture superhero character of Batman.,/Users/_mathanga_thalayan_/fake–news–detection–project/data/external/dataexternalverite-repository/VERITE/images/true_102.jpg,1,1,0.7986410856246948,0,0.6592724919319153,0,0.950645387172699,0,0.5218942761421204,a green screen with a white background
308,A photograph of a modern artwork created in 2014 by the artist Kimball explored the character of Batman through the lens of Mexican creativity.,/Users/_mathanga_thalayan_/fake–news–detection–project/data/external/dataexternalverite-repository/VERITE/images/false_102.jpg,1,1,0.5397905707359314,0,0.5937053561210632,0,0.9752116799354553,0,0.5052000880241394,a purple background with a white border
309,An image of a 12-year-old girl in Brazil with an enlarged liver and spleen.,/Users/_mathanga_thalayan_/fake–news–detection–project/data/external/dataexternalverite-repository/VERITE/images/true_103.jpg,0,1,0.9266720414161682,1,0.5811505317687988,0,0.9894736409187317,0,0.5062974691390991,a bright orange color with a white background
310,A 9-year-old girl who was impregnated by a Muslim man.,/Users/_mathanga_thalayan_/fake–news–detection–project/data/external/dataexternalverite-repository/VERITE/images/true_103.jpg,1,1,0.8260893225669861,0,0.6589407324790955,0,0.9810209274291992,0,0.5221821665763855,a bright orange color with a white background
311,An image of a 12-year-old girl in Brazil with an enlarged liver and spleen.,/Users/_mathanga_thalayan_/fake–news–detection–project/data/external/dataexternalverite-repository/VERITE/images/false_103.jpg,1,1,0.9266720414161682,1,0.5749580264091492,0,0.9897058010101318,1,0.5076415538787842,a blue background with a white border
312,"A photogram shows a pile of rubbish left in Hyde Park in the aftermath of a celebration for 420, a marijuana-centric holiday.",/Users/_mathanga_thalayan_/fake–news–detection–project/data/external/dataexternalverite-repository/VERITE/images/true_104.jpg,0,1,0.8246358036994934,1,0.5842030644416809,0,0.9290132522583008,1,0.5064604878425598,a green background with a white border
313,"A photograph shows a pile of rubbish left in Hyde Park by global-warming protesters in April, 2019.",/Users/_mathanga_thalayan_/fake–news–detection–project/data/external/dataexternalverite-repository/VERITE/images/true_104.jpg,1,0,0.8010216355323792,0,0.6213380694389343,0,0.9679015278816223,1,0.5196722745895386,a green background with a white border
314,"A photogram shows a pile of rubbish left in Hyde Park in the aftermath of a celebration for 420, a marijuana-centric holiday.",/Users/_mathanga_thalayan_/fake–news–detection–project/data/external/dataexternalverite-repository/VERITE/images/false_104.jpg,1,1,0.8246358036994934,1,0.5737863183021545,0,0.8391188383102417,1,0.5048381090164185,a brown background with a white border
315,"A map documents a wide range of nefarious activity, such as vandalism, theft, and arson, that occurred at both churches and cemeteries over an apparent span of two years.",/Users/_mathanga_thalayan_/fake–news–detection–project/data/external/dataexternalverite-repository/VERITE/images/true_105.jpg,0,1,0.9953692555427551,0,0.6715003252029419,0,0.5576988458633423,0,0.5525554418563843,a red color with a white background
316,A map shows all of the churches that were destroyed in France in the last four years.,/Users/_mathanga_thalayan_/fake–news–detection–project/data/external/dataexternalverite-repository/VERITE/images/true_105.jpg,1,1,0.9954556226730347,1,0.5813756585121155,0,0.75925612449646,0,0.509445309638977,a red color with a white background
317,"A map documents a wide range of nefarious activity, such as vandalism, theft, and arson, that occurred at both churches and cemeteries over an apparent span of two years.",/Users/_mathanga_thalayan_/fake–news–detection–project/data/external/dataexternalverite-repository/VERITE/images/false_105.jpg,1,1,0.9953692555427551,0,0.669818103313446,1,0.9259545803070068,0,0.5710553526878357,a green screen with a white background
318,A photograph taken in 2012 by Steve Klein depicts Brad Pitt dressed like Bob Marley.,/Users/_mathanga_thalayan_/fake–news–detection–project/data/external/dataexternalverite-repository/VERITE/images/true_106.jpg,0,1,0.7745078206062317,0,0.6715315580368042,0,0.818639874458313,0,0.5275841355323792,a green screen with a white background
319,A photograph shows Brad Pitt in costume as Bob Marley in preparation for an upcoming biopic.,/Users/_mathanga_thalayan_/fake–news–detection–project/data/external/dataexternalverite-repository/VERITE/images/true_106.jpg,1,0,0.8812337517738342,0,0.6753011345863342,0,0.9577898383140564,0,0.5255746841430664,a green screen with a white background
320,A photograph taken in 2012 by Steve Klein depicts Brad Pitt dressed like Bob Marley.,/Users/_mathanga_thalayan_/fake–news–detection–project/data/external/dataexternalverite-repository/VERITE/images/false_106.jpg,1,1,0.7745078206062317,0,0.6805936694145203,0,0.9787807464599609,0,0.5129576921463013,a green color with a white border
321,A photograph shows piles of money thrown in a gutter in Venezuela of an older and now invalid form of currency that was tossed aside after the looting of a bank.,/Users/_mathanga_thalayan_/fake–news–detection–project/data/external/dataexternalverite-repository/VERITE/images/true_107.jpg,0,1,0.7592945694923401,1,0.5389823317527771,0,0.9780639410018921,0,0.506753146648407,a green background with a white border
322,"A photograph shows piles of money thrown in a gutter in Venezuela, money made worthless due to socialism.",/Users/_mathanga_thalayan_/fake–news–detection–project/data/external/dataexternalverite-repository/VERITE/images/true_107.jpg,1,0,0.957111656665802,0,0.6624695062637329,0,0.90956050157547,1,0.5043224692344666,a green background with a white border
323,A photograph shows piles of money thrown in a gutter in Venezuela of an older and now invalid form of currency that was tossed aside after the looting of a bank.,/Users/_mathanga_thalayan_/fake–news–detection–project/data/external/dataexternalverite-repository/VERITE/images/false_107.jpg,1,1,0.7592945694923401,1,0.5248661637306213,0,0.9887002110481262,0,0.5069209337234497,a blue background with a white border
324,An image of a toy called 'Abortion Barbie' that was created by an artist to make a politican point against former Texas state senator Wendy Davis.,/Users/_mathanga_thalayan_/fake–news–detection–project/data/external/dataexternalverite-repository/VERITE/images/true_108.jpg,0,1,0.9305898547172546,0,0.6512105464935303,0,0.98883455991745,0,0.5098059773445129,a green background with a white border
325,"An image shows product by toy company Mattel called 'Abortion Barbie' that has a cut-out midsection revealing a black fetus doll inside, a light-skinned fetus doll beside her, and a life-size pair of scissors.",/Users/_mathanga_thalayan_/fake–news–detection–project/data/external/dataexternalverite-repository/VERITE/images/true_108.jpg,1,1,0.9450942277908325,0,0.5733447670936584,0,0.9646062850952148,0,0.513434648513794,a green background with a white border
326,An image of a toy called 'Abortion Barbie' that was created by an artist to make a politican point against former Texas state senator Wendy Davis.,/Users/_mathanga_thalayan_/fake–news–detection–project/data/external/dataexternalverite-repository/VERITE/images/false_108.jpg,1,1,0.9305898547172546,0,0.6496320962905884,0,0.9913201928138733,0,0.5113685727119446,a blue background with a white border
327,A photograph of Quran stained with the blood claimed to be of children massacred in a US drone strike in Somalia that destroyed a Qur'an school and a Hospital in September 2018,/Users/_mathanga_thalayan_/fake–news–detection–project/data/external/dataexternalverite-repository/VERITE/images/true_109.jpg,0,1,0.6102129220962524,1,0.5923696160316467,0,0.8242158889770508,1,0.5090141296386719,a brown paint color with a white border
328,A photograph shows a blood-stained Quran found after the March 2019 Christchurch mass shootings.,/Users/_mathanga_thalayan_/fake–news–detection–project/data/external/dataexternalverite-repository/VERITE/images/true_109.jpg,1,1,0.7378395199775696,0,0.547818660736084,1,0.7444308996200562,1,0.5066785216331482,a brown paint color with a white border
329,A photograph of Quran stained with the blood claimed to be of children massacred in a US drone strike in Somalia that destroyed a Qur'an school and a Hospital in September 2018,/Users/_mathanga_thalayan_/fake–news–detection–project/data/external/dataexternalverite-repository/VERITE/images/false_109.jpg,1,1,0.6102129220962524,1,0.5818939208984375,0,0.825897753238678,1,0.5090141296386719,a brown paint color with a white border
330,A photograph captures a 7-year-old girl feeling embarrassed for making several mistakes during her participating in a Quran recital competition.,/Users/_mathanga_thalayan_/fake–news–detection–project/data/external/dataexternalverite-repository/VERITE/images/true_110.jpg,0,1,0.8440021872520447,0,0.67409747838974,1,0.5676348209381104,0,0.5169643759727478,a green background with a white border
331,A photograph shows a 7-year-old girl that forced into marriage by Muslims.,/Users/_mathanga_thalayan_/fake–news–detection–project/data/external/dataexternalverite-repository/VERITE/images/true_110.jpg,1,1,0.8202188611030579,0,0.678897500038147,0,0.9403261542320251,0,0.5050939917564392,a green background with a white border
332,A photograph captures a 7-year-old girl feeling embarrassed for making several mistakes during her participating in a Quran recital competition.,/Users/_mathanga_thalayan_/fake–news–detection–project/data/external/dataexternalverite-repository/VERITE/images/false_110.jpg,1,1,0.8440021872520447,0,0.6696308851242065,0,0.7061642408370972,0,0.514353334903717,a red background with a white border
333,A photograph shows Joe Biden kissing his grandson at the funeral of Beau Biden.,/Users/_mathanga_thalayan_/fake–news–detection–project/data/external/dataexternalverite-repository/VERITE/images/true_111.jpg,0,0,0.6958998441696167,0,0.6745171546936035,0,0.9911152124404907,0,0.5284677147865295,a pink background with a white border
334,A photograph shows Joe Biden acting in a discomforting manner with a young boy.,/Users/_mathanga_thalayan_/fake–news–detection–project/data/external/dataexternalverite-repository/VERITE/images/true_111.jpg,1,1,0.6879550218582153,0,0.6760076880455017,0,0.990263819694519,0,0.5199652314186096,a pink background with a white border
335,A photograph shows Joe Biden kissing his grandson at the funeral of Beau Biden.,/Users/_mathanga_thalayan_/fake–news–detection–project/data/external/dataexternalverite-repository/VERITE/images/false_111.jpg,1,0,0.6958998441696167,0,0.6727564334869385,0,0.9791216254234314,0,0.5262030959129333,a green background with a white border
336,"A photograph captures a protest by a group of Pakistani refugees who had made their way to Lesbos island, Greece, in March 2016.",/Users/_mathanga_thalayan_/fake–news–detection–project/data/external/dataexternalverite-repository/VERITE/images/true_112.jpg,0,0,0.9559029936790466,0,0.6254082918167114,0,0.9788140654563904,1,0.5049373507499695,a red background with a white border
337,A photograph captures a male-only refugee caravan approaching the border between the United States and Mexico in February 2019.,/Users/_mathanga_thalayan_/fake–news–detection–project/data/external/dataexternalverite-repository/VERITE/images/true_112.jpg,1,0,0.8838421702384949,0,0.648317277431488,0,0.980908989906311,1,0.5121057033538818,a red background with a white border
338,"A photograph captures a protest by a group of Pakistani refugees who had made their way to Lesbos island, Greece, in March 2016.",/Users/_mathanga_thalayan_/fake–news–detection–project/data/external/dataexternalverite-repository/VERITE/images/false_112.jpg,1,0,0.9559029936790466,0,0.6234540343284607,0,0.9643267393112183,1,0.504058837890625,a blue background with a white border
339,"A photograph captures a cruise ship starting up its turbines before dropping anchor, stiring sand and mud from the bottom of the water, causing the brown clouds visible in the water.",/Users/_mathanga_thalayan_/fake–news–detection–project/data/external/dataexternalverite-repository/VERITE/images/true_113.jpg,0,1,0.7191768884658813,0,0.5293801426887512,1,0.5826622247695923,0,0.5276811718940735,a yellow background with a white border
340,A photograph captures a cruise ship dumping human waste near a coastal city.,/Users/_mathanga_thalayan_/fake–news–detection–project/data/external/dataexternalverite-repository/VERITE/images/true_113.jpg,1,1,0.6941784620285034,0,0.6729018688201904,0,0.8317544460296631,0,0.502161979675293,a yellow background with a white border
341,"A photograph captures a cruise ship starting up its turbines before dropping anchor, stiring sand and mud from the bottom of the water, causing the brown clouds visible in the water.",/Users/_mathanga_thalayan_/fake–news–detection–project/data/external/dataexternalverite-repository/VERITE/images/false_113.jpg,1,1,0.7191768884658813,0,0.5195044875144958,0,0.601982593536377,0,0.5230421423912048,a green background with a white border
342,A photograph shows an extra from the film Dunkirk doing a 'dab' in the summer of 2016.,/Users/_mathanga_thalayan_/fake–news–detection–project/data/external/dataexternalverite-repository/VERITE/images/true_114.jpg,0,0,0.8651916980743408,0,0.683340847492218,0,0.8294312357902527,1,0.502091646194458,a white and black background with a white border
343,A photograph shows a soldier doing the 'world's first dab' in 1932.,/Users/_mathanga_thalayan_/fake–news–detection–project/data/external/dataexternalverite-repository/VERITE/images/true_114.jpg,1,0,0.9960657954216003,0,0.6835607290267944,0,0.8599532842636108,0,0.5237951278686523,a white and black background with a white border
344,A photograph shows an extra from the film Dunkirk doing a 'dab' in the summer of 2016.,/Users/_mathanga_thalayan_/fake–news–detection–project/data/external/dataexternalverite-repository/VERITE/images/false_114.jpg,1,0,0.8651916980743408,0,0.6765631437301636,0,0.9822920560836792,1,0.5083097219467163,a blue background with a white border
345,"A photograph shows 'Osman the Pelican' that befriended a stray on in Erdek, Turkey, circa 2007.",/Users/_mathanga_thalayan_/fake–news–detection–project/data/external/dataexternalverite-repository/VERITE/images/true_115.jpg,0,1,0.6942529678344727,0,0.67022305727005,0,0.9894969463348389,0,0.5223039388656616,a purple background with a white border
346,A photograph shows 'Petey the Pelican' that befriended a stray dog that was hanging out in the docks.,/Users/_mathanga_thalayan_/fake–news–detection–project/data/external/dataexternalverite-repository/VERITE/images/true_115.jpg,1,1,0.7927893996238708,0,0.6690104007720947,0,0.9706383347511292,0,0.5517557263374329,a purple background with a white border
347,"A photograph shows 'Osman the Pelican' that befriended a stray on in Erdek, Turkey, circa 2007.",/Users/_mathanga_thalayan_/fake–news–detection–project/data/external/dataexternalverite-repository/VERITE/images/false_115.jpg,1,1,0.6942529678344727,0,0.6810258626937866,0,0.9700270891189575,0,0.5186959505081177,a blue background with a white border
348,A photograph shows Migrant Cubans using mobile phones inside the migrant shelter 'Casa del Migrante' in Mexico. They only have one hour of cell phone usage for security purposes.,/Users/_mathanga_thalayan_/fake–news–detection–project/data/external/dataexternalverite-repository/VERITE/images/true_116.jpg,0,1,0.9934191107749939,0,0.6725820899009705,0,0.9897578954696655,0,0.5157102942466736,a green background with a white border
349,"A photograph of Central American asylum seekers using mobile phones, which calls into question how they pay for those services.",/Users/_mathanga_thalayan_/fake–news–detection–project/data/external/dataexternalverite-repository/VERITE/images/true_116.jpg,1,1,0.924925684928894,1,0.5743381381034851,0,0.9905333518981934,1,0.5177792310714722,a green background with a white border
350,A photograph shows Migrant Cubans using mobile phones inside the migrant shelter 'Casa del Migrante' in Mexico. They only have one hour of cell phone usage for security purposes.,/Users/_mathanga_thalayan_/fake–news–detection–project/data/external/dataexternalverite-repository/VERITE/images/false_116.jpg,1,1,0.9934191107749939,0,0.6676425933837891,0,0.9900811314582825,0,0.5126243829727173,a red background with a white border
351,A photograph shows personnel of the U.S. Customs and Border Protection who have been injured from being struck in the face and head in 2013 in Texas.,/Users/_mathanga_thalayan_/fake–news–detection–project/data/external/dataexternalverite-repository/VERITE/images/true_117.jpg,0,1,0.9903910160064697,1,0.5531550049781799,0,0.9506321549415588,0,0.5161499977111816,a yellow background with a white border
352,"A photograph shows a U.S. Border Patrol agent who was injured by a thrown rock from the other side of the border, in November 2018 in California.",/Users/_mathanga_thalayan_/fake–news–detection–project/data/external/dataexternalverite-repository/VERITE/images/true_117.jpg,1,1,0.8522965908050537,1,0.5370457172393799,0,0.796151340007782,0,0.5049265623092651,a yellow background with a white border
353,A photograph shows personnel of the U.S. Customs and Border Protection who have been injured from being struck in the face and head in 2013 in Texas.,/Users/_mathanga_thalayan_/fake–news–detection–project/data/external/dataexternalverite-repository/VERITE/images/false_117.jpg,1,1,0.9903910160064697,1,0.5716149210929871,0,0.9573942422866821,0,0.5071662068367004,a brown color with a white background
354,A photograph shows dozens of guitars that were damaged during Typhoon Mangkhut in the Guangdong province of southern China in September 2018.,/Users/_mathanga_thalayan_/fake–news–detection–project/data/external/dataexternalverite-repository/VERITE/images/true_118.jpg,0,1,0.6253002882003784,1,0.5794090032577515,0,0.9869588017463684,1,0.5018090605735779,a purple background with a white border
355,A photograph shows a graveyard of guitars confiscated by law enforcement from street musicians in Brazil.,/Users/_mathanga_thalayan_/fake–news–detection–project/data/external/dataexternalverite-repository/VERITE/images/true_118.jpg,1,1,0.851883053779602,1,0.5805773735046387,0,0.9872472286224365,1,0.505185067653656,a purple background with a white border
356,A photograph shows dozens of guitars that were damaged during Typhoon Mangkhut in the Guangdong province of southern China in September 2018.,/Users/_mathanga_thalayan_/fake–news–detection–project/data/external/dataexternalverite-repository/VERITE/images/false_118.jpg,1,1,0.6253002882003784,1,0.5698491334915161,0,0.9836993217468262,1,0.5014069676399231,a blue background with a white border
357,A photograph showing a puppet known as 'Paula the Polar Bear' exiting a tram in the Czech Republic city of Brno during a 'Save the Arctic' campaign by Greenpeace.,/Users/_mathanga_thalayan_/fake–news–detection–project/data/external/dataexternalverite-repository/VERITE/images/true_119.jpg,0,1,0.6351088881492615,1,0.5750271081924438,0,0.9749334454536438,0,0.501034140586853,a green screen with a white background
358,A photograph showing a polar bear taking public transportation in Russia.,/Users/_mathanga_thalayan_/fake–news–detection–project/data/external/dataexternalverite-repository/VERITE/images/true_119.jpg,1,1,0.688870906829834,0,0.6712960600852966,0,0.9834700226783752,0,0.513464629650116,a green screen with a white background
359,A photograph showing a puppet known as 'Paula the Polar Bear' exiting a tram in the Czech Republic city of Brno during a 'Save the Arctic' campaign by Greenpeace.,/Users/_mathanga_thalayan_/fake–news–detection–project/data/external/dataexternalverite-repository/VERITE/images/false_119.jpg,1,1,0.6351088881492615,1,0.5637767314910889,0,0.9852094054222107,1,0.5028165578842163,a pink background with a white border
360,"A photograph shows a man in a polar bear costume being arrested during Flood Wall Street, an environmental protest staged in downtown Manhattan in 2014.",/Users/_mathanga_thalayan_/fake–news–detection–project/data/external/dataexternalverite-repository/VERITE/images/true_120.jpg,0,1,0.8448378443717957,0,0.6685329079627991,0,0.9727880358695984,1,0.5106468200683594,a dark brown color with a white border
361,A photograph shows a man in a polar bear costume being arrested for tearing apart tents of Black Friday campers.,/Users/_mathanga_thalayan_/fake–news–detection–project/data/external/dataexternalverite-repository/VERITE/images/true_120.jpg,1,1,0.9673447012901306,0,0.6806857585906982,0,0.941746711730957,0,0.5199828743934631,a dark brown color with a white border
362,"A photograph shows a man in a polar bear costume being arrested during Flood Wall Street, an environmental protest staged in downtown Manhattan in 2014.",/Users/_mathanga_thalayan_/fake–news–detection–project/data/external/dataexternalverite-repository/VERITE/images/false_120.jpg,1,1,0.8448378443717957,0,0.6621891260147095,0,0.9495110511779785,1,0.5035299062728882,a pink background with a white border
363,"A photograph shows morning commuters driving in San Diego during the Skirball fire near Bel-Air, California, in December 2017.",/Users/_mathanga_thalayan_/fake–news–detection–project/data/external/dataexternalverite-repository/VERITE/images/true_121.jpg,0,0,0.685828447341919,1,0.5153037905693054,0,0.9741854071617126,0,0.5090394020080566,a green screen with a white background
364,A photograph shows highway traffic along a large California wildfire in November 2018.,/Users/_mathanga_thalayan_/fake–news–detection–project/data/external/dataexternalverite-repository/VERITE/images/true_121.jpg,1,0,0.9016746878623962,1,0.590707004070282,0,0.8991125822067261,1,0.5226342082023621,a green screen with a white background
365,"A photograph shows morning commuters driving in San Diego during the Skirball fire near Bel-Air, California, in December 2017.",/Users/_mathanga_thalayan_/fake–news–detection–project/data/external/dataexternalverite-repository/VERITE/images/false_121.jpg,1,0,0.685828447341919,1,0.5179672241210938,0,0.9615557193756104,0,0.5011037588119507,a purple background with a white border
366,"A photograph shows a fawn and a bobcat huddled together at the 'Animal Rescue Team' fascility during the Jesusita wildfire near Santa Barbara, California in May 2009.",/Users/_mathanga_thalayan_/fake–news–detection–project/data/external/dataexternalverite-repository/VERITE/images/true_122.jpg,0,0,0.6087940335273743,0,0.5703114867210388,0,0.933268129825592,0,0.5092335939407349,a blue background with a white border
367,A photograph shows a fawn and a bobcat huddled together during the California Camp Fire of November 2018.,/Users/_mathanga_thalayan_/fake–news–detection–project/data/external/dataexternalverite-repository/VERITE/images/true_122.jpg,1,1,0.5363048911094666,0,0.5224834084510803,0,0.9847224354743958,1,0.501435399055481,a blue background with a white border
368,"A photograph shows a fawn and a bobcat huddled together at the 'Animal Rescue Team' fascility during the Jesusita wildfire near Santa Barbara, California in May 2009.",/Users/_mathanga_thalayan_/fake–news–detection–project/data/external/dataexternalverite-repository/VERITE/images/false_122.jpg,1,0,0.6087940335273743,0,0.5649341344833374,0,0.9718179106712341,0,0.5091333985328674,a purple background with a white border
369,A photograph shows former president Barack Obama visiting Arlington National Cemetery during Veterans Day in 2009.,/Users/_mathanga_thalayan_/fake–news–detection–project/data/external/dataexternalverite-repository/VERITE/images/true_123.jpg,0,1,0.5896191596984863,0,0.6683022975921631,0,0.988772451877594,0,0.5077062845230103,a green screen with a white background
370,A photograph shows former president Barack Obama visiting Arlington National Cemetery alone in the rain in November 2018.,/Users/_mathanga_thalayan_/fake–news–detection–project/data/external/dataexternalverite-repository/VERITE/images/true_123.jpg,1,0,0.6913952231407166,0,0.6608006358146667,0,0.9786186814308167,0,0.5107805728912354,a green screen with a white background
371,A photograph shows former president Barack Obama visiting Arlington National Cemetery during Veterans Day in 2009.,/Users/_mathanga_thalayan_/fake–news–detection–project/data/external/dataexternalverite-repository/VERITE/images/false_123.jpg,1,1,0.5896191596984863,0,0.6789392232894897,0,0.990978479385376,0,0.5020002126693726,a purple background with a white border
372,A photograph shows a protester standing on a U.S. flag. at the University of Wisconsin-Milwaukee before the campaign appearance of candidate Donald Trump in April 2016.,/Users/_mathanga_thalayan_/fake–news–detection–project/data/external/dataexternalverite-repository/VERITE/images/true_124.jpg,0,0,0.990541398525238,0,0.6552940011024475,0,0.9911752939224243,1,0.5235045552253723,a brown color with a white border
373,A photograph shows a member of the October 2018 Central American migrant caravan urinating on an U.S. flag.,/Users/_mathanga_thalayan_/fake–news–detection–project/data/external/dataexternalverite-repository/VERITE/images/true_124.jpg,1,1,0.6384015679359436,0,0.6757581830024719,0,0.9799816012382507,1,0.510348379611969,a brown color with a white border
374,A photograph shows a protester standing on a U.S. flag. at the University of Wisconsin-Milwaukee before the campaign appearance of candidate Donald Trump in April 2016.,/Users/_mathanga_thalayan_/fake–news–detection–project/data/external/dataexternalverite-repository/VERITE/images/false_124.jpg,1,0,0.990541398525238,0,0.6422398686408997,0,0.9916486740112305,1,0.5004698038101196,a green screen with a white background
375,A photograph shows an Immigrant at the 'Customs and Border Protection' facility in South Texas with a case of scabies on June 2014.,/Users/_mathanga_thalayan_/fake–news–detection–project/data/external/dataexternalverite-repository/VERITE/images/true_125.jpg,0,0,0.6892288327217102,0,0.590611457824707,0,0.9859659075737,0,0.513786256313324,a blue background with a white border
376,A photograph shows an Immigrant who crossed the United States’ southern border with a case of smallpox on October 2018.,/Users/_mathanga_thalayan_/fake–news–detection–project/data/external/dataexternalverite-repository/VERITE/images/true_125.jpg,1,0,0.8372131586074829,0,0.6599642038345337,0,0.9731357097625732,1,0.5056425929069519,a blue background with a white border
377,A photograph shows an Immigrant at the 'Customs and Border Protection' facility in South Texas with a case of scabies on June 2014.,/Users/_mathanga_thalayan_/fake–news–detection–project/data/external/dataexternalverite-repository/VERITE/images/false_125.jpg,1,0,0.6892288327217102,0,0.5902809500694275,0,0.987486720085144,0,0.511252760887146,a pink background with a white border
378,"Image from surveillance video shows a group of plain clothed police officers shooting an armed robber in a pharmacy in Brazil, 2017.",/Users/_mathanga_thalayan_/fake–news–detection–project/data/external/dataexternalverite-repository/VERITE/images/true_126.jpg,0,1,0.6796645522117615,0,0.524472177028656,0,0.9887387752532959,1,0.5067993998527527,a red background with a white border
379,"Image from surveillance video shows a group of customers shooting an armed robber in a store in USA, 2017.",/Users/_mathanga_thalayan_/fake–news–detection–project/data/external/dataexternalverite-repository/VERITE/images/true_126.jpg,1,1,0.6937963366508484,1,0.5790338516235352,0,0.9908411502838135,1,0.5039610862731934,a red background with a white border
380,"Image from surveillance video shows a group of plain clothed police officers shooting an armed robber in a pharmacy in Brazil, 2017.",/Users/_mathanga_thalayan_/fake–news–detection–project/data/external/dataexternalverite-repository/VERITE/images/false_126.jpg,1,1,0.6796645522117615,0,0.5231683254241943,0,0.9586249589920044,1,0.5007060170173645,a green screen with a white background
381,"A photograph shows protestors dragging a police officer in Acapulco, Mexico in November 2014.",/Users/_mathanga_thalayan_/fake–news–detection–project/data/external/dataexternalverite-repository/VERITE/images/true_127.jpg,0,1,0.847615659236908,0,0.6668893694877625,0,0.9852296710014343,1,0.5203161239624023,a pink background with a white border
382,A photograph shows members of a migrant caravan dragging a police officer through the street in October 2018.,/Users/_mathanga_thalayan_/fake–news–detection–project/data/external/dataexternalverite-repository/VERITE/images/true_127.jpg,1,1,0.8816783428192139,0,0.666435182094574,0,0.9758663773536682,1,0.5046177506446838,a pink background with a white border
383,"A photograph shows protestors dragging a police officer in Acapulco, Mexico in November 2014.",/Users/_mathanga_thalayan_/fake–news–detection–project/data/external/dataexternalverite-repository/VERITE/images/false_127.jpg,1,1,0.847615659236908,0,0.6671954989433289,0,0.9813681244850159,1,0.5186459422111511,a blue background with a white border
384,A photograph shows a family of Honduran caravan members resting in front of a tent provided by the Red Cross Societies of Honduras in October 2018.,/Users/_mathanga_thalayan_/fake–news–detection–project/data/external/dataexternalverite-repository/VERITE/images/true_128.jpg,0,1,0.9627772569656372,0,0.6161670088768005,0,0.9906758069992065,0,0.5375980734825134,a green background with a white border
385,A photograph shows a family of Honduran caravan members resting in front of a tent provided by the American Red Cross in October 2018.,/Users/_mathanga_thalayan_/fake–news–detection–project/data/external/dataexternalverite-repository/VERITE/images/true_128.jpg,1,1,0.9182847142219543,0,0.6586411595344543,0,0.9837262034416199,0,0.5315343737602234,a green background with a white border
386,A photograph shows a family of Honduran caravan members resting in front of a tent provided by the Red Cross Societies of Honduras in October 2018.,/Users/_mathanga_thalayan_/fake–news–detection–project/data/external/dataexternalverite-repository/VERITE/images/false_128.jpg,1,1,0.9627772569656372,0,0.6068514585494995,0,0.9541811347007751,0,0.5341325998306274,a pink background with a white border
387,A photograph shows trash that was left behind by a caravan of refugees near the Austria-Germany border in September 2015.,/Users/_mathanga_thalayan_/fake–news–detection–project/data/external/dataexternalverite-repository/VERITE/images/true_129.jpg,0,1,0.9525827169418335,1,0.5842944383621216,1,0.8740363121032715,1,0.505449652671814,a green background with a white border
388,A photograph shows trash that was left behind by a caravan of refugees traveling from Honduras to the United States in October 2018.,/Users/_mathanga_thalayan_/fake–news–detection–project/data/external/dataexternalverite-repository/VERITE/images/true_129.jpg,1,1,0.9787838459014893,1,0.5353055000305176,1,0.7885881662368774,0,0.5032643675804138,a green background with a white border
389,A photograph shows trash that was left behind by a caravan of refugees near the Austria-Germany border in September 2015.,/Users/_mathanga_thalayan_/fake–news–detection–project/data/external/dataexternalverite-repository/VERITE/images/false_129.jpg,1,1,0.9525827169418335,1,0.5877165198326111,0,0.9427724480628967,1,0.5053622722625732,a purple background with a white border
390,"An image shows migrants ride on top of a northern bound train toward the US-Mexico border in Juchitan, southern Mexico in April 2013.",/Users/_mathanga_thalayan_/fake–news–detection–project/data/external/dataexternalverite-repository/VERITE/images/true_130.jpg,0,1,0.8763859868049622,0,0.6678887009620667,0,0.9886682629585266,1,0.5000776648521423,a purple background with a white border
391,An image shows Central American caravan refugees traveling to the United States via train in October 2018.,/Users/_mathanga_thalayan_/fake–news–detection–project/data/external/dataexternalverite-repository/VERITE/images/true_130.jpg,1,1,0.925932765007019,0,0.6514445543289185,0,0.9889968633651733,1,0.5092639923095703,a purple background with a white border
392,"An image shows migrants ride on top of a northern bound train toward the US-Mexico border in Juchitan, southern Mexico in April 2013.",/Users/_mathanga_thalayan_/fake–news–detection–project/data/external/dataexternalverite-repository/VERITE/images/false_130.jpg,1,1,0.8763859868049622,0,0.6650524139404297,0,0.9837440848350525,0,0.5002173185348511,a green background with a white border
393,"Photograph shows protestor burning a Trump flag during an anti-Trump riot in Albuquerque, New Mexico, in May 2016.",/Users/_mathanga_thalayan_/fake–news–detection–project/data/external/dataexternalverite-repository/VERITE/images/true_131.jpg,0,0,0.5430376529693604,0,0.6551827788352966,0,0.9815062284469604,0,0.5069587230682373,a man in a suit and tie is standing against a green background
394,"Photograph shows members of a migrant caravan burning the U.S. flag while on their way to the U.S., taken in October 2018.",/Users/_mathanga_thalayan_/fake–news–detection–project/data/external/dataexternalverite-repository/VERITE/images/true_131.jpg,1,0,0.707260251045227,0,0.6506896615028381,0,0.9558793306350708,0,0.5157418847084045,a man in a suit and tie is standing against a green background
395,"Photograph shows protestor burning a Trump flag during an anti-Trump riot in Albuquerque, New Mexico, in May 2016.",/Users/_mathanga_thalayan_/fake–news–detection–project/data/external/dataexternalverite-repository/VERITE/images/false_131.jpg,1,0,0.5430376529693604,0,0.6552703380584717,0,0.99151611328125,1,0.5109276175498962,a blue background with a white border
396,A photograph shows the parade held in honor of the Cleveland Cavaliers' winning the NBA Championship in 2016.,/Users/_mathanga_thalayan_/fake–news–detection–project/data/external/dataexternalverite-repository/VERITE/images/true_132.jpg,0,0,0.9720659255981445,0,0.6666457653045654,0,0.9668735265731812,0,0.5117640495300293,a green screen with a white background
397,A photograph shows thousands of people gathered for a political rally featuring Senator Ted Cruz and President Donald Trump in Texas.,/Users/_mathanga_thalayan_/fake–news–detection–project/data/external/dataexternalverite-repository/VERITE/images/true_132.jpg,1,0,0.9868756532669067,0,0.6657055020332336,0,0.9776023030281067,1,0.5043503046035767,a green screen with a white background
398,A photograph shows the parade held in honor of the Cleveland Cavaliers' winning the NBA Championship in 2016.,/Users/_mathanga_thalayan_/fake–news–detection–project/data/external/dataexternalverite-repository/VERITE/images/false_132.jpg,1,0,0.9720659255981445,0,0.6728878617286682,0,0.9908210635185242,0,0.5111583471298218,a black and white background with a white border
399,Photograph shows an injured police officer after altercations between police officers and protesters in Mexico in October 2012.,/Users/_mathanga_thalayan_/fake–news–detection–project/data/external/dataexternalverite-repository/VERITE/images/true_133.jpg,0,1,0.9572767019271851,0,0.6675621867179871,0,0.9087823033332825,1,0.5324035882949829,a brown color with a white border
400,Photograph shows police officers who were brutalized by members of a migrant caravan in October 2018.,/Users/_mathanga_thalayan_/fake–news–detection–project/data/external/dataexternalverite-repository/VERITE/images/true_133.jpg,1,1,0.9031379222869873,0,0.669517993927002,0,0.9547157287597656,1,0.51535964012146,a brown color with a white border
401,Photograph shows an injured police officer after altercations between police officers and protesters in Mexico in October 2012.,/Users/_mathanga_thalayan_/fake–news–detection–project/data/external/dataexternalverite-repository/VERITE/images/false_133.jpg,1,1,0.9572767019271851,0,0.6769488453865051,0,0.9688911437988281,1,0.5281975269317627,a yellow paint color with a brown background
402,"Image shows members of a migrant caravan in Guatemala who were given some money to help them get by, en route to the United States.",/Users/_mathanga_thalayan_/fake–news–detection–project/data/external/dataexternalverite-repository/VERITE/images/true_134.jpg,0,1,0.9725276231765747,0,0.6657832264900208,0,0.9855325818061829,0,0.5229059457778931,a blue background with a white border
403,Image shows a group of people in Honduras being paid by George Soros to join a migrant caravan and storm the United States border.,/Users/_mathanga_thalayan_/fake–news–detection–project/data/external/dataexternalverite-repository/VERITE/images/true_134.jpg,1,0,0.9636223316192627,0,0.6246065497398376,0,0.9920022487640381,0,0.50928795337677,a blue background with a white border
404,"Image shows members of a migrant caravan in Guatemala who were given some money to help them get by, en route to the United States.",/Users/_mathanga_thalayan_/fake–news–detection–project/data/external/dataexternalverite-repository/VERITE/images/false_134.jpg,1,1,0.9725276231765747,0,0.6631504893302917,0,0.9792989492416382,0,0.52250736951828,a purple background with a white border
405,A photograph shows a storm approaching Pensacola Beach in July 2018.,/Users/_mathanga_thalayan_/fake–news–detection–project/data/external/dataexternalverite-repository/VERITE/images/true_135.jpg,0,0,0.6611093282699585,1,0.5679413676261902,0,0.7122051119804382,0,0.5057377219200134,a black and white background with a white border
406,"A photograph shows Hurricane Michael approaching Panama City, Florida, on 10 October 2018.",/Users/_mathanga_thalayan_/fake–news–detection–project/data/external/dataexternalverite-repository/VERITE/images/true_135.jpg,1,0,0.7404515147209167,0,0.5198233723640442,0,0.9094541668891907,1,0.5021653175354004,a black and white background with a white border
407,A photograph shows a storm approaching Pensacola Beach in July 2018.,/Users/_mathanga_thalayan_/fake–news–detection–project/data/external/dataexternalverite-repository/VERITE/images/false_135.jpg,1,0,0.6611093282699585,1,0.5837134718894958,0,0.8487427234649658,0,0.503422737121582,a green background with a white border
408,A digitally created image by the artist Nickolay Lamm shoes a flooded runway to illustrate the effect that unchecked climate change could have on coastal parts of the United States.,/Users/_mathanga_thalayan_/fake–news–detection–project/data/external/dataexternalverite-repository/VERITE/images/true_136.jpg,0,0,0.6190412640571594,1,0.5821138024330139,0,0.6479769945144653,1,0.5028378963470459,a blue background with a white border
409,A photograph shows a flooded runway at Northwest Florida Beaches International Airport during Hurricane Michael in October 2018.,/Users/_mathanga_thalayan_/fake–news–detection–project/data/external/dataexternalverite-repository/VERITE/images/true_136.jpg,1,1,0.5787745714187622,1,0.5952900052070618,0,0.8503137826919556,1,0.511680006980896,a blue background with a white border
410,A digitally created image by the artist Nickolay Lamm shoes a flooded runway to illustrate the effect that unchecked climate change could have on coastal parts of the United States.,/Users/_mathanga_thalayan_/fake–news–detection–project/data/external/dataexternalverite-repository/VERITE/images/false_136.jpg,1,0,0.6190412640571594,1,0.5811935067176819,1,0.7900843024253845,1,0.5045828223228455,a pink background with a white border
411,"A group of bikers in Boulevard Peripherique in Paris, France in 2016.",/Users/_mathanga_thalayan_/fake–news–detection–project/data/external/dataexternalverite-repository/VERITE/images/true_137.jpg,0,1,0.8065812587738037,1,0.5979949235916138,0,0.988969087600708,1,0.5113261938095093,a red background with a white border
412,An image shows the group 'Bikers for Trump' on their way to Washington D.C. to support Brett Kavanaugh's confirmation hearing and demand the resignation of Sen. Feinsten.,/Users/_mathanga_thalayan_/fake–news–detection–project/data/external/dataexternalverite-repository/VERITE/images/true_137.jpg,1,0,0.9983488321304321,0,0.6649326682090759,0,0.9852651953697205,1,0.5004218816757202,a red background with a white border
413,"A group of bikers in Boulevard Peripherique in Paris, France in 2016.",/Users/_mathanga_thalayan_/fake–news–detection–project/data/external/dataexternalverite-repository/VERITE/images/false_137.jpg,1,1,0.8065812587738037,1,0.5958146452903748,0,0.989386796951294,1,0.5076695680618286,a green screen with a white background
414,A small parade by member of the LGBT community on the day before New York City's official annual gay pride parade in 2013.,/Users/_mathanga_thalayan_/fake–news–detection–project/data/external/dataexternalverite-repository/VERITE/images/true_138.jpg,0,1,0.9071982502937317,1,0.5799592137336731,0,0.9861364364624023,0,0.5099711418151855,a blue background with a white border
415,A photograph of a group of unusually dressed people walking down the street (including a man in a yellow bikini and heels) protesting President Trump September 2018.,/Users/_mathanga_thalayan_/fake–news–detection–project/data/external/dataexternalverite-repository/VERITE/images/true_138.jpg,1,0,0.999788224697113,1,0.5654948949813843,0,0.9871436953544617,1,0.5016092658042908,a blue background with a white border
416,A small parade by member of the LGBT community on the day before New York City's official annual gay pride parade in 2013.,/Users/_mathanga_thalayan_/fake–news–detection–project/data/external/dataexternalverite-repository/VERITE/images/false_138.jpg,1,1,0.9071982502937317,1,0.5770987272262573,0,0.9914928078651428,0,0.5090559124946594,a green background with a white border
417,A photographs shows a mining lift crammed full of Italian workers who were channel into the Belgian labor market in ealy 1920s.,/Users/_mathanga_thalayan_/fake–news–detection–project/data/external/dataexternalverite-repository/VERITE/images/true_139.jpg,0,0,0.987947404384613,0,0.6660724878311157,0,0.9757535457611084,0,0.5010991096496582,a purple background with a white border
418,A photograph shows a mining lift crammed full of Irish slaves in America.,/Users/_mathanga_thalayan_/fake–news–detection–project/data/external/dataexternalverite-repository/VERITE/images/true_139.jpg,1,0,0.7775022387504578,0,0.6661210656166077,0,0.987558901309967,1,0.501254141330719,a purple background with a white border
419,A photographs shows a mining lift crammed full of Italian workers who were channel into the Belgian labor market in ealy 1920s.,/Users/_mathanga_thalayan_/fake–news–detection–project/data/external/dataexternalverite-repository/VERITE/images/false_139.jpg,1,0,0.987947404384613,0,0.6800317764282227,0,0.9807426929473877,0,0.5012033581733704,a blue background with a white border
420,A woman holding a 'Not My President' sign in a protest against president Donald Trump in New York City on 12 November 2016.,/Users/_mathanga_thalayan_/fake–news–detection–project/data/external/dataexternalverite-repository/VERITE/images/true_140.jpg,0,1,0.8298529982566833,1,0.5631787180900574,0,0.9810040593147278,1,0.5167964100837708,a red background with a white border
421,Christine Blasey Ford holding a sign reading 'Not My President' at an anti-Trump protest.,/Users/_mathanga_thalayan_/fake–news–detection–project/data/external/dataexternalverite-repository/VERITE/images/true_140.jpg,1,1,0.8321799039840698,0,0.6774355173110962,0,0.9890978336334229,1,0.5080527663230896,a red background with a white border
422,A woman holding a 'Not My President' sign in a protest against president Donald Trump in New York City on 12 November 2016.,/Users/_mathanga_thalayan_/fake–news–detection–project/data/external/dataexternalverite-repository/VERITE/images/false_140.jpg,1,1,0.8298529982566833,1,0.5645499229431152,0,0.9871726036071777,1,0.5279075503349304,a red color with a white border
423,Photographs show a group of pigs on a flooded farm after Hurricane Floyd in September 1999.,/Users/_mathanga_thalayan_/fake–news–detection–project/data/external/dataexternalverite-repository/VERITE/images/true_141.jpg,0,0,0.6354794502258301,0,0.672996461391449,0,0.8024341464042664,1,0.5160400867462158,a blue background with a white border
424,Photographs show a group of pigs on a flooded farm after Hurricane Florence in September 2018.,/Users/_mathanga_thalayan_/fake–news–detection–project/data/external/dataexternalverite-repository/VERITE/images/true_141.jpg,1,1,0.7809327840805054,0,0.6632477641105652,0,0.9282580614089966,1,0.5254661440849304,a blue background with a white border
425,Photographs show a group of pigs on a flooded farm after Hurricane Floyd in September 1999.,/Users/_mathanga_thalayan_/fake–news–detection–project/data/external/dataexternalverite-repository/VERITE/images/false_141.jpg,1,0,0.6354794502258301,0,0.6740290522575378,0,0.9170045256614685,1,0.5171685218811035,a purple background with a white border
426,Photographs document CNN's Anderson Cooper shows the variations of depths in the water after Hurricane Ike in September 2008.,/Users/_mathanga_thalayan_/fake–news–detection–project/data/external/dataexternalverite-repository/VERITE/images/true_142.jpg,0,1,0.72356778383255,0,0.6712993383407593,0,0.9628806114196777,1,0.5234070420265198,a pink background with a white border
427,Photographs document CNN's Anderson Cooper faking the depths of Hurricane Florence floodwaters in September 2018.,/Users/_mathanga_thalayan_/fake–news–detection–project/data/external/dataexternalverite-repository/VERITE/images/true_142.jpg,1,0,0.9700227975845337,0,0.6700989603996277,0,0.9403547048568726,1,0.5201364159584045,a pink background with a white border
428,Photographs document CNN's Anderson Cooper shows the variations of depths in the water after Hurricane Ike in September 2008.,/Users/_mathanga_thalayan_/fake–news–detection–project/data/external/dataexternalverite-repository/VERITE/images/false_142.jpg,1,1,0.72356778383255,0,0.673528254032135,0,0.6658840179443359,1,0.521513819694519,a purple background with a white border
429,Artist Kelsey Amy created a pair of custom Nike Monarchs that were hand-painted to look like as if they had been burned.,/Users/_mathanga_thalayan_/fake–news–detection–project/data/external/dataexternalverite-repository/VERITE/images/true_143.jpg,0,1,0.955912172794342,0,0.656032919883728,0,0.9797858595848083,0,0.5243545174598694,a purple background with a white border
430,Nike released a line of sneakers designed to look as if they had been burned in order get back at consumers who destroyed their products in protest.,/Users/_mathanga_thalayan_/fake–news–detection–project/data/external/dataexternalverite-repository/VERITE/images/true_143.jpg,1,1,0.6776441335678101,1,0.5737496018409729,0,0.963033139705658,0,0.5051438212394714,a purple background with a white border
431,Artist Kelsey Amy created a pair of custom Nike Monarchs that were hand-painted to look like as if they had been burned.,/Users/_mathanga_thalayan_/fake–news–detection–project/data/external/dataexternalverite-repository/VERITE/images/false_143.jpg,1,1,0.955912172794342,0,0.6574328541755676,0,0.9311991333961487,0,0.5249651670455933,a brown background with a white border
432,A photograph shows police officers escorting a group of convicts at a sentencing rally in China in 2004.,/Users/_mathanga_thalayan_/fake–news–detection–project/data/external/dataexternalverite-repository/VERITE/images/true_144.jpg,0,1,0.7019661664962769,0,0.6480512022972107,0,0.9919018149375916,0,0.5072890520095825,a green background with a white border
433,A photograph shows 26 corrupt politicians shortly before they were executed in China in 2018.,/Users/_mathanga_thalayan_/fake–news–detection–project/data/external/dataexternalverite-repository/VERITE/images/true_144.jpg,1,0,0.9967129230499268,0,0.6677719950675964,0,0.9846158623695374,1,0.5050988793373108,a green background with a white border
434,A photograph shows police officers escorting a group of convicts at a sentencing rally in China in 2004.,/Users/_mathanga_thalayan_/fake–news–detection–project/data/external/dataexternalverite-repository/VERITE/images/false_144.jpg,1,1,0.7019661664962769,0,0.6481872797012329,0,0.9918755292892456,0,0.5069202780723572,a purple background with a white border
435,A composite photograph documenting the evolution of a single tornado in Kansas in 2016.,/Users/_mathanga_thalayan_/fake–news–detection–project/data/external/dataexternalverite-repository/VERITE/images/true_145.jpg,0,1,0.9318926930427551,1,0.5879616141319275,0,0.9345977306365967,1,0.518735408782959,a green background with a white border
436,"An image showing multiple tornadoes touching down simultaneously in Minneola, Kansas.",/Users/_mathanga_thalayan_/fake–news–detection–project/data/external/dataexternalverite-repository/VERITE/images/true_145.jpg,1,1,0.9873948097229004,0,0.5102256536483765,0,0.6794135570526123,1,0.5068680047988892,a green background with a white border
437,A composite photograph documenting the evolution of a single tornado in Kansas in 2016.,/Users/_mathanga_thalayan_/fake–news–detection–project/data/external/dataexternalverite-repository/VERITE/images/false_145.jpg,1,1,0.9318926930427551,1,0.5787505507469177,0,0.8852087259292603,1,0.5302889943122864,a brown color with a white border
438,"A photograph of Franklin D. Roosevelt Jounior, son of the 32nd President of the United States in the late 1930s [colorized].",/Users/_mathanga_thalayan_/fake–news–detection–project/data/external/dataexternalverite-repository/VERITE/images/true_146.jpg,0,0,0.9997937083244324,0,0.6734492778778076,0,0.989950954914093,0,0.5056255459785461,a blue background with a white border
439,"A photograph shows a young Franklin Delano Roosevelt, the 32nd President of the United States.",/Users/_mathanga_thalayan_/fake–news–detection–project/data/external/dataexternalverite-repository/VERITE/images/true_146.jpg,1,0,0.9989922642707825,0,0.6762816905975342,0,0.991349458694458,0,0.5019348859786987,a blue background with a white border
440,"A photograph of Franklin D. Roosevelt Jounior, son of the 32nd President of the United States in the late 1930s [colorized].",/Users/_mathanga_thalayan_/fake–news–detection–project/data/external/dataexternalverite-repository/VERITE/images/false_146.jpg,1,0,0.9997937083244324,0,0.6695828437805176,0,0.9827113747596741,0,0.5062258243560791,a red background with a white border
441,"Image from a video shows students vandalising the cafeteria at Tshwane University of Technology in Pretoria, South Africa during a protest against fee hikes and inadequate funding, in November 2015.",/Users/_mathanga_thalayan_/fake–news–detection–project/data/external/dataexternalverite-repository/VERITE/images/true_147.jpg,0,1,0.9839746356010437,1,0.5830310583114624,0,0.9028159976005554,1,0.517319917678833,a purple background with a white border
442,Image from a video shows a group of refugees looting a cafe in Spain in August 2018.,/Users/_mathanga_thalayan_/fake–news–detection–project/data/external/dataexternalverite-repository/VERITE/images/true_147.jpg,1,1,0.8857770562171936,0,0.618014931678772,0,0.976917028427124,1,0.5096201300621033,a purple background with a white border
443,"Image from a video shows students vandalising the cafeteria at Tshwane University of Technology in Pretoria, South Africa during a protest against fee hikes and inadequate funding, in November 2015.",/Users/_mathanga_thalayan_/fake–news–detection–project/data/external/dataexternalverite-repository/VERITE/images/false_147.jpg,1,1,0.9839746356010437,1,0.566745400428772,0,0.7768744826316833,1,0.5282350778579712,a green color with a white background
444,An image shows a group of antifa protesters beating a right-wing activist in Berkeley during an alt-right rally in August 2017.,/Users/_mathanga_thalayan_/fake–news–detection–project/data/external/dataexternalverite-repository/VERITE/images/true_148.jpg,0,0,0.9689344167709351,0,0.6664395332336426,0,0.9910562038421631,1,0.5278249382972717,a blue background with a white border
445,An image shows Antifa members beating up an individual during an August 2018 alt-right protest in Washington D.C.,/Users/_mathanga_thalayan_/fake–news–detection–project/data/external/dataexternalverite-repository/VERITE/images/true_148.jpg,1,0,0.9835326671600342,0,0.6603841781616211,0,0.9817857146263123,1,0.5088066458702087,a blue background with a white border
446,An image shows a group of antifa protesters beating a right-wing activist in Berkeley during an alt-right rally in August 2017.,/Users/_mathanga_thalayan_/fake–news–detection–project/data/external/dataexternalverite-repository/VERITE/images/false_148.jpg,1,0,0.9689344167709351,0,0.6588807106018066,0,0.9910293817520142,1,0.5278249382972717,a blue background with a white border
447,"Α photograph taken in 2009 during a Tea Party protest in West Palm Beach, Florida, in which parents brought their kids for a mock arrest to demonstrate how they are being saddled with debt from government spending.",/Users/_mathanga_thalayan_/fake–news–detection–project/data/external/dataexternalverite-repository/VERITE/images/true_149.jpg,0,1,0.7878469824790955,0,0.5945348739624023,0,0.9698325991630554,1,0.5155903100967407,a brown color with a white border
448,A photograph shows ICE (Immigration and Customs Enforcement) agents handcuffing and arresting immigrant children as part of the Trump administration's controversial 'zero tolerance' policy.,/Users/_mathanga_thalayan_/fake–news–detection–project/data/external/dataexternalverite-repository/VERITE/images/true_149.jpg,1,0,0.9833686947822571,0,0.6673017144203186,0,0.954178512096405,1,0.5212981700897217,a brown color with a white border
449,"Α photograph taken in 2009 during a Tea Party protest in West Palm Beach, Florida, in which parents brought their kids for a mock arrest to demonstrate how they are being saddled with debt from government spending.",/Users/_mathanga_thalayan_/fake–news–detection–project/data/external/dataexternalverite-repository/VERITE/images/false_149.jpg,1,1,0.7878469824790955,0,0.5812166929244995,0,0.9813756942749023,0,0.5002912878990173,a pink background with a white border
450,"Photograph of a 66-year-old Colombian voluntarily remained buried up to her neck in the ground for days on end in July 2003, as a protest over the government's failure to relocate 150 displaced persons to a safer part of the city of Cali.",/Users/_mathanga_thalayan_/fake–news–detection–project/data/external/dataexternalverite-repository/VERITE/images/true_150.jpg,0,0,0.8745208978652954,1,0.504089891910553,0,0.9799220561981201,0,0.5035063028335571,a green background with a white border
451,"Photograph of a woman buried in the ground up to her neck, being fed water from a spoon just before being stoned to death in Iran.",/Users/_mathanga_thalayan_/fake–news–detection–project/data/external/dataexternalverite-repository/VERITE/images/true_150.jpg,1,0,0.6151672005653381,0,0.5064889788627625,0,0.7126733064651489,0,0.5069503784179688,a green background with a white border
452,"Photograph of a 66-year-old Colombian voluntarily remained buried up to her neck in the ground for days on end in July 2003, as a protest over the government's failure to relocate 150 displaced persons to a safer part of the city of Cali.",/Users/_mathanga_thalayan_/fake–news–detection–project/data/external/dataexternalverite-repository/VERITE/images/false_150.jpg,1,0,0.8745208978652954,1,0.520230770111084,0,0.946751058101654,0,0.5043440461158752,a blue background with a white border
453,A photograph by UNICEF of a little girl in front of a herd of sheep in Morocco on 15 June 2005.,/Users/_mathanga_thalayan_/fake–news–detection–project/data/external/dataexternalverite-repository/VERITE/images/true_151.jpg,0,1,0.8698573708534241,0,0.6235883831977844,0,0.9881284832954407,1,0.5175321698188782,a green background with a white border
454,A photograph shows the former French Education Minister Najat Vallaud-Belkacem as a young girl in Morocco.,/Users/_mathanga_thalayan_/fake–news–detection–project/data/external/dataexternalverite-repository/VERITE/images/true_151.jpg,1,1,0.500988245010376,0,0.6716778874397278,0,0.8684932589530945,0,0.5030215978622437,a green background with a white border
455,A photograph by UNICEF of a little girl in front of a herd of sheep in Morocco on 15 June 2005.,/Users/_mathanga_thalayan_/fake–news–detection–project/data/external/dataexternalverite-repository/VERITE/images/false_151.jpg,1,1,0.8698573708534241,0,0.6202774047851562,0,0.968749463558197,1,0.5188087224960327,a pink background with a white border
456,Photograph show a car whose parts melted from the intense heat caused by nearby fire at a construction site in Arizona.,/Users/_mathanga_thalayan_/fake–news–detection–project/data/external/dataexternalverite-repository/VERITE/images/true_152.jpg,0,1,0.9857946634292603,0,0.677357017993927,0,0.8848530054092407,0,0.5051522850990295,a blue background with a white border
457,Photograph show a car that started to melt due to extremely hot weather in Arizona in the summer of 2018.,/Users/_mathanga_thalayan_/fake–news–detection–project/data/external/dataexternalverite-repository/VERITE/images/true_152.jpg,1,1,0.9297412633895874,0,0.6740100979804993,0,0.9876511096954346,1,0.5057172179222107,a blue background with a white border
458,Photograph show a car whose parts melted from the intense heat caused by nearby fire at a construction site in Arizona.,/Users/_mathanga_thalayan_/fake–news–detection–project/data/external/dataexternalverite-repository/VERITE/images/false_152.jpg,1,1,0.9857946634292603,0,0.6769389510154724,0,0.9248840808868408,0,0.518599808216095,"the cover of the book, the book of the year"
459,"A photograph shows an optical illusion on the floor designed by Casa Ceramica, a tile company in the United Kingdom, and is located at the entrance of their showroom.",/Users/_mathanga_thalayan_/fake–news–detection–project/data/external/dataexternalverite-repository/VERITE/images/true_153.jpg,0,1,0.9645859003067017,1,0.595472514629364,1,0.6882675290107727,0,0.508963406085968,a green screen with a white background
460,A photograph shows an optical illusion on the floor of a school hallway that was designed to prevent children from running.,/Users/_mathanga_thalayan_/fake–news–detection–project/data/external/dataexternalverite-repository/VERITE/images/true_153.jpg,1,1,0.6508752107620239,1,0.5966166853904724,1,0.7562101483345032,0,0.5079507827758789,a green screen with a white background
461,"A photograph shows an optical illusion on the floor designed by Casa Ceramica, a tile company in the United Kingdom, and is located at the entrance of their showroom.",/Users/_mathanga_thalayan_/fake–news–detection–project/data/external/dataexternalverite-repository/VERITE/images/false_153.jpg,1,1,0.9645859003067017,1,0.595850944519043,1,0.5628908276557922,1,0.5053535103797913,a green background with a white border
462,"A photograph shows Cuban Elian Gonzalez refugee in a bedroom closet with Donato Dalrymple, one of the two men who rescued the boy from the sea, as federal agents enter the Little Havana home of Elian's relatives in 2000.",/Users/_mathanga_thalayan_/fake–news–detection–project/data/external/dataexternalverite-repository/VERITE/images/true_154.jpg,0,1,0.9849802851676941,0,0.6666932702064514,0,0.984000563621521,0,0.5234712362289429,a purple background with a white border
463,A photograph shows a Border Patrol agent following President Donald Trump's order to forcibly separate a child from his family in June 2018.,/Users/_mathanga_thalayan_/fake–news–detection–project/data/external/dataexternalverite-repository/VERITE/images/true_154.jpg,1,0,0.9990140199661255,0,0.6625969409942627,0,0.9875847697257996,1,0.5052688717842102,a purple background with a white border
464,"A photograph shows Cuban Elian Gonzalez refugee in a bedroom closet with Donato Dalrymple, one of the two men who rescued the boy from the sea, as federal agents enter the Little Havana home of Elian's relatives in 2000.",/Users/_mathanga_thalayan_/fake–news–detection–project/data/external/dataexternalverite-repository/VERITE/images/false_154.jpg,1,1,0.9849802851676941,0,0.6778085827827454,0,0.9626045823097229,0,0.5278388261795044,a brown background with a white border
465,"A photograph depicts a small boy being held in a cage during a protest staged in front of Dallas City Hall to call attention to the Trump administration's practice of separating families and confining undocumented children, taken on 10 June 2018.",/Users/_mathanga_thalayan_/fake–news–detection–project/data/external/dataexternalverite-repository/VERITE/images/true_155.jpg,0,1,0.5882846713066101,0,0.5201044678688049,0,0.9682428240776062,0,0.5363130569458008,a green screen with a white background
466,"A photograph depicts a small boy who was detained by ICE (Immigration and Customs Enforcement) and is being held in a cage, taken in 2018.",/Users/_mathanga_thalayan_/fake–news–detection–project/data/external/dataexternalverite-repository/VERITE/images/true_155.jpg,1,1,0.8156127333641052,0,0.6538081169128418,0,0.5339127779006958,0,0.5023897290229797,a green screen with a white background
467,"A photograph depicts a small boy being held in a cage during a protest staged in front of Dallas City Hall to call attention to the Trump administration's practice of separating families and confining undocumented children, taken on 10 June 2018.",/Users/_mathanga_thalayan_/fake–news–detection–project/data/external/dataexternalverite-repository/VERITE/images/false_155.jpg,1,1,0.5882846713066101,0,0.5139334797859192,0,0.9863860607147217,1,0.5008000731468201,a green color with a white border
468,"A photograph shows a mother cheetah attempting to teach her cubs how to kill prey, then eventually dispatching a captured impala when her inexperienced cubs proved they weren't yet up to the task of strangling it themselves.",/Users/_mathanga_thalayan_/fake–news–detection–project/data/external/dataexternalverite-repository/VERITE/images/true_156.jpg,0,0,0.7455885410308838,0,0.6675451993942261,0,0.9838412404060364,0,0.5161474943161011,a green screen with a white background
469,A photograph shows a mother deer who allowed herself to be captured by cheetahs so her offspring could escape.,/Users/_mathanga_thalayan_/fake–news–detection–project/data/external/dataexternalverite-repository/VERITE/images/true_156.jpg,1,1,0.9370551705360413,0,0.670224130153656,0,0.7912151217460632,0,0.5019311904907227,a green screen with a white background
470,"A photograph shows a mother cheetah attempting to teach her cubs how to kill prey, then eventually dispatching a captured impala when her inexperienced cubs proved they weren't yet up to the task of strangling it themselves.",/Users/_mathanga_thalayan_/fake–news–detection–project/data/external/dataexternalverite-repository/VERITE/images/false_156.jpg,1,0,0.7455885410308838,0,0.6682616472244263,0,0.8646764159202576,1,0.5085029602050781,a green color with a white border
471,"A photograph captures a massive multi-day traffic jam in China, from the infamous August 2010 China National Highway 110 traffic tie-up.",/Users/_mathanga_thalayan_/fake–news–detection–project/data/external/dataexternalverite-repository/VERITE/images/true_157.jpg,0,0,0.8321874141693115,1,0.5877184271812439,0,0.9444414973258972,1,0.5225958228111267,a pink color with a white background
472,A photograph shows millions of Germans abandoning their cars in protest over high gasoline prices in 2017.,/Users/_mathanga_thalayan_/fake–news–detection–project/data/external/dataexternalverite-repository/VERITE/images/true_157.jpg,1,0,0.9192948937416077,0,0.6653223633766174,0,0.9904657602310181,1,0.5249682068824768,a pink color with a white background
473,"A photograph captures a massive multi-day traffic jam in China, from the infamous August 2010 China National Highway 110 traffic tie-up.",/Users/_mathanga_thalayan_/fake–news–detection–project/data/external/dataexternalverite-repository/VERITE/images/false_157.jpg,1,0,0.8321874141693115,1,0.5891133546829224,0,0.6581608057022095,1,0.5132253170013428,a blue background with a white border
474,"A photograph shows a swimming instructor and a woman at Midland Beach in Staten Island, New York in 1898.",/Users/_mathanga_thalayan_/fake–news–detection–project/data/external/dataexternalverite-repository/VERITE/images/true_158.jpg,0,0,0.593039870262146,0,0.6555752754211426,0,0.9894641637802124,0,0.5128394961357117,a pink background with a white border
475,A photograph shows Nikola Tesla working as a swim instructor on a New York beach near the end of the 19th century.,/Users/_mathanga_thalayan_/fake–news–detection–project/data/external/dataexternalverite-repository/VERITE/images/true_158.jpg,1,0,0.9980605244636536,0,0.6762524247169495,0,0.9738121628761292,0,0.528252124786377,a pink background with a white border
476,"A photograph shows a swimming instructor and a woman at Midland Beach in Staten Island, New York in 1898.",/Users/_mathanga_thalayan_/fake–news–detection–project/data/external/dataexternalverite-repository/VERITE/images/false_158.jpg,1,0,0.593039870262146,0,0.6657718420028687,0,0.9590139389038086,0,0.5016765594482422,a gray color with a white border
477,Image decpits members of the Air Force Officers’ Spouses’ Club taken at the annual Joint Armed Forces of Washington Luncheon (JAFOWL) on April 24.,/Users/_mathanga_thalayan_/fake–news–detection–project/data/external/dataexternalverite-repository/VERITE/images/true_159.jpg,0,0,0.987305760383606,0,0.6807916164398193,0,0.9732985496520996,0,0.5275839567184448,a yellow background with a white border
478,"Image depicts a military spouses gathering at the White House, and no people of color were included.",/Users/_mathanga_thalayan_/fake–news–detection–project/data/external/dataexternalverite-repository/VERITE/images/true_159.jpg,1,0,0.9950689077377319,0,0.6845946907997131,0,0.9856910109519958,0,0.5105491876602173,a yellow background with a white border
479,Image decpits members of the Air Force Officers’ Spouses’ Club taken at the annual Joint Armed Forces of Washington Luncheon (JAFOWL) on April 24.,/Users/_mathanga_thalayan_/fake–news–detection–project/data/external/dataexternalverite-repository/VERITE/images/false_159.jpg,1,0,0.987305760383606,0,0.6673380732536316,0,0.9840831160545349,0,0.5245268940925598,a blue background with a white border
480,Ukrainian strongman Dmytro Vasilievich Khaladzhi - a power-lifting champion - carrying a horse.,/Users/_mathanga_thalayan_/fake–news–detection–project/data/external/dataexternalverite-repository/VERITE/images/true_160.jpg,0,1,0.9758059978485107,0,0.6759434938430786,0,0.991801917552948,0,0.5110119581222534,a pink background with a white border
481,A man carried his horse for three miles after it was bitten by a venomous snake.,/Users/_mathanga_thalayan_/fake–news–detection–project/data/external/dataexternalverite-repository/VERITE/images/true_160.jpg,1,1,0.979266345500946,0,0.661181628704071,0,0.9335260391235352,0,0.5072937607765198,a pink background with a white border
482,Ukrainian strongman Dmytro Vasilievich Khaladzhi - a power-lifting champion - carrying a horse.,/Users/_mathanga_thalayan_/fake–news–detection–project/data/external/dataexternalverite-repository/VERITE/images/false_160.jpg,1,1,0.9758059978485107,0,0.6874765157699585,0,0.9916348457336426,1,0.5034509301185608,a green color with a white border
483,An image of a movable painted model of a giant hornet created by Japanese artist 'Mushibuchi'.,/Users/_mathanga_thalayan_/fake–news–detection–project/data/external/dataexternalverite-repository/VERITE/images/true_161.jpg,0,1,0.7803131341934204,0,0.5428674221038818,0,0.9876374006271362,1,0.5157390832901001,a purple background with a white border
484,"An image shows an Asian giant hornet, a large insect with a potentially deadly sting.",/Users/_mathanga_thalayan_/fake–news–detection–project/data/external/dataexternalverite-repository/VERITE/images/true_161.jpg,1,1,0.8899458050727844,0,0.6759151220321655,0,0.9858548045158386,1,0.5130037665367126,a purple background with a white border
485,An image of a movable painted model of a giant hornet created by Japanese artist 'Mushibuchi'.,/Users/_mathanga_thalayan_/fake–news–detection–project/data/external/dataexternalverite-repository/VERITE/images/false_161.jpg,1,1,0.7803131341934204,0,0.5434489250183105,0,0.977471649646759,1,0.5157390832901001,a purple background with a white border
486,"A photograph shows an art installation of a dead whale choked by plastics, created by Greenpeace to 'underscore the massive problem of plastics pollution in the ocean' in Philippines in May 2017.",/Users/_mathanga_thalayan_/fake–news–detection–project/data/external/dataexternalverite-repository/VERITE/images/true_162.jpg,0,1,0.996488094329834,1,0.5856606364250183,0,0.9890711307525635,1,0.5067951679229736,a blue background with a white border
487,A photograph shows a dead sperm whale that washed ashore after swallowing 64 pounds of plastic debris and other trash.,/Users/_mathanga_thalayan_/fake–news–detection–project/data/external/dataexternalverite-repository/VERITE/images/true_162.jpg,1,1,0.8749804496765137,1,0.5521635413169861,0,0.9336742162704468,0,0.5069975256919861,a blue background with a white border
488,"A photograph shows an art installation of a dead whale choked by plastics, created by Greenpeace to 'underscore the massive problem of plastics pollution in the ocean' in Philippines in May 2017.",/Users/_mathanga_thalayan_/fake–news–detection–project/data/external/dataexternalverite-repository/VERITE/images/false_162.jpg,1,1,0.996488094329834,1,0.5868071913719177,0,0.9542660117149353,1,0.5067951679229736,a blue background with a white border
489,"Arnold Schwarzenegger in a sleeping bag  was taken in January 2016, while the Hollywood star was shooting a film in Columbus, Ohio.",/Users/_mathanga_thalayan_/fake–news–detection–project/data/external/dataexternalverite-repository/VERITE/images/true_163.jpg,0,1,0.7389612197875977,0,0.6722081899642944,0,0.9577592611312866,0,0.5024197101593018,a green background with a white border
490,"Arnold Schwarzenegger slept in a sleeping bag outside a hotel he had once opened, because staff refused to give him a free room.",/Users/_mathanga_thalayan_/fake–news–detection–project/data/external/dataexternalverite-repository/VERITE/images/true_163.jpg,1,1,0.8229644298553467,0,0.6749956011772156,0,0.9705820679664612,0,0.5105150938034058,a green background with a white border
491,A photograph shows an 18-year-old Angela Merkel with her friends at a New Year's Eve party in Berlin in 1972.,/Users/_mathanga_thalayan_/fake–news–detection–project/data/external/dataexternalverite-repository/VERITE/images/true_164.jpg,0,0,0.9428073763847351,0,0.6648352742195129,0,0.9892085194587708,0,0.5093278288841248,a green background with a white border
492,"A photograph shows German Chancellor Angela Merkel, UK Prime Minister Theresa May, and Lithuanian President Dalia Grybauskaitė together at a party as teenagers.",/Users/_mathanga_thalayan_/fake–news–detection–project/data/external/dataexternalverite-repository/VERITE/images/true_164.jpg,1,0,0.6860842108726501,0,0.6545501947402954,0,0.9910683631896973,1,0.5142838954925537,a green background with a white border
493,A photograph shows an 18-year-old Angela Merkel with her friends at a New Year's Eve party in Berlin in 1972.,/Users/_mathanga_thalayan_/fake–news–detection–project/data/external/dataexternalverite-repository/VERITE/images/false_164.jpg,1,0,0.9428073763847351,0,0.6665427088737488,0,0.985716700553894,0,0.5059744715690613,a red color with a white background
494,A photograph shows Tariq Ali and Vanessa Redgrave headlining a protest against the Vietnam War on 17 March 1968.,/Users/_mathanga_thalayan_/fake–news–detection–project/data/external/dataexternalverite-repository/VERITE/images/true_165.jpg,0,0,0.9957059025764465,0,0.6835030913352966,0,0.9853686690330505,0,0.5263634324073792,a pink color with a white background
495,A photograph shows Stephen Hawking at a Vietnam War protest in 1968.,/Users/_mathanga_thalayan_/fake–news–detection–project/data/external/dataexternalverite-repository/VERITE/images/true_165.jpg,1,0,0.9928489923477173,0,0.6843633651733398,0,0.9550673961639404,0,0.5026947259902954,a pink color with a white background
496,A photograph shows Tariq Ali and Vanessa Redgrave headlining a protest against the Vietnam War on 17 March 1968.,/Users/_mathanga_thalayan_/fake–news–detection–project/data/external/dataexternalverite-repository/VERITE/images/false_165.jpg,1,0,0.9957059025764465,0,0.6740816235542297,0,0.9926607608795166,0,0.5238825082778931,a green background with a white border
497,A photograph from the Spanish Civil War where Ernest Hemingway can be seen in the background.,/Users/_mathanga_thalayan_/fake–news–detection–project/data/external/dataexternalverite-repository/VERITE/images/true_166.jpg,0,0,0.9941912293434143,0,0.6828691959381104,0,0.985225260257721,1,0.5075438618659973,a brown background with a white border
498,A photograph from the Spanish Civil War shows famed authors George Orwell and Ernest Hemingway in close proximity.,/Users/_mathanga_thalayan_/fake–news–detection–project/data/external/dataexternalverite-repository/VERITE/images/true_166.jpg,1,0,0.9972463846206665,0,0.6817883253097534,0,0.9762953519821167,1,0.5111448764801025,a brown background with a white border
499,A photograph from the Spanish Civil War where Ernest Hemingway can be seen in the background.,/Users/_mathanga_thalayan_/fake–news–detection–project/data/external/dataexternalverite-repository/VERITE/images/false_166.jpg,1,0,0.9941912293434143,0,0.6722294688224792,0,0.986348032951355,1,0.5090665817260742,a purple background with a white border
500,President Trump follows Japan's Prime Minister Shinzo Abe in dumping fish food into the koi pond.,/Users/_mathanga_thalayan_/fake–news–detection–project/data/external/dataexternalverite-repository/VERITE/images/true_167.jpg,0,0,0.7386766076087952,0,0.6742169857025146,0,0.9875342845916748,1,0.5016983151435852,a blue background with a white border
501,President Trump ignored instructions from Japan's Prime Minister Shinzo Abe and impatiently dumped fish food into a koi pond.,/Users/_mathanga_thalayan_/fake–news–detection–project/data/external/dataexternalverite-repository/VERITE/images/true_167.jpg,1,1,0.8506041765213013,0,0.6682776212692261,0,0.9895821809768677,0,0.5080334544181824,a blue background with a white border
502,President Trump follows Japan's Prime Minister Shinzo Abe in dumping fish food into the koi pond.,/Users/_mathanga_thalayan_/fake–news–detection–project/data/external/dataexternalverite-repository/VERITE/images/false_167.jpg,1,0,0.7386766076087952,0,0.6693777441978455,0,0.9832257628440857,1,0.5022469162940979,a red background with a white border
503,"A photograph shows a school lunch that was served to a student in Chickasha, Oklahoma, in 2014, consisting of some slices of ham and cheese, crackers, and cauliflower.",/Users/_mathanga_thalayan_/fake–news–detection–project/data/external/dataexternalverite-repository/VERITE/images/true_168.jpg,0,1,0.975411057472229,1,0.5705729722976685,0,0.9879909157752991,0,0.5064815282821655,a purple background with a white border
504,"A photograph shows a meal served by the Red Cross to victims of Hurricane Harvey in Texas in September 2017, consisting of some slices of ham and cheese, crackers, and cauliflower.",/Users/_mathanga_thalayan_/fake–news–detection–project/data/external/dataexternalverite-repository/VERITE/images/true_168.jpg,1,1,0.6048620343208313,1,0.5815723538398743,0,0.9853553771972656,0,0.5011709332466125,a purple background with a white border
505,"A photograph shows a school lunch that was served to a student in Chickasha, Oklahoma, in 2014, consisting of some slices of ham and cheese, crackers, and cauliflower.",/Users/_mathanga_thalayan_/fake–news–detection–project/data/external/dataexternalverite-repository/VERITE/images/false_168.jpg,1,1,0.975411057472229,1,0.577212393283844,0,0.9815720319747925,0,0.504370391368866,a pink background with a white border
506,Image of President Barack Obama and his family serving meals to homeless U.S. military veterans during an event at St. Luke's Methodist Church in Washington D.C. on 25 November 2015.,/Users/_mathanga_thalayan_/fake–news–detection–project/data/external/dataexternalverite-repository/VERITE/images/true_169.jpg,0,1,0.968721866607666,0,0.6386896371841431,0,0.9795876741409302,0,0.5133301615715027,a blue background with a white border
507,Image of former President Barack Obama was in Houston serving food to people affected by Hurricane Harvey in August 2017.,/Users/_mathanga_thalayan_/fake–news–detection–project/data/external/dataexternalverite-repository/VERITE/images/true_169.jpg,1,1,0.9752945899963379,1,0.5660301446914673,0,0.9905303120613098,1,0.5143074989318848,a blue background with a white border
508,Image of President Barack Obama and his family serving meals to homeless U.S. military veterans during an event at St. Luke's Methodist Church in Washington D.C. on 25 November 2015.,/Users/_mathanga_thalayan_/fake–news–detection–project/data/external/dataexternalverite-repository/VERITE/images/false_169.jpg,1,1,0.968721866607666,0,0.630006730556488,0,0.9867636561393738,0,0.5133301615715027,a blue background with a white border
509,"A photograph of a scarecrow that lookss like a human corpse, a Halloween prop that appeared in May 2012 on the website The House of Marrow.",/Users/_mathanga_thalayan_/fake–news–detection–project/data/external/dataexternalverite-repository/VERITE/images/true_170.jpg,0,1,0.8113841414451599,1,0.5212449431419373,0,0.9103484749794006,0,0.509706974029541,a green background with a white border
510,A photograph shows a scarecrow made from a human corpse in the early 2000s.,/Users/_mathanga_thalayan_/fake–news–detection–project/data/external/dataexternalverite-repository/VERITE/images/true_170.jpg,1,1,0.7495447397232056,0,0.6656602621078491,0,0.9759266972541809,1,0.5029127597808838,a green background with a white border
511,"A photograph of a scarecrow that lookss like a human corpse, a Halloween prop that appeared in May 2012 on the website The House of Marrow.",/Users/_mathanga_thalayan_/fake–news–detection–project/data/external/dataexternalverite-repository/VERITE/images/false_170.jpg,1,1,0.8113841414451599,1,0.5158358216285706,0,0.9586412906646729,0,0.5116841793060303,a purple background with a white border
512,A photograph of Muhammad Ali standing near piles of cash was taken for the cover of Sports Illustrated in February 1964.,/Users/_mathanga_thalayan_/fake–news–detection–project/data/external/dataexternalverite-repository/VERITE/images/true_171.jpg,0,1,0.6360315084457397,0,0.6663219332695007,1,0.8583106398582458,0,0.5699405670166016,a green screen with a white background
513,A photograph of Muhammad Ali standing near piles of cash from all of his winnings in a bank vault with in 1964.,/Users/_mathanga_thalayan_/fake–news–detection–project/data/external/dataexternalverite-repository/VERITE/images/true_171.jpg,1,0,0.7854156494140625,0,0.6629181504249573,1,0.8706638216972351,0,0.5442867279052734,a green screen with a white background
514,A photograph of Muhammad Ali standing near piles of cash was taken for the cover of Sports Illustrated in February 1964.,/Users/_mathanga_thalayan_/fake–news–detection–project/data/external/dataexternalverite-repository/VERITE/images/false_171.jpg,1,1,0.6360315084457397,0,0.6676393151283264,0,0.9349043965339661,0,0.552069365978241,a yellow background with a white border
515,A photograph shows an artist's conceptual rendering of a 'solar panda farm.,/Users/_mathanga_thalayan_/fake–news–detection–project/data/external/dataexternalverite-repository/VERITE/images/true_172.jpg,0,1,0.7500213980674744,0,0.6698122024536133,0,0.9559502601623535,1,0.5099325776100159,a blue background with a white border
516,A photograph shows a panda-shaped solar farm in China.,/Users/_mathanga_thalayan_/fake–news–detection–project/data/external/dataexternalverite-repository/VERITE/images/true_172.jpg,1,1,0.8898926973342896,1,0.6001720428466797,0,0.988483726978302,1,0.5198894739151001,a blue background with a white border
517,A photograph shows an artist's conceptual rendering of a 'solar panda farm.,/Users/_mathanga_thalayan_/fake–news–detection–project/data/external/dataexternalverite-repository/VERITE/images/false_172.jpg,1,1,0.7500213980674744,0,0.6703662872314453,1,0.9111024737358093,1,0.510924756526947,a green color with a white border
518,A photograph shows plaster cast of a victim in Pompeii during the volcanic eruption in 79 A.D.,/Users/_mathanga_thalayan_/fake–news–detection–project/data/external/dataexternalverite-repository/VERITE/images/true_173.jpg,0,0,0.9986485838890076,0,0.6731120347976685,0,0.7146614193916321,1,0.5055763721466064,a brown color with a white background
519,A photograph shows the remains of a man who died while masturbating in Pompeii during the volcanic eruption in 79 A.D.,/Users/_mathanga_thalayan_/fake–news–detection–project/data/external/dataexternalverite-repository/VERITE/images/true_173.jpg,1,1,0.5750872492790222,0,0.6759768128395081,0,0.7893896102905273,0,0.5123413801193237,a brown color with a white background
520,A photograph shows plaster cast of a victim in Pompeii during the volcanic eruption in 79 A.D.,/Users/_mathanga_thalayan_/fake–news–detection–project/data/external/dataexternalverite-repository/VERITE/images/false_173.jpg,1,0,0.9986485838890076,0,0.6699394583702087,0,0.9296678900718689,0,0.5013689994812012,a purple background with a white border
521,"A photograph shows three women posing to illustrate the use of a three-person cangue, a public humiliation device. Photographer William Saunders took the picture sometime between 1870 and 1880 in Shanghai.",/Users/_mathanga_thalayan_/fake–news–detection–project/data/external/dataexternalverite-repository/VERITE/images/true_174.jpg,0,0,0.9200717806816101,0,0.666296124458313,0,0.989688515663147,1,0.5019038319587708,a brown color with a white border
522,A photograph shows three women being punished after they were found guilty of witchcraft in China in 1922.,/Users/_mathanga_thalayan_/fake–news–detection–project/data/external/dataexternalverite-repository/VERITE/images/true_174.jpg,1,0,0.983451247215271,0,0.6625248789787292,0,0.9240779876708984,1,0.502282977104187,a brown color with a white border
523,"A photograph shows three women posing to illustrate the use of a three-person cangue, a public humiliation device. Photographer William Saunders took the picture sometime between 1870 and 1880 in Shanghai.",/Users/_mathanga_thalayan_/fake–news–detection–project/data/external/dataexternalverite-repository/VERITE/images/false_174.jpg,1,0,0.9200717806816101,0,0.6621984243392944,0,0.9915308952331543,0,0.5182329416275024,a blue background with a white border
524,A still frame taken from the 2012 film Kingdom of Ants movie shows a boy after he was shot in the heart.,/Users/_mathanga_thalayan_/fake–news–detection–project/data/external/dataexternalverite-repository/VERITE/images/true_175.jpg,0,1,0.966562032699585,0,0.6588929295539856,1,0.8551266193389893,0,0.5222877860069275,a blue background with a white border
525,A photograph shows a Palestinian boy after he was shot in the heart by an Israeli soldier during the First Intifada.,/Users/_mathanga_thalayan_/fake–news–detection–project/data/external/dataexternalverite-repository/VERITE/images/true_175.jpg,1,0,0.9987848401069641,0,0.6604706048965454,0,0.80079585313797,0,0.5013761520385742,a blue background with a white border
526,A still frame taken from the 2012 film Kingdom of Ants movie shows a boy after he was shot in the heart.,/Users/_mathanga_thalayan_/fake–news–detection–project/data/external/dataexternalverite-repository/VERITE/images/false_175.jpg,1,1,0.966562032699585,0,0.6641505360603333,1,0.9303075075149536,0,0.5191729664802551,a green background with a white border
527,Photograph depicts a sign at a single Wegmans store informing customers purchasing pork or alcohol to choose another lane in 2012 to accommodate Muslim employees.,/Users/_mathanga_thalayan_/fake–news–detection–project/data/external/dataexternalverite-repository/VERITE/images/true_176.jpg,0,0,0.7466158270835876,0,0.6644663214683533,0,0.9850770831108093,0,0.5149656534194946,a blue background with a white border
528,Photograph depicts a sign at Target informing customers purchasing pork or alcohol to choose another lane to accommodate Muslim employees.,/Users/_mathanga_thalayan_/fake–news–detection–project/data/external/dataexternalverite-repository/VERITE/images/true_176.jpg,1,0,0.9669240117073059,0,0.6674728393554688,0,0.9793740510940552,0,0.5123251080513,a blue background with a white border
529,Photograph depicts a sign at a single Wegmans store informing customers purchasing pork or alcohol to choose another lane in 2012 to accommodate Muslim employees.,/Users/_mathanga_thalayan_/fake–news–detection–project/data/external/dataexternalverite-repository/VERITE/images/false_176.jpg,1,0,0.7466158270835876,0,0.6668068766593933,0,0.9892566800117493,0,0.5144761800765991,a green background with a white border
530,Image shows German special forces wearing chainmail protective gear while heading into a situation that involves someone armed with a sharp stabbing or cutting weapon.,/Users/_mathanga_thalayan_/fake–news–detection–project/data/external/dataexternalverite-repository/VERITE/images/true_177.jpg,0,0,0.7494155168533325,0,0.6715974807739258,0,0.9625508785247803,0,0.519983172416687,a green screen with a white background
531,Image shows german police officers that started wearing chainmail in 2016 due to an increase in refugee stabbing attacks.,/Users/_mathanga_thalayan_/fake–news–detection–project/data/external/dataexternalverite-repository/VERITE/images/true_177.jpg,1,1,0.7606185674667358,0,0.659134566783905,0,0.8841433525085449,1,0.5019935965538025,a green screen with a white background
532,Image shows German special forces wearing chainmail protective gear while heading into a situation that involves someone armed with a sharp stabbing or cutting weapon.,/Users/_mathanga_thalayan_/fake–news–detection–project/data/external/dataexternalverite-repository/VERITE/images/false_177.jpg,1,0,0.7494155168533325,0,0.6832042932510376,0,0.9837380647659302,0,0.5153379440307617,a beige color with a light brown base
533,"A photograph shows a group of sheep squeezing through a gate, because there is a fence hemming them in.",/Users/_mathanga_thalayan_/fake–news–detection–project/data/external/dataexternalverite-repository/VERITE/images/true_178.jpg,0,1,0.7828162312507629,0,0.664995551109314,0,0.9845198392868042,0,0.5202388763427734,a purple background with a white border
534,"A photograph shows a group of sheep squeezing through a gate, despite no fence hemming them in.",/Users/_mathanga_thalayan_/fake–news–detection–project/data/external/dataexternalverite-repository/VERITE/images/true_178.jpg,1,1,0.8304521441459656,0,0.6658902764320374,0,0.982624888420105,0,0.5105140805244446,a purple background with a white border
535,"Photograph depicts a veteran being upset that he was behind the column of other veterans and could not catch up with them at a Victory Parade on May 9, 2007 in Russia.",/Users/_mathanga_thalayan_/fake–news–detection–project/data/external/dataexternalverite-repository/VERITE/images/true_179.jpg,0,0,0.9192163944244385,0,0.6698004007339478,0,0.8980233669281006,0,0.526252806186676,a red background with a white border
536,Photograph depicts last surviving veteran of a WWII battle group marching alone and crying in a Memorial Day parade.,/Users/_mathanga_thalayan_/fake–news–detection–project/data/external/dataexternalverite-repository/VERITE/images/true_179.jpg,1,0,0.995898425579071,0,0.6725800037384033,0,0.8711572289466858,0,0.5348508358001709,a red background with a white border
537,"Photograph depicts a veteran being upset that he was behind the column of other veterans and could not catch up with them at a Victory Parade on May 9, 2007 in Russia.",/Users/_mathanga_thalayan_/fake–news–detection–project/data/external/dataexternalverite-repository/VERITE/images/false_179.jpg,1,0,0.9192163944244385,0,0.6653561592102051,0,0.9506661891937256,0,0.5274059772491455,a yellow background with a white border
538,"A photograph shows Senator John McCain posing with members of the Free Syrian Army (FSA) in May 2013,",/Users/_mathanga_thalayan_/fake–news–detection–project/data/external/dataexternalverite-repository/VERITE/images/true_180.jpg,0,0,0.898561954498291,0,0.6754419207572937,0,0.991133987903595,1,0.5029909610748291,a red background with a white border
539,A photograph shows Senator John McCain posing with ISIS leader Abu Bakr al-Baghdadi.,/Users/_mathanga_thalayan_/fake–news–detection–project/data/external/dataexternalverite-repository/VERITE/images/true_180.jpg,1,1,0.5326976180076599,0,0.6779342889785767,0,0.9885931015014648,1,0.514944314956665,a red background with a white border
540,"A photograph shows Senator John McCain posing with members of the Free Syrian Army (FSA) in May 2013,",/Users/_mathanga_thalayan_/fake–news–detection–project/data/external/dataexternalverite-repository/VERITE/images/false_180.jpg,1,0,0.898561954498291,0,0.6761609315872192,0,0.991786777973175,1,0.5045422315597534,a pink background with a white border
541,A photograph shows Michelle Obama hugging a graduate from the NY City College Class of 2016 in June 2016.,/Users/_mathanga_thalayan_/fake–news–detection–project/data/external/dataexternalverite-repository/VERITE/images/true_181.jpg,0,1,0.9780987501144409,0,0.6649672389030457,0,0.9917164444923401,0,0.5092640519142151,a purple background with a white border
542,A photograph shows one of Michelle Obama's daughters wearing a graduation cap decorated in a quote from Prophet Muhammad.,/Users/_mathanga_thalayan_/fake–news–detection–project/data/external/dataexternalverite-repository/VERITE/images/true_181.jpg,1,1,0.9407320022583008,0,0.670951247215271,0,0.9889333248138428,0,0.5092361569404602,a purple background with a white border
543,A photograph shows Michelle Obama hugging a graduate from the NY City College Class of 2016 in June 2016.,/Users/_mathanga_thalayan_/fake–news–detection–project/data/external/dataexternalverite-repository/VERITE/images/false_181.jpg,1,1,0.9780987501144409,0,0.661500871181488,0,0.9911956787109375,0,0.5022384524345398,a red color with a white background
544,An image of actress Samara Weaving covered in fake blood for the television program Ash vs. Evil Dead.,/Users/_mathanga_thalayan_/fake–news–detection–project/data/external/dataexternalverite-repository/VERITE/images/true_182.jpg,0,0,0.6688503623008728,0,0.6739307045936584,0,0.9426801204681396,1,0.5063409209251404,a purple color with a white background
545,An image depicts a young female Donald Trump supporter covered in blood following an altercation at a California political rally in San Jose in June 2016.,/Users/_mathanga_thalayan_/fake–news–detection–project/data/external/dataexternalverite-repository/VERITE/images/true_182.jpg,1,0,0.9243826270103455,0,0.664675235748291,0,0.9791740775108337,1,0.513600766658783,a purple color with a white background
546,An image of actress Samara Weaving covered in fake blood for the television program Ash vs. Evil Dead.,/Users/_mathanga_thalayan_/fake–news–detection–project/data/external/dataexternalverite-repository/VERITE/images/false_182.jpg,1,0,0.6688503623008728,0,0.6804302930831909,0,0.9416856169700623,1,0.5067225098609924,a blue background with a white border
547,"An image of an actress pelted with eggs from La Rosa de Guadalupe, a Mexican drama series.",/Users/_mathanga_thalayan_/fake–news–detection–project/data/external/dataexternalverite-repository/VERITE/images/true_183.jpg,0,1,0.8443969488143921,0,0.6730844974517822,0,0.9877896308898926,1,0.5101737380027771,a purple background with a white border
548,An image of female Donald Trump supporter who had been pelted with eggs during the protests in San Jose in June 2016.,/Users/_mathanga_thalayan_/fake–news–detection–project/data/external/dataexternalverite-repository/VERITE/images/true_183.jpg,1,0,0.559127151966095,0,0.617516279220581,0,0.9735413789749146,1,0.5176820158958435,a purple background with a white border
549,"An image of an actress pelted with eggs from La Rosa de Guadalupe, a Mexican drama series.",/Users/_mathanga_thalayan_/fake–news–detection–project/data/external/dataexternalverite-repository/VERITE/images/false_183.jpg,1,1,0.8443969488143921,0,0.6701250672340393,0,0.982948899269104,1,0.5112136602401733,a blue background with a white border
550,A photograph shows a little girl lying in the chalk outline of a woman taken by Iranian photographer Bahareh Bisheh in 2012.,/Users/_mathanga_thalayan_/fake–news–detection–project/data/external/dataexternalverite-repository/VERITE/images/true_184.jpg,0,1,0.6672168374061584,0,0.6654527187347412,0,0.9222665429115295,1,0.5066797733306885,a blue background with a white border
551,A photograph shows an Iraqi orphan lying in the chalk outline of her absent mother.,/Users/_mathanga_thalayan_/fake–news–detection–project/data/external/dataexternalverite-repository/VERITE/images/true_184.jpg,1,1,0.7494712471961975,0,0.6684466004371643,0,0.8953315019607544,0,0.5033315420150757,a blue background with a white border
552,A photograph shows a little girl lying in the chalk outline of a woman taken by Iranian photographer Bahareh Bisheh in 2012.,/Users/_mathanga_thalayan_/fake–news–detection–project/data/external/dataexternalverite-repository/VERITE/images/false_184.jpg,1,1,0.6672168374061584,0,0.67442387342453,0,0.938730776309967,1,0.507157027721405,a green background with a white border
553,Image shows a massive crowd at the Worker's Day event rally in Havana in May 2016.,/Users/_mathanga_thalayan_/fake–news–detection–project/data/external/dataexternalverite-repository/VERITE/images/true_185.jpg,0,0,0.9912848472595215,0,0.6687723398208618,0,0.991241455078125,1,0.5202890634536743,a yellow background with a white border
554,Image shows a massive Bernie Sanders rally in California in May 2016.,/Users/_mathanga_thalayan_/fake–news–detection–project/data/external/dataexternalverite-repository/VERITE/images/true_185.jpg,1,0,0.9670172929763794,0,0.6738308668136597,0,0.9890730977058411,1,0.5287389755249023,a yellow background with a white border
555,Image shows a massive crowd at the Worker's Day event rally in Havana in May 2016.,/Users/_mathanga_thalayan_/fake–news–detection–project/data/external/dataexternalverite-repository/VERITE/images/false_185.jpg,1,0,0.9912848472595215,0,0.6782527565956116,0,0.8873986601829529,1,0.5231035947799683,a pink color with a white background
556,A still from the 1988 Holocaust-themed miniseries War and Remembrance depicts a Jewish mother hugging her toddler daughter before both were shot to death by Nazis.,/Users/_mathanga_thalayan_/fake–news–detection–project/data/external/dataexternalverite-repository/VERITE/images/true_186.jpg,0,0,0.9734057188034058,1,0.571173906326294,0,0.9268039464950562,0,0.5014075636863708,a red background with a white border
557,A photograph depicts a Jewish mother hugging her toddler daughter before both were shot to death by Nazis [colorized].,/Users/_mathanga_thalayan_/fake–news–detection–project/data/external/dataexternalverite-repository/VERITE/images/true_186.jpg,1,0,0.999461829662323,0,0.6511504054069519,0,0.8149267435073853,0,0.5075780749320984,a red background with a white border
558,A still from the 1988 Holocaust-themed miniseries War and Remembrance depicts a Jewish mother hugging her toddler daughter before both were shot to death by Nazis.,/Users/_mathanga_thalayan_/fake–news–detection–project/data/external/dataexternalverite-repository/VERITE/images/false_186.jpg,1,0,0.9734057188034058,1,0.5489484667778015,1,0.7525749206542969,1,0.5019834041595459,a purple background with a white border
559,Α photograph shows a mass spay and neuter event at the University of Florida in August 2011 by students and veterinarians. They spayed or neutered nearly 700 cats in preparation for an adoption event,/Users/_mathanga_thalayan_/fake–news–detection–project/data/external/dataexternalverite-repository/VERITE/images/true_187.jpg,0,1,0.993037760257721,0,0.5591523051261902,0,0.8938003778457642,0,0.525567352771759,a man in a suit is standing on a green screen
560,A photograph shows MAC Cosmetics testing its products on a group of cats.,/Users/_mathanga_thalayan_/fake–news–detection–project/data/external/dataexternalverite-repository/VERITE/images/true_187.jpg,1,0,0.7204024195671082,0,0.6750737428665161,0,0.9438775777816772,0,0.5240919589996338,a man in a suit is standing on a green screen
561,Α photograph shows a mass spay and neuter event at the University of Florida in August 2011 by students and veterinarians. They spayed or neutered nearly 700 cats in preparation for an adoption event,/Users/_mathanga_thalayan_/fake–news–detection–project/data/external/dataexternalverite-repository/VERITE/images/false_187.jpg,1,1,0.993037760257721,0,0.5551789999008179,0,0.9528446793556213,0,0.5134843587875366,a green background with a white border
562,A photographs uses forced perspective in order to make it seem as if the JetBlue plane were covered in snow.,/Users/_mathanga_thalayan_/fake–news–detection–project/data/external/dataexternalverite-repository/VERITE/images/true_188.jpg,0,0,0.6368792653083801,1,0.5832410454750061,0,0.5054918527603149,0,0.5294505953788757,a green screen with a white background
563,A photograph shows a JetBlue airliner buried in snow in January 2016.,/Users/_mathanga_thalayan_/fake–news–detection–project/data/external/dataexternalverite-repository/VERITE/images/true_188.jpg,1,1,0.7035297155380249,0,0.5254639387130737,0,0.9203606843948364,0,0.5083406567573547,a green screen with a white background
564,A photographs uses forced perspective in order to make it seem as if the JetBlue plane were covered in snow.,/Users/_mathanga_thalayan_/fake–news–detection–project/data/external/dataexternalverite-repository/VERITE/images/false_188.jpg,1,0,0.6368792653083801,1,0.5874879956245422,1,0.8236523866653442,0,0.5111039876937866,a green color with a white background
565,A photograph shows a group of nuns holding guns from the Sisters of Divine Providence in 1957.,/Users/_mathanga_thalayan_/fake–news–detection–project/data/external/dataexternalverite-repository/VERITE/images/true_189.jpg,0,1,0.825699508190155,0,0.6746093034744263,0,0.953066349029541,1,0.5085127949714661,a red background with a white border
566,A photograph shows a group of nuns holding guns from the Vatican Women's Rifle Team.,/Users/_mathanga_thalayan_/fake–news–detection–project/data/external/dataexternalverite-repository/VERITE/images/true_189.jpg,1,1,0.9243252277374268,0,0.6756742000579834,0,0.9319581985473633,0,0.500806450843811,a red background with a white border
567,A photograph shows a group of nuns holding guns from the Sisters of Divine Providence in 1957.,/Users/_mathanga_thalayan_/fake–news–detection–project/data/external/dataexternalverite-repository/VERITE/images/false_189.jpg,1,1,0.825699508190155,0,0.6828148365020752,0,0.9878894686698914,1,0.5072485208511353,a green background with a white border
568,"A photograph shows an ice sculpture of a frozen spider web created in 2011 by a Kenyan sculptor, Michael Kaloki.",/Users/_mathanga_thalayan_/fake–news–detection–project/data/external/dataexternalverite-repository/VERITE/images/true_190.jpg,0,1,0.9886410236358643,0,0.6313119530677795,0,0.9188697338104248,1,0.5075485110282898,a green background with a white border
569,A photograph shows a frozen spider web.,/Users/_mathanga_thalayan_/fake–news–detection–project/data/external/dataexternalverite-repository/VERITE/images/true_190.jpg,1,1,0.8664363622665405,0,0.6723085045814514,0,0.954624354839325,1,0.517728328704834,a green background with a white border
570,"A photograph shows an ice sculpture of a frozen spider web created in 2011 by a Kenyan sculptor, Michael Kaloki.",/Users/_mathanga_thalayan_/fake–news–detection–project/data/external/dataexternalverite-repository/VERITE/images/false_190.jpg,1,1,0.9886410236358643,0,0.6301160454750061,0,0.9676217436790466,1,0.5081484913825989,a blue background with a white border
571,A photograph shows a baseball stadium in Japan repurposed as an outdoor display area for model homes.,/Users/_mathanga_thalayan_/fake–news–detection–project/data/external/dataexternalverite-repository/VERITE/images/true_191.jpg,0,1,0.844950795173645,1,0.5907756090164185,0,0.8227372765541077,0,0.5089215040206909,a brown paint color with a white background
572,A photograph shows a baseball stadium in Japan repurposed as a residential neighborhood.,/Users/_mathanga_thalayan_/fake–news–detection–project/data/external/dataexternalverite-repository/VERITE/images/true_191.jpg,1,1,0.8551872372627258,1,0.5908567905426025,0,0.9094356298446655,0,0.510379433631897,a brown paint color with a white background
573,A photograph shows a baseball stadium in Japan repurposed as an outdoor display area for model homes.,/Users/_mathanga_thalayan_/fake–news–detection–project/data/external/dataexternalverite-repository/VERITE/images/false_191.jpg,1,1,0.844950795173645,1,0.5985248684883118,0,0.9754148721694946,0,0.5023799538612366,a green background with a white border
574,A photograph depicts a Six Flags Over Georgia theme park submerged in Atlanta floods on 23 September 2009.,/Users/_mathanga_thalayan_/fake–news–detection–project/data/external/dataexternalverite-repository/VERITE/images/true_192.jpg,0,1,0.5149796605110168,1,0.5663416385650635,0,0.9918376803398132,0,0.5124307870864868,a brown background with a white border
575,A photograph depicts a Six Flags roller coaster under floodwaters in St. Louis in May 2017.,/Users/_mathanga_thalayan_/fake–news–detection–project/data/external/dataexternalverite-repository/VERITE/images/true_192.jpg,1,1,0.6719717979431152,1,0.5651589632034302,0,0.9829615950584412,1,0.5029471516609192,a brown background with a white border
576,A photograph depicts a Six Flags Over Georgia theme park submerged in Atlanta floods on 23 September 2009.,/Users/_mathanga_thalayan_/fake–news–detection–project/data/external/dataexternalverite-repository/VERITE/images/false_192.jpg,1,1,0.5149796605110168,1,0.5790051221847534,0,0.9590579867362976,0,0.5139089822769165,a blue background with a white border
577,A photograph shows a wolf pack travel single-file through the deep snow to save energy.,/Users/_mathanga_thalayan_/fake–news–detection–project/data/external/dataexternalverite-repository/VERITE/images/true_193.jpg,0,0,0.5506183505058289,0,0.6807833313941956,1,0.5576871633529663,1,0.5051475167274475,a purple background with a white border
578,A photograph shows a wolf pack being led by the oldest and weakest members.,/Users/_mathanga_thalayan_/fake–news–detection–project/data/external/dataexternalverite-repository/VERITE/images/true_193.jpg,1,1,0.6988480687141418,0,0.68185955286026,0,0.9623709917068481,0,0.5066924691200256,a purple background with a white border
579,A photograph shoes hundreds of Arab Americans in metro Detroit taking a stand against ISIS and terrorism.,/Users/_mathanga_thalayan_/fake–news–detection–project/data/external/dataexternalverite-repository/VERITE/images/true_194.jpg,0,1,0.8207495808601379,0,0.659940242767334,0,0.9812567830085754,1,0.5064614415168762,a blue background with a white border
580,"A photograph depicts a pro-ISIS rally held in Dearborn, Michigan, in December 2015.",/Users/_mathanga_thalayan_/fake–news–detection–project/data/external/dataexternalverite-repository/VERITE/images/true_194.jpg,1,0,0.8899855613708496,0,0.6566674709320068,0,0.9907283782958984,1,0.5121480226516724,a blue background with a white border
581,A photograph shoes hundreds of Arab Americans in metro Detroit taking a stand against ISIS and terrorism.,/Users/_mathanga_thalayan_/fake–news–detection–project/data/external/dataexternalverite-repository/VERITE/images/false_194.jpg,1,1,0.8207495808601379,0,0.6600732207298279,0,0.9856066107749939,1,0.5092064142227173,a red square with a white border
582,A photograph shows Red Cross nurses arriving on the French Riviera area of southern France on 15 January 1945.,/Users/_mathanga_thalayan_/fake–news–detection–project/data/external/dataexternalverite-repository/VERITE/images/true_195.jpg,0,0,0.9952343106269836,0,0.6651546359062195,0,0.9927288293838501,0,0.5226459503173828,a purple background with a white border
583,"A photograph shows Red Cross nurses arriving on the beaches of Normandy on D-Day, the invasion of Nazi-occupied France by the Allies in June 1944.",/Users/_mathanga_thalayan_/fake–news–detection–project/data/external/dataexternalverite-repository/VERITE/images/true_195.jpg,1,0,0.9994856119155884,0,0.6651912927627563,0,0.9800341129302979,0,0.5249385833740234,a purple background with a white border
584,A photograph shows Red Cross nurses arriving on the French Riviera area of southern France on 15 January 1945.,/Users/_mathanga_thalayan_/fake–news–detection–project/data/external/dataexternalverite-repository/VERITE/images/false_195.jpg,1,0,0.9952343106269836,0,0.662523090839386,0,0.9927487969398499,0,0.5017281770706177,a green color with a white border
585,"A photograph depicts Earnie Polk, a fisherman - who has garnered a reputation for landing big sharks from the shore - cought a 12 foot tiger shark in February 2015 in Navarre Beach, Florida.",/Users/_mathanga_thalayan_/fake–news–detection–project/data/external/dataexternalverite-repository/VERITE/images/true_196.jpg,0,1,0.9311439394950867,0,0.677707314491272,0,0.9243184924125671,0,0.5056647658348083,a pink color with a white background
586,"A photograph documents the capture of a rare freshwater Marquette shark off the coast of Muskegon, Michigan.",/Users/_mathanga_thalayan_/fake–news–detection–project/data/external/dataexternalverite-repository/VERITE/images/true_196.jpg,1,1,0.7198076248168945,0,0.6688518524169922,0,0.9819021224975586,1,0.507548451423645,a pink color with a white background
587,"A photograph depicts Earnie Polk, a fisherman - who has garnered a reputation for landing big sharks from the shore - cought a 12 foot tiger shark in February 2015 in Navarre Beach, Florida.",/Users/_mathanga_thalayan_/fake–news–detection–project/data/external/dataexternalverite-repository/VERITE/images/false_196.jpg,1,1,0.9311439394950867,0,0.6680448651313782,0,0.8061914443969727,0,0.5067579746246338,a blue background with a white border
588,A photograph shows debris resulting from a magnitude 9.0 earthquake - and resulting tsunami - that struck northern Japan in 2011.,/Users/_mathanga_thalayan_/fake–news–detection–project/data/external/dataexternalverite-repository/VERITE/images/true_197.jpg,0,0,0.656891405582428,1,0.5913781523704529,1,0.8906201720237732,0,0.5001094937324524,a green background with a white border
589,A photograph shows the Great Pacific Garbage Patch that covers over 8% of the Pacific Ocean.,/Users/_mathanga_thalayan_/fake–news–detection–project/data/external/dataexternalverite-repository/VERITE/images/true_197.jpg,1,0,0.9167701005935669,0,0.6392641067504883,1,0.8961185812950134,1,0.5070677399635315,a green background with a white border
590,A photograph shows debris resulting from a magnitude 9.0 earthquake - and resulting tsunami - that struck northern Japan in 2011.,/Users/_mathanga_thalayan_/fake–news–detection–project/data/external/dataexternalverite-repository/VERITE/images/false_197.jpg,1,0,0.656891405582428,1,0.6047856211662292,0,0.8581750392913818,1,0.5002732872962952,a blue background with a white border
591,"A photograph depicts an art installation - entitled 'The Four Seasons of Vivaldi' - created along the road between Haut-bois and Faulx in Namur, Belgium, in 2001 by French conceptual artist Patrick Demazeau where trees have grown through the chairs.",/Users/_mathanga_thalayan_/fake–news–detection–project/data/external/dataexternalverite-repository/VERITE/images/true_198.jpg,0,1,0.9733245968818665,1,0.5463278889656067,0,0.9798641204833984,1,0.510420024394989,a green background with a white border
592,A photograph depicts chairs left in a Polish forest after a 1939 wedding was canceled due to the start of World War II.,/Users/_mathanga_thalayan_/fake–news–detection–project/data/external/dataexternalverite-repository/VERITE/images/true_198.jpg,1,0,0.9947959780693054,1,0.5487246513366699,1,0.5328436493873596,0,0.5119333267211914,a green background with a white border
593,"A photograph depicts an art installation - entitled 'The Four Seasons of Vivaldi' - created along the road between Haut-bois and Faulx in Namur, Belgium, in 2001 by French conceptual artist Patrick Demazeau where trees have grown through the chairs.",/Users/_mathanga_thalayan_/fake–news–detection–project/data/external/dataexternalverite-repository/VERITE/images/false_198.jpg,1,1,0.9733245968818665,1,0.5401641726493835,0,0.9650264382362366,1,0.510420024394989,a green background with a white border
594,A photograph shows a group of Brazilian women who gathered together for a calendar photo shoot in order to raise money for amputees who cannot afford prosthetic limbs.,/Users/_mathanga_thalayan_/fake–news–detection–project/data/external/dataexternalverite-repository/VERITE/images/true_199.jpg,0,1,0.9943749904632568,1,0.5394136905670166,0,0.8563045859336853,1,0.5081393718719482,a yellow background with a white border
595,A photograph shows a group of female veterans who had all lost one or both legs to combat wounds.,/Users/_mathanga_thalayan_/fake–news–detection–project/data/external/dataexternalverite-repository/VERITE/images/true_199.jpg,1,1,0.9894906878471375,0,0.6282268166542053,1,0.9379266500473022,0,0.5179939270019531,a yellow background with a white border
596,A photograph shows a group of Brazilian women who gathered together for a calendar photo shoot in order to raise money for amputees who cannot afford prosthetic limbs.,/Users/_mathanga_thalayan_/fake–news–detection–project/data/external/dataexternalverite-repository/VERITE/images/false_199.jpg,1,1,0.9943749904632568,1,0.5282688736915588,0,0.9727113246917725,1,0.507661759853363,a pink background with a white border
597,"A photograph shows 2012 sculpture titled Ressort (the French word for 'spring') by the Chinese–French artist Huang Yong Ping, as displayed at Queensland Art Gallery in Brisbane, Australia.",/Users/_mathanga_thalayan_/fake–news–detection–project/data/external/dataexternalverite-repository/VERITE/images/true_200.jpg,0,1,0.9866517782211304,1,0.5814587473869324,0,0.990420401096344,1,0.5064690113067627,a red color with a white background
598,A photograph shows the skeleton of a monster snake known as a Titanoboa.,/Users/_mathanga_thalayan_/fake–news–detection–project/data/external/dataexternalverite-repository/VERITE/images/true_200.jpg,1,0,0.7995514869689941,0,0.6688249111175537,0,0.9896838665008545,0,0.5109734535217285,a red color with a white background
599,"A photograph shows 2012 sculpture titled Ressort (the French word for 'spring') by the Chinese–French artist Huang Yong Ping, as displayed at Queensland Art Gallery in Brisbane, Australia.",/Users/_mathanga_thalayan_/fake–news–detection–project/data/external/dataexternalverite-repository/VERITE/images/false_200.jpg,1,1,0.9866517782211304,1,0.5708299279212952,0,0.9913514852523804,1,0.5070030093193054,a purple background with a white border
600,"Image shows women eating fruit pie at a pie eating contest at Tidal Basin and was taken in Washington, D.C., on 13 July 1921.",/Users/_mathanga_thalayan_/fake–news–detection–project/data/external/dataexternalverite-repository/VERITE/images/true_201.jpg,0,0,0.7137620449066162,0,0.6670227646827698,0,0.9859088063240051,0,0.5217980742454529,a red color with a white background
601,Image of early suffragettes wearing bathing suits and eating pizza in large groups to annoy men in 1921.,/Users/_mathanga_thalayan_/fake–news–detection–project/data/external/dataexternalverite-repository/VERITE/images/true_201.jpg,1,0,0.9991720914840698,0,0.6720359325408936,0,0.9710016846656799,1,0.5086867809295654,a red color with a white background
602,"Image shows women eating fruit pie at a pie eating contest at Tidal Basin and was taken in Washington, D.C., on 13 July 1921.",/Users/_mathanga_thalayan_/fake–news–detection–project/data/external/dataexternalverite-repository/VERITE/images/false_201.jpg,1,0,0.7137620449066162,0,0.671772301197052,0,0.98002028465271,0,0.5213243365287781,a green color with a white background
603,"A photograph shows thousands of rubber ducks in an annual rubber duck race held in Louisville, Kentucky",/Users/_mathanga_thalayan_/fake–news–detection–project/data/external/dataexternalverite-repository/VERITE/images/true_202.jpg,0,0,0.5001578330993652,0,0.6496894955635071,0,0.9715468883514404,0,0.5096870064735413,a purple background with a white border
604,"A photograph shows the 'Friendly Floatees', thousands of rubber ducks fell off a cargo ship into the Pacific Ocean in 1992 and have been washing up on shores internationally ever since.",/Users/_mathanga_thalayan_/fake–news–detection–project/data/external/dataexternalverite-repository/VERITE/images/true_202.jpg,1,1,0.7140154838562012,0,0.5960018634796143,0,0.9494036436080933,0,0.528508186340332,a purple background with a white border
605,"A photograph shows thousands of rubber ducks in an annual rubber duck race held in Louisville, Kentucky",/Users/_mathanga_thalayan_/fake–news–detection–project/data/external/dataexternalverite-repository/VERITE/images/false_202.jpg,1,0,0.5001578330993652,0,0.6532825231552124,0,0.9610892534255981,0,0.5086510181427002,a brown color with a white background
606,"A photograph of a blind girl was taken by Scandinavian photographer Christer Strömholm in Hiroshima, Japan in 1961 and 1963.",/Users/_mathanga_thalayan_/fake–news–detection–project/data/external/dataexternalverite-repository/VERITE/images/true_203.jpg,0,0,0.8526062369346619,1,0.579455554485321,0,0.9659402966499329,0,0.5049213171005249,a purple background with a white border
607,A photograph shows the face of a girl from Hiroshima who was blinded by an atomic bomb.,/Users/_mathanga_thalayan_/fake–news–detection–project/data/external/dataexternalverite-repository/VERITE/images/true_203.jpg,1,0,0.8360154032707214,0,0.662937581539154,0,0.6797938942909241,1,0.5065294504165649,a purple background with a white border
608,"A photograph of a blind girl was taken by Scandinavian photographer Christer Strömholm in Hiroshima, Japan in 1961 and 1963.",/Users/_mathanga_thalayan_/fake–news–detection–project/data/external/dataexternalverite-repository/VERITE/images/false_203.jpg,1,0,0.8526062369346619,1,0.5631861686706543,0,0.9788649082183838,0,0.5045661926269531,a pink background with a white border
609,A photograph shows a rabbit with a case of ear mites (Psoroptes cuniculi) by a Florida veterinarian's clinic .,/Users/_mathanga_thalayan_/fake–news–detection–project/data/external/dataexternalverite-repository/VERITE/images/true_204.jpg,0,1,0.9038966298103333,0,0.662481963634491,0,0.9880802035331726,0,0.5241622924804688,a brown color with a white border
610,A photograph depicts a rabbit subjected to animal testing at the L'Oreal cosmetic company's labs in 2013.,/Users/_mathanga_thalayan_/fake–news–detection–project/data/external/dataexternalverite-repository/VERITE/images/true_204.jpg,1,0,0.6992079615592957,0,0.6506557464599609,0,0.9728595614433289,1,0.5109705328941345,a brown color with a white border
611,A photograph shows a rabbit with a case of ear mites (Psoroptes cuniculi) by a Florida veterinarian's clinic .,/Users/_mathanga_thalayan_/fake–news–detection–project/data/external/dataexternalverite-repository/VERITE/images/false_204.jpg,1,1,0.9038966298103333,0,0.6642472743988037,0,0.9806405305862427,0,0.5247319936752319,a purple background with a white border
612,"Image shows Joseph F. Smith, the 6th President of the Church of Jesus Christ of Latter-Day Saints, posing with his multiple wives and children in 1904.",/Users/_mathanga_thalayan_/fake–news–detection–project/data/external/dataexternalverite-repository/VERITE/images/true_205.jpg,0,0,0.9649428129196167,0,0.6750532388687134,0,0.9872806668281555,0,0.5134683847427368,a purple background with a white border
613,"Image shows Vassilyev - a peasant from Shuya (near Moscow), Russia - who gave birth to a total of 69 children, comprising 16 pairs of twins, seven sets of triplets, and four sets of quadruplets.",/Users/_mathanga_thalayan_/fake–news–detection–project/data/external/dataexternalverite-repository/VERITE/images/true_205.jpg,1,1,0.8809676170349121,0,0.6427057385444641,0,0.9614123106002808,1,0.5017034411430359,a purple background with a white border
614,"Image shows Joseph F. Smith, the 6th President of the Church of Jesus Christ of Latter-Day Saints, posing with his multiple wives and children in 1904.",/Users/_mathanga_thalayan_/fake–news–detection–project/data/external/dataexternalverite-repository/VERITE/images/false_205.jpg,1,0,0.9649428129196167,0,0.6703841090202332,0,0.781031608581543,0,0.5119497776031494,a green background with a white border
615,A photograph shows a white man posing with the body of a small black child. The image surfaced in 2007 and police determined the man in the photo had paid to pose with the child.,/Users/_mathanga_thalayan_/fake–news–detection–project/data/external/dataexternalverite-repository/VERITE/images/true_206.jpg,0,1,0.7553774118423462,0,0.6526485681533813,0,0.7836227416992188,0,0.516645073890686,a blue background with a white border
616,A photograph shows a white businessman posing with the body of a small black child he hunted for sport in Africa in 2014.,/Users/_mathanga_thalayan_/fake–news–detection–project/data/external/dataexternalverite-repository/VERITE/images/true_206.jpg,1,1,0.5422383546829224,0,0.6636965274810791,0,0.9784835577011108,0,0.5035070180892944,a blue background with a white border
617,A photograph shows a white man posing with the body of a small black child. The image surfaced in 2007 and police determined the man in the photo had paid to pose with the child.,/Users/_mathanga_thalayan_/fake–news–detection–project/data/external/dataexternalverite-repository/VERITE/images/false_206.jpg,1,1,0.7553774118423462,0,0.6622193455696106,0,0.6477106809616089,0,0.539730429649353,a green screen with a white background
618,Photograph shows President Obama and First Lady Michelle Obama an NCAA basketball game at the beginning of the flag raising ceremony.,/Users/_mathanga_thalayan_/fake–news–detection–project/data/external/dataexternalverite-repository/VERITE/images/true_207.jpg,0,1,0.8866040706634521,0,0.6708920001983643,0,0.9851605892181396,0,0.5039829015731812,a purple background with a white border
619,Photograph shows First Lady Michelle Obama not saluting the flag during a 2011 Veterans Day ceremony.,/Users/_mathanga_thalayan_/fake–news–detection–project/data/external/dataexternalverite-repository/VERITE/images/true_207.jpg,1,1,0.8256134986877441,0,0.6718827486038208,0,0.9856136441230774,1,0.5019408464431763,a purple background with a white border
620,Photograph shows President Obama and First Lady Michelle Obama an NCAA basketball game at the beginning of the flag raising ceremony.,/Users/_mathanga_thalayan_/fake–news–detection–project/data/external/dataexternalverite-repository/VERITE/images/false_207.jpg,1,1,0.8866040706634521,0,0.6816367506980896,0,0.9867702722549438,1,0.5013887286186218,a dark red color with a white border
621,A photograph of a hand-painted resin doll crafted by artist Donna Lee and sold through the One Tiny Life organization for the stated purpose of 'using them in schools and pregnancy centers to educate prospective mothers'.,/Users/_mathanga_thalayan_/fake–news–detection–project/data/external/dataexternalverite-repository/VERITE/images/true_208.jpg,0,1,0.9258400201797485,1,0.5967639088630676,0,0.8801827430725098,0,0.5115581154823303,a pink background with a white border
622,A photograph shows a 12-week gestational fetus resting in the palm of an adult's hand.,/Users/_mathanga_thalayan_/fake–news–detection–project/data/external/dataexternalverite-repository/VERITE/images/true_208.jpg,1,1,0.8294869065284729,0,0.6631521582603455,0,0.9850986003875732,0,0.5110487341880798,a pink background with a white border
623,A photograph of a hand-painted resin doll crafted by artist Donna Lee and sold through the One Tiny Life organization for the stated purpose of 'using them in schools and pregnancy centers to educate prospective mothers'.,/Users/_mathanga_thalayan_/fake–news–detection–project/data/external/dataexternalverite-repository/VERITE/images/false_208.jpg,1,1,0.9258400201797485,1,0.5976251363754272,0,0.9306674003601074,0,0.5133326053619385,a yellow background with a white border
624,"A photograph shows the chief of Brazil's Kayapó tribe weeping after reuniting with a family member, a common practice among the Kayapó.",/Users/_mathanga_thalayan_/fake–news–detection–project/data/external/dataexternalverite-repository/VERITE/images/true_209.jpg,0,0,0.6763039231300354,0,0.6712307929992676,0,0.9712147116661072,0,0.5212200284004211,a green screen with a white background
625,A photograph shows the chief of Brazil's Kayapó tribe weeping over the approval of a hydroelectric dam project that would destroy tribal forest areas.,/Users/_mathanga_thalayan_/fake–news–detection–project/data/external/dataexternalverite-repository/VERITE/images/true_209.jpg,1,0,0.9188562631607056,0,0.6657666563987732,0,0.9048244953155518,1,0.5050534605979919,a green screen with a white background
626,"A photograph shows the chief of Brazil's Kayapó tribe weeping after reuniting with a family member, a common practice among the Kayapó.",/Users/_mathanga_thalayan_/fake–news–detection–project/data/external/dataexternalverite-repository/VERITE/images/false_209.jpg,1,0,0.6763039231300354,0,0.6696628928184509,0,0.9834712147712708,1,0.5054811835289001,a red color with a white background
627,Photographs of fan who ran into Tom Hanks at a restaurant and deliberately pretended to be drunk while posing for some amusing snapshots.,/Users/_mathanga_thalayan_/fake–news–detection–project/data/external/dataexternalverite-repository/VERITE/images/true_210.jpg,0,1,0.5554619431495667,0,0.6788641214370728,1,0.5026160478591919,0,0.531063973903656,a purple background with a white border
628,"Photographs show actor Tom Hanks posing with a drunk, passed-out customer in a diner.",/Users/_mathanga_thalayan_/fake–news–detection–project/data/external/dataexternalverite-repository/VERITE/images/true_210.jpg,1,0,0.6292676329612732,0,0.6826500296592712,0,0.9836744070053101,0,0.5157417058944702,a purple background with a white border
629,Photographs of fan who ran into Tom Hanks at a restaurant and deliberately pretended to be drunk while posing for some amusing snapshots.,/Users/_mathanga_thalayan_/fake–news–detection–project/data/external/dataexternalverite-repository/VERITE/images/false_210.jpg,1,1,0.5554619431495667,0,0.671377420425415,0,0.9289093613624573,0,0.531063973903656,a purple background with a white border
630,A photograph shows a satellite image of Hurricane Floyd from September 1999.,/Users/_mathanga_thalayan_/fake–news–detection–project/data/external/dataexternalverite-repository/VERITE/images/true_211.jpg,0,0,0.9411343336105347,0,0.6710841059684753,0,0.942064106464386,1,0.5063897371292114,a purple background with a white border
631,A photograph shows a satellite image of Hurricane Katrina in August 2005.,/Users/_mathanga_thalayan_/fake–news–detection–project/data/external/dataexternalverite-repository/VERITE/images/true_211.jpg,1,0,0.9946116209030151,0,0.6710717678070068,0,0.8900833129882812,1,0.5132532119750977,a purple background with a white border
632,A photograph shows a satellite image of Hurricane Floyd from September 1999.,/Users/_mathanga_thalayan_/fake–news–detection–project/data/external/dataexternalverite-repository/VERITE/images/false_211.jpg,1,0,0.9411343336105347,0,0.6656199097633362,1,0.8277432322502136,1,0.509162187576294,a green background with a white border
633,"A photograph captures the posture of desplante (defiance), in which the torero indicates his total domination of the bull by taking up what appears to be a dangerous position in front of the animal's horns.",/Users/_mathanga_thalayan_/fake–news–detection–project/data/external/dataexternalverite-repository/VERITE/images/true_212.jpg,0,0,0.9756583571434021,0,0.6678924560546875,0,0.9897907376289368,0,0.5000383257865906,a blue background with a white border
634,A photograph captures the exact moment torero Álvaro Múnera became an opponent of bullfighting.,/Users/_mathanga_thalayan_/fake–news–detection–project/data/external/dataexternalverite-repository/VERITE/images/true_212.jpg,1,0,0.9636640548706055,0,0.6714217662811279,0,0.902973473072052,0,0.5050086975097656,a blue background with a white border
635,Photographs show a cache of weapons seized by the Mexican army in May 2010 during a raid on a makeshift camp used by a drug-smuggling crime ring in Higueras.,/Users/_mathanga_thalayan_/fake–news–detection–project/data/external/dataexternalverite-repository/VERITE/images/true_213.jpg,0,1,0.9928258657455444,0,0.6774903535842896,0,0.8719798922538757,1,0.5137096643447876,a green color with a white background
636,Photographs show a cache of weapons confiscated by the U.S. Border Patrol from a site near the Arizona border.,/Users/_mathanga_thalayan_/fake–news–detection–project/data/external/dataexternalverite-repository/VERITE/images/true_213.jpg,1,1,0.8039576411247253,0,0.67940354347229,0,0.9905309081077576,1,0.5133805871009827,a green color with a white background
637,Photographs show a cache of weapons seized by the Mexican army in May 2010 during a raid on a makeshift camp used by a drug-smuggling crime ring in Higueras.,/Users/_mathanga_thalayan_/fake–news–detection–project/data/external/dataexternalverite-repository/VERITE/images/false_213.jpg,1,1,0.9928258657455444,0,0.6776798963546753,0,0.9109328985214233,1,0.5044124126434326,a blue background with a white border
638,"A photograph shows Wendy, a bully whippet that lives in Victoria, British Columbia, that weighs twice as much as a standard whippet due having two mutated copies of the gene.",/Users/_mathanga_thalayan_/fake–news–detection–project/data/external/dataexternalverite-repository/VERITE/images/true_214.jpg,0,1,0.9136812686920166,0,0.587538480758667,0,0.981953501701355,0,0.5266909003257751,a yellow background with a white border
639,"A photograph shows B'liv, the strongest dog in the world, who works in the Russian army special forces.",/Users/_mathanga_thalayan_/fake–news–detection–project/data/external/dataexternalverite-repository/VERITE/images/true_214.jpg,1,1,0.6670424938201904,0,0.6822288632392883,0,0.9159005880355835,0,0.5222472548484802,a yellow background with a white border
640,"A photograph shows Wendy, a bully whippet that lives in Victoria, British Columbia, that weighs twice as much as a standard whippet due having two mutated copies of the gene.",/Users/_mathanga_thalayan_/fake–news–detection–project/data/external/dataexternalverite-repository/VERITE/images/false_214.jpg,1,1,0.9136812686920166,0,0.5721233487129211,0,0.9912296533584595,0,0.5249313116073608,a blue background with a white border
641,"A photograph shows a 5 months pregnant woman waiting to welcome home a military husband on August 18, 2009.",/Users/_mathanga_thalayan_/fake–news–detection–project/data/external/dataexternalverite-repository/VERITE/images/true_215.jpg,0,1,0.8417637944221497,0,0.6488831043243408,0,0.9760658740997314,0,0.5123630166053772,a green background with a white border
642,A photograph shows a 5 months pregnant woman waiting to welcome home a military husband who couldn't have fathered the child she's carrying after being in Iraq for 12 months.,/Users/_mathanga_thalayan_/fake–news–detection–project/data/external/dataexternalverite-repository/VERITE/images/true_215.jpg,1,1,0.9693256616592407,1,0.5296432971954346,0,0.8504533171653748,0,0.5066598653793335,a green background with a white border
643,"A photograph shows a 5 months pregnant woman waiting to welcome home a military husband on August 18, 2009.",/Users/_mathanga_thalayan_/fake–news–detection–project/data/external/dataexternalverite-repository/VERITE/images/false_215.jpg,1,1,0.8417637944221497,0,0.6532791256904602,1,0.5692558884620667,0,0.5131375789642334,a red background with a white border
644,A picture of a humorous Christmas display of a doll staged to look as if the homeowner was trapped by a fallen ladder while installing Christmas decorations.,/Users/_mathanga_thalayan_/fake–news–detection–project/data/external/dataexternalverite-repository/VERITE/images/true_216.jpg,0,1,0.8590154647827148,1,0.514510452747345,0,0.6855499148368835,0,0.5082893967628479,a purple background with a white border
645,A photograph shows a holiday display depicting a homeowner trapped by a fallen ladder while installing Christmas decorations.,/Users/_mathanga_thalayan_/fake–news–detection–project/data/external/dataexternalverite-repository/VERITE/images/true_216.jpg,1,1,0.8202510476112366,0,0.6433616280555725,0,0.9009727835655212,0,0.5073050856590271,a purple background with a white border
646,A picture of a humorous Christmas display of a doll staged to look as if the homeowner was trapped by a fallen ladder while installing Christmas decorations.,/Users/_mathanga_thalayan_/fake–news–detection–project/data/external/dataexternalverite-repository/VERITE/images/false_216.jpg,1,1,0.8590154647827148,1,0.5135993957519531,0,0.7277276515960693,0,0.5082893967628479,a purple background with a white border
647,A picture snapped just as President Obama took the stage in the Memorial Amphitheater during the playing of 'Hail to the Chief' in May 2009 at Arlington National Cemetery's Memorial Amphitheater.,/Users/_mathanga_thalayan_/fake–news–detection–project/data/external/dataexternalverite-repository/VERITE/images/true_217.jpg,0,0,0.6918273568153381,1,0.5693507790565491,0,0.8318341374397278,0,0.5301721096038818,a pink background with a white border
648,Photograph shows President Obama not saluting the flag during the playing of the national anthem at a 2009 Veterans Day ceremony.,/Users/_mathanga_thalayan_/fake–news–detection–project/data/external/dataexternalverite-repository/VERITE/images/true_217.jpg,1,0,0.6374849081039429,0,0.6725875735282898,0,0.9894627928733826,1,0.5037311315536499,a pink background with a white border
649,A picture snapped just as President Obama took the stage in the Memorial Amphitheater during the playing of 'Hail to the Chief' in May 2009 at Arlington National Cemetery's Memorial Amphitheater.,/Users/_mathanga_thalayan_/fake–news–detection–project/data/external/dataexternalverite-repository/VERITE/images/false_217.jpg,1,0,0.6918273568153381,1,0.5713409781455994,0,0.5139620900154114,0,0.544536828994751,a green screen with a white background
650,"Image documents pre-pubescent girls, relatives of the brides and grooms, accompaning the groom during a mass wedding in the Gaza Strip in July 2009.",/Users/_mathanga_thalayan_/fake–news–detection–project/data/external/dataexternalverite-repository/VERITE/images/true_218.jpg,0,1,0.8519185185432434,0,0.6679916977882385,0,0.8204092383384705,0,0.5291216373443604,a blue background with a white border
651,Image documents a mass wedding of adult men and pre-pubescent girls organized by Hamas in the Gaza Strip.,/Users/_mathanga_thalayan_/fake–news–detection–project/data/external/dataexternalverite-repository/VERITE/images/true_218.jpg,1,0,0.8871534466743469,0,0.6715962886810303,0,0.9674462080001831,1,0.5017915964126587,a blue background with a white border
652,Photograph shows the Cathedral of Salamanca that was restored in 1992 where one of the artisans 'signed' his work with a contemporary symbol representative of the 20th century: an astronaut.,/Users/_mathanga_thalayan_/fake–news–detection–project/data/external/dataexternalverite-repository/VERITE/images/true_219.jpg,0,1,0.985461413860321,0,0.6617619395256042,0,0.967221200466156,1,0.5152736306190491,a green background with a white border
653,Photograph shows the figure of an astronaut carved into the wall of a 12th century Spanish cathedral.,/Users/_mathanga_thalayan_/fake–news–detection–project/data/external/dataexternalverite-repository/VERITE/images/true_219.jpg,1,0,0.7898043394088745,0,0.6704743504524231,1,0.5262874364852905,1,0.510187029838562,a green background with a white border
654,Photograph shows the Cathedral of Salamanca that was restored in 1992 where one of the artisans 'signed' his work with a contemporary symbol representative of the 20th century: an astronaut.,/Users/_mathanga_thalayan_/fake–news–detection–project/data/external/dataexternalverite-repository/VERITE/images/false_219.jpg,1,1,0.985461413860321,0,0.6624783277511597,0,0.9528146982192993,1,0.5152736306190491,a green background with a white border
655,"Photograph shows a gas pipeline rupture and explosion caused by a corrosion that had not been detected during the gas company's periodic safety inspections, on September 2008 near Appomattox, Virginia.",/Users/_mathanga_thalayan_/fake–news–detection–project/data/external/dataexternalverite-repository/VERITE/images/true_220.jpg,0,1,0.9698951840400696,1,0.514998197555542,0,0.9197221398353577,0,0.5108209848403931,a green screen with a white background
656,Photograph shows a gas pipeline rupture and explosion caused by a neglectful backhoe operator in January 2009.,/Users/_mathanga_thalayan_/fake–news–detection–project/data/external/dataexternalverite-repository/VERITE/images/true_220.jpg,1,1,0.7802606225013733,0,0.6570380330085754,0,0.795905590057373,0,0.5072022676467896,a green screen with a white background
657,"Photograph shows a gas pipeline rupture and explosion caused by a corrosion that had not been detected during the gas company's periodic safety inspections, on September 2008 near Appomattox, Virginia.",/Users/_mathanga_thalayan_/fake–news–detection–project/data/external/dataexternalverite-repository/VERITE/images/false_220.jpg,1,1,0.9698951840400696,1,0.510855495929718,0,0.9858794808387756,1,0.5004487037658691,a green background with a white border
658,"Photograph shows iceberg with multi-colored stripes taken by a Norwegian sailor named Oyvind Tangen while he was aboard a research ship about 1,700 miles south of Cape Town, South Africa.",/Users/_mathanga_thalayan_/fake–news–detection–project/data/external/dataexternalverite-repository/VERITE/images/true_221.jpg,0,1,0.9478306174278259,0,0.5019065737724304,0,0.8598942160606384,0,0.5053043961524963,a purple background with a white border
659,Photograph shows iceberg with multi-colored striping taken in Lake Michigan.,/Users/_mathanga_thalayan_/fake–news–detection–project/data/external/dataexternalverite-repository/VERITE/images/true_221.jpg,1,1,0.8321713209152222,0,0.6775230765342712,0,0.940176784992218,1,0.5078009963035583,a purple background with a white border
660,"Photograph shows iceberg with multi-colored stripes taken by a Norwegian sailor named Oyvind Tangen while he was aboard a research ship about 1,700 miles south of Cape Town, South Africa.",/Users/_mathanga_thalayan_/fake–news–detection–project/data/external/dataexternalverite-repository/VERITE/images/false_221.jpg,1,1,0.9478306174278259,1,0.5084195137023926,0,0.9233937859535217,0,0.5053043961524963,a purple background with a white border
661,Photograph taken at the Antarctic base of Dumont D'Urville in 2002 show ice formed over time from ice that has been compacted and uplifted by glaciation.,/Users/_mathanga_thalayan_/fake–news–detection–project/data/external/dataexternalverite-repository/VERITE/images/true_222.jpg,0,1,0.9965338706970215,0,0.6610077023506165,0,0.9034586548805237,1,0.5016313791275024,a green background with a white border
662,Photograph shows ice formations in Lake Huron created by waves of water freezing in midair.,/Users/_mathanga_thalayan_/fake–news–detection–project/data/external/dataexternalverite-repository/VERITE/images/true_222.jpg,1,0,0.7616225481033325,0,0.6591132879257202,0,0.501649796962738,1,0.5154128074645996,a green background with a white border
663,Photograph taken at the Antarctic base of Dumont D'Urville in 2002 show ice formed over time from ice that has been compacted and uplifted by glaciation.,/Users/_mathanga_thalayan_/fake–news–detection–project/data/external/dataexternalverite-repository/VERITE/images/false_222.jpg,1,1,0.9965338706970215,0,0.6661262512207031,0,0.8875783085823059,1,0.5284106135368347,a dark pink color with a white border
664,Picture shows engine fan blades that have suffered foreign object damage (FOD) such as encountering a bird strike or a hail storm. The tie-down straps secure the engine to a shipping stand as it is removed from the aircraft for inspection.,/Users/_mathanga_thalayan_/fake–news–detection–project/data/external/dataexternalverite-repository/VERITE/images/true_223.jpg,0,1,0.9799119830131531,0,0.6367052793502808,0,0.9491152763366699,0,0.5372709631919861,a purple background with a white border
665,Picture shows a damaged jet engine of a Air China plane that was hastily repaired with seatbelts during a refueling stop.,/Users/_mathanga_thalayan_/fake–news–detection–project/data/external/dataexternalverite-repository/VERITE/images/true_223.jpg,1,1,0.9678112864494324,0,0.6285832524299622,0,0.9737719297409058,0,0.5222791433334351,a purple background with a white border
666,Picture shows engine fan blades that have suffered foreign object damage (FOD) such as encountering a bird strike or a hail storm. The tie-down straps secure the engine to a shipping stand as it is removed from the aircraft for inspection.,/Users/_mathanga_thalayan_/fake–news–detection–project/data/external/dataexternalverite-repository/VERITE/images/false_223.jpg,1,1,0.9799119830131531,0,0.6359779834747314,0,0.9203359484672546,0,0.5200251936912537,a brown color with a white border
667,"Photograph shows the 20-story Car Towers at Volkswagen's Autostadt storage facility for newly-manufactured automobiles in Wolfsburg, Germany.",/Users/_mathanga_thalayan_/fake–news–detection–project/data/external/dataexternalverite-repository/VERITE/images/true_224.jpg,0,0,0.602597177028656,0,0.6446100473403931,0,0.9910317659378052,1,0.5294734239578247,a yellow background with a white border
668,Photograph shows automobiles tightly packed in a compact German public parking garage.,/Users/_mathanga_thalayan_/fake–news–detection–project/data/external/dataexternalverite-repository/VERITE/images/true_224.jpg,1,1,0.6268348693847656,0,0.670070469379425,0,0.9614965319633484,0,0.5005844235420227,a yellow background with a white border
669,"Photograph shows the 20-story Car Towers at Volkswagen's Autostadt storage facility for newly-manufactured automobiles in Wolfsburg, Germany.",/Users/_mathanga_thalayan_/fake–news–detection–project/data/external/dataexternalverite-repository/VERITE/images/false_224.jpg,1,0,0.602597177028656,0,0.6362589597702026,0,0.9893885254859924,1,0.529784619808197,a red background with a white border
670,"Photograph shows vehicles encrusted with ice from severe cold weather, near the Lake Léman in Geneva, Switzerland in January 2005.",/Users/_mathanga_thalayan_/fake–news–detection–project/data/external/dataexternalverite-repository/VERITE/images/true_225.jpg,0,1,0.6106487512588501,0,0.6502947211265564,0,0.9078248143196106,1,0.5193357467651367,a purple background with a white border
671,Photograph shows vehicles encrusted with ice from severe cold weather in Chicago in January 2005.,/Users/_mathanga_thalayan_/fake–news–detection–project/data/external/dataexternalverite-repository/VERITE/images/true_225.jpg,1,1,0.6875540018081665,0,0.6440383195877075,0,0.9382718205451965,0,0.5000281929969788,a purple background with a white border
672,"Photograph shows vehicles encrusted with ice from severe cold weather, near the Lake Léman in Geneva, Switzerland in January 2005.",/Users/_mathanga_thalayan_/fake–news–detection–project/data/external/dataexternalverite-repository/VERITE/images/false_225.jpg,1,1,0.6106487512588501,0,0.6497453451156616,0,0.7399207949638367,1,0.5187893509864807,a blue background with a white border
673,"Photograph shows Bill Gates, CEO of Microsoft, reclining on his desk after the release of Windows 1.0. 1985 Bellevue, Washington, USA.",/Users/_mathanga_thalayan_/fake–news–detection–project/data/external/dataexternalverite-repository/VERITE/images/true_226.jpg,0,0,0.9888889789581299,0,0.6601753830909729,0,0.9848464727401733,1,0.5052741169929504,a green background with a white border
674,Photograph shows Bill Gates posing for 'Teen Beat' magazine in 1983.,/Users/_mathanga_thalayan_/fake–news–detection–project/data/external/dataexternalverite-repository/VERITE/images/true_226.jpg,1,0,0.6869155168533325,0,0.6746015548706055,0,0.9905157089233398,0,0.5086521506309509,a green background with a white border
675,"Photograph shows Bill Gates, CEO of Microsoft, reclining on his desk after the release of Windows 1.0. 1985 Bellevue, Washington, USA.",/Users/_mathanga_thalayan_/fake–news–detection–project/data/external/dataexternalverite-repository/VERITE/images/false_226.jpg,1,0,0.9888889789581299,0,0.6720440983772278,0,0.9088153839111328,1,0.50624680519104,a purple background with a white border
676,"Photograph of Chinese performance artist Zhu Yu, who staged a conceptual shock piece called 'Eating People' at a Shanghai arts festival in 2000.",/Users/_mathanga_thalayan_/fake–news–detection–project/data/external/dataexternalverite-repository/VERITE/images/true_227.jpg,0,1,0.8198113441467285,0,0.6813016533851624,0,0.8674719333648682,1,0.5177299976348877,a blue background with a white border
677,Photograph shows a man eating a dead baby served at a Taiwan restaurant.,/Users/_mathanga_thalayan_/fake–news–detection–project/data/external/dataexternalverite-repository/VERITE/images/true_227.jpg,1,1,0.9133608937263489,0,0.6843299269676208,0,0.9704527258872986,1,0.5003564357757568,a blue background with a white border
678,A cartoon showing a healthcare worker holding a hospital bed above water while themselves being submerged was produced in 2020 by an Iranian artist named Bozorgmehr Hossainpour.,/Users/_mathanga_thalayan_/fake–news–detection–project/data/external/dataexternalverite-repository/VERITE/images/true_228.jpg,0,0,0.9949383735656738,0,0.6573970913887024,0,0.9464921951293945,0,0.5144017934799194,a purple background with a white border
679,A cartoon showing a healthcare worker holding a hospital bed above water while themselves being submerged was produced in 2022 by Banksy.,/Users/_mathanga_thalayan_/fake–news–detection–project/data/external/dataexternalverite-repository/VERITE/images/true_228.jpg,1,0,0.980401337146759,1,0.5022687911987305,0,0.8987611532211304,0,0.5243844985961914,a purple background with a white border
680,An image of a customs agent discovering a shipment of beer cans disguised as Pepsi in Saudi Arabia in 2015.,/Users/_mathanga_thalayan_/fake–news–detection–project/data/external/dataexternalverite-repository/VERITE/images/true_229.jpg,0,1,0.5836584568023682,1,0.5923073887825012,0,0.9913598895072937,1,0.5067805051803589,a blue background with a white border
681,An image of a customs agent discovering a shipment of beer cans disguised as Pepsi at the FIFA World Cup in Qatar.,/Users/_mathanga_thalayan_/fake–news–detection–project/data/external/dataexternalverite-repository/VERITE/images/true_229.jpg,1,0,0.9072561264038086,1,0.5972076654434204,0,0.9914896488189697,0,0.5079659819602966,a blue background with a white border
682,An image of a customs agent discovering a shipment of beer cans disguised as Pepsi in Saudi Arabia in 2015.,/Users/_mathanga_thalayan_/fake–news–detection–project/data/external/dataexternalverite-repository/VERITE/images/false_229.jpg,1,1,0.5836584568023682,1,0.5876327753067017,0,0.975350558757782,0,0.5040331482887268,a green screen with a white background
683,"An image of an anti-government protest in Brazil on March 13, 2016.",/Users/_mathanga_thalayan_/fake–news–detection–project/data/external/dataexternalverite-repository/VERITE/images/true_230.jpg,0,0,0.9856647253036499,1,0.5826594233512878,0,0.9499603509902954,1,0.5328930616378784,a green background with a white border
684,"An image of an anti-government protest in Brazil on November 13, 2022.",/Users/_mathanga_thalayan_/fake–news–detection–project/data/external/dataexternalverite-repository/VERITE/images/true_230.jpg,1,0,0.9924933314323425,0,0.5081267952919006,0,0.9497774243354797,1,0.5272802710533142,a green background with a white border
685,"An image of an anti-government protest in Brazil on March 13, 2016.",/Users/_mathanga_thalayan_/fake–news–detection–project/data/external/dataexternalverite-repository/VERITE/images/false_230.jpg,1,0,0.9856647253036499,1,0.5799802541732788,0,0.9835482239723206,1,0.5351943373680115,a pink background with a white border
686,"A photo shows an incident in Bristol at UWE, during which protesters disrupted an event by UK Parliamentarian Jacob Rees-Mogg in 2018.",/Users/_mathanga_thalayan_/fake–news–detection–project/data/external/dataexternalverite-repository/VERITE/images/true_231.jpg,0,1,0.9079285860061646,0,0.6576337218284607,0,0.9916913509368896,1,0.5222306251525879,a blue background with a white border
687,"A photo of UK Parliamentarian Jacob Rees-Mogg at the centre of a fight inside the House of Commons on October 19, 2022.",/Users/_mathanga_thalayan_/fake–news–detection–project/data/external/dataexternalverite-repository/VERITE/images/true_231.jpg,1,0,0.9980171918869019,0,0.6276544332504272,0,0.9921131134033203,1,0.5144060850143433,a blue background with a white border
688,"A photo shows an incident in Bristol at UWE, during which protesters disrupted an event by UK Parliamentarian Jacob Rees-Mogg in 2018.",/Users/_mathanga_thalayan_/fake–news–detection–project/data/external/dataexternalverite-repository/VERITE/images/false_231.jpg,1,1,0.9079285860061646,0,0.6501446962356567,0,0.8546806573867798,1,0.5243292450904846,a pink background with a white border
689,"An image of a German Gepard tank firing at a mortar was captured in action in Bemowo Piskie Training Area, Poland on July 27, 2021",/Users/_mathanga_thalayan_/fake–news–detection–project/data/external/dataexternalverite-repository/VERITE/images/true_232.jpg,0,0,0.9032429456710815,0,0.5773670077323914,0,0.9896316528320312,0,0.5057638883590698,a blue background with a white border
690,"An image of a German Gepard tank firing at a mortar was captured in action in Ukraine on October 18, 2022.",/Users/_mathanga_thalayan_/fake–news–detection–project/data/external/dataexternalverite-repository/VERITE/images/true_232.jpg,1,0,0.9710084199905396,0,0.6288470029830933,0,0.991181492805481,0,0.501168429851532,a blue background with a white border
691,"An image of a German Gepard tank firing at a mortar was captured in action in Bemowo Piskie Training Area, Poland on July 27, 2021",/Users/_mathanga_thalayan_/fake–news–detection–project/data/external/dataexternalverite-repository/VERITE/images/false_232.jpg,1,0,0.9032429456710815,0,0.5652610063552856,0,0.9876440167427063,0,0.5087600350379944,a red background with a white border
692,A photo depicting Zimbabwean President Emmerson Mnangagwa behind the wheel of a bus in April 2019.,/Users/_mathanga_thalayan_/fake–news–detection–project/data/external/dataexternalverite-repository/VERITE/images/true_233.jpg,0,0,0.5811057686805725,0,0.6772474646568298,0,0.9884688258171082,1,0.5177773833274841,a green color with a white border
693,"A photo depicting Zimbabwean President Emmerson Mnangagwa behind the wheel of a bus, driving African leaders to Queen Elizabeth II’s funeral in London on September 19, 2022.",/Users/_mathanga_thalayan_/fake–news–detection–project/data/external/dataexternalverite-repository/VERITE/images/true_233.jpg,1,0,0.9375061392784119,0,0.6683220267295837,0,0.9710575938224792,1,0.5025677680969238,a green color with a white border
694,A photo depicting Zimbabwean President Emmerson Mnangagwa behind the wheel of a bus in April 2019.,/Users/_mathanga_thalayan_/fake–news–detection–project/data/external/dataexternalverite-repository/VERITE/images/false_233.jpg,1,0,0.5811057686805725,0,0.6709318161010742,0,0.9896702170372009,1,0.5115625858306885,a red color with a white background
695,Image shows Duchess Meghan on Remembrance Sunday in 2019 wearing a similar black outfit to Princess Diana.,/Users/_mathanga_thalayan_/fake–news–detection–project/data/external/dataexternalverite-repository/VERITE/images/true_234.jpg,0,0,0.6838836669921875,0,0.6730378866195679,0,0.9907256960868835,0,0.5167420506477356,a purple background with a white border
696,"Image shows Duchess Meghan dressed up like Princess Diana for Queen Elizabeth’s funeral on September 19, 2022.",/Users/_mathanga_thalayan_/fake–news–detection–project/data/external/dataexternalverite-repository/VERITE/images/true_234.jpg,1,0,0.8731608390808105,0,0.6724223494529724,0,0.9912983775138855,0,0.5264012813568115,a purple background with a white border
697,Image shows Duchess Meghan on Remembrance Sunday in 2019 wearing a similar black outfit to Princess Diana.,/Users/_mathanga_thalayan_/fake–news–detection–project/data/external/dataexternalverite-repository/VERITE/images/false_234.jpg,1,0,0.6838836669921875,0,0.683703601360321,0,0.9870589375495911,0,0.5156599879264832,a pink background with a white border
698,"Image shows students participating to the The Adrian Project, a simulation by the U.S. IRS that allows students to get a glimpse into the career of a special agent.",/Users/_mathanga_thalayan_/fake–news–detection–project/data/external/dataexternalverite-repository/VERITE/images/true_235.jpg,0,0,0.9858747124671936,0,0.6809041500091553,0,0.9647690653800964,0,0.5190780758857727,a pink background with a white border
699,"Ιmage shows the recruiting and training of the newly hired 87,000 IRS agents.",/Users/_mathanga_thalayan_/fake–news–detection–project/data/external/dataexternalverite-repository/VERITE/images/true_235.jpg,1,0,0.9186658263206482,0,0.6854506134986877,0,0.9592718482017517,0,0.5035035610198975,a pink background with a white border
700,"Image shows students participating to the The Adrian Project, a simulation by the U.S. IRS that allows students to get a glimpse into the career of a special agent.",/Users/_mathanga_thalayan_/fake–news–detection–project/data/external/dataexternalverite-repository/VERITE/images/false_235.jpg,1,0,0.9858747124671936,0,0.67013019323349,0,0.9563201665878296,0,0.5190780758857727,a pink background with a white border
701,An aerial image showing hundreds of tractors and other vehicles blocking a road in the Netherlands during the Dutch farmer demonstrations in October 2019.,/Users/_mathanga_thalayan_/fake–news–detection–project/data/external/dataexternalverite-repository/VERITE/images/true_236.jpg,0,0,0.9969488978385925,1,0.593965470790863,0,0.9609540700912476,1,0.5235224962234497,a blue background with a white border
702,An aerial image showing hundreds of tractors and other vehicles blocking a road in the Netherlands during the Dutch farmer demonstrations in July 2022.,/Users/_mathanga_thalayan_/fake–news–detection–project/data/external/dataexternalverite-repository/VERITE/images/true_236.jpg,1,0,0.9956747889518738,1,0.5893851518630981,0,0.9552637934684753,1,0.5160713791847229,a blue background with a white border
703,An aerial image showing hundreds of tractors and other vehicles blocking a road in the Netherlands during the Dutch farmer demonstrations in October 2019.,/Users/_mathanga_thalayan_/fake–news–detection–project/data/external/dataexternalverite-repository/VERITE/images/false_236.jpg,1,0,0.9969488978385925,1,0.5799668431282043,0,0.9458064436912537,1,0.5401299595832825,a dark green color with a white border
704,Image shows a democratic socialist tattoo on the arm of a reddit user in 2014.,/Users/_mathanga_thalayan_/fake–news–detection–project/data/external/dataexternalverite-repository/VERITE/images/true_237.jpg,0,0,0.5456077456474304,0,0.6610175371170044,0,0.990717351436615,1,0.5279838442802429,a red background with a white border
705,Image shows a socialist tattoo on the arm of suspected perpetrator for the July 4 shooting in the Chicago suburb of Highland Park.,/Users/_mathanga_thalayan_/fake–news–detection–project/data/external/dataexternalverite-repository/VERITE/images/true_237.jpg,1,0,0.8923450112342834,0,0.6620376706123352,0,0.955703616142273,0,0.5037549138069153,a red background with a white border
706,Image shows a democratic socialist tattoo on the arm of a reddit user in 2014.,/Users/_mathanga_thalayan_/fake–news–detection–project/data/external/dataexternalverite-repository/VERITE/images/false_237.jpg,1,0,0.5456077456474304,0,0.6743896007537842,0,0.9909816384315491,1,0.5297532081604004,a pink color with a white background
707,Image of a rally held by former U.S. president Donald Trump in November 2020.,/Users/_mathanga_thalayan_/fake–news–detection–project/data/external/dataexternalverite-repository/VERITE/images/true_238.jpg,0,0,0.9955196380615234,0,0.676011323928833,0,0.9917219281196594,1,0.5158528685569763,a green screen with a white background
708,Image of a rally held by former U.S. President Donald Trump in Wisconsin in August 2022.,/Users/_mathanga_thalayan_/fake–news–detection–project/data/external/dataexternalverite-repository/VERITE/images/true_238.jpg,1,0,0.9887824654579163,0,0.6698834896087646,0,0.9915056824684143,1,0.5124329924583435,a green screen with a white background
709,Image of a rally held by former U.S. president Donald Trump in November 2020.,/Users/_mathanga_thalayan_/fake–news–detection–project/data/external/dataexternalverite-repository/VERITE/images/false_238.jpg,1,0,0.9955196380615234,0,0.6814382672309875,0,0.9914461374282837,1,0.5304737091064453,a brown color with a white border
710,"Image shows a damaged railway bridge collapsed into a body of water in June 2020 in Murmansk, Russia.",/Users/_mathanga_thalayan_/fake–news–detection–project/data/external/dataexternalverite-repository/VERITE/images/true_239.jpg,0,1,0.8299552202224731,1,0.5786377191543579,0,0.9402182102203369,1,0.508751392364502,a blue background with a white border
711,Image shows a damaged railway bridge collapsed into a body of water in 2022 during the Russia-Ukraine war.,/Users/_mathanga_thalayan_/fake–news–detection–project/data/external/dataexternalverite-repository/VERITE/images/true_239.jpg,1,0,0.9016425013542175,1,0.5373250246047974,0,0.8128867745399475,0,0.5073925852775574,a blue background with a white border
712,"Image shows a damaged railway bridge collapsed into a body of water in June 2020 in Murmansk, Russia.",/Users/_mathanga_thalayan_/fake–news–detection–project/data/external/dataexternalverite-repository/VERITE/images/false_239.jpg,1,1,0.8299552202224731,1,0.5687754154205322,0,0.9830753803253174,1,0.5096206665039062,a purple background with a white border
713,An image of a warehouse shows a stockpile of medical masks in Los Angeles in April 2020.,/Users/_mathanga_thalayan_/fake–news–detection–project/data/external/dataexternalverite-repository/VERITE/images/true_240.jpg,0,0,0.8381054997444153,1,0.5803738236427307,0,0.9899662733078003,1,0.5098409652709961,a green color with a white border
714,An image of a warehouse filled with cardboard boxes of baby formula during the shortage of baby formula in the United States in May 2022.,/Users/_mathanga_thalayan_/fake–news–detection–project/data/external/dataexternalverite-repository/VERITE/images/true_240.jpg,1,0,0.9495164752006531,1,0.5827796459197998,0,0.9903249740600586,1,0.5204346776008606,a green color with a white border
715,An image of a warehouse shows a stockpile of medical masks in Los Angeles in April 2020.,/Users/_mathanga_thalayan_/fake–news–detection–project/data/external/dataexternalverite-repository/VERITE/images/false_240.jpg,1,0,0.8381054997444153,1,0.5813838243484497,0,0.9814416170120239,0,0.50367671251297,a white background with a light pink hue
716,"Photograph shows the sinking of the 'Kharg', Iran’s largest navy ship, after catching fire in the Gulf of Oman in June 2021.",/Users/_mathanga_thalayan_/fake–news–detection–project/data/external/dataexternalverite-repository/VERITE/images/true_241.jpg,0,0,0.9591339826583862,0,0.6152320504188538,0,0.9612768888473511,1,0.5004027485847473,a green screen with a white background
717,"Photograph shows the sinking of 'Moskva', the flagship of the Russian Black Sea fleet during the Russia-Ukraine war in 2022.",/Users/_mathanga_thalayan_/fake–news–detection–project/data/external/dataexternalverite-repository/VERITE/images/true_241.jpg,1,0,0.9967514276504517,0,0.6689501404762268,0,0.8500490784645081,0,0.5093894600868225,a green screen with a white background
718,"Photograph shows the sinking of the 'Kharg', Iran’s largest navy ship, after catching fire in the Gulf of Oman in June 2021.",/Users/_mathanga_thalayan_/fake–news–detection–project/data/external/dataexternalverite-repository/VERITE/images/false_241.jpg,1,0,0.9591339826583862,0,0.616743803024292,0,0.9916682243347168,1,0.5060255527496338,a pink background with a white border
719,Photograph shows parked private jets was taken Las Vegas in 2015.,/Users/_mathanga_thalayan_/fake–news–detection–project/data/external/dataexternalverite-repository/VERITE/images/true_242.jpg,0,0,0.5458029508590698,0,0.6608511209487915,0,0.978660523891449,1,0.5057924389839172,a pink background with a white border
720,"Photograph shows parked private jets was taken during the World Economic Forum (WEF) at Davos, Switzerland in May 2022.",/Users/_mathanga_thalayan_/fake–news–detection–project/data/external/dataexternalverite-repository/VERITE/images/true_242.jpg,1,0,0.5595380663871765,0,0.6229223608970642,0,0.9532461166381836,1,0.5151932239532471,a pink background with a white border
721,Photograph shows parked private jets was taken Las Vegas in 2015.,/Users/_mathanga_thalayan_/fake–news–detection–project/data/external/dataexternalverite-repository/VERITE/images/false_242.jpg,1,0,0.5458029508590698,0,0.66753089427948,0,0.9793260097503662,1,0.506342887878418,a green background with a white border
722,An image of priests blessing a Russian army truck in May 2015.,/Users/_mathanga_thalayan_/fake–news–detection–project/data/external/dataexternalverite-repository/VERITE/images/true_243.jpg,0,1,0.7519406676292419,0,0.683659017086029,0,0.9813154339790344,0,0.5081394910812378,a blue background with a white border
723,An image of priests blessing a nuclear missile named 'Satan' amid the war in Ukraine in May 2022.,/Users/_mathanga_thalayan_/fake–news–detection–project/data/external/dataexternalverite-repository/VERITE/images/true_243.jpg,1,0,0.9813217520713806,0,0.6828017234802246,0,0.9756036400794983,0,0.5135327577590942,a blue background with a white border
724,An image of priests blessing a Russian army truck in May 2015.,/Users/_mathanga_thalayan_/fake–news–detection–project/data/external/dataexternalverite-repository/VERITE/images/false_243.jpg,1,1,0.7519406676292419,0,0.6778401732444763,0,0.9914690852165222,1,0.5081900954246521,a brown color with a white border
725,"An image of a traffic jam on a Crimean bridge while people trying to move towards the Crimean peninsula on July 16, 2022.",/Users/_mathanga_thalayan_/fake–news–detection–project/data/external/dataexternalverite-repository/VERITE/images/true_244.jpg,0,0,0.9955326318740845,1,0.5495161414146423,0,0.9787514805793762,0,0.5376318693161011,a man in a suit is standing on a green screen
726,"An image of a traffic jam on a Crimean bridge show people fleeing the Crimean peninsula in response to explosions at a Russian air base on August 9, 2022.",/Users/_mathanga_thalayan_/fake–news–detection–project/data/external/dataexternalverite-repository/VERITE/images/true_244.jpg,1,0,0.9942973256111145,0,0.5872164964675903,0,0.901091456413269,0,0.514747679233551,a man in a suit is standing on a green screen
727,"An image of a traffic jam on a Crimean bridge while people trying to move towards the Crimean peninsula on July 16, 2022.",/Users/_mathanga_thalayan_/fake–news–detection–project/data/external/dataexternalverite-repository/VERITE/images/false_244.jpg,1,0,0.9955326318740845,1,0.5536011457443237,0,0.9686850309371948,1,0.5067026615142822,a green screen with a white background
728,"Image of mass gathering during a rally in support of Imran Khan in Lahore, Pakistan at a Tehreek-e-Insaf in April 2018.",/Users/_mathanga_thalayan_/fake–news–detection–project/data/external/dataexternalverite-repository/VERITE/images/true_245.jpg,0,0,0.94132399559021,0,0.6680471301078796,0,0.9882247447967529,1,0.5224751234054565,a blue background with a white border
729,"Image of mass gathering during a rally in support of Imran Khan in Lahore, Pakistan at a Tehreek-e-Insaf on April 21, 2022.",/Users/_mathanga_thalayan_/fake–news–detection–project/data/external/dataexternalverite-repository/VERITE/images/true_245.jpg,1,0,0.9966020584106445,0,0.6798755526542664,0,0.9864766597747803,1,0.5072404742240906,a blue background with a white border
730,"Image of mass gathering during a rally in support of Imran Khan in Lahore, Pakistan at a Tehreek-e-Insaf in April 2018.",/Users/_mathanga_thalayan_/fake–news–detection–project/data/external/dataexternalverite-repository/VERITE/images/false_245.jpg,1,0,0.94132399559021,0,0.6546648144721985,0,0.9904113411903381,1,0.5214163064956665,a green screen with a white background
731,"An image of a flooded car park, with cars submerged under water during floods in Lagos, Nigeria in July 2021.",/Users/_mathanga_thalayan_/fake–news–detection–project/data/external/dataexternalverite-repository/VERITE/images/true_246.jpg,0,1,0.9423313140869141,1,0.5971304178237915,0,0.9762759208679199,1,0.5045334696769714,a purple background with a white border
732,"An image of a flooded car park, with cars submerged under water during floods in Lagos, Nigeria in July 2022.",/Users/_mathanga_thalayan_/fake–news–detection–project/data/external/dataexternalverite-repository/VERITE/images/true_246.jpg,1,1,0.9261047840118408,1,0.59498131275177,0,0.8261855244636536,1,0.5033571720123291,a purple background with a white border
733,"An image of a flooded car park, with cars submerged under water during floods in Lagos, Nigeria in July 2021.",/Users/_mathanga_thalayan_/fake–news–detection–project/data/external/dataexternalverite-repository/VERITE/images/false_246.jpg,1,1,0.9423313140869141,1,0.5988094806671143,0,0.9125495553016663,1,0.5021974444389343,a green background with a white border
734,Photograph of truckers with Brazilian flags demonstrating in support of the Brazilian President Jair Bolsonaro's attacks on Brazil's Supreme Court and voting system in September 2021.,/Users/_mathanga_thalayan_/fake–news–detection–project/data/external/dataexternalverite-repository/VERITE/images/true_247.jpg,0,0,0.9970571994781494,0,0.6655121445655823,0,0.9919745326042175,1,0.5151896476745605,a green background with a white border
735,Photograph of truckers with Brazilian flags joining Canada's 2022 Freedom Convoy protesting COVID-19 vaccine mandates for truckers.,/Users/_mathanga_thalayan_/fake–news–detection–project/data/external/dataexternalverite-repository/VERITE/images/true_247.jpg,1,0,0.9941011071205139,0,0.6644684076309204,0,0.9908440709114075,1,0.5029709935188293,a green background with a white border
736,Photograph of truckers with Brazilian flags demonstrating in support of the Brazilian President Jair Bolsonaro's attacks on Brazil's Supreme Court and voting system in September 2021.,/Users/_mathanga_thalayan_/fake–news–detection–project/data/external/dataexternalverite-repository/VERITE/images/false_247.jpg,1,0,0.9970571994781494,0,0.6684669852256775,0,0.9921848177909851,1,0.5135544538497925,a green screen with a white background
737,"Photograph of a tractor with a metal armor shell covering the driver’s seat, taken in 2018.",/Users/_mathanga_thalayan_/fake–news–detection–project/data/external/dataexternalverite-repository/VERITE/images/true_248.jpg,0,1,0.6811444759368896,0,0.6387611031532288,0,0.9911366701126099,1,0.5211930274963379,a pink background with a white border
738,Photograph of a tractor with a metal armor shell covering the driver’s seat taken during the July 2022 Dutch farmers protests against government plans for fertilizer and livestock.,/Users/_mathanga_thalayan_/fake–news–detection–project/data/external/dataexternalverite-repository/VERITE/images/true_248.jpg,1,0,0.9761055111885071,0,0.6624468564987183,0,0.986553966999054,1,0.515981912612915,a pink background with a white border
739,A digital artwork of a hurricane over Miami that was created by artist Brent Shavnore in 2019.,/Users/_mathanga_thalayan_/fake–news–detection–project/data/external/dataexternalverite-repository/VERITE/images/true_249.jpg,0,0,0.8580492734909058,1,0.5927823185920715,0,0.8028660416603088,1,0.5096424221992493,a yellow background with a white border
740,An image shows Hurricane Ian moving over Miami was captured in September 2022.,/Users/_mathanga_thalayan_/fake–news–detection–project/data/external/dataexternalverite-repository/VERITE/images/true_249.jpg,1,0,0.5159263610839844,0,0.6669343113899231,1,0.869521975517273,0,0.5021931529045105,a yellow background with a white border
741,A digital artwork of a hurricane over Miami that was created by artist Brent Shavnore in 2019.,/Users/_mathanga_thalayan_/fake–news–detection–project/data/external/dataexternalverite-repository/VERITE/images/false_249.jpg,1,0,0.8580492734909058,1,0.5902629494667053,0,0.9357278943061829,1,0.5096424221992493,a yellow background with a white border
742,An image of Russian President Vladimir Putin wearing a tight suit jacket that crinkles in August 2017.,/Users/_mathanga_thalayan_/fake–news–detection–project/data/external/dataexternalverite-repository/VERITE/images/true_250.jpg,0,1,0.5959171056747437,0,0.671877920627594,0,0.9840750694274902,1,0.51180499792099,a green background with a white border
743,An image shows Russian President Vladimir Putin wearing a bulletproof vest under his suit in May 2022.,/Users/_mathanga_thalayan_/fake–news–detection–project/data/external/dataexternalverite-repository/VERITE/images/true_250.jpg,1,0,0.8272083401679993,0,0.676581621170044,0,0.7752951383590698,1,0.5060309767723083,a green background with a white border
744,An image of Russian President Vladimir Putin wearing a tight suit jacket that crinkles in August 2017.,/Users/_mathanga_thalayan_/fake–news–detection–project/data/external/dataexternalverite-repository/VERITE/images/false_250.jpg,1,1,0.5959171056747437,0,0.6681515574455261,0,0.9918095469474792,1,0.5119449496269226,a blue background with a white border
745,"An image of Supreme Court Justice Clarence Thomas with his wife, Ginni Thomas, holding a bottle of wine was captured in September 2018 after hiring Crystal Clanton to assist her media ventures.",/Users/_mathanga_thalayan_/fake–news–detection–project/data/external/dataexternalverite-repository/VERITE/images/true_251.jpg,0,1,0.7073110938072205,0,0.6016407012939453,0,0.8349371552467346,1,0.5002180933952332,a green background with a white border
746,"An image of Supreme Court Justice Clarence Thomas with his wife, Ginni Thomas, holding a bottle of wine was captured in May 2022 following the leak of a draft U.S. Supreme Court opinion striking down the landmark 1973 Roe v. Wade case that legalized abortion.",/Users/_mathanga_thalayan_/fake–news–detection–project/data/external/dataexternalverite-repository/VERITE/images/true_251.jpg,1,0,0.9985249638557434,0,0.5447300672531128,0,0.662214994430542,0,0.5019769668579102,a green background with a white border
747,"An image of Supreme Court Justice Clarence Thomas with his wife, Ginni Thomas, holding a bottle of wine was captured in September 2018 after hiring Crystal Clanton to assist her media ventures.",/Users/_mathanga_thalayan_/fake–news–detection–project/data/external/dataexternalverite-repository/VERITE/images/false_251.jpg,1,1,0.7073110938072205,0,0.5962600111961365,0,0.9491308331489563,1,0.5007539391517639,a blue background with a white border
748,A photograph of a police officer wielding a baton while holding an individual down by their head during clearing of a homeless camp in Toronto in July 2021.,/Users/_mathanga_thalayan_/fake–news–detection–project/data/external/dataexternalverite-repository/VERITE/images/true_252.jpg,0,1,0.881706178188324,1,0.5809485912322998,0,0.9328961968421936,1,0.5033380389213562,a beige color with a light brown background
749,A photograph of a police officer wielding a baton while holding an individual down by their head during demonstrations against Canadian COVID-19 measures in February 2022.,/Users/_mathanga_thalayan_/fake–news–detection–project/data/external/dataexternalverite-repository/VERITE/images/true_252.jpg,1,0,0.9960266351699829,1,0.5358520150184631,0,0.9577219486236572,1,0.5189157724380493,a beige color with a light brown background
750,A photograph of a police officer wielding a baton while holding an individual down by their head during clearing of a homeless camp in Toronto in July 2021.,/Users/_mathanga_thalayan_/fake–news–detection–project/data/external/dataexternalverite-repository/VERITE/images/false_252.jpg,1,1,0.881706178188324,1,0.586026132106781,0,0.9867466688156128,0,0.507300853729248,a green background with a white border
751,"Photograph of Ukrainian ambassador Sergiy Korsunsky clothed in Samurai armor while visiting Japan on February 14, 2022.",/Users/_mathanga_thalayan_/fake–news–detection–project/data/external/dataexternalverite-repository/VERITE/images/true_253.jpg,0,0,0.9181438088417053,0,0.6517990231513977,0,0.9898926615715027,0,0.5057104825973511,a green background with a white border
752,"Photograph of Japanese ambassador Kuninori Matsuda stayed in Ukraine to fight in his grandfather's armour, amidst the Russian invasion of Ukraine.",/Users/_mathanga_thalayan_/fake–news–detection–project/data/external/dataexternalverite-repository/VERITE/images/true_253.jpg,1,0,0.9991818070411682,0,0.6651389002799988,0,0.661041796207428,0,0.5208901762962341,a green background with a white border
753,"Photograph of Ukrainian ambassador Sergiy Korsunsky clothed in Samurai armor while visiting Japan on February 14, 2022.",/Users/_mathanga_thalayan_/fake–news–detection–project/data/external/dataexternalverite-repository/VERITE/images/false_253.jpg,1,0,0.9181438088417053,0,0.6558521389961243,0,0.974237859249115,0,0.5138040781021118,a green screen with a white background
754,A photograph of a riot police officer with his boot on the shoulder of a protester in 2010 during protests over a G20 summit in Toronto.,/Users/_mathanga_thalayan_/fake–news–detection–project/data/external/dataexternalverite-repository/VERITE/images/true_254.jpg,0,0,0.5493869185447693,1,0.5948354601860046,0,0.9716719388961792,1,0.516595184803009,a green background with a white border
755,A photograph of a riot police officer with his boot on the shoulder of a protester during Canada's 2022 Freedom Convoy protesting COVID-19 vaccine mandates for truckers.,/Users/_mathanga_thalayan_/fake–news–detection–project/data/external/dataexternalverite-repository/VERITE/images/true_254.jpg,1,0,0.975035548210144,1,0.5867214202880859,0,0.9906190633773804,1,0.5055765509605408,a green background with a white border
756,A photograph of a riot police officer with his boot on the shoulder of a protester in 2010 during protests over a G20 summit in Toronto.,/Users/_mathanga_thalayan_/fake–news–detection–project/data/external/dataexternalverite-repository/VERITE/images/false_254.jpg,1,0,0.5493869185447693,1,0.595809817314148,0,0.9630221724510193,1,0.516059160232544,a blue background with a white border
757,"Photograph shows former heavyweight champion boxer Vitali Klitschko, who is serving as Kyiv’s mayor, in combat dress, down on one knee and holding a machine gun during a combat training day in Ukraine’s Chernihiv region in March 2021.",/Users/_mathanga_thalayan_/fake–news–detection–project/data/external/dataexternalverite-repository/VERITE/images/true_255.jpg,0,1,0.7563207745552063,0,0.6494263410568237,0,0.992215096950531,0,0.5387226939201355,a blue background with a white border
758,"Photograph shows former heavyweight champion boxer Vitali Klitschko, who is serving as Kyiv’s mayor, in combat dress, down on one knee and holding a machine gun defending Ukraine from the Russian invasion in February 2022.",/Users/_mathanga_thalayan_/fake–news–detection–project/data/external/dataexternalverite-repository/VERITE/images/true_255.jpg,1,0,0.7518432140350342,0,0.6610369682312012,0,0.9916507601737976,0,0.5367529988288879,a blue background with a white border
759,"Photograph shows former heavyweight champion boxer Vitali Klitschko, who is serving as Kyiv’s mayor, in combat dress, down on one knee and holding a machine gun during a combat training day in Ukraine’s Chernihiv region in March 2021.",/Users/_mathanga_thalayan_/fake–news–detection–project/data/external/dataexternalverite-repository/VERITE/images/false_255.jpg,1,1,0.7563207745552063,0,0.6640155911445618,0,0.9918413162231445,0,0.5387226939201355,a blue background with a white border
760,"Photo of a Ukrainian jet flying so low that it collected a road sign during a military exercise on August 27, 2020.",/Users/_mathanga_thalayan_/fake–news–detection–project/data/external/dataexternalverite-repository/VERITE/images/true_256.jpg,0,1,0.5773435831069946,1,0.5787283182144165,0,0.9769880771636963,0,0.5052974224090576,a pink background with a white border
761,Photo of a Ukrainian jet flying so low to avoid radar that it collected a road sign during the Russian invasion in Ukraine in 2022.,/Users/_mathanga_thalayan_/fake–news–detection–project/data/external/dataexternalverite-repository/VERITE/images/true_256.jpg,1,0,0.7902665138244629,1,0.5239989161491394,0,0.8904513120651245,0,0.5054787993431091,a pink background with a white border
762,"Photo of a Ukrainian jet flying so low that it collected a road sign during a military exercise on August 27, 2020.",/Users/_mathanga_thalayan_/fake–news–detection–project/data/external/dataexternalverite-repository/VERITE/images/false_256.jpg,1,1,0.5773435831069946,1,0.5786912441253662,0,0.9708277583122253,0,0.5065361261367798,a purple background with a white border
763,"Photograph shows people in Ukrainian city of Kharkiv, kneeling and praying in the snow in September 2019. The prayer group began meeting in 2014, following military action by separatists.",/Users/_mathanga_thalayan_/fake–news–detection–project/data/external/dataexternalverite-repository/VERITE/images/true_257.jpg,0,1,0.9204572439193726,0,0.5256244540214539,0,0.9856215119361877,1,0.5158394575119019,a brown color with a white border
764,Photograph shows people in Ukraine kneeling and praying in the snow as tension increased between Russian and Ukraine in February 2022.,/Users/_mathanga_thalayan_/fake–news–detection–project/data/external/dataexternalverite-repository/VERITE/images/true_257.jpg,1,0,0.8887495994567871,0,0.6726104617118835,0,0.9285318851470947,1,0.5058425068855286,a brown color with a white border
765,"Photograph shows people in Ukrainian city of Kharkiv, kneeling and praying in the snow in September 2019. The prayer group began meeting in 2014, following military action by separatists.",/Users/_mathanga_thalayan_/fake–news–detection–project/data/external/dataexternalverite-repository/VERITE/images/false_257.jpg,1,1,0.9204572439193726,0,0.5152261257171631,0,0.8910648822784424,1,0.5017138719558716,a green background with a white border
766,"A photograph shows a military aircraft on fire with its pilot appearing to eject after a mid air collision between two Russian Mig 29s at the RAF Fairford airshow in Gloucestershire, UK in July 1993.",/Users/_mathanga_thalayan_/fake–news–detection–project/data/external/dataexternalverite-repository/VERITE/images/true_258.jpg,0,1,0.9514674544334412,1,0.5821223258972168,0,0.9196625351905823,0,0.5088396072387695,a red background with a white border
767,"A photograph shows a military aircraft on fire with its pilot appearing to eject and is the 6th Russian aircraft downed by the Ukrainian airforce in February 24, 2022.",/Users/_mathanga_thalayan_/fake–news–detection–project/data/external/dataexternalverite-repository/VERITE/images/true_258.jpg,1,1,0.636249840259552,0,0.6179432272911072,0,0.9295244812965393,0,0.5083528161048889,a red background with a white border
768,"A photograph shows a military aircraft on fire with its pilot appearing to eject after a mid air collision between two Russian Mig 29s at the RAF Fairford airshow in Gloucestershire, UK in July 1993.",/Users/_mathanga_thalayan_/fake–news–detection–project/data/external/dataexternalverite-repository/VERITE/images/false_258.jpg,1,1,0.9514674544334412,1,0.5694798827171326,0,0.9393901824951172,0,0.5088884830474854,a green background with a white border
769,"Image shows Klaus Schwab, founder of the World Economic Forum, with U2 front man Bono, heading to the 'Special 10th Anniversary Celebration of the (RED) Campaign' during the WEF annual meeting in Davos January 22, 2016.",/Users/_mathanga_thalayan_/fake–news–detection–project/data/external/dataexternalverite-repository/VERITE/images/true_259.jpg,0,0,0.9482218623161316,0,0.6710418462753296,0,0.9889412522315979,0,0.5212070345878601,a green background with a white border
770,"Image shows Klaus Schwab, founder of the World Economic Forum, meeting U2 front man Bono in Ukraine in May 2022.",/Users/_mathanga_thalayan_/fake–news–detection–project/data/external/dataexternalverite-repository/VERITE/images/true_259.jpg,1,0,0.599680483341217,0,0.6729345321655273,0,0.9364156723022461,0,0.5025339126586914,a green background with a white border
771,"Image shows Klaus Schwab, founder of the World Economic Forum, with U2 front man Bono, heading to the 'Special 10th Anniversary Celebration of the (RED) Campaign' during the WEF annual meeting in Davos January 22, 2016.",/Users/_mathanga_thalayan_/fake–news–detection–project/data/external/dataexternalverite-repository/VERITE/images/false_259.jpg,1,0,0.9482218623161316,0,0.6698513031005859,0,0.9907262325286865,0,0.5161778330802917,a brown color with a white background
772,"An image shows a Russian helicopter downed in Ukraine on February 25, 2022.",/Users/_mathanga_thalayan_/fake–news–detection–project/data/external/dataexternalverite-repository/VERITE/images/true_260.jpg,0,0,0.8497897982597351,0,0.5708886981010437,0,0.9718515872955322,1,0.5112360119819641,a purple background with a white border
773,"An image shows a Russian helicopter downed in Ukraine on March 7, 2022.",/Users/_mathanga_thalayan_/fake–news–detection–project/data/external/dataexternalverite-repository/VERITE/images/true_260.jpg,1,0,0.8830089569091797,0,0.5395984649658203,0,0.9819950461387634,1,0.5109759569168091,a purple background with a white border
774,"An image shows a Russian helicopter downed in Ukraine on February 25, 2022.",/Users/_mathanga_thalayan_/fake–news–detection–project/data/external/dataexternalverite-repository/VERITE/images/false_260.jpg,1,0,0.8497897982597351,0,0.57492595911026,0,0.9523866176605225,1,0.5127949118614197,a blue background with a white border
775,"Photograph shows a Soviet Union flag raised on a flagpole by Prizrak Brigade, a Communist militiaman, in Debaltseve, Ukraine in March 2015.",/Users/_mathanga_thalayan_/fake–news–detection–project/data/external/dataexternalverite-repository/VERITE/images/true_261.jpg,0,0,0.9046496152877808,0,0.6617448329925537,0,0.9897412061691284,1,0.5010315179824829,a red background with a white border
776,"Photograph shows a Soviet Union flag raised on a flagpole in Mariupol, Ukraine during the Russian invasion of Ukraine in April 2022.",/Users/_mathanga_thalayan_/fake–news–detection–project/data/external/dataexternalverite-repository/VERITE/images/true_261.jpg,1,0,0.9970297813415527,0,0.6502394080162048,0,0.9768298268318176,0,0.509193480014801,a red background with a white border
777,"Photograph shows a Soviet Union flag raised on a flagpole by Prizrak Brigade, a Communist militiaman, in Debaltseve, Ukraine in March 2015.",/Users/_mathanga_thalayan_/fake–news–detection–project/data/external/dataexternalverite-repository/VERITE/images/false_261.jpg,1,0,0.9046496152877808,0,0.674716591835022,0,0.9921088814735413,1,0.5020142197608948,a purple background with a white border
778,Image showing a group of truckers starting their workday with a prayer in March 2020 in Honduras.,/Users/_mathanga_thalayan_/fake–news–detection–project/data/external/dataexternalverite-repository/VERITE/images/true_262.jpg,0,0,0.732536792755127,0,0.6803727149963379,0,0.9892690777778625,0,0.511380136013031,a green background with a white border
779,Image showing a group of truckers praying amid the protests against COVID-19 restrictions in Canada in February 2022.,/Users/_mathanga_thalayan_/fake–news–detection–project/data/external/dataexternalverite-repository/VERITE/images/true_262.jpg,1,0,0.994678258895874,0,0.6791860461235046,0,0.9605368971824646,1,0.5027179718017578,a green background with a white border
780,Image showing a group of truckers starting their workday with a prayer in March 2020 in Honduras.,/Users/_mathanga_thalayan_/fake–news–detection–project/data/external/dataexternalverite-repository/VERITE/images/false_262.jpg,1,0,0.732536792755127,0,0.6724847555160522,0,0.9913870692253113,0,0.5110793709754944,a purple background with a white border
781,"A photo illustrating reports about Turkish air strikes on the Batifa, a Kurdish district in northern Iraq in 2020.",/Users/_mathanga_thalayan_/fake–news–detection–project/data/external/dataexternalverite-repository/VERITE/images/true_263.jpg,0,0,0.9557730555534363,1,0.515783429145813,0,0.9607519507408142,1,0.5091637969017029,a red background with a white border
782,A photo illustrating reports about Iran’s ballistic missile attack on Iraq’s northern city of Erbil in March 2022.,/Users/_mathanga_thalayan_/fake–news–detection–project/data/external/dataexternalverite-repository/VERITE/images/true_263.jpg,1,0,0.9973462820053101,1,0.5586109757423401,0,0.9534040093421936,1,0.5064638257026672,a red background with a white border
783,"A photo illustrating reports about Turkish air strikes on the Batifa, a Kurdish district in northern Iraq in 2020.",/Users/_mathanga_thalayan_/fake–news–detection–project/data/external/dataexternalverite-repository/VERITE/images/false_263.jpg,1,0,0.9557730555534363,1,0.5222324728965759,0,0.9853031635284424,1,0.5091637969017029,a red background with a white border
784,"A photograph of large waves crashing ashore in Sennen, Cornwall, England, in February 2014.",/Users/_mathanga_thalayan_/fake–news–detection–project/data/external/dataexternalverite-repository/VERITE/images/true_264.jpg,0,0,0.9182324409484863,1,0.5884310007095337,0,0.9487616419792175,1,0.5212470293045044,a green screen with a white background
785,"A photograph of large waves crashing ashore in Abergavenny, Wales during storms that battered the U.K. in February 2022.",/Users/_mathanga_thalayan_/fake–news–detection–project/data/external/dataexternalverite-repository/VERITE/images/true_264.jpg,1,0,0.995992124080658,1,0.5980169773101807,0,0.9188776612281799,0,0.5099477767944336,a green screen with a white background
786,"A photograph of large waves crashing ashore in Sennen, Cornwall, England, in February 2014.",/Users/_mathanga_thalayan_/fake–news–detection–project/data/external/dataexternalverite-repository/VERITE/images/false_264.jpg,1,0,0.9182324409484863,1,0.5956900715827942,0,0.9667853713035583,1,0.5211089849472046,a red background with a white border
787,"Image shows fires burning and smoke billowing over Kyiv’s Independence Square after demonstrations against then president Viktor Yanukovich on February 19, 2014.",/Users/_mathanga_thalayan_/fake–news–detection–project/data/external/dataexternalverite-repository/VERITE/images/true_265.jpg,0,0,0.5590109825134277,0,0.6676594614982605,0,0.9085433483123779,0,0.5012449026107788,a pink background with a white border
788,"Image shows fires burning and smoke billowing over Kyiv’s Independence Square after Russia's invasion on February 25, 2022.",/Users/_mathanga_thalayan_/fake–news–detection–project/data/external/dataexternalverite-repository/VERITE/images/true_265.jpg,1,0,0.9789343476295471,0,0.6261977553367615,0,0.9432727694511414,0,0.5178164839744568,a pink background with a white border
789,"Image shows fires burning and smoke billowing over Kyiv’s Independence Square after demonstrations against then president Viktor Yanukovich on February 19, 2014.",/Users/_mathanga_thalayan_/fake–news–detection–project/data/external/dataexternalverite-repository/VERITE/images/false_265.jpg,1,0,0.5590109825134277,0,0.6723164319992065,0,0.6454365849494934,0,0.5018433928489685,a blue background with a white border
790,"Image shows a large crowd gathered during Woodstock Music and Arts Festival in New York, 1969.",/Users/_mathanga_thalayan_/fake–news–detection–project/data/external/dataexternalverite-repository/VERITE/images/true_266.jpg,0,0,0.9793611168861389,0,0.6600899696350098,0,0.9562959671020508,0,0.5008367896080017,a blue background with a white border
791,"Image shows a large crowd gathered during demonstrations against COVID-19 measures in Canberra, Australia, in February 2022.",/Users/_mathanga_thalayan_/fake–news–detection–project/data/external/dataexternalverite-repository/VERITE/images/true_266.jpg,1,0,0.9888330698013306,0,0.5313845276832581,0,0.9585994482040405,1,0.5065432786941528,a blue background with a white border
792,"Image shows a large crowd gathered during Woodstock Music and Arts Festival in New York, 1969.",/Users/_mathanga_thalayan_/fake–news–detection–project/data/external/dataexternalverite-repository/VERITE/images/false_266.jpg,1,0,0.9793611168861389,0,0.6627163887023926,0,0.9600574970245361,1,0.5000504851341248,a red background with a white border
793,Photograph shows a demonstration in Paris over pension reforms that took place in early 2020.,/Users/_mathanga_thalayan_/fake–news–detection–project/data/external/dataexternalverite-repository/VERITE/images/true_267.jpg,0,1,0.87669837474823,0,0.6752113699913025,0,0.973484218120575,0,0.5165539979934692,a man in a suit is standing on a green screen
794,Photograph shows a demonstration in Paris over pension reforms that took place in January 2022.,/Users/_mathanga_thalayan_/fake–news–detection–project/data/external/dataexternalverite-repository/VERITE/images/true_267.jpg,1,1,0.6568106412887573,0,0.674794614315033,0,0.9856300950050354,0,0.5185832381248474,a man in a suit is standing on a green screen
795,Photograph shows a demonstration in Paris over pension reforms that took place in early 2020.,/Users/_mathanga_thalayan_/fake–news–detection–project/data/external/dataexternalverite-repository/VERITE/images/false_267.jpg,1,1,0.87669837474823,0,0.6689980030059814,0,0.9916238188743591,1,0.5127716064453125,a purple background with a white border
796,"Image shows a child sleeping between two graves and was staged with fake graves, as part of a conceptual project by photographer Aziz Alotaibi in January 2014.",/Users/_mathanga_thalayan_/fake–news–detection–project/data/external/dataexternalverite-repository/VERITE/images/true_268.jpg,0,1,0.6332820057868958,0,0.668709933757782,0,0.9688563346862793,1,0.5039361715316772,a purple background with a white border
797,"Image shows a Yemeni child sleeping between the graves of his parents, captured in April 2022.",/Users/_mathanga_thalayan_/fake–news–detection–project/data/external/dataexternalverite-repository/VERITE/images/true_268.jpg,1,0,0.9621450901031494,0,0.6700881719589233,0,0.9707372784614563,1,0.5043571591377258,a purple background with a white border
798,"An image shows Belarus prison doctor examines a prisoner covered with Nazi tattoos at the 15th prison in the town of Mogilyev, Belarus in June 2005.",/Users/_mathanga_thalayan_/fake–news–detection–project/data/external/dataexternalverite-repository/VERITE/images/true_269.jpg,0,1,0.8024394512176514,0,0.6754500865936279,0,0.8155680894851685,1,0.5003588795661926,a yellow background with a white border
799,"An image shows military officer examining a young Ukrainian prisoner of war with Nazi tattoos in Donetsk, Ukraine in June 2022.",/Users/_mathanga_thalayan_/fake–news–detection–project/data/external/dataexternalverite-repository/VERITE/images/true_269.jpg,1,0,0.9913372993469238,0,0.6654762029647827,0,0.9553190469741821,0,0.5064952373504639,a yellow background with a white border
800,"An image shows Belarus prison doctor examines a prisoner covered with Nazi tattoos at the 15th prison in the town of Mogilyev, Belarus in June 2005.",/Users/_mathanga_thalayan_/fake–news–detection–project/data/external/dataexternalverite-repository/VERITE/images/false_269.jpg,1,1,0.8024394512176514,0,0.6723353266716003,0,0.9450289607048035,1,0.5054879784584045,a dark green color with a white border
801,"Image shows a worker of the county’s Elections Department during counting ballot at the Maricopa County Tabulation and Election Center on November 9, 2022.",/Users/_mathanga_thalayan_/fake–news–detection–project/data/external/dataexternalverite-repository/VERITE/images/true_270.jpg,0,0,0.7320278882980347,0,0.6613628268241882,0,0.9913316965103149,0,0.5490033626556396,a blue background with a white border
802,"Image shows Arizona’s Secretary of State and the Democratic hopeful for Governor Katie Hobbs during counting ballots at the Maricopa County Tabulation and Election Center on November 9, 2022.",/Users/_mathanga_thalayan_/fake–news–detection–project/data/external/dataexternalverite-repository/VERITE/images/true_270.jpg,1,1,0.5603188872337341,0,0.6587513089179993,0,0.9911283254623413,0,0.5281879901885986,a blue background with a white border
803,"Image shows a worker of the county’s Elections Department during counting ballot at the Maricopa County Tabulation and Election Center on November 9, 2022.",/Users/_mathanga_thalayan_/fake–news–detection–project/data/external/dataexternalverite-repository/VERITE/images/false_270.jpg,1,0,0.7320278882980347,0,0.6709309816360474,0,0.9913183450698853,0,0.5578252673149109,a green background with a white border
804,A photo shows 17-year-old Fin Doherty tearing up. Fin followed in the footsteps of his slain brother who died in Afghanistan.,/Users/_mathanga_thalayan_/fake–news–detection–project/data/external/dataexternalverite-repository/VERITE/images/true_271.jpg,0,1,0.9940564632415771,0,0.6645408272743225,0,0.9869066476821899,0,0.524319052696228,a blue background with a white border
805,"A photo shows a soldier tearing up, during the 2022 war in Ukraine.",/Users/_mathanga_thalayan_/fake–news–detection–project/data/external/dataexternalverite-repository/VERITE/images/true_271.jpg,1,0,0.9490703344345093,0,0.6773566007614136,0,0.9808563590049744,0,0.5024653673171997,a blue background with a white border
806,A photo shows 17-year-old Fin Doherty tearing up. Fin followed in the footsteps of his slain brother who died in Afghanistan.,/Users/_mathanga_thalayan_/fake–news–detection–project/data/external/dataexternalverite-repository/VERITE/images/false_271.jpg,1,1,0.9940564632415771,0,0.6599852442741394,0,0.5214630365371704,0,0.5356318354606628,a green screen with a white background
807,"A photo shows onlookers 'throwing flowers in front of tanks' to soldiers from the Yugoslav People’s Army on September 19, 1991.",/Users/_mathanga_thalayan_/fake–news–detection–project/data/external/dataexternalverite-repository/VERITE/images/true_272.jpg,0,0,0.9675034284591675,0,0.6711123585700989,0,0.8165757656097412,0,0.5146117806434631,a green background with a white border
808,A photo shows Ukrainian soldiers entering the liberated part of Kiev where the people greet them with flowers in February 2022.,/Users/_mathanga_thalayan_/fake–news–detection–project/data/external/dataexternalverite-repository/VERITE/images/true_272.jpg,1,0,0.9987402558326721,0,0.654069721698761,0,0.9881658554077148,0,0.5249668955802917,a green background with a white border
809,"A photo shows onlookers 'throwing flowers in front of tanks' to soldiers from the Yugoslav People’s Army on September 19, 1991.",/Users/_mathanga_thalayan_/fake–news–detection–project/data/external/dataexternalverite-repository/VERITE/images/false_272.jpg,1,0,0.9675034284591675,0,0.6808421611785889,0,0.9550978541374207,0,0.5146117806434631,a green background with a white border
810,A photo of two children watching Ukrainian soldiers roll past atop two tanks in 2016.,/Users/_mathanga_thalayan_/fake–news–detection–project/data/external/dataexternalverite-repository/VERITE/images/true_273.jpg,0,0,0.5742124915122986,1,0.5750969648361206,0,0.99001544713974,1,0.5243111252784729,a blue background with a white border
811,A photo of two children watching Ukrainian soldiers roll past atop two tanks during the 2022 invasion by Russia.,/Users/_mathanga_thalayan_/fake–news–detection–project/data/external/dataexternalverite-repository/VERITE/images/true_273.jpg,1,0,0.9658852219581604,1,0.5403766632080078,0,0.973240852355957,1,0.5068703293800354,a blue background with a white border
812,A photo of two children watching Ukrainian soldiers roll past atop two tanks in 2016.,/Users/_mathanga_thalayan_/fake–news–detection–project/data/external/dataexternalverite-repository/VERITE/images/false_273.jpg,1,0,0.5742124915122986,1,0.5659747123718262,0,0.9826157093048096,1,0.5243111252784729,a blue background with a white border
813,"An image of celebrities reacting to onstage mishap during the 89th Academy Awards ceremony in 2017. When announcing the Best Picture award, won by African-American coming-of-age tale 'Moonlight', presenters initially said that romantic musical 'La La Land' had won the category.",/Users/_mathanga_thalayan_/fake–news–detection–project/data/external/dataexternalverite-repository/VERITE/images/true_274.jpg,0,0,0.9571767449378967,0,0.6276181936264038,0,0.9605850577354431,0,0.5203422904014587,a brown color with a white border
814,An image of celebrities reacting to best actor winner Will Smith smacking presenter Chris Rock in the face during the 94th Academy Awards in 2022.,/Users/_mathanga_thalayan_/fake–news–detection–project/data/external/dataexternalverite-repository/VERITE/images/true_274.jpg,1,0,0.9547690749168396,0,0.6606159806251526,0,0.9849756360054016,1,0.5107694864273071,a brown color with a white border
815,"An image of celebrities reacting to onstage mishap during the 89th Academy Awards ceremony in 2017. When announcing the Best Picture award, won by African-American coming-of-age tale 'Moonlight', presenters initially said that romantic musical 'La La Land' had won the category.",/Users/_mathanga_thalayan_/fake–news–detection–project/data/external/dataexternalverite-repository/VERITE/images/false_274.jpg,1,0,0.9571767449378967,0,0.6510664820671082,0,0.9824144244194031,0,0.5307565927505493,a green background with a white border
816,Photo of three firefighters covered in soot after battling blazes during Tasmania bushfires in February 2019.,/Users/_mathanga_thalayan_/fake–news–detection–project/data/external/dataexternalverite-repository/VERITE/images/true_275.jpg,0,1,0.9844836592674255,1,0.5832865834236145,0,0.9911118149757385,1,0.5092098712921143,a blue background with a white border
817,Photo of three Ukrainian firefighters covered in soot after battling blazes caused by Russian attacks in March 2022.,/Users/_mathanga_thalayan_/fake–news–detection–project/data/external/dataexternalverite-repository/VERITE/images/true_275.jpg,1,1,0.8289985656738281,1,0.5164893865585327,0,0.9915916919708252,1,0.5037875771522522,a blue background with a white border
818,Photo of three firefighters covered in soot after battling blazes during Tasmania bushfires in February 2019.,/Users/_mathanga_thalayan_/fake–news–detection–project/data/external/dataexternalverite-repository/VERITE/images/false_275.jpg,1,1,0.9844836592674255,1,0.5917288661003113,0,0.9914498925209045,1,0.5093255043029785,a green background with a white border
819,Image of actress Nicole Kidman excited to see Jessica Chastain across the room before the start of he 94th Academy Awards in 2022.,/Users/_mathanga_thalayan_/fake–news–detection–project/data/external/dataexternalverite-repository/VERITE/images/true_276.jpg,0,0,0.9911776185035706,0,0.6640326976776123,0,0.9655486941337585,0,0.5197808742523193,a brown color with a white background
820,Image of actress Nicole Kidman reacting to Will Smith slapping comedian Chris Rock on stage during the 94th Academy Awards in 2022.,/Users/_mathanga_thalayan_/fake–news–detection–project/data/external/dataexternalverite-repository/VERITE/images/true_276.jpg,1,0,0.9798502922058105,0,0.6645488739013672,0,0.9620276689529419,1,0.5012857913970947,a brown color with a white background
821,Image of actress Nicole Kidman excited to see Jessica Chastain across the room before the start of he 94th Academy Awards in 2022.,/Users/_mathanga_thalayan_/fake–news–detection–project/data/external/dataexternalverite-repository/VERITE/images/false_276.jpg,1,0,0.9911776185035706,0,0.6803438663482666,0,0.9837606549263,0,0.5217090845108032,a yellow background with a white border
822,"Image showing Macron sitting down and with one hand on his forehead, after an international call with NATO discussing the Russian 'military build-up in and around Ukraine' on February 18, 2022.",/Users/_mathanga_thalayan_/fake–news–detection–project/data/external/dataexternalverite-repository/VERITE/images/true_277.jpg,0,0,0.9479689002037048,0,0.6642236709594727,0,0.9525133371353149,0,0.5168899297714233,a blue background with a white border
823,"Image showing Macron sitting down and with one hand on his forehead, after a call with Russian President Vladimir Putin.",/Users/_mathanga_thalayan_/fake–news–detection–project/data/external/dataexternalverite-repository/VERITE/images/true_277.jpg,1,1,0.9236522912979126,0,0.6735537648200989,0,0.9823129773139954,0,0.5023015141487122,a blue background with a white border
824,"Image showing Macron sitting down and with one hand on his forehead, after an international call with NATO discussing the Russian 'military build-up in and around Ukraine' on February 18, 2022.",/Users/_mathanga_thalayan_/fake–news–detection–project/data/external/dataexternalverite-repository/VERITE/images/false_277.jpg,1,0,0.9479689002037048,0,0.6635659337043762,0,0.7856975197792053,0,0.5168899297714233,a blue background with a white border
825,"Image shows Tennessee Republican Senator Marsha Blackburn at a hearing on the Department of Defense's budget requests for fiscal year 2023 held on April 7, 2022.",/Users/_mathanga_thalayan_/fake–news–detection–project/data/external/dataexternalverite-repository/VERITE/images/true_278.jpg,0,1,0.6300777196884155,0,0.6632636189460754,0,0.9912338852882385,0,0.5156440734863281,a blue background with a white border
826,Image shows Tennessee Republican Senator Marsha Blackburn flashing a white power symbol during Justice Jackson's confirmation hearing in April 2022.,/Users/_mathanga_thalayan_/fake–news–detection–project/data/external/dataexternalverite-repository/VERITE/images/true_278.jpg,1,0,0.7735179662704468,0,0.6665154099464417,0,0.9915727376937866,0,0.5147671699523926,a blue background with a white border
827,"Image shows Tennessee Republican Senator Marsha Blackburn at a hearing on the Department of Defense's budget requests for fiscal year 2023 held on April 7, 2022.",/Users/_mathanga_thalayan_/fake–news–detection–project/data/external/dataexternalverite-repository/VERITE/images/false_278.jpg,1,1,0.6300777196884155,0,0.6734606623649597,0,0.9899335503578186,0,0.5314634442329407,a yellow background with a white border
828,"Image shows 2015 Miss Ukraine, Anastasiia Lenna equipped with a mock rifles while playing airsoft.",/Users/_mathanga_thalayan_/fake–news–detection–project/data/external/dataexternalverite-repository/VERITE/images/true_279.jpg,0,1,0.9757397174835205,0,0.6729674339294434,0,0.9875312447547913,0,0.5185338854789734,a pink background with a white border
829,"Image shows Ukraine first lady, Olena Zelenska, equipped with a rifle after joining the Ukrainian forces to fight against Russia.",/Users/_mathanga_thalayan_/fake–news–detection–project/data/external/dataexternalverite-repository/VERITE/images/true_279.jpg,1,0,0.966494083404541,0,0.6725841164588928,0,0.9523232579231262,0,0.5104212760925293,a pink background with a white border
830,"Image shows 2015 Miss Ukraine, Anastasiia Lenna equipped with a mock rifles while playing airsoft.",/Users/_mathanga_thalayan_/fake–news–detection–project/data/external/dataexternalverite-repository/VERITE/images/false_279.jpg,1,1,0.9757397174835205,0,0.6746107935905457,0,0.9865330457687378,0,0.5191621780395508,a red background with a white border
831,"A photograph of the Old Order Mennonites riding to church on a snowy road during in January 2021 in Hawkesville, Ontario.",/Users/_mathanga_thalayan_/fake–news–detection–project/data/external/dataexternalverite-repository/VERITE/images/true_280.jpg,0,0,0.6367877125740051,0,0.6535187363624573,0,0.9891411066055298,0,0.5155857801437378,a pink background with a white border
832,A photograph of an Amish community riding on a snowy road helped feed truckers in support of the 'Freedom Convoy' a protest by truck drivers in Canada against COVID-19 vaccine requirements in on January 2022.,/Users/_mathanga_thalayan_/fake–news–detection–project/data/external/dataexternalverite-repository/VERITE/images/true_280.jpg,1,1,0.8699061870574951,1,0.5874456763267517,0,0.9773026704788208,1,0.505522608757019,a pink background with a white border
833,"A photograph of the Old Order Mennonites riding to church on a snowy road during in January 2021 in Hawkesville, Ontario.",/Users/_mathanga_thalayan_/fake–news–detection–project/data/external/dataexternalverite-repository/VERITE/images/false_280.jpg,1,0,0.6367877125740051,0,0.6617557406425476,0,0.990895688533783,0,0.5215492844581604,a yellow background with a white border
834,"Photograph shows members of the Ukrainian nationalist organization Gonor when Russia launched its invasion of Ukraine on February 24, 2022.",/Users/_mathanga_thalayan_/fake–news–detection–project/data/external/dataexternalverite-repository/VERITE/images/true_281.jpg,0,0,0.9995256662368774,0,0.6689887642860413,0,0.9651055932044983,0,0.5063348412513733,a green background with a white border
835,"Photograph shows players of Ukraine’s Dynamo Kyiv soccer team, wearing military gear, preparing to fight the Russian army on February 24, 2022.",/Users/_mathanga_thalayan_/fake–news–detection–project/data/external/dataexternalverite-repository/VERITE/images/true_281.jpg,1,0,0.9583487510681152,0,0.6617938876152039,0,0.9831632971763611,0,0.5155037641525269,a green background with a white border
836,"Photograph shows members of the Ukrainian nationalist organization Gonor when Russia launched its invasion of Ukraine on February 24, 2022.",/Users/_mathanga_thalayan_/fake–news–detection–project/data/external/dataexternalverite-repository/VERITE/images/false_281.jpg,1,0,0.9995256662368774,0,0.669106125831604,0,0.9792795181274414,0,0.504518985748291,a purple background with a white border
837,"Photograph captured the 1992 meeting of Rabbi Menachem Mendel Schneerson, head of Chabad Lubavitch, and American Israeli human rights activist and entrepreneur Yosef Abramowitz.",/Users/_mathanga_thalayan_/fake–news–detection–project/data/external/dataexternalverite-repository/VERITE/images/true_282.jpg,0,1,0.6931544542312622,0,0.6715540289878845,0,0.9907805323600769,1,0.5147679448127747,a purple background with a white border
838,"Photograph captured the 1992 meeting of Rabbi Menachem Mendel Schneerson, head of Chabad Lubavitch, and American business magnate and philanthropist Bill Gates.",/Users/_mathanga_thalayan_/fake–news–detection–project/data/external/dataexternalverite-repository/VERITE/images/true_282.jpg,1,1,0.7186928987503052,0,0.6755797266960144,0,0.9914506077766418,1,0.5114970803260803,a purple background with a white border
839,"Photograph captured the 1992 meeting of Rabbi Menachem Mendel Schneerson, head of Chabad Lubavitch, and American Israeli human rights activist and entrepreneur Yosef Abramowitz.",/Users/_mathanga_thalayan_/fake–news–detection–project/data/external/dataexternalverite-repository/VERITE/images/false_282.jpg,1,1,0.6931544542312622,0,0.6709977984428406,0,0.9917272329330444,1,0.5139806866645813,a blue background with a white border
840,"An image showing crowds gathered for the annual Women’s March in Los Angeles on January 21, 2017.",/Users/_mathanga_thalayan_/fake–news–detection–project/data/external/dataexternalverite-repository/VERITE/images/true_283.jpg,0,0,0.9723562598228455,1,0.5408440232276917,0,0.9347541332244873,1,0.5135502219200134,a green background with a white border
841,"An image showing crowds gathered for the annual Women’s March in Los Angeles on October 4, 2021.",/Users/_mathanga_thalayan_/fake–news–detection–project/data/external/dataexternalverite-repository/VERITE/images/true_283.jpg,1,0,0.9952860474586487,0,0.5635044574737549,0,0.9677355885505676,1,0.5021697878837585,a green background with a white border
842,"An image showing crowds gathered for the annual Women’s March in Los Angeles on January 21, 2017.",/Users/_mathanga_thalayan_/fake–news–detection–project/data/external/dataexternalverite-repository/VERITE/images/false_283.jpg,1,0,0.9723562598228455,1,0.533735454082489,1,0.6223019361495972,1,0.5055893063545227,a green screen with a white background
843,"Image of a downed F-16 fighter jet crash near Lake Havasu City Airport, Arizona in 2018.",/Users/_mathanga_thalayan_/fake–news–detection–project/data/external/dataexternalverite-repository/VERITE/images/true_284.jpg,0,1,0.8903561234474182,1,0.5761727094650269,0,0.9715264439582825,1,0.5141059160232544,a green background with a white border
844,Image of a downed Pakistani plane during a fighting in Afghanistan’s Panjshir valley in 2021.,/Users/_mathanga_thalayan_/fake–news–detection–project/data/external/dataexternalverite-repository/VERITE/images/true_284.jpg,1,0,0.9954511523246765,0,0.6412101984024048,1,0.7054384350776672,1,0.5057726502418518,a green background with a white border
845,"Image of a downed F-16 fighter jet crash near Lake Havasu City Airport, Arizona in 2018.",/Users/_mathanga_thalayan_/fake–news–detection–project/data/external/dataexternalverite-repository/VERITE/images/false_284.jpg,1,1,0.8903561234474182,1,0.5629006624221802,0,0.9544367790222168,1,0.5160331726074219,a purple background with a white border
846,Image depicts a protest during the anti-government demonstrations in Algeria in early 2019.,/Users/_mathanga_thalayan_/fake–news–detection–project/data/external/dataexternalverite-repository/VERITE/images/true_285.jpg,0,0,0.9914005398750305,0,0.6696121692657471,0,0.9914746284484863,1,0.5230500102043152,a green background with a white border
847,Ιmage depicts a demonstration against COVID-19 preventive measures in Algeria in 2021.,/Users/_mathanga_thalayan_/fake–news–detection–project/data/external/dataexternalverite-repository/VERITE/images/true_285.jpg,1,0,0.9990384578704834,0,0.6723330020904541,0,0.977847695350647,1,0.532477080821991,a green background with a white border
848,Image depicts a protest during the anti-government demonstrations in Algeria in early 2019.,/Users/_mathanga_thalayan_/fake–news–detection–project/data/external/dataexternalverite-repository/VERITE/images/false_285.jpg,1,0,0.9914005398750305,0,0.6827934384346008,0,0.9913131594657898,1,0.5299783945083618,a gold color with a white background
849,A photo of a schoolteacher writing on a blackboard littered with bullet holes and one giant cavity was captured in Gaza City in 2014.,/Users/_mathanga_thalayan_/fake–news–detection–project/data/external/dataexternalverite-repository/VERITE/images/true_286.jpg,0,0,0.9408442974090576,1,0.5849350690841675,0,0.9907621741294861,0,0.5181074142456055,a blue background with a white border
850,A photo of a schoolteacher writing on a blackboard littered with bullet holes and one giant cavity was captured in Afghanistan in 2021.,/Users/_mathanga_thalayan_/fake–news–detection–project/data/external/dataexternalverite-repository/VERITE/images/true_286.jpg,1,0,0.9880391955375671,1,0.5845754146575928,0,0.98825603723526,0,0.5232258439064026,a blue background with a white border
851,A photo of a schoolteacher writing on a blackboard littered with bullet holes and one giant cavity was captured in Gaza City in 2014.,/Users/_mathanga_thalayan_/fake–news–detection–project/data/external/dataexternalverite-repository/VERITE/images/false_286.jpg,1,0,0.9408442974090576,1,0.5991708636283875,0,0.6713621020317078,0,0.5181089639663696,a green background with a white border
852,"A photo of eight United States servicemen sitting at a dinner table dining at at Bagram Airbase, formely the largest U.S. air base in Afghanistan, during Thanksgiving Day in 2013.",/Users/_mathanga_thalayan_/fake–news–detection–project/data/external/dataexternalverite-repository/VERITE/images/true_287.jpg,0,0,0.6356084942817688,1,0.5857558846473694,0,0.9891149997711182,0,0.5347102284431458,a yellow background with a white border
853,"A photo of eight United States servicemen sitting at a dinner table dining at a homeless shelter in Pakistan the final day of U.S. military withdrawal from Pakistan's neighbour Afghanistan on August 30, 2022.",/Users/_mathanga_thalayan_/fake–news–detection–project/data/external/dataexternalverite-repository/VERITE/images/true_287.jpg,1,0,0.9728212952613831,1,0.5849676728248596,0,0.9777352809906006,0,0.5266140699386597,a yellow background with a white border
854,"A photo of eight United States servicemen sitting at a dinner table dining at at Bagram Airbase, formely the largest U.S. air base in Afghanistan, during Thanksgiving Day in 2013.",/Users/_mathanga_thalayan_/fake–news–detection–project/data/external/dataexternalverite-repository/VERITE/images/false_287.jpg,1,0,0.6356084942817688,1,0.5895134806632996,0,0.9891279339790344,0,0.5302464365959167,a green background with a white border
855,"Image shows section of empty shelves at a Hispanic specialty supermarket in Los Angeles during special shopping hours for senior citizens and disabled customers, in the early months of the COVID-19 pandemic.",/Users/_mathanga_thalayan_/fake–news–detection–project/data/external/dataexternalverite-repository/VERITE/images/true_288.jpg,0,0,0.8813169002532959,1,0.5352637767791748,0,0.9540006518363953,1,0.507191002368927,a brown paint color with a white border
856,Image shows section of empty shelves the October 2021 global supply chain shortages.,/Users/_mathanga_thalayan_/fake–news–detection–project/data/external/dataexternalverite-repository/VERITE/images/true_288.jpg,1,0,0.8467016220092773,0,0.6663103103637695,0,0.9486480355262756,1,0.5129077434539795,a brown paint color with a white border
857,"Image shows section of empty shelves at a Hispanic specialty supermarket in Los Angeles during special shopping hours for senior citizens and disabled customers, in the early months of the COVID-19 pandemic.",/Users/_mathanga_thalayan_/fake–news–detection–project/data/external/dataexternalverite-repository/VERITE/images/false_288.jpg,1,0,0.8813169002532959,1,0.5243290066719055,0,0.9468221068382263,0,0.5031182169914246,a green background with a white border
858,"Photograph shows a group of migrants at the U.S.-Mexico border wearing t-shirts that read 'Biden, please let us in' in March 2021.",/Users/_mathanga_thalayan_/fake–news–detection–project/data/external/dataexternalverite-repository/VERITE/images/true_289.jpg,0,0,0.6691563725471497,0,0.6661542057991028,0,0.9726828932762146,0,0.5142498016357422,a blue background with a white border
859,"Photograph shows Haitian migrants at the U.S.-Mexico border wearing t-shirts that read 'Biden, please let us in' in September 2021.",/Users/_mathanga_thalayan_/fake–news–detection–project/data/external/dataexternalverite-repository/VERITE/images/true_289.jpg,1,1,0.5862626433372498,0,0.6685146689414978,0,0.9731374382972717,0,0.5131547451019287,a blue background with a white border
860,A photograph showing gridlock traffic in Los Angeles during the Thanksgiving holiday in November 2017.,/Users/_mathanga_thalayan_/fake–news–detection–project/data/external/dataexternalverite-repository/VERITE/images/true_290.jpg,0,0,0.827110767364502,1,0.5928023457527161,0,0.9906635284423828,1,0.5247013568878174,a yellow background with a white border
861,A photograph showing gridlock traffic in New Orleans during evacuations prior to Hurricane Ida's landfall in August 2021.,/Users/_mathanga_thalayan_/fake–news–detection–project/data/external/dataexternalverite-repository/VERITE/images/true_290.jpg,1,0,0.9948986172676086,1,0.587477445602417,0,0.9855149984359741,0,0.5248484015464783,a yellow background with a white border
862,A photograph showing gridlock traffic in Los Angeles during the Thanksgiving holiday in November 2017.,/Users/_mathanga_thalayan_/fake–news–detection–project/data/external/dataexternalverite-repository/VERITE/images/false_290.jpg,1,0,0.827110767364502,1,0.5974669456481934,0,0.9911511540412903,1,0.5288496017456055,a red color with a white background
863,Image shows parked business jets that flew into the New Orleans Lakefront Airport for the Super Bowl XLVII in February 2013.,/Users/_mathanga_thalayan_/fake–news–detection–project/data/external/dataexternalverite-repository/VERITE/images/true_291.jpg,0,0,0.9249066114425659,1,0.5885753035545349,0,0.9883427023887634,0,0.5294247269630432,a green background with a white border
864,"Image shows parked jets - out of the 400 - used by world-leaders to fly to Glasgow, Scotland in November 2021 for the U.N. COP26 climate change conference; to discuss reducing carbon emissions and set net zero targets.",/Users/_mathanga_thalayan_/fake–news–detection–project/data/external/dataexternalverite-repository/VERITE/images/true_291.jpg,1,1,0.9303647875785828,1,0.5877258777618408,0,0.9450116157531738,0,0.5160576105117798,a green background with a white border
865,Image shows parked business jets that flew into the New Orleans Lakefront Airport for the Super Bowl XLVII in February 2013.,/Users/_mathanga_thalayan_/fake–news–detection–project/data/external/dataexternalverite-repository/VERITE/images/false_291.jpg,1,0,0.9249066114425659,1,0.5790472030639648,0,0.9694378972053528,0,0.5166407823562622,a pink color with a white background
866,"Photograph shows British actor Sir Ian McKellen taking a selfie with a fan in November 2021 on Narrow St, London outside The Grapes – a pub leased by McKellen.",/Users/_mathanga_thalayan_/fake–news–detection–project/data/external/dataexternalverite-repository/VERITE/images/true_292.jpg,0,1,0.8280752897262573,0,0.6593419313430786,0,0.565397322177887,0,0.5221265554428101,a green screen with a white background
867,"Photograph shows British actor Sir Ian McKellen taking a selfie with a fan in Lviv, Ukraine during the Russian invasion in May 2022. ",/Users/_mathanga_thalayan_/fake–news–detection–project/data/external/dataexternalverite-repository/VERITE/images/true_292.jpg,1,0,0.9891018271446228,0,0.6666210889816284,0,0.9605787992477417,0,0.5173820853233337,a green screen with a white background
868,"Photograph shows British actor Sir Ian McKellen taking a selfie with a fan in November 2021 on Narrow St, London outside The Grapes – a pub leased by McKellen.",/Users/_mathanga_thalayan_/fake–news–detection–project/data/external/dataexternalverite-repository/VERITE/images/false_292.jpg,1,1,0.8280752897262573,0,0.6600208282470703,0,0.9884387850761414,0,0.5112605094909668,a purple background with a white border
869,"Image shows Russian servicewomen marching during a Victory Day parade rehearsal on Dvortsovaya Square in central Saint Petersburg on April 26, 2019.",/Users/_mathanga_thalayan_/fake–news–detection–project/data/external/dataexternalverite-repository/VERITE/images/true_293.jpg,0,0,0.904556155204773,0,0.6696478128433228,0,0.9476882815361023,0,0.5212032198905945,a purple background with a white border
870,Image shows Russian servicewomen wearing Nazi-style armbands training for Victory Day parade on Dvortsovaya Square in central Saint Petersburg on April 26 2022.,/Users/_mathanga_thalayan_/fake–news–detection–project/data/external/dataexternalverite-repository/VERITE/images/true_293.jpg,1,0,0.9796755313873291,0,0.6708381175994873,0,0.9743196964263916,0,0.5245506763458252,a purple background with a white border
871,"Image shows Russian servicewomen marching during a Victory Day parade rehearsal on Dvortsovaya Square in central Saint Petersburg on April 26, 2019.",/Users/_mathanga_thalayan_/fake–news–detection–project/data/external/dataexternalverite-repository/VERITE/images/false_293.jpg,1,0,0.904556155204773,0,0.6633613705635071,0,0.9897245168685913,0,0.5036182403564453,a green color with a white border
872,Picture shows former United States president Ronald Reagan meeting with the Mujahideen (Afghan freedom fighters) in February 1983.,/Users/_mathanga_thalayan_/fake–news–detection–project/data/external/dataexternalverite-repository/VERITE/images/true_294.jpg,0,0,0.9982054233551025,0,0.6768385171890259,0,0.9920572638511658,0,0.5032280087471008,a green background with a white border
873,Picture shows former United States president Ronald Reagan meeting with the Taliban in the White House Oval Office in February 1983.,/Users/_mathanga_thalayan_/fake–news–detection–project/data/external/dataexternalverite-repository/VERITE/images/true_294.jpg,1,0,0.9605646133422852,0,0.6757082939147949,0,0.9924343824386597,0,0.5070407390594482,a green background with a white border
874,Picture shows former United States president Ronald Reagan meeting with the Mujahideen (Afghan freedom fighters) in February 1983.,/Users/_mathanga_thalayan_/fake–news–detection–project/data/external/dataexternalverite-repository/VERITE/images/false_294.jpg,1,0,0.9982054233551025,0,0.6672974228858948,0,0.991690993309021,1,0.500714898109436,a purple background with a white border
875,An image showing a man with a gun slung over his shoulder being searched by a Houthi soldier going into a rally in Yemen in 2015.,/Users/_mathanga_thalayan_/fake–news–detection–project/data/external/dataexternalverite-repository/VERITE/images/true_295.jpg,0,0,0.8290902376174927,0,0.671481192111969,0,0.9911078214645386,1,0.5179299116134644,a pink background with a white border
876,An image showing a man with a gun slung over his shoulder being searched by security at Kabul airport in August 2021.,/Users/_mathanga_thalayan_/fake–news–detection–project/data/external/dataexternalverite-repository/VERITE/images/true_295.jpg,1,0,0.9401360154151917,0,0.6729570031166077,0,0.990996241569519,0,0.5058735013008118,a pink background with a white border
877,An image showing a man with a gun slung over his shoulder being searched by a Houthi soldier going into a rally in Yemen in 2015.,/Users/_mathanga_thalayan_/fake–news–detection–project/data/external/dataexternalverite-repository/VERITE/images/false_295.jpg,1,0,0.8290902376174927,0,0.6647768616676331,0,0.991448700428009,1,0.5193409323692322,a blue background with a white border
878,An image shows a large crowd gathered on the Rio de Janeiro seafront to celebrate a Mass delivered by Pope Francis in 2013.,/Users/_mathanga_thalayan_/fake–news–detection–project/data/external/dataexternalverite-repository/VERITE/images/true_296.jpg,0,1,0.7744860053062439,0,0.6430920958518982,0,0.9907819628715515,1,0.502991259098053,a purple background with a white border
879,"An image shows a protest on Bondi Beach against COVID-19 restrictions in Sydney, Australia on August 21 2021.",/Users/_mathanga_thalayan_/fake–news–detection–project/data/external/dataexternalverite-repository/VERITE/images/true_296.jpg,1,0,0.8271113634109497,1,0.5824646949768066,0,0.9630931615829468,0,0.5036876201629639,a purple background with a white border
880,An image shows a large crowd gathered on the Rio de Janeiro seafront to celebrate a Mass delivered by Pope Francis in 2013.,/Users/_mathanga_thalayan_/fake–news–detection–project/data/external/dataexternalverite-repository/VERITE/images/false_296.jpg,1,1,0.7744860053062439,0,0.6397691965103149,0,0.9900385141372681,1,0.5022851228713989,a blue background with a white border
881,"An image shows US soldiers stand guard as in the background Afghan people wait at the Kabul airport in Kabul on August 16, 2021.",/Users/_mathanga_thalayan_/fake–news–detection–project/data/external/dataexternalverite-repository/VERITE/images/true_297.jpg,0,0,0.9831829071044922,0,0.6679209470748901,0,0.738660454750061,0,0.5050866007804871,a yellow background with a white border
882,"An image shows an explosion that occurred at Kabul airport, Afghanistan on August 26 2021.",/Users/_mathanga_thalayan_/fake–news–detection–project/data/external/dataexternalverite-repository/VERITE/images/true_297.jpg,1,0,0.8154540061950684,0,0.5238703489303589,1,0.927460253238678,0,0.5150806307792664,a yellow background with a white border
883,"An image shows US soldiers stand guard as in the background Afghan people wait at the Kabul airport in Kabul on August 16, 2021.",/Users/_mathanga_thalayan_/fake–news–detection–project/data/external/dataexternalverite-repository/VERITE/images/false_297.jpg,1,0,0.9831829071044922,0,0.6668450832366943,0,0.9874448776245117,1,0.5002750754356384,a pink background with a white border
884,"Photograph showing crowds at the Lollapalooza music festival in Chicago, taken in July 2021.",/Users/_mathanga_thalayan_/fake–news–detection–project/data/external/dataexternalverite-repository/VERITE/images/true_298.jpg,0,0,0.9560245871543884,0,0.5255720019340515,0,0.9866210222244263,1,0.503788948059082,a blue background with a white border
885,"Photograph showing fans of Lionel Messi gathering in Paris, taken in August 2021.",/Users/_mathanga_thalayan_/fake–news–detection–project/data/external/dataexternalverite-repository/VERITE/images/true_298.jpg,1,0,0.908606231212616,0,0.6732934713363647,0,0.9770854711532593,1,0.5064242482185364,a blue background with a white border
886,"Photograph showing crowds at the Lollapalooza music festival in Chicago, taken in July 2021.",/Users/_mathanga_thalayan_/fake–news–detection–project/data/external/dataexternalverite-repository/VERITE/images/false_298.jpg,1,0,0.9560245871543884,0,0.5278622508049011,0,0.9873232245445251,1,0.503690242767334,a purple background with a white border
887,Photograph shows 324 afghan refugees that had illegally entered Turkish territory and were being deported back to Afghanistan in April 2018.,/Users/_mathanga_thalayan_/fake–news–detection–project/data/external/dataexternalverite-repository/VERITE/images/true_299.jpg,0,1,0.8411384224891663,0,0.6654765009880066,0,0.9899616241455078,0,0.5073145031929016,a purple background with a white border
888,"Photograph shows the inside of a plane, loaded only with men, leaving Kabul, Afghanistan in August 2021.",/Users/_mathanga_thalayan_/fake–news–detection–project/data/external/dataexternalverite-repository/VERITE/images/true_299.jpg,1,0,0.9218429923057556,0,0.6347301006317139,0,0.961800754070282,1,0.5083064436912537,a purple background with a white border
889,Photograph shows 324 afghan refugees that had illegally entered Turkish territory and were being deported back to Afghanistan in April 2018.,/Users/_mathanga_thalayan_/fake–news–detection–project/data/external/dataexternalverite-repository/VERITE/images/false_299.jpg,1,1,0.8411384224891663,0,0.6677919030189514,0,0.980761706829071,0,0.5073145031929016,a purple background with a white border
890,"Image shows more than 670 residents of Tacloban, Leyte  on board a military plane following Super Typhoon Haiyan November 17, 2013.",/Users/_mathanga_thalayan_/fake–news–detection–project/data/external/dataexternalverite-repository/VERITE/images/true_300.jpg,0,0,0.6052504777908325,0,0.668894350528717,0,0.926098108291626,0,0.523735761642456,a yellow background with a white border
891,"Image shows an operation by the Indian Airforce (IAF) carrying refugees out of Kabul airport, Afghanistan in August 2021.",/Users/_mathanga_thalayan_/fake–news–detection–project/data/external/dataexternalverite-repository/VERITE/images/true_300.jpg,1,0,0.8228862881660461,0,0.6389089226722717,0,0.9605970978736877,0,0.5104437470436096,a yellow background with a white border
892,"Image shows more than 670 residents of Tacloban, Leyte  on board a military plane following Super Typhoon Haiyan November 17, 2013.",/Users/_mathanga_thalayan_/fake–news–detection–project/data/external/dataexternalverite-repository/VERITE/images/false_300.jpg,1,0,0.6052504777908325,0,0.653861939907074,0,0.7438896894454956,0,0.5155271291732788,a blue background with a white border
893,"Photo shows a large crowd celebrating France's victory in the Russia 2018 World Cup, in Paris in July 2018.",/Users/_mathanga_thalayan_/fake–news–detection–project/data/external/dataexternalverite-repository/VERITE/images/true_301.jpg,0,0,0.9079083204269409,0,0.6053668260574341,0,0.9885023832321167,1,0.5103225708007812,a green color with a white background
894,Photo shows demonstrations against mandatory vaccines for healthcare workers and COVID-19 health passes in Paris in July 2021.,/Users/_mathanga_thalayan_/fake–news–detection–project/data/external/dataexternalverite-repository/VERITE/images/true_301.jpg,1,0,0.9867911338806152,0,0.6656463146209717,0,0.9896788597106934,1,0.5299057960510254,a green color with a white background
895,"Photo shows a large crowd celebrating France's victory in the Russia 2018 World Cup, in Paris in July 2018.",/Users/_mathanga_thalayan_/fake–news–detection–project/data/external/dataexternalverite-repository/VERITE/images/false_301.jpg,1,0,0.9079083204269409,0,0.6114088892936707,0,0.985281765460968,1,0.508956253528595,a red color with a white background
896,Heavily software-processed image of the sun's chromosphere created by Jason Guenzel in January 2021.,/Users/_mathanga_thalayan_/fake–news–detection–project/data/external/dataexternalverite-repository/VERITE/images/true_302.jpg,0,0,0.946774959564209,0,0.6692022681236267,0,0.9854715466499329,1,0.5129081010818481,a green background with a white border
897,Highly detailed close-up image of the sun's surface taken by NASA in February 2021.,/Users/_mathanga_thalayan_/fake–news–detection–project/data/external/dataexternalverite-repository/VERITE/images/true_302.jpg,1,0,0.9200791120529175,0,0.6307287812232971,1,0.9191156029701233,0,0.55051589012146,a green background with a white border
898,Heavily software-processed image of the sun's chromosphere created by Jason Guenzel in January 2021.,/Users/_mathanga_thalayan_/fake–news–detection–project/data/external/dataexternalverite-repository/VERITE/images/false_302.jpg,1,0,0.946774959564209,0,0.6722832918167114,0,0.7870156168937683,1,0.5146024227142334,a red background with a white border
899,"Photo of trash left behind by a crowd of young people after a Fridays for Future protest, part of student activist Greta Thunberg’s school strike movement to fight climate change around the world in Naples, Italy on september 2019.",/Users/_mathanga_thalayan_/fake–news–detection–project/data/external/dataexternalverite-repository/VERITE/images/true_303.jpg,0,0,0.9727745056152344,1,0.5323376655578613,0,0.9809594750404358,1,0.5144214630126953,a green background with a white border
900,Photo of trash left behind by spring breakers in March 2021 in France.,/Users/_mathanga_thalayan_/fake–news–detection–project/data/external/dataexternalverite-repository/VERITE/images/true_303.jpg,1,1,0.5055875182151794,0,0.6626617312431335,0,0.6134570240974426,0,0.5033463835716248,a green background with a white border
901,"Photo of trash left behind by a crowd of young people after a Fridays for Future protest, part of student activist Greta Thunberg’s school strike movement to fight climate change around the world in Naples, Italy on september 2019.",/Users/_mathanga_thalayan_/fake–news–detection–project/data/external/dataexternalverite-repository/VERITE/images/false_303.jpg,1,0,0.9727745056152344,1,0.5317991971969604,0,0.9786888957023621,1,0.5144214630126953,a green background with a white border
902,"Image shows a helicopter doing a de-icing test on a windfarm in Uljabuouda in Arjeplog municipality, Sweden during the winter of 2014.",/Users/_mathanga_thalayan_/fake–news–detection–project/data/external/dataexternalverite-repository/VERITE/images/true_304.jpg,0,1,0.8592948913574219,0,0.6258457899093628,0,0.886195719242096,1,0.5062742829322815,a brown paint color with a white background
903,"Image shows a helicopter using fossil fuels, spraying de-icer, made with fossil fuels, to de-ice a wind turbine during the deep freeze in Texas in February 2021.",/Users/_mathanga_thalayan_/fake–news–detection–project/data/external/dataexternalverite-repository/VERITE/images/true_304.jpg,1,1,0.9791417717933655,0,0.6529197096824646,0,0.8206722140312195,1,0.5171944499015808,a brown paint color with a white background
904,"Image shows a helicopter doing a de-icing test on a windfarm in Uljabuouda in Arjeplog municipality, Sweden during the winter of 2014.",/Users/_mathanga_thalayan_/fake–news–detection–project/data/external/dataexternalverite-repository/VERITE/images/false_304.jpg,1,1,0.8592948913574219,0,0.6413675546646118,0,0.8590184450149536,1,0.5116345882415771,a pink background with a white border
905,A photograph captures hundreds of people who died after an oil tanker exploded in the Democratic Republic of the Congo in 2010.,/Users/_mathanga_thalayan_/fake–news–detection–project/data/external/dataexternalverite-repository/VERITE/images/true_305.jpg,0,0,0.8793693780899048,0,0.570050060749054,0,0.5940448641777039,1,0.5226591229438782,a green background with a white border
906,A photograph captures hundreds of Christians who were burned alive by Muslims during the 2010 Jos riots in Nigeria.,/Users/_mathanga_thalayan_/fake–news–detection–project/data/external/dataexternalverite-repository/VERITE/images/true_305.jpg,1,0,0.9617052674293518,0,0.670576274394989,0,0.8627910614013672,1,0.5151888132095337,a green background with a white border
907,A photograph captures hundreds of people who died after an oil tanker exploded in the Democratic Republic of the Congo in 2010.,/Users/_mathanga_thalayan_/fake–news–detection–project/data/external/dataexternalverite-repository/VERITE/images/false_305.jpg,1,0,0.8793693780899048,0,0.5868204832077026,0,0.7127285599708557,1,0.5226591229438782,a green background with a white border
908,"An Image depicts a fatal collision involving a Chevy Suburban during a rapid chain reaction of four tractor-trailers and a small pickup truck, resulting in the death of the two occupats; aged 51 and 53 years Carroll County, Georgia.",/Users/_mathanga_thalayan_/fake–news–detection–project/data/external/dataexternalverite-repository/VERITE/images/true_306.jpg,0,1,0.8667730689048767,0,0.5060126781463623,0,0.9503000378608704,0,0.5292738676071167,a purple background with a white border
909,"An Image depicts a fatal collision involving a Chevy Suburban that recklessly merged ahead of a tractor-trailer, resulting in the death of an infant on 15 September 2016 in Carroll County, Georgia.",/Users/_mathanga_thalayan_/fake–news–detection–project/data/external/dataexternalverite-repository/VERITE/images/true_306.jpg,1,1,0.900637149810791,1,0.585909903049469,0,0.6321430802345276,0,0.5200667381286621,a purple background with a white border
910,"An Image depicts a fatal collision involving a Chevy Suburban during a rapid chain reaction of four tractor-trailers and a small pickup truck, resulting in the death of the two occupats; aged 51 and 53 years Carroll County, Georgia.",/Users/_mathanga_thalayan_/fake–news–detection–project/data/external/dataexternalverite-repository/VERITE/images/false_306.jpg,1,1,0.8667730689048767,0,0.5014845728874207,0,0.9654891490936279,0,0.5292738676071167,a purple background with a white border
911,"An image depicts an injured protestor after an altercation between Ku Klux Klan protesters and counter-protesters in Anaheim, California, in February 2016.",/Users/_mathanga_thalayan_/fake–news–detection–project/data/external/dataexternalverite-repository/VERITE/images/true_307.jpg,0,0,0.910298764705658,0,0.6432110667228699,0,0.9748522043228149,0,0.5056234002113342,a white and black wallpaper with a white background
912,"An image depicts an overenthusiastic Pride attendee injured in an attempt to sexually stimulate himself with a fire hydrant, taken in Anaheim, California in June 2016.",/Users/_mathanga_thalayan_/fake–news–detection–project/data/external/dataexternalverite-repository/VERITE/images/true_307.jpg,1,1,0.5871914625167847,0,0.6088477373123169,0,0.879641056060791,0,0.5252717733383179,a white and black wallpaper with a white background
913,"An image depicts an injured protestor after an altercation between Ku Klux Klan protesters and counter-protesters in Anaheim, California, in February 2016.",/Users/_mathanga_thalayan_/fake–news–detection–project/data/external/dataexternalverite-repository/VERITE/images/false_307.jpg,1,0,0.910298764705658,0,0.6329964399337769,1,0.718223512172699,1,0.5074281692504883,a green screen with a white background
914,Photographs depicts three Eritrean migrants who had been kidnapped and tortured in Egypt in 2015.,/Users/_mathanga_thalayan_/fake–news–detection–project/data/external/dataexternalverite-repository/VERITE/images/true_308.jpg,0,1,0.9607245922088623,0,0.6731481552124023,0,0.9878134727478027,1,0.5040271282196045,a purple background with a white border
915,"Photographs depicts three men that were trying to reach Europe but were caught, auctioned off as slaves and had their organs removed, taken in Libya in 2017.",/Users/_mathanga_thalayan_/fake–news–detection–project/data/external/dataexternalverite-repository/VERITE/images/true_308.jpg,1,1,0.539008617401123,0,0.6621203422546387,0,0.9541848301887512,0,0.5001084804534912,a purple background with a white border
916,Photographs depicts three Eritrean migrants who had been kidnapped and tortured in Egypt in 2015.,/Users/_mathanga_thalayan_/fake–news–detection–project/data/external/dataexternalverite-repository/VERITE/images/false_308.jpg,1,1,0.9607245922088623,0,0.675321638584137,0,0.8202733993530273,0,0.5048691034317017,a green screen with a white background
917,"An image documents a cow with a surgical fistula, a procedure that provides researchers a window to see into the cow's digestive system and to allow the transfer of microbes between healthy and sick cows.",/Users/_mathanga_thalayan_/fake–news–detection–project/data/external/dataexternalverite-repository/VERITE/images/true_309.jpg,0,1,0.9798728227615356,0,0.6696329712867737,0,0.9645417332649231,1,0.5099891424179077,a pink background with a white border
918,"An image documents a fistulated cow, a new method invented by the dairy industry to abuse cows by cutting holes in them to improve milk production.",/Users/_mathanga_thalayan_/fake–news–detection–project/data/external/dataexternalverite-repository/VERITE/images/true_309.jpg,1,0,0.8208794593811035,0,0.6724843382835388,0,0.8585957884788513,1,0.5168217420578003,a pink background with a white border
919,"An image documents a cow with a surgical fistula, a procedure that provides researchers a window to see into the cow's digestive system and to allow the transfer of microbes between healthy and sick cows.",/Users/_mathanga_thalayan_/fake–news–detection–project/data/external/dataexternalverite-repository/VERITE/images/false_309.jpg,1,1,0.9798728227615356,0,0.6805962920188904,0,0.9798953533172607,1,0.5093706846237183,a green background with a white border
920,"Photographs show an attempted robbery in Brazil, that ended with all of the assailants where shot by their intended victim, taken in 2008.",/Users/_mathanga_thalayan_/fake–news–detection–project/data/external/dataexternalverite-repository/VERITE/images/true_310.jpg,0,1,0.8631126284599304,0,0.645648717880249,0,0.954052746295929,1,0.5139772891998291,a blue background with a white border
921,"Photographs show an attempted robbery in El Paso, Texas, that ended with all of the assailants - three armed Mexicans who crossed the U.S. border into Texas - where shot by their intended victim.",/Users/_mathanga_thalayan_/fake–news–detection–project/data/external/dataexternalverite-repository/VERITE/images/true_310.jpg,1,1,0.944383978843689,0,0.66441410779953,0,0.9015571475028992,0,0.5033572316169739,a blue background with a white border
922,"Photographs show an attempted robbery in Brazil, that ended with all of the assailants where shot by their intended victim, taken in 2008.",/Users/_mathanga_thalayan_/fake–news–detection–project/data/external/dataexternalverite-repository/VERITE/images/false_310.jpg,1,1,0.8631126284599304,0,0.6618730425834656,0,0.9530525803565979,1,0.5222406387329102,a green color with a white background
923,"Image shows George Floyd IV, a 17-year-old who was arrested in Chicago for carjacking, appeared on 'Judge Judy' in 2010.",/Users/_mathanga_thalayan_/fake–news–detection–project/data/external/dataexternalverite-repository/VERITE/images/true_311.jpg,0,1,0.9389156699180603,0,0.6638904809951782,0,0.9063478112220764,0,0.5558862090110779,a green screen with a white background
924,"Image shows George Perry Floyd, the Minneapolis man who died in police custody in May 2020, appeared on 'Judge Judy' as a teenager and was found guilty for carjacking.",/Users/_mathanga_thalayan_/fake–news–detection–project/data/external/dataexternalverite-repository/VERITE/images/true_311.jpg,1,1,0.9942954182624817,0,0.6292940378189087,0,0.8021762371063232,0,0.5563827157020569,a green screen with a white background
925,"Image shows George Floyd IV, a 17-year-old who was arrested in Chicago for carjacking, appeared on 'Judge Judy' in 2010.",/Users/_mathanga_thalayan_/fake–news–detection–project/data/external/dataexternalverite-repository/VERITE/images/false_311.jpg,1,1,0.9389156699180603,0,0.6618684530258179,0,0.918879508972168,0,0.5344402194023132,a green background with a white border
926,"Photograph shows a crowd gathering on a beach in Durban, South Africa after three people were killed by a large wave in December 2022.",/Users/_mathanga_thalayan_/fake–news–detection–project/data/external/dataexternalverite-repository/VERITE/images/true_312.jpg,0,0,0.5301566123962402,0,0.5961449146270752,0,0.8231495022773743,0,0.5065841674804688,a yellow background with a white border
927,"Photograph shows a group of migrants in Skegness, a seaside town on Britain’s east coast in January 2023.",/Users/_mathanga_thalayan_/fake–news–detection–project/data/external/dataexternalverite-repository/VERITE/images/true_312.jpg,1,0,0.5746769905090332,0,0.6795464158058167,0,0.9696124792098999,0,0.5136107206344604,a yellow background with a white border
928,"Photograph shows a crowd gathering on a beach in Durban, South Africa after three people were killed by a large wave in December 2022.",/Users/_mathanga_thalayan_/fake–news–detection–project/data/external/dataexternalverite-repository/VERITE/images/false_312.jpg,1,0,0.5301566123962402,0,0.5905505418777466,0,0.9542514681816101,0,0.5059748888015747,a blue background with a white border
929,"Photograph shows a 13-foot alligator captured in Bay City, Texas in August 2005.",/Users/_mathanga_thalayan_/fake–news–detection–project/data/external/dataexternalverite-repository/VERITE/images/true_313.jpg,0,1,0.7814766764640808,0,0.6737901568412781,0,0.9396436810493469,1,0.5162428617477417,a peach colored paint color swat swat swat
930,"Photograph shows a 28-foot alligator captured in Winter Haven, Florida, taken in April 2013.",/Users/_mathanga_thalayan_/fake–news–detection–project/data/external/dataexternalverite-repository/VERITE/images/true_313.jpg,1,1,0.6969598531723022,0,0.6604295372962952,0,0.9342646598815918,1,0.5234453678131104,a peach colored paint color swat swat swat
931,"Photograph shows a 13-foot alligator captured in Bay City, Texas in August 2005.",/Users/_mathanga_thalayan_/fake–news–detection–project/data/external/dataexternalverite-repository/VERITE/images/false_313.jpg,1,1,0.7814766764640808,0,0.661339521408081,0,0.9841614961624146,1,0.5166161060333252,a green color with a white border
932,"Image shows a fake snake being wrapped around a van, created as an art installation for a zoo in China.",/Users/_mathanga_thalayan_/fake–news–detection–project/data/external/dataexternalverite-repository/VERITE/images/true_314.jpg,0,1,0.9400913119316101,0,0.6618525385856628,0,0.9195966124534607,1,0.5018680095672607,a pink background with a white border
933,Images shows the world's largest known snake being wrapped around a van in China.,/Users/_mathanga_thalayan_/fake–news–detection–project/data/external/dataexternalverite-repository/VERITE/images/true_314.jpg,1,0,0.6507905125617981,0,0.6641334891319275,0,0.9892218112945557,0,0.5042628049850464,a pink background with a white border
934,"Images shows processed corn falling on U.S. President Joe Biden's shoulder during an event at POET, a bioprocessing and manufacturing plant in Menlo, Iowa in April 2022.",/Users/_mathanga_thalayan_/fake–news–detection–project/data/external/dataexternalverite-repository/VERITE/images/true_315.jpg,0,1,0.7003821134567261,0,0.6652176976203918,0,0.6551039218902588,0,0.502252995967865,a purple background with a white border
935,Images shows bird poop falling on U.S. President Joe Biden's shoulder during an event in April 2022.,/Users/_mathanga_thalayan_/fake–news–detection–project/data/external/dataexternalverite-repository/VERITE/images/true_315.jpg,1,0,0.9773257970809937,0,0.6721792221069336,0,0.7371094822883606,0,0.5011675953865051,a purple background with a white border
936,"Images shows processed corn falling on U.S. President Joe Biden's shoulder during an event at POET, a bioprocessing and manufacturing plant in Menlo, Iowa in April 2022.",/Users/_mathanga_thalayan_/fake–news–detection–project/data/external/dataexternalverite-repository/VERITE/images/false_315.jpg,1,1,0.7003821134567261,0,0.6644077897071838,1,0.8946477174758911,0,0.5235714316368103,a green screen with a white background
937,A photograph shows a digital artwork of a reindeer with a glowing fluorescent antlers by digital artist Vasjen Katro.,/Users/_mathanga_thalayan_/fake–news–detection–project/data/external/dataexternalverite-repository/VERITE/images/true_316.jpg,0,1,0.6197898983955383,0,0.6726431846618652,0,0.9567530751228333,1,0.5125606060028076,a blue background with a white border
938,A photograph shows a reindeer in Finland that had its antlers painted with a glowing fluorescent coating in an attempt to reduce traffic accidents.,/Users/_mathanga_thalayan_/fake–news–detection–project/data/external/dataexternalverite-repository/VERITE/images/true_316.jpg,1,1,0.938673198223114,1,0.5211478471755981,0,0.940093994140625,1,0.501387894153595,a blue background with a white border
939,A photograph shows a digital artwork of a reindeer with a glowing fluorescent antlers by digital artist Vasjen Katro.,/Users/_mathanga_thalayan_/fake–news–detection–project/data/external/dataexternalverite-repository/VERITE/images/false_316.jpg,1,1,0.6197898983955383,0,0.6710472702980042,0,0.9399346113204956,1,0.5125606060028076,a blue background with a white border
940,A photograph shows 'Long Boi' an Indian Runner duck that stands 70 centimeters tall and lives near the campus of the University of York in England.,/Users/_mathanga_thalayan_/fake–news–detection–project/data/external/dataexternalverite-repository/VERITE/images/true_317.jpg,0,1,0.926302433013916,0,0.5583676099777222,0,0.9915292263031006,0,0.5373790860176086,a purple background with a white border
941,"A photograph shows 'Long Boi', the tallest mallard duck in the world that stands over 1m tall and lives near the campus of the University of York in England.",/Users/_mathanga_thalayan_/fake–news–detection–project/data/external/dataexternalverite-repository/VERITE/images/true_317.jpg,1,1,0.8919534087181091,1,0.5570876598358154,0,0.986994206905365,0,0.518218457698822,a purple background with a white border
942,A photograph shows 'Long Boi' an Indian Runner duck that stands 70 centimeters tall and lives near the campus of the University of York in England.,/Users/_mathanga_thalayan_/fake–news–detection–project/data/external/dataexternalverite-repository/VERITE/images/false_317.jpg,1,1,0.926302433013916,0,0.5539045929908752,0,0.9894012808799744,0,0.5352421402931213,a blue background with a white border
943,"A picture shows a silver-colored and heavily armored 'Dartz Prombron Monaco Red Diamond Edition' truck, captured at the Top Marques Monaco auto show in April 2009.",/Users/_mathanga_thalayan_/fake–news–detection–project/data/external/dataexternalverite-repository/VERITE/images/true_318.jpg,0,1,0.8974881172180176,0,0.6403021216392517,0,0.9879184365272522,0,0.5209007859230042,a green background with a white border
944,"A picture shows a silver-colored and heavily armored 2021 Dodge Ram pickup truck, taking a dramatic departure from previous designs.",/Users/_mathanga_thalayan_/fake–news–detection–project/data/external/dataexternalverite-repository/VERITE/images/true_318.jpg,1,0,0.6148132085800171,0,0.658765435218811,0,0.9635633230209351,0,0.5189864039421082,a green background with a white border
945,"A picture shows a silver-colored and heavily armored 'Dartz Prombron Monaco Red Diamond Edition' truck, captured at the Top Marques Monaco auto show in April 2009.",/Users/_mathanga_thalayan_/fake–news–detection–project/data/external/dataexternalverite-repository/VERITE/images/false_318.jpg,1,1,0.8974881172180176,0,0.6402595639228821,0,0.94952791929245,0,0.519834041595459,a blue background with a white border
946,Photograph shows the Japanese attack on Pearl Harbor from the 2001 Touchstone film Pearl Harbor.,/Users/_mathanga_thalayan_/fake–news–detection–project/data/external/dataexternalverite-repository/VERITE/images/true_319.jpg,0,0,0.9903646111488342,0,0.6721903085708618,0,0.9849168658256531,1,0.5142125487327576,a green background with a white border
947,Photograph shows the Japanese attack on Pearl Harbor in 1941 [colorized].,/Users/_mathanga_thalayan_/fake–news–detection–project/data/external/dataexternalverite-repository/VERITE/images/true_319.jpg,1,0,0.9996604919433594,0,0.670451283454895,0,0.9286211133003235,1,0.508526086807251,a green background with a white border
948,Photograph shows the Japanese attack on Pearl Harbor from the 2001 Touchstone film Pearl Harbor.,/Users/_mathanga_thalayan_/fake–news–detection–project/data/external/dataexternalverite-repository/VERITE/images/false_319.jpg,1,0,0.9903646111488342,0,0.6768563985824585,0,0.9621738791465759,1,0.504820704460144,a green screen with a white background
949,Photograph shows the Said al-Mishal Centre in Gaza before and after being destroyed by the Israel military in August 2018.,/Users/_mathanga_thalayan_/fake–news–detection–project/data/external/dataexternalverite-repository/VERITE/images/true_320.jpg,0,0,0.9388734698295593,0,0.6549001932144165,0,0.9286468625068665,0,0.5000835061073303,a green background with a white border
950,Photograph shows the Palestine National Library in Gaza before and after being destroyed by the Israel military in May 2019.,/Users/_mathanga_thalayan_/fake–news–detection–project/data/external/dataexternalverite-repository/VERITE/images/true_320.jpg,1,0,0.9927783608436584,0,0.6255630254745483,0,0.9052079319953918,1,0.501088559627533,a green background with a white border
951,Photograph shows the Said al-Mishal Centre in Gaza before and after being destroyed by the Israel military in August 2018.,/Users/_mathanga_thalayan_/fake–news–detection–project/data/external/dataexternalverite-repository/VERITE/images/false_320.jpg,1,0,0.9388734698295593,0,0.6540453433990479,0,0.9445262551307678,0,0.5019398331642151,a green screen with a white background
952,"A photograph shows Ed Episcopo, a Vietnam veteran who served in the 25th Infantry Division.",/Users/_mathanga_thalayan_/fake–news–detection–project/data/external/dataexternalverite-repository/VERITE/images/true_321.jpg,0,1,0.6946786046028137,0,0.6739990711212158,0,0.9920148849487305,0,0.5214453935623169,a dark red color with a white border
953,"A photograph shows Robert Mueller, the sixth director of the Federal Bureau of Investigation (FBI), in Vietnam in 1969.",/Users/_mathanga_thalayan_/fake–news–detection–project/data/external/dataexternalverite-repository/VERITE/images/true_321.jpg,1,0,0.9817215204238892,0,0.6734983921051025,0,0.9743006825447083,1,0.5042279958724976,a dark red color with a white border
954,"A photograph shows Ed Episcopo, a Vietnam veteran who served in the 25th Infantry Division.",/Users/_mathanga_thalayan_/fake–news–detection–project/data/external/dataexternalverite-repository/VERITE/images/false_321.jpg,1,1,0.6946786046028137,0,0.6833394169807434,0,0.9827751517295837,0,0.5214684009552002,a yellow background with a white border
955,"A photograph shows a hunter that killed a squirrel, using forced perspective to make the squirrel appear larger than it really is, taken in November 2016.",/Users/_mathanga_thalayan_/fake–news–detection–project/data/external/dataexternalverite-repository/VERITE/images/true_322.jpg,0,1,0.8535535335540771,0,0.6005724668502808,1,0.8884042501449585,1,0.5212936401367188,a red background with a white border
956,A photograph shows a 110-pound squirrel shot by a hunter in North Texas.,/Users/_mathanga_thalayan_/fake–news–detection–project/data/external/dataexternalverite-repository/VERITE/images/true_322.jpg,1,1,0.9746139049530029,0,0.6185048222541809,1,0.6177543997764587,1,0.5112140774726868,a red background with a white border
957,"A photograph shows a hunter that killed a squirrel, using forced perspective to make the squirrel appear larger than it really is, taken in November 2016.",/Users/_mathanga_thalayan_/fake–news–detection–project/data/external/dataexternalverite-repository/VERITE/images/false_322.jpg,1,1,0.8535535335540771,0,0.6012628674507141,1,0.8537039756774902,1,0.5212936401367188,a red background with a white border
958,"Image shows protestors drowing a swastika on an American flag and setting it on fire in in front of the American embassy in Tegucigalpa, Honduras in October 2018.",/Users/_mathanga_thalayan_/fake–news–detection–project/data/external/dataexternalverite-repository/VERITE/images/true_323.jpg,0,0,0.5927070379257202,0,0.6268917918205261,0,0.9878392219543457,1,0.5024183988571167,a green background with a white border
959,Image shows migrants traveling in a caravan from Central America to the U.S. drowing a swastika on an American flag and set it on fire in October 2018.,/Users/_mathanga_thalayan_/fake–news–detection–project/data/external/dataexternalverite-repository/VERITE/images/true_323.jpg,1,1,0.7131064534187317,0,0.6702805757522583,0,0.8864846229553223,1,0.50093674659729,a green background with a white border
960,"Image shows protestors drowing a swastika on an American flag and setting it on fire in in front of the American embassy in Tegucigalpa, Honduras in October 2018.",/Users/_mathanga_thalayan_/fake–news–detection–project/data/external/dataexternalverite-repository/VERITE/images/false_323.jpg,1,0,0.5927070379257202,0,0.621606707572937,0,0.9757545590400696,1,0.5024183988571167,a green background with a white border
961,A photograph shows a suffragete being attacked during the Black Friday suffragette protest in November 1910.,/Users/_mathanga_thalayan_/fake–news–detection–project/data/external/dataexternalverite-repository/VERITE/images/true_324.jpg,0,0,0.9994162321090698,0,0.6842710971832275,0,0.981836199760437,0,0.5120884776115417,a blue background with a white border
962,A photograph shows women's rights activist Susan B. Anthony being attacked during a protest in 1872.,/Users/_mathanga_thalayan_/fake–news–detection–project/data/external/dataexternalverite-repository/VERITE/images/true_324.jpg,1,0,0.99897301197052,0,0.6850900650024414,0,0.9493690729141235,1,0.5018683075904846,a blue background with a white border
963,A photograph shows a suffragete being attacked during the Black Friday suffragette protest in November 1910.,/Users/_mathanga_thalayan_/fake–news–detection–project/data/external/dataexternalverite-repository/VERITE/images/false_324.jpg,1,0,0.9994162321090698,0,0.6754887104034424,0,0.9917510151863098,0,0.5127086043357849,a purple background with a white border
964,"Image shows a man, named Aleskey Frumkin, being whipped to death by vigilantes because he was a drug dealer, taken in Ukraine.",/Users/_mathanga_thalayan_/fake–news–detection–project/data/external/dataexternalverite-repository/VERITE/images/true_325.jpg,0,0,0.6010158061981201,0,0.6711755394935608,0,0.9536099433898926,0,0.5058765411376953,a red background with a white border
965,"Image shows a man, named Aleskey Frumkin, being whipped to death by vigilantes because he molested a 2-year-old child and ran a trafficking ring.",/Users/_mathanga_thalayan_/fake–news–detection–project/data/external/dataexternalverite-repository/VERITE/images/true_325.jpg,1,1,0.9699915051460266,0,0.6700326204299927,0,0.945972204208374,0,0.5291686654090881,a red background with a white border
966,"Image shows a man, named Aleskey Frumkin, being whipped to death by vigilantes because he was a drug dealer, taken in Ukraine.",/Users/_mathanga_thalayan_/fake–news–detection–project/data/external/dataexternalverite-repository/VERITE/images/false_325.jpg,1,0,0.6010158061981201,0,0.670415461063385,0,0.9896094799041748,0,0.5049853920936584,a blue background with a white border
967,"A photograph shows soldiers, rest while waiting to pack their weapons for shipment back to the United States, after the 2011 USA troop withdrawal from Iraq.",/Users/_mathanga_thalayan_/fake–news–detection–project/data/external/dataexternalverite-repository/VERITE/images/true_326.jpg,0,0,0.9950599074363708,0,0.6340987682342529,0,0.9866294860839844,1,0.5074576139450073,a dark purple color with a white border
968,"A photograph shows three U.S. soldiers in Syria crying and visibly shaken after the 2019 USA troop withdrawal from Syria, leaving US's Kurdish allies open to attack by Turkey.",/Users/_mathanga_thalayan_/fake–news–detection–project/data/external/dataexternalverite-repository/VERITE/images/true_326.jpg,1,0,0.9732649922370911,0,0.6208354234695435,0,0.987869918346405,1,0.517781674861908,a dark purple color with a white border
969,"A photograph shows soldiers, rest while waiting to pack their weapons for shipment back to the United States, after the 2011 USA troop withdrawal from Iraq.",/Users/_mathanga_thalayan_/fake–news–detection–project/data/external/dataexternalverite-repository/VERITE/images/false_326.jpg,1,0,0.9950599074363708,0,0.6353514194488525,0,0.9751591682434082,1,0.504629909992218,a pink color with a white background
970,"A photograph shows the adult children of U.S. President Donald Trump — Ivanka, Eric, and Donald Trump Jr. — with real estate developer Michael Dezer, Michael Babel and Florida realtor Elena Baronoff.",/Users/_mathanga_thalayan_/fake–news–detection–project/data/external/dataexternalverite-repository/VERITE/images/true_327.jpg,0,1,0.7594678401947021,0,0.6763477325439453,0,0.991683840751648,1,0.5021606683731079,a white and black background with a white border
971,"A photograph shows the adult children of U.S. President Donald Trump — Ivanka, Eric, and Donald Trump Jr. — with Lev Parnas and Igor Fruman, who were arrested on charges for illegally funneling foreign cash into Trump's election campaign.",/Users/_mathanga_thalayan_/fake–news–detection–project/data/external/dataexternalverite-repository/VERITE/images/true_327.jpg,1,0,0.6611558794975281,0,0.6754885911941528,0,0.9916272163391113,1,0.5051278471946716,a white and black background with a white border
972,"A photograph shows the adult children of U.S. President Donald Trump — Ivanka, Eric, and Donald Trump Jr. — with real estate developer Michael Dezer, Michael Babel and Florida realtor Elena Baronoff.",/Users/_mathanga_thalayan_/fake–news–detection–project/data/external/dataexternalverite-repository/VERITE/images/false_327.jpg,1,1,0.7594678401947021,0,0.6776078343391418,0,0.9914201498031616,1,0.5045960545539856,a dark purple background with a white border
973,Photograph shows London residents looting electronic devices during riots that erupted after police killed a black man in August 2011.,/Users/_mathanga_thalayan_/fake–news–detection–project/data/external/dataexternalverite-repository/VERITE/images/true_328.jpg,0,0,0.5883887410163879,0,0.6482940316200256,0,0.9499068260192871,1,0.5179506540298462,a red background with a white border
974,Photograph shows Florida residents looting electronic devices during Hurricane Dorian in the summer of 2019.,/Users/_mathanga_thalayan_/fake–news–detection–project/data/external/dataexternalverite-repository/VERITE/images/true_328.jpg,1,0,0.9678115248680115,0,0.6621838212013245,0,0.9320938587188721,1,0.522920548915863,a red background with a white border
975,Photograph shows London residents looting electronic devices during riots that erupted after police killed a black man in August 2011.,/Users/_mathanga_thalayan_/fake–news–detection–project/data/external/dataexternalverite-repository/VERITE/images/false_328.jpg,1,0,0.5883887410163879,0,0.6531954407691956,1,0.6563321948051453,1,0.5117293000221252,a green screen with a white background
976,Photograph shows people carrying stolen electronics in boxes during the 1991 Los Angeles riots; erupted after the acquittal of four white police officers who were captured on video beating a black motorist.,/Users/_mathanga_thalayan_/fake–news–detection–project/data/external/dataexternalverite-repository/VERITE/images/true_329.jpg,0,0,0.997314989566803,0,0.6522657871246338,0,0.903228759765625,1,0.5043032169342041,a blue background with a white border
977,Photograph shows Florida residents looting electronic devices during Hurricane Dorian in the summer of 2019.,/Users/_mathanga_thalayan_/fake–news–detection–project/data/external/dataexternalverite-repository/VERITE/images/true_329.jpg,1,0,0.9678115248680115,0,0.6637175679206848,0,0.9035234451293945,1,0.5213004946708679,a blue background with a white border
978,Photograph shows people carrying stolen electronics in boxes during the 1991 Los Angeles riots; erupted after the acquittal of four white police officers who were captured on video beating a black motorist.,/Users/_mathanga_thalayan_/fake–news–detection–project/data/external/dataexternalverite-repository/VERITE/images/false_329.jpg,1,0,0.997314989566803,0,0.6562328934669495,0,0.9019675850868225,1,0.5059388279914856,a pink background with a white border
979,"A photograph shows a large mesa - a flat-topped mountain - in Tunisia, called Jugurtha Tableland.",/Users/_mathanga_thalayan_/fake–news–detection–project/data/external/dataexternalverite-repository/VERITE/images/true_330.jpg,0,1,0.9105718731880188,0,0.6545290350914001,0,0.8970464468002319,1,0.5128954648971558,a purple background with a white border
980,A photograph shows the remains of an ancient tree trunk measuring more than two miles (3.2 km) wide.,/Users/_mathanga_thalayan_/fake–news–detection–project/data/external/dataexternalverite-repository/VERITE/images/true_330.jpg,1,1,0.8784414529800415,1,0.5148616433143616,0,0.8303817510604858,0,0.5059400796890259,a purple background with a white border
981,"A photograph shows a large mesa - a flat-topped mountain - in Tunisia, called Jugurtha Tableland.",/Users/_mathanga_thalayan_/fake–news–detection–project/data/external/dataexternalverite-repository/VERITE/images/false_330.jpg,1,1,0.9105718731880188,0,0.6403558850288391,0,0.9168739318847656,1,0.5142427086830139,a green background with a white border
982,"Photograph showing a family using a refrigerator as a makeshift boat after heavy rains hit the Greenspoint area of Houston, taken in April 2016.",/Users/_mathanga_thalayan_/fake–news–detection–project/data/external/dataexternalverite-repository/VERITE/images/true_331.jpg,0,0,0.5509033203125,1,0.584539532661438,0,0.97850102186203,0,0.5007895231246948,a green background with a white border
983,"Photograph showing three people using a refrigerator as a makeshift boat during Hurricane Harvey, taken in August 2017.",/Users/_mathanga_thalayan_/fake–news–detection–project/data/external/dataexternalverite-repository/VERITE/images/true_331.jpg,1,0,0.9590460658073425,0,0.575435221195221,0,0.9905312657356262,1,0.5312696695327759,a green background with a white border
984,An image showing a convenience store in New Jersey that had been looted after Hurricane Sandy in 2012.,/Users/_mathanga_thalayan_/fake–news–detection–project/data/external/dataexternalverite-repository/VERITE/images/true_332.jpg,0,1,0.9959312081336975,1,0.5999631285667419,0,0.9856536984443665,1,0.5060518383979797,a red background with a white border
985,An image showing a convenience store in Houston that had been looted during Hurricane Harvey in 2017.,/Users/_mathanga_thalayan_/fake–news–detection–project/data/external/dataexternalverite-repository/VERITE/images/true_332.jpg,1,1,0.9889040589332581,1,0.6028345823287964,0,0.9853323101997375,1,0.5150419473648071,a red background with a white border
986,An image showing a convenience store in New Jersey that had been looted after Hurricane Sandy in 2012.,/Users/_mathanga_thalayan_/fake–news–detection–project/data/external/dataexternalverite-repository/VERITE/images/false_332.jpg,1,1,0.9959312081336975,1,0.5873731374740601,0,0.9563880562782288,1,0.5035264492034912,a yellow background with a white border
987,Photograph shows an alligator that has torn of the arm of a 59-year-old snorkeler in September 2007.,/Users/_mathanga_thalayan_/fake–news–detection–project/data/external/dataexternalverite-repository/VERITE/images/true_333.jpg,0,1,0.7660745978355408,0,0.6765652298927307,0,0.9588988423347473,0,0.5002539753913879,a dark blue color with a white border
988,Photograph shows an alligator that has torn of the arm of a 77-year-old South Carolina golfer in October 2009.,/Users/_mathanga_thalayan_/fake–news–detection–project/data/external/dataexternalverite-repository/VERITE/images/true_333.jpg,1,1,0.8421989679336548,0,0.6725258827209473,0,0.9417222738265991,0,0.5063289403915405,a dark blue color with a white border
989,Photograph shows an alligator that has torn of the arm of a 59-year-old snorkeler in September 2007.,/Users/_mathanga_thalayan_/fake–news–detection–project/data/external/dataexternalverite-repository/VERITE/images/false_333.jpg,1,1,0.7660745978355408,0,0.672362744808197,0,0.9539574980735779,0,0.5013403296470642,a red background with a white border
990,An image of a father crying after his wife gave birth to a healthy baby.,/Users/_mathanga_thalayan_/fake–news–detection–project/data/external/dataexternalverite-repository/VERITE/images/true_334.jpg,0,1,0.6047036051750183,0,0.5249890089035034,0,0.9467115998268127,0,0.5450212955474854,a man in a suit is standing on a green screen
991,An image depicts a obstetrician grieving after his patient gave birth to a long-awaited baby and then died.,/Users/_mathanga_thalayan_/fake–news–detection–project/data/external/dataexternalverite-repository/VERITE/images/true_334.jpg,1,1,0.7042091488838196,0,0.6748177409172058,1,0.6540036201477051,0,0.5530231595039368,a man in a suit is standing on a green screen
992,An image of a father crying after his wife gave birth to a healthy baby.,/Users/_mathanga_thalayan_/fake–news–detection–project/data/external/dataexternalverite-repository/VERITE/images/false_334.jpg,1,1,0.6047036051750183,0,0.5347339510917664,0,0.8781980276107788,1,0.5088064670562744,a green background with a white border
993,Image shows Brazilian Members of the Parliament 'surrendering to sleep' after 41 hours of debate in 2013,/Users/_mathanga_thalayan_/fake–news–detection–project/data/external/dataexternalverite-repository/VERITE/images/true_335.jpg,0,0,0.9484650492668152,0,0.6699585318565369,0,0.9576014876365662,0,0.5066944360733032,a purple background with a white border
994,Image shows members of the United States Congress sleeping at their desk during Congressional Hearing.,/Users/_mathanga_thalayan_/fake–news–detection–project/data/external/dataexternalverite-repository/VERITE/images/true_335.jpg,1,0,0.8839871883392334,0,0.6704719066619873,0,0.9905802607536316,1,0.508661687374115,a purple background with a white border
995,Image shows Brazilian Members of the Parliament 'surrendering to sleep' after 41 hours of debate in 2013,/Users/_mathanga_thalayan_/fake–news–detection–project/data/external/dataexternalverite-repository/VERITE/images/false_335.jpg,1,0,0.9484650492668152,0,0.6677248477935791,0,0.889685869216919,0,0.5059180855751038,a pink background with a white border
996,"Image shows a large crowd of soccer fans on the streets of Liverpool, celebrating Liverpool FC's historic victory in the 2005 Champions League final.",/Users/_mathanga_thalayan_/fake–news–detection–project/data/external/dataexternalverite-repository/VERITE/images/true_336.jpg,0,0,0.8322346210479736,0,0.6763747930526733,0,0.7578825354576111,1,0.5061857104301453,a green color with a white background
997,"Image shows a large crowd protesting on the streets of London, in defense of jailed far-right activist Tommy Robinson in June 2018.",/Users/_mathanga_thalayan_/fake–news–detection–project/data/external/dataexternalverite-repository/VERITE/images/true_336.jpg,1,0,0.9089840054512024,0,0.6765888333320618,0,0.9677739143371582,1,0.5220908522605896,a green color with a white background
998,"Image shows a large crowd of soccer fans on the streets of Liverpool, celebrating Liverpool FC's historic victory in the 2005 Champions League final.",/Users/_mathanga_thalayan_/fake–news–detection–project/data/external/dataexternalverite-repository/VERITE/images/false_336.jpg,1,0,0.8322346210479736,0,0.6638808250427246,0,0.9520080089569092,1,0.5045368075370789,a pink background with a white border
999,"A photograph shows a young Bernie Sanders being arrested while protesting against racial segregation in Englewood, taken on August 12, 1963.",/Users/_mathanga_thalayan_/fake–news–detection–project/data/external/dataexternalverite-repository/VERITE/images/true_337.jpg,0,0,0.9976927042007446,0,0.6615686416625977,0,0.9675443768501282,0,0.5201801657676697,a pink background with a white border
1000,A photograph shows a young Bernie Sanders being arrested for throwing eggs at black civil rights protesters in 1963.,/Users/_mathanga_thalayan_/fake–news–detection–project/data/external/dataexternalverite-repository/VERITE/images/true_337.jpg,1,0,0.9986327290534973,0,0.6715555191040039,0,0.9870219826698303,1,0.5057251453399658,a pink background with a white border
